#
# A fatal error has been detected by the Java Runtime Environment:
#
#  EXCEPTION_ACCESS_VIOLATION (0xc0000005) at pc=0x00007ffce4a48615, pid=19964, tid=27952
#
# JRE version: OpenJDK Runtime Environment Temurin-21.0.5+11 (21.0.5+11) (build 21.0.5+11-LTS)
# Java VM: OpenJDK 64-Bit Server VM Temurin-21.0.5+11 (21.0.5+11-LTS, mixed mode, sharing, tiered, compressed oops, compressed class ptrs, g1 gc, windows-amd64)
# Problematic frame:
# C  0x00007ffce4a48615
#
# No core dump will be written. Minidumps are not enabled by default on client versions of Windows
#
# If you would like to submit a bug report, please visit:
#   https://github.com/adoptium/adoptium-support/issues
# The crash happened outside the Java Virtual Machine in native code.
# See problematic frame for where to report the bug.
#

---------------  S U M M A R Y ------------

Command Line: -Dclassworlds.conf=C:\ProgramData\chocolatey\lib\maven\apache-maven-3.9.9\bin\m2.conf -Dmaven.home=C:\ProgramData\chocolatey\lib\maven\apache-maven-3.9.9 -Dlibrary.jansi.path=C:\ProgramData\chocolatey\lib\maven\apache-maven-3.9.9\lib\jansi-native -Dmaven.multiModuleProjectDirectory=A:\Kinoui\SMU\COURSE WORK\year 2 sem 2\OOP\proj\OOPs org.codehaus.plexus.classworlds.launcher.Launcher exec:java -Dexec.mainClass=com.main.MainApplication

Host: AMD Ryzen 5 2600 Six-Core Processor            , 12 cores, 31G,  Windows 10 , 64 bit Build 19041 (10.0.19041.5438)
Time: Tue Mar 25 02:45:37 2025 Malay Peninsula Standard Time elapsed time: 215.043414 seconds (0d 0h 3m 35s)

---------------  T H R E A D  ---------------

Current thread (0x0000028a4ca8ef20):  JavaThread "SwingWorker-pool-2-thread-7" daemon [_thread_in_native, id=27952, stack(0x000000fec0900000,0x000000fec0a00000) (1024K)]

Stack: [0x000000fec0900000,0x000000fec0a00000],  sp=0x000000fec09fe2b0,  free space=1016k
Native frames: (J=compiled Java code, j=interpreted, Vv=VM code, C=native code)
C  0x00007ffce4a48615

Java frames: (J=compiled Java code, j=interpreted, Vv=VM code)
j  org.bytedeco.opencv.global.opencv_imgproc.grabCut(Lorg/bytedeco/opencv/opencv_core/Mat;Lorg/bytedeco/opencv/opencv_core/Mat;Lorg/bytedeco/opencv/opencv_core/Rect;Lorg/bytedeco/opencv/opencv_core/Mat;Lorg/bytedeco/opencv/opencv_core/Mat;II)V+0
j  com.editor.BackgroundRemover.refineSegmentation(Ljava/util/List;Ljava/util/List;I)Lorg/bytedeco/javacv/Frame;+82
j  com.ui.handlers.ForegroundRefinementHandler$3.doInBackground()Lorg/bytedeco/javacv/Frame;+19
j  com.ui.handlers.ForegroundRefinementHandler$3.doInBackground()Ljava/lang/Object;+1
j  javax.swing.SwingWorker$1.call()Ljava/lang/Object;+14 java.desktop@21.0.5
J 6458 c1 java.util.concurrent.FutureTask.run()V java.base@21.0.5 (123 bytes) @ 0x0000028a5be2292c [0x0000028a5be221e0+0x000000000000074c]
j  javax.swing.SwingWorker.run()V+4 java.desktop@21.0.5
j  java.util.concurrent.ThreadPoolExecutor.runWorker(Ljava/util/concurrent/ThreadPoolExecutor$Worker;)V+92 java.base@21.0.5
j  java.util.concurrent.ThreadPoolExecutor$Worker.run()V+5 java.base@21.0.5
j  java.lang.Thread.runWith(Ljava/lang/Object;Ljava/lang/Runnable;)V+5 java.base@21.0.5
j  java.lang.Thread.run()V+19 java.base@21.0.5
v  ~StubRoutines::call_stub 0x0000028a6267100d

siginfo: EXCEPTION_ACCESS_VIOLATION (0xc0000005), reading address 0x0000000000083764


Registers:
RAX=0x0000000000000000, RBX=0x000000fec09fe510, RCX=0x0000000000083764, RDX=0x0000028a7cfaf350
RSP=0x000000fec09fe2b0, RBP=0x000000fec09fe4b0, RSI=0x0000000000000364, RDI=0x0000000000083764
R8 =0x0000000000000023, R9 =0x000000000000000f, R10=0x000000000000000a, R11=0x000000fec09fe2a0
R12=0x0000000000083765, R13=0x000000000000020d, R14=0x0000000000000364, R15=0x000000000000020d
RIP=0x00007ffce4a48615, EFLAGS=0x0000000000010202


Register to memory mapping:

RAX=0x0 is null
RBX=0x000000fec09fe510 is pointing into the stack for thread: 0x0000028a4ca8ef20
RCX=0x0000000000083764 is an unknown value
RDX=0x0000028a7cfaf350 points into unknown readable memory: 0x0000000242ff4000 | 00 40 ff 42 02 00 00 00
RSP=0x000000fec09fe2b0 is pointing into the stack for thread: 0x0000028a4ca8ef20
RBP=0x000000fec09fe4b0 is pointing into the stack for thread: 0x0000028a4ca8ef20
RSI=0x0000000000000364 is an unknown value
RDI=0x0000000000083764 is an unknown value
R8 =0x0000000000000023 is an unknown value
R9 =0x000000000000000f is an unknown value
R10=0x000000000000000a is an unknown value
R11=0x000000fec09fe2a0 is pointing into the stack for thread: 0x0000028a4ca8ef20
R12=0x0000000000083765 is an unknown value
R13=0x000000000000020d is an unknown value
R14=0x0000000000000364 is an unknown value
R15=0x000000000000020d is an unknown value

Top of Stack: (sp=0x000000fec09fe2b0)
0x000000fec09fe2b0:   000000fec09fe510 000000fec09fe4b0
0x000000fec09fe2c0:   0000000000000363 000000fec09fe510
0x000000fec09fe2d0:   4041ad7bc526cd71 0000000000000000
0x000000fec09fe2e0:   0000028a7cfaf350 000000fec09feb50
0x000000fec09fe2f0:   000000fec09fe750 0000000000000000
0x000000fec09fe300:   0000000000000000 0000000000000000
0x000000fec09fe310:   0000000000000000 0000000000000000
0x000000fec09fe320:   0000b535554399b7 00007ffce4a48d46
0x000000fec09fe330:   0000000000000000 0000000000000000
0x000000fec09fe340:   0000000000000000 0000000000000000
0x000000fec09fe350:   0000000000000000 0000000000000000
0x000000fec09fe360:   0000000000000000 0000000000000000
0x000000fec09fe370:   0000000000000000 0000000000000000
0x000000fec09fe380:   0000000000000000 0000000000000000
0x000000fec09fe390:   407c200000000000 0000000000000000
0x000000fec09fe3a0:   0000028a7cfaf350 0000000000000249
0x000000fec09fe3b0:   0000000000000001 0000000000000002
0x000000fec09fe3c0:   0000000000000005 0000000000000249
0x000000fec09fe3d0:   000000fec09fe4e0 00007ffce4a49593
0x000000fec09fe3e0:   00000000000003ff 0000000000000000
0x000000fec09fe3f0:   000000fec09fe4e0 0000000000000249
0x000000fec09fe400:   407c200000000000 000000fec09fe6f0
0x000000fec09fe410:   000000fec09fe690 000000fec09fe630
0x000000fec09fe420:   000000fec09fe5d0 000000fec09fe510
0x000000fec09fe430:   0000024900000005 4045800000000000
0x000000fec09fe440:   4045800000000000 404c800000000000
0x000000fec09fe450:   0000028a00000000 00007ffced8fe3f4
0x000000fec09fe460:   4048000000000000 4039000000000000
0x000000fec09fe470:   4037000000000000 0000000000000001
0x000000fec09fe480:   0000000000000000 0000028a00000000
0x000000fec09fe490:   000000fec09fe4c0 0000000000000000
0x000000fec09fe4a0:   0000000000000000 0000028a4ca8ef00 

Instructions: (pc=0x00007ffce4a48615)
0x00007ffce4a48515:   48 8b 41 10 48 2b 01 48 c1 f8 04 48 3b d0 76 05
0x00007ffce4a48525:   e8 46 e3 ff ff 48 c7 43 30 00 00 00 00 45 33 ff
0x00007ffce4a48535:   44 39 7d 08 0f 8e 06 03 00 00 f2 44 0f 10 9c 24
0x00007ffce4a48545:   50 01 00 00 f2 44 0f 10 25 ae 53 39 00 45 0f 57
0x00007ffce4a48555:   d2 66 66 0f 1f 84 00 00 00 00 00 33 f6 39 75 0c
0x00007ffce4a48565:   0f 8e cd 02 00 00 4d 63 ef 66 90 0f 57 c0 33 c0
0x00007ffce4a48575:   0f 11 44 24 48 0f 11 44 24 58 48 89 44 24 68 48
0x00007ffce4a48585:   8b 53 08 48 3b 53 10 74 19 0f 11 02 0f 11 42 10
0x00007ffce4a48595:   f2 0f 10 44 24 68 f2 0f 11 42 20 48 83 43 08 28
0x00007ffce4a485a5:   eb 0d 4c 8d 44 24 48 48 8b cb e8 dc c4 ff ff 48
0x00007ffce4a485b5:   8b 4b 08 48 2b 0b 49 8b c6 48 f7 e9 4c 8b e2 49
0x00007ffce4a485c5:   c1 fc 04 49 8b c4 48 c1 e8 3f 4c 03 e0 41 8d 7c
0x00007ffce4a485d5:   24 ff 4c 63 f6 48 8b 45 48 49 8b cd 48 0f af 08
0x00007ffce4a485e5:   4b 8d 04 76 48 03 c8 48 03 4d 10 44 0f b6 01 44
0x00007ffce4a485f5:   0f b6 49 01 44 0f b6 51 02 48 8b 54 24 30 48 8b
0x00007ffce4a48605:   42 48 49 8b cd 48 0f af 08 49 03 ce 48 8b 42 10
0x00007ffce4a48615:   0f b6 14 01 8d 42 fe 3c 01 76 1b 84 d2 75 0d 45
0x00007ffce4a48625:   0f 28 ca 41 0f 28 cb e9 83 00 00 00 45 0f 28 cb
0x00007ffce4a48635:   41 0f 28 ca eb 79 66 45 0f 6e c0 f3 45 0f e6 c0
0x00007ffce4a48645:   f2 44 0f 11 44 24 48 66 41 0f 6e f9 f3 0f e6 ff
0x00007ffce4a48655:   f2 0f 11 7c 24 50 66 41 0f 6e f2 f3 0f e6 f6 f2
0x00007ffce4a48665:   0f 11 74 24 58 48 8d 54 24 48 48 8b 4c 24 38 e8
0x00007ffce4a48675:   47 da ff ff e8 56 46 30 00 44 0f 28 c8 45 0f 57
0x00007ffce4a48685:   cc f2 44 0f 11 44 24 48 f2 0f 11 7c 24 50 f2 0f
0x00007ffce4a48695:   11 74 24 58 48 8d 54 24 48 48 8b 4c 24 40 e8 18
0x00007ffce4a486a5:   da ff ff e8 27 46 30 00 0f 28 c8 41 0f 57 cc 85
0x00007ffce4a486b5:   ff 0f 88 d4 01 00 00 4c 8b 03 48 8b 4b 08 49 2b
0x00007ffce4a486c5:   c8 48 b8 67 66 66 66 66 66 66 66 48 f7 e9 48 c1
0x00007ffce4a486d5:   fa 04 48 8b c2 48 c1 e8 3f 48 03 d0 3b fa 0f 8d
0x00007ffce4a486e5:   a7 01 00 00 49 63 c4 48 8d 0c 80 f2 41 0f 10 44
0x00007ffce4a486f5:   c8 f0 66 41 0f 2f c2 76 07 f2 44 0f 58 c8 eb 04
0x00007ffce4a48705:   f2 0f 5c c8 41 0f 28 c1 f2 0f 5d c1 f2 0f 58 43 


Stack slot to memory mapping:

stack at sp + 0 slots: 0x000000fec09fe510 is pointing into the stack for thread: 0x0000028a4ca8ef20
stack at sp + 1 slots: 0x000000fec09fe4b0 is pointing into the stack for thread: 0x0000028a4ca8ef20
stack at sp + 2 slots: 0x0000000000000363 is an unknown value
stack at sp + 3 slots: 0x000000fec09fe510 is pointing into the stack for thread: 0x0000028a4ca8ef20
stack at sp + 4 slots: 0x4041ad7bc526cd71 is an unknown value
stack at sp + 5 slots: 0x0 is null
stack at sp + 6 slots: 0x0000028a7cfaf350 points into unknown readable memory: 0x0000000242ff4000 | 00 40 ff 42 02 00 00 00
stack at sp + 7 slots: 0x000000fec09feb50 is pointing into the stack for thread: 0x0000028a4ca8ef20


Compiled method (c1) 215155 6458   !   3       java.util.concurrent.FutureTask::run (123 bytes)
 total in heap  [0x0000028a5be21c10,0x0000028a5be26400] = 18416
 relocation     [0x0000028a5be21d70,0x0000028a5be221d8] = 1128
 main code      [0x0000028a5be221e0,0x0000028a5be254d0] = 13040
 stub code      [0x0000028a5be254d0,0x0000028a5be25580] = 176
 oops           [0x0000028a5be25580,0x0000028a5be255d0] = 80
 metadata       [0x0000028a5be255d0,0x0000028a5be25650] = 128
 scopes data    [0x0000028a5be25650,0x0000028a5be25ca0] = 1616
 scopes pcs     [0x0000028a5be25ca0,0x0000028a5be261b0] = 1296
 dependencies   [0x0000028a5be261b0,0x0000028a5be261b8] = 8
 handler table  [0x0000028a5be261b8,0x0000028a5be263e0] = 552
 nul chk table  [0x0000028a5be263e0,0x0000028a5be26400] = 32

[Constant Pool (empty)]

[MachCode]
[Entry Point]
  # {method} {0x0000028a79731d90} 'run' '()V' in 'java/util/concurrent/FutureTask'
  #           [sp+0x160]  (sp of caller)
  0x0000028a5be221e0: 448b 5208 | 49bb 0000 | 0000 8a02 | 0000 4d03 | d34c 3bd0 

  0x0000028a5be221f4: ;   {runtime_call ic_miss_stub}
  0x0000028a5be221f4: 0f85 86c5 | 8906 660f | 1f44 0000 
[Verified Entry Point]
  0x0000028a5be22200: 8984 2400 | 80ff ff55 | 4881 ec50 | 0100 0090 | 4181 7f20 | 1100 0000 

  0x0000028a5be22218: ;   {runtime_call StubRoutines (final stubs)}
  0x0000028a5be22218: 7405 e841 | 2b88 0648 | 8994 24e8 

  0x0000028a5be22224: ;   {metadata(method data for {method} {0x0000028a79731d90} 'run' '()V' in 'java/util/concurrent/FutureTask')}
  0x0000028a5be22224: 0000 0048 | b8c8 be83 | 798a 0200 | 008b b0cc | 0000 0083 | c602 89b0 | cc00 0000 | 81e6 fe07 
  0x0000028a5be22244: 0000 85f6 | 0f84 5b2b | 0000 8b42 

  0x0000028a5be22250: ;   {metadata(method data for {method} {0x0000028a79731d90} 'run' '()V' in 'java/util/concurrent/FutureTask')}
  0x0000028a5be22250: 0c85 c048 | b8c8 be83 | 798a 0200 | 0048 c7c6 | 1001 0000 | 7507 48c7 | c620 0100 | 0048 8b3c 
  0x0000028a5be22270: 3048 8d7f | 0148 893c | 300f 85d9 

  0x0000028a5be2227c: ;   {metadata(method data for {method} {0x0000028a79731d90} 'run' '()V' in 'java/util/concurrent/FutureTask')}
  0x0000028a5be2227c: 2000 0048 | b8c8 be83 | 798a 0200 | 0048 8380 | 3001 0000 | 0149 8b87 | 8003 0000 

  0x0000028a5be22298: ;   {metadata(method data for {method} {0x0000028a79731d90} 'run' '()V' in 'java/util/concurrent/FutureTask')}
  0x0000028a5be22298: 488b 1848 | b8c8 be83 | 798a 0200 | 0048 8d80 | 7801 0000 

  0x0000028a5be222ac: ;   {metadata('java/util/concurrent/FutureTask')}
  0x0000028a5be222ac: 48be 48a0 | 3201 8a02 | 0000 4833 | 7008 48f7 | c6fc ffff | ff74 0448 

  0x0000028a5be222c4: ;   {metadata(method data for {method} {0x0000028a001560e8} 'guard_LLL_Z' '(Ljava/lang/invoke/VarHandle;Ljava/lang/Object;Ljava/lang/Object;Ljava/lang/Object;Ljava/lang/invoke/VarHandle$AccessDescriptor;)Z' in 'java/lang/invoke/VarHandleGuards')}
  0x0000028a5be222c4: 8970 0848 | b810 0083 | 798a 0200 | 0048 8d80 | e003 0000 

  0x0000028a5be222d8: ;   {oop(a 'java/lang/invoke/VarHandleReferences$FieldInstanceReadWrite'{0x0000000601f93108})}
  0x0000028a5be222d8: 48be 0831 | f901 0600 | 0000 4885 | f675 0af6 | 0001 7505 | f048 8308 

  0x0000028a5be222f0: ;   {metadata(method data for {method} {0x0000028a79731d90} 'run' '()V' in 'java/util/concurrent/FutureTask')}
  0x0000028a5be222f0: 0148 b8c8 | be83 798a | 0200 0048 | 8380 4001 

  0x0000028a5be22300: ;   {metadata(method data for {method} {0x0000028a001560e8} 'guard_LLL_Z' '(Ljava/lang/invoke/VarHandle;Ljava/lang/Object;Ljava/lang/Object;Ljava/lang/Object;Ljava/lang/invoke/VarHandle$AccessDescriptor;)Z' in 'java/lang/invoke/VarHandleGuards')}
  0x0000028a5be22300: 0000 0148 | b810 0083 | 798a 0200 | 008b b8cc | 0000 0083 | c702 89b8 | cc00 0000 | 81e7 feff 
  0x0000028a5be22320: 1f00 85ff | 0f84 a02a 

  0x0000028a5be22328: ;   {metadata(method data for {method} {0x0000028a001560e8} 'guard_LLL_Z' '(Ljava/lang/invoke/VarHandle;Ljava/lang/Object;Ljava/lang/Object;Ljava/lang/Object;Ljava/lang/invoke/VarHandle$AccessDescriptor;)Z' in 'java/lang/invoke/VarHandleGuards')}
  0x0000028a5be22328: 0000 48b8 | 1000 8379 | 8a02 0000 | 488d 8048 

  0x0000028a5be22338: ;   {oop(a 'java/lang/invoke/VarHandle$AccessDescriptor'{0x0000000601f96440})}
  0x0000028a5be22338: 0100 0048 | bf40 64f9 | 0106 0000 | 0048 85ff | 750c f640 | 0801 7506 | f048 8348 

  0x0000028a5be22354: ;   {metadata(method data for {method} {0x0000028a001560e8} 'guard_LLL_Z' '(Ljava/lang/invoke/VarHandle;Ljava/lang/Object;Ljava/lang/Object;Ljava/lang/Object;Ljava/lang/invoke/VarHandle$AccessDescriptor;)Z' in 'java/lang/invoke/VarHandleGuards')}
  0x0000028a5be22354: 0801 48b8 | 1000 8379 | 8a02 0000 | 8b76 0849 | ba00 0000 | 008a 0200 | 0049 03f2 | 483b b020 
  0x0000028a5be22374: 0100 0075 | 0d48 8380 | 2801 0000 | 01e9 6000 | 0000 483b | b030 0100 | 0075 0d48 | 8380 3801 
  0x0000028a5be22394: 0000 01e9 | 4a00 0000 | 4883 b820 | 0100 0000 | 7517 4889 | b020 0100 | 0048 c780 | 2801 0000 
  0x0000028a5be223b4: 0100 0000 | e929 0000 | 0048 83b8 | 3001 0000 | 0075 1748 | 89b0 3001 | 0000 48c7 | 8038 0100 
  0x0000028a5be223d4: 0001 0000 | 00e9 0800 | 0000 4883 | 8010 0100 

  0x0000028a5be223e4: ;   {metadata(method data for {method} {0x0000028a000936b8} 'checkAccessModeThenIsDirect' '(Ljava/lang/invoke/VarHandle$AccessDescriptor;)Z' in 'java/lang/invoke/VarHandle')}
  0x0000028a5be223e4: 0001 48b8 | f89c 1378 | 8a02 0000 | 8bb0 cc00 | 0000 83c6 | 0289 b0cc | 0000 0081 | e6fe ff1f 
  0x0000028a5be22404: 0085 f60f | 84de 2900 

  0x0000028a5be2240c: ;   {metadata(method data for {method} {0x0000028a000936b8} 'checkAccessModeThenIsDirect' '(Ljava/lang/invoke/VarHandle$AccessDescriptor;)Z' in 'java/lang/invoke/VarHandle')}
  0x0000028a5be2240c: 0048 b8f8 | 9c13 788a | 0200 00ff | 8010 0100 

  0x0000028a5be2241c: ;   {metadata(method data for {method} {0x0000028a001560e8} 'guard_LLL_Z' '(Ljava/lang/invoke/VarHandle;Ljava/lang/Object;Ljava/lang/Object;Ljava/lang/Object;Ljava/lang/invoke/VarHandle$AccessDescriptor;)Z' in 'java/lang/invoke/VarHandleGuards')}
  0x0000028a5be2241c: 0048 b810 | 0083 798a | 0200 00ff | 8070 0100 

  0x0000028a5be2242c: ;   {metadata(method data for {method} {0x0000028a001560e8} 'guard_LLL_Z' '(Ljava/lang/invoke/VarHandle;Ljava/lang/Object;Ljava/lang/Object;Ljava/lang/Object;Ljava/lang/invoke/VarHandle$AccessDescriptor;)Z' in 'java/lang/invoke/VarHandleGuards')}
  0x0000028a5be2242c: 0048 b810 | 0083 798a | 0200 00ff | 8090 0100 

  0x0000028a5be2243c: ;   {oop(a 'java/lang/invoke/VarForm'{0x00000006014e4ab8})}
  0x0000028a5be2243c: 0048 b8b8 | 4a4e 0106 

  0x0000028a5be22444: ;   {metadata(method data for {method} {0x0000028a001560e8} 'guard_LLL_Z' '(Ljava/lang/invoke/VarHandle;Ljava/lang/Object;Ljava/lang/Object;Ljava/lang/Object;Ljava/lang/invoke/VarHandle$AccessDescriptor;)Z' in 'java/lang/invoke/VarHandleGuards')}
  0x0000028a5be22444: 0000 0048 | be10 0083 | 798a 0200 | 0048 8386 | a001 0000 

  0x0000028a5be22458: ;   {metadata(method data for {method} {0x0000028a001542f0} 'getMemberName' '(I)Ljava/lang/invoke/MemberName;' in 'java/lang/invoke/VarForm')}
  0x0000028a5be22458: 0148 b800 | 9f13 788a | 0200 008b | b0cc 0000 | 0083 c602 | 89b0 cc00 | 0000 81e6 | feff 1f00 
  0x0000028a5be22478: 85f6 0f84 | 8c29 0000 

  0x0000028a5be22480: ;   {metadata(method data for {method} {0x0000028a001542f0} 'getMemberName' '(I)Ljava/lang/invoke/MemberName;' in 'java/lang/invoke/VarForm')}
  0x0000028a5be22480: 48b8 009f | 1378 8a02 | 0000 ff80 | 1001 0000 

  0x0000028a5be22490: ;   {metadata(method data for {method} {0x0000028a001560e8} 'guard_LLL_Z' '(Ljava/lang/invoke/VarHandle;Ljava/lang/Object;Ljava/lang/Object;Ljava/lang/Object;Ljava/lang/invoke/VarHandle$AccessDescriptor;)Z' in 'java/lang/invoke/VarHandleGuards')}
  0x0000028a5be22490: 48b8 1000 | 8379 8a02 | 0000 488d | 80d8 0100 

  0x0000028a5be224a0: ;   {oop(a 'java/lang/invoke/MemberName'{0x0000000601f96468} = {method} {0x0000028a00254370} 'compareAndSet' '(Ljava/lang/invoke/VarHandle;Ljava/lang/Object;Ljava/lang/Object;Ljava/lang/Object;)Z' in 'java/lang/invoke/VarHandleReferences$FieldInstanceReadWrite')}
  0x0000028a5be224a0: 0048 be68 | 64f9 0106 | 0000 0048 | 85f6 750a | f600 0175 | 05f0 4883 

  0x0000028a5be224b8: ;   {metadata(method data for {method} {0x0000028a001560e8} 'guard_LLL_Z' '(Ljava/lang/invoke/VarHandle;Ljava/lang/Object;Ljava/lang/Object;Ljava/lang/Object;Ljava/lang/invoke/VarHandle$AccessDescriptor;)Z' in 'java/lang/invoke/VarHandleGuards')}
  0x0000028a5be224b8: 0801 48b8 | 1000 8379 | 8a02 0000 | 488d 80f8 

  0x0000028a5be224c8: ;   {oop(a 'java/lang/invoke/VarHandleReferences$FieldInstanceReadWrite'{0x0000000601f93108})}
  0x0000028a5be224c8: 0100 0048 | be08 31f9 | 0106 0000 | 0048 85f6 | 750c f640 | 0801 7506 | f048 8348 

  0x0000028a5be224e4: ;   {metadata(method data for {method} {0x0000028a001560e8} 'guard_LLL_Z' '(Ljava/lang/invoke/VarHandle;Ljava/lang/Object;Ljava/lang/Object;Ljava/lang/Object;Ljava/lang/invoke/VarHandle$AccessDescriptor;)Z' in 'java/lang/invoke/VarHandleGuards')}
  0x0000028a5be224e4: 0801 48b8 | 1000 8379 | 8a02 0000 | 4883 80e8 | 0100 0001 

  0x0000028a5be224f8: ;   {metadata(method data for {method} {0x0000028a00254370} 'compareAndSet' '(Ljava/lang/invoke/VarHandle;Ljava/lang/Object;Ljava/lang/Object;Ljava/lang/Object;)Z' in 'java/lang/invoke/VarHandleReferences$FieldInstanceReadWrite')}
  0x0000028a5be224f8: 48b8 b0c2 | 8379 8a02 | 0000 8bb0 | cc00 0000 | 83c6 0289 | b0cc 0000 | 0081 e6fe | ff1f 0085 
  0x0000028a5be22518: f60f 840e 

  0x0000028a5be2251c: ;   {oop(a 'java/lang/Class'{0x0000000601f92fd0} = 'java/util/concurrent/FutureTask')}
  0x0000028a5be2251c: 2900 0048 | b8d0 2ff9 | 0106 0000 

  0x0000028a5be22528: ;   {metadata(method data for {method} {0x0000028a00254370} 'compareAndSet' '(Ljava/lang/invoke/VarHandle;Ljava/lang/Object;Ljava/lang/Object;Ljava/lang/Object;)Z' in 'java/lang/invoke/VarHandleReferences$FieldInstanceReadWrite')}
  0x0000028a5be22528: 0048 beb0 | c283 798a | 0200 0048 | 8386 4801 

  0x0000028a5be22538: ;   {metadata(method data for {method} {0x0000028a00465068} 'cast' '(Ljava/lang/Object;)Ljava/lang/Object;' in 'java/lang/Class')}
  0x0000028a5be22538: 0000 0148 | b848 7520 | 788a 0200 | 008b b0cc | 0000 0083 | c602 89b0 | cc00 0000 | 81e6 feff 
  0x0000028a5be22558: 1f00 85f6 | 0f84 ec28 

  0x0000028a5be22560: ;   {metadata(method data for {method} {0x0000028a00465068} 'cast' '(Ljava/lang/Object;)Ljava/lang/Object;' in 'java/lang/Class')}
  0x0000028a5be22560: 0000 48b8 | 4875 2078 | 8a02 0000 | ff80 2001 

  0x0000028a5be22570: ;   {oop(a 'java/lang/Class'{0x0000000601f92fd0} = 'java/util/concurrent/FutureTask')}
  0x0000028a5be22570: 0000 48b8 | d02f f901 | 0600 0000 

  0x0000028a5be2257c: ;   {metadata(method data for {method} {0x0000028a00465068} 'cast' '(Ljava/lang/Object;)Ljava/lang/Object;' in 'java/lang/Class')}
  0x0000028a5be2257c: 48be 4875 | 2078 8a02 | 0000 4883 | 8630 0100 | 0001 4885 | d20f 8429 

  0x0000028a5be22594: ;   {metadata('java/util/concurrent/FutureTask')}
  0x0000028a5be22594: 0000 0048 | b948 a032 | 018a 0200 | 008b 7a08 | 49ba 0000 | 0000 8a02 | 0000 4903 | fa48 3b4f 
  0x0000028a5be225b4: 380f 8505 | 0000 00e9 | 0500 0000 | 4833 c0eb | 0748 c7c0 | 0100 0000 

  0x0000028a5be225cc: ;   {metadata(method data for {method} {0x0000028a00465068} 'cast' '(Ljava/lang/Object;)Ljava/lang/Object;' in 'java/lang/Class')}
  0x0000028a5be225cc: 85c0 48b8 | 4875 2078 | 8a02 0000 | 48c7 c678 | 0100 0074 | 0748 c7c6 | 6801 0000 | 488b 3c30 
  0x0000028a5be225ec: 488d 7f01 | 4889 3c30 | 0f84 cf26 

  0x0000028a5be225f8: ;   {metadata(method data for {method} {0x0000028a00254370} 'compareAndSet' '(Ljava/lang/invoke/VarHandle;Ljava/lang/Object;Ljava/lang/Object;Ljava/lang/Object;)Z' in 'java/lang/invoke/VarHandleReferences$FieldInstanceReadWrite')}
  0x0000028a5be225f8: 0000 48b8 | b0c2 8379 | 8a02 0000 | 4883 8080 | 0100 0001 

  0x0000028a5be2260c: ;   {metadata(method data for {method} {0x0000028a00056488} 'requireNonNull' '(Ljava/lang/Object;)Ljava/lang/Object;' in 'java/util/Objects')}
  0x0000028a5be2260c: 48b8 40f4 | 0078 8a02 | 0000 8bb0 | cc00 0000 | 83c6 0289 | b0cc 0000 | 0081 e6fe | ff1f 0085 
  0x0000028a5be2262c: f60f 843c 

  0x0000028a5be22630: ;   {metadata(method data for {method} {0x0000028a00056488} 'requireNonNull' '(Ljava/lang/Object;)Ljava/lang/Object;' in 'java/util/Objects')}
  0x0000028a5be22630: 2800 0048 | b840 f400 | 788a 0200 | 00ff 8010 

  0x0000028a5be22640: ;   {oop(a 'java/lang/Class'{0x00000006010000f0} = 'java/lang/Thread')}
  0x0000028a5be22640: 0100 0048 | b8f0 0000 | 0106 0000 

  0x0000028a5be2264c: ;   {metadata(method data for {method} {0x0000028a00254370} 'compareAndSet' '(Ljava/lang/invoke/VarHandle;Ljava/lang/Object;Ljava/lang/Object;Ljava/lang/Object;)Z' in 'java/lang/invoke/VarHandleReferences$FieldInstanceReadWrite')}
  0x0000028a5be2264c: 0048 beb0 | c283 798a | 0200 0048 | 8386 9001 

  0x0000028a5be2265c: ;   {metadata(method data for {method} {0x0000028a00465068} 'cast' '(Ljava/lang/Object;)Ljava/lang/Object;' in 'java/lang/Class')}
  0x0000028a5be2265c: 0000 0148 | b848 7520 | 788a 0200 | 008b b0cc | 0000 0083 | c602 89b0 | cc00 0000 | 81e6 feff 
  0x0000028a5be2267c: 1f00 85f6 | 0f84 0a28 

  0x0000028a5be22684: ;   {metadata(method data for {method} {0x0000028a00465068} 'cast' '(Ljava/lang/Object;)Ljava/lang/Object;' in 'java/lang/Class')}
  0x0000028a5be22684: 0000 48b8 | 4875 2078 | 8a02 0000 | ff80 1001 

  0x0000028a5be22694: ;   {oop(a 'java/lang/Class'{0x00000006010000f0} = 'java/lang/Thread')}
  0x0000028a5be22694: 0000 48b8 | f000 0001 | 0600 0000 

  0x0000028a5be226a0: ;   {metadata(method data for {method} {0x0000028a00254370} 'compareAndSet' '(Ljava/lang/invoke/VarHandle;Ljava/lang/Object;Ljava/lang/Object;Ljava/lang/Object;)Z' in 'java/lang/invoke/VarHandleReferences$FieldInstanceReadWrite')}
  0x0000028a5be226a0: 48be b0c2 | 8379 8a02 | 0000 4883 | 86c8 0100 

  0x0000028a5be226b0: ;   {metadata(method data for {method} {0x0000028a00465068} 'cast' '(Ljava/lang/Object;)Ljava/lang/Object;' in 'java/lang/Class')}
  0x0000028a5be226b0: 0001 48b8 | 4875 2078 | 8a02 0000 | 8bb0 cc00 | 0000 83c6 | 0289 b0cc | 0000 0081 | e6fe ff1f 
  0x0000028a5be226d0: 0085 f60f | 84d8 2700 | 0048 85db 

  0x0000028a5be226dc: ;   {metadata(method data for {method} {0x0000028a00465068} 'cast' '(Ljava/lang/Object;)Ljava/lang/Object;' in 'java/lang/Class')}
  0x0000028a5be226dc: 48b8 4875 | 2078 8a02 | 0000 48c7 | c610 0100 | 0074 0748 | c7c6 2001 | 0000 488b | 3c30 488d 
  0x0000028a5be226fc: 7f01 4889 | 3c30 0f84 | 8800 0000 

  0x0000028a5be22708: ;   {oop(a 'java/lang/Class'{0x00000006010000f0} = 'java/lang/Thread')}
  0x0000028a5be22708: 48b8 f000 | 0001 0600 

  0x0000028a5be22710: ;   {metadata(method data for {method} {0x0000028a00465068} 'cast' '(Ljava/lang/Object;)Ljava/lang/Object;' in 'java/lang/Class')}
  0x0000028a5be22710: 0000 48be | 4875 2078 | 8a02 0000 | 4883 8630 | 0100 0001 | 4885 db0f | 8429 0000 

  0x0000028a5be2272c: ;   {metadata('java/lang/Thread')}
  0x0000028a5be2272c: 0048 b998 | 6e01 008a | 0200 008b | 7b08 49ba | 0000 0000 | 8a02 0000 | 4903 fa48 | 3b4f 380f 
  0x0000028a5be2274c: 8505 0000 | 00e9 0500 | 0000 4833 | c0eb 0748 | c7c0 0100 | 0000 85c0 

  0x0000028a5be22764: ;   {metadata(method data for {method} {0x0000028a00465068} 'cast' '(Ljava/lang/Object;)Ljava/lang/Object;' in 'java/lang/Class')}
  0x0000028a5be22764: 48b8 4875 | 2078 8a02 | 0000 48c7 | c678 0100 | 0074 0748 | c7c6 6801 | 0000 488b | 3c30 488d 
  0x0000028a5be22784: 7f01 4889 | 3c30 0f84 | 5f24 0000 | 48c7 c018 | 0000 0048 | 8d34 0241 | 0fbe 4740 | 85c0 0f85 
  0x0000028a5be227a4: 2a27 0000 

  0x0000028a5be227a8: ;   {oop(nullptr)}
  0x0000028a5be227a8: 48b8 0000 | 0000 0000 | 0000 48c1 | e803 4c8b | d349 c1ea | 03f0 440f | b116 bf01 | 0000 0074 
  0x0000028a5be227c8: 05bf 0000 | 0000 488b | c648 33c3 | 48c1 e816 | 4883 f800 | 0f85 0e27 | 0000 83e7 | 0183 e701 
  0x0000028a5be227e8: ;   {metadata(method data for {method} {0x0000028a79731d90} 'run' '()V' in 'java/util/concurrent/FutureTask')}
  0x0000028a5be227e8: 85ff 48be | c8be 8379 | 8a02 0000 | 48c7 c7b0 | 0100 0074 | 0748 c7c7 | a001 0000 | 488b 1c3e 
  0x0000028a5be22808: 488d 5b01 | 4889 1c3e | 0f84 421b | 0000 8b72 | 1048 c1e6 | 0348 85f6 

  0x0000028a5be22820: ;   {metadata(method data for {method} {0x0000028a79731d90} 'run' '()V' in 'java/util/concurrent/FutureTask')}
  0x0000028a5be22820: 48bf c8be | 8379 8a02 | 0000 48c7 | c3c0 0100 | 0074 0748 | c7c3 d001 | 0000 488b | 041f 488d 
  0x0000028a5be22840: 4001 4889 | 041f 0f84 | 4816 0000 | 8b7a 0c85 

  0x0000028a5be22850: ;   {metadata(method data for {method} {0x0000028a79731d90} 'run' '()V' in 'java/util/concurrent/FutureTask')}
  0x0000028a5be22850: ff48 bfc8 | be83 798a | 0200 0048 | c7c3 e001 | 0000 7507 | 48c7 c3f0 | 0100 0048 | 8b04 1f48 
  0x0000028a5be22870: 8d40 0148 | 8904 1f0f | 8517 1600 | 0048 3b06 

  0x0000028a5be22880: ;   {metadata(method data for {method} {0x0000028a79731d90} 'run' '()V' in 'java/util/concurrent/FutureTask')}
  0x0000028a5be22880: 488b fe48 | bbc8 be83 | 798a 0200 | 008b 7f08 | 49ba 0000 | 0000 8a02 | 0000 4903 | fa48 3bbb 
  0x0000028a5be228a0: 1002 0000 | 750d 4883 | 8318 0200 | 0001 e960 | 0000 0048 | 3bbb 2002 | 0000 750d | 4883 8328 
  0x0000028a5be228c0: 0200 0001 | e94a 0000 | 0048 83bb | 1002 0000 | 0075 1748 | 89bb 1002 | 0000 48c7 | 8318 0200 
  0x0000028a5be228e0: 0001 0000 | 00e9 2900 | 0000 4883 | bb20 0200 | 0000 7517 | 4889 bb20 | 0200 0048 | c783 2802 
  0x0000028a5be22900: 0000 0100 | 0000 e908 | 0000 0048 | 8383 0002 | 0000 0148 | 8bd6 0f1f | 8000 0000 | 0048 b8a0 
  0x0000028a5be22920: be43 7e8a 

  0x0000028a5be22924: ;   {virtual_call}
  0x0000028a5be22924: 0200 00e8 

  0x0000028a5be22928: ; ImmutableOopMap {[232]=Oop }
                      ;*invokeinterface call {reexecute=0 rethrow=0 return_oop=0}
                      ; - java.util.concurrent.FutureTask::run@39 (line 317)
  0x0000028a5be22928: 649c 9606 

  0x0000028a5be2292c: ;   {other}
  0x0000028a5be2292c: 0f1f 8400 | 1c0d 0000 

  0x0000028a5be22934: ;   {metadata(method data for {method} {0x0000028a79731d90} 'run' '()V' in 'java/util/concurrent/FutureTask')}
  0x0000028a5be22934: 49b8 c8be | 8379 8a02 | 0000 41ff | 8038 0200 | 00be 0100 | 0000 e99c | 0a00 0048 | 8b94 24e8 
  0x0000028a5be22954: 0000 0049 | 8b87 f804 | 0000 4d33 | d24d 8997 | f804 0000 | 4d33 d24d | 8997 0005 | 0000 4c8b 
  0x0000028a5be22974: ;   {metadata(method data for {method} {0x0000028a79731d90} 'run' '()V' in 'java/util/concurrent/FutureTask')}
  0x0000028a5be22974: c249 b9c8 | be83 798a 

  0x0000028a5be2297c: ;   {metadata('java/util/concurrent/FutureTask')}
  0x0000028a5be2297c: 0200 0049 | ba48 a032 | 018a 0200 | 004d 8991 | 6002 0000 | 4983 8168 | 0200 0001 

  0x0000028a5be22998: ;   {metadata(method data for {method} {0x0000028a79731bc8} 'setException' '(Ljava/lang/Throwable;)V' in 'java/util/concurrent/FutureTask')}
  0x0000028a5be22998: 49b8 40c5 | 8379 8a02 | 0000 458b | 88cc 0000 | 0041 83c1 | 0245 8988 | cc00 0000 | 4181 e1fe 
  0x0000028a5be229b8: ff1f 0045 | 85c9 0f84 | 4925 0000 

  0x0000028a5be229c4: ;   {metadata(method data for {method} {0x0000028a79731bc8} 'setException' '(Ljava/lang/Throwable;)V' in 'java/util/concurrent/FutureTask')}
  0x0000028a5be229c4: 49b8 40c5 | 8379 8a02 | 0000 4d8d | 8048 0100 

  0x0000028a5be229d4: ;   {metadata('java/util/concurrent/FutureTask')}
  0x0000028a5be229d4: 0049 b948 | a032 018a | 0200 004d | 3348 0849 | f7c1 fcff | ffff 7404 | 4d89 4808 

  0x0000028a5be229f0: ;   {metadata(method data for {method} {0x0000028a001562a0} 'guard_LII_Z' '(Ljava/lang/invoke/VarHandle;Ljava/lang/Object;IILjava/lang/invoke/VarHandle$AccessDescriptor;)Z' in 'java/lang/invoke/VarHandleGuards')}
  0x0000028a5be229f0: 49b8 0005 | 6d79 8a02 | 0000 4d8d | 80e0 0300 

  0x0000028a5be22a00: ;   {oop(a 'java/lang/invoke/VarHandleInts$FieldInstanceReadWrite'{0x0000000601f93138})}
  0x0000028a5be22a00: 0049 b938 | 31f9 0106 | 0000 004d | 85c9 750b | 41f6 0001 | 7505 f049 

  0x0000028a5be22a18: ;   {metadata(method data for {method} {0x0000028a79731bc8} 'setException' '(Ljava/lang/Throwable;)V' in 'java/util/concurrent/FutureTask')}
  0x0000028a5be22a18: 8308 0149 | b840 c583 | 798a 0200 | 0049 8380 | 1001 0000 

  0x0000028a5be22a2c: ;   {metadata(method data for {method} {0x0000028a001562a0} 'guard_LII_Z' '(Ljava/lang/invoke/VarHandle;Ljava/lang/Object;IILjava/lang/invoke/VarHandle$AccessDescriptor;)Z' in 'java/lang/invoke/VarHandleGuards')}
  0x0000028a5be22a2c: 0149 b800 | 056d 798a | 0200 0041 | 8bb8 cc00 | 0000 83c7 | 0241 89b8 | cc00 0000 | 81e7 feff 
  0x0000028a5be22a4c: 1f00 85ff | 0f84 d824 

  0x0000028a5be22a54: ;   {metadata(method data for {method} {0x0000028a001562a0} 'guard_LII_Z' '(Ljava/lang/invoke/VarHandle;Ljava/lang/Object;IILjava/lang/invoke/VarHandle$AccessDescriptor;)Z' in 'java/lang/invoke/VarHandleGuards')}
  0x0000028a5be22a54: 0000 49b8 | 0005 6d79 | 8a02 0000 | 4d8d 8048 

  0x0000028a5be22a64: ;   {oop(a 'java/lang/invoke/VarHandle$AccessDescriptor'{0x0000000601f96498})}
  0x0000028a5be22a64: 0100 0048 | bf98 64f9 | 0106 0000 | 0048 85ff | 750d 41f6 | 4008 0175 | 06f0 4983 

  0x0000028a5be22a80: ;   {metadata(method data for {method} {0x0000028a001562a0} 'guard_LII_Z' '(Ljava/lang/invoke/VarHandle;Ljava/lang/Object;IILjava/lang/invoke/VarHandle$AccessDescriptor;)Z' in 'java/lang/invoke/VarHandleGuards')}
  0x0000028a5be22a80: 4808 0149 | b800 056d | 798a 0200 | 0045 8b49 | 0849 ba00 | 0000 008a | 0200 004d | 03ca 4d3b 
  0x0000028a5be22aa0: 8820 0100 | 0075 0d49 | 8380 2801 | 0000 01e9 | 6000 0000 | 4d3b 8830 | 0100 0075 | 0d49 8380 
  0x0000028a5be22ac0: 3801 0000 | 01e9 4a00 | 0000 4983 | b820 0100 | 0000 7517 | 4d89 8820 | 0100 0049 | c780 2801 
  0x0000028a5be22ae0: 0000 0100 | 0000 e929 | 0000 0049 | 83b8 3001 | 0000 0075 | 174d 8988 | 3001 0000 | 49c7 8038 
  0x0000028a5be22b00: 0100 0001 | 0000 00e9 | 0800 0000 | 4983 8010 | 0100 0001 

  0x0000028a5be22b14: ;   {metadata(method data for {method} {0x0000028a000936b8} 'checkAccessModeThenIsDirect' '(Ljava/lang/invoke/VarHandle$AccessDescriptor;)Z' in 'java/lang/invoke/VarHandle')}
  0x0000028a5be22b14: 49b8 f89c | 1378 8a02 | 0000 458b | 88cc 0000 | 0041 83c1 | 0245 8988 | cc00 0000 | 4181 e1fe 
  0x0000028a5be22b34: ff1f 0045 | 85c9 0f84 | 0f24 0000 

  0x0000028a5be22b40: ;   {metadata(method data for {method} {0x0000028a000936b8} 'checkAccessModeThenIsDirect' '(Ljava/lang/invoke/VarHandle$AccessDescriptor;)Z' in 'java/lang/invoke/VarHandle')}
  0x0000028a5be22b40: 49b8 f89c | 1378 8a02 | 0000 41ff | 8010 0100 

  0x0000028a5be22b50: ;   {metadata(method data for {method} {0x0000028a001562a0} 'guard_LII_Z' '(Ljava/lang/invoke/VarHandle;Ljava/lang/Object;IILjava/lang/invoke/VarHandle$AccessDescriptor;)Z' in 'java/lang/invoke/VarHandleGuards')}
  0x0000028a5be22b50: 0049 b800 | 056d 798a | 0200 0041 | ff80 7001 

  0x0000028a5be22b60: ;   {metadata(method data for {method} {0x0000028a001562a0} 'guard_LII_Z' '(Ljava/lang/invoke/VarHandle;Ljava/lang/Object;IILjava/lang/invoke/VarHandle$AccessDescriptor;)Z' in 'java/lang/invoke/VarHandleGuards')}
  0x0000028a5be22b60: 0000 49b8 | 0005 6d79 | 8a02 0000 | 41ff 8090 

  0x0000028a5be22b70: ;   {oop(a 'java/lang/invoke/VarForm'{0x00000006014477d8})}
  0x0000028a5be22b70: 0100 0049 | b8d8 7744 | 0106 0000 

  0x0000028a5be22b7c: ;   {metadata(method data for {method} {0x0000028a001562a0} 'guard_LII_Z' '(Ljava/lang/invoke/VarHandle;Ljava/lang/Object;IILjava/lang/invoke/VarHandle$AccessDescriptor;)Z' in 'java/lang/invoke/VarHandleGuards')}
  0x0000028a5be22b7c: 0049 b900 | 056d 798a | 0200 0049 | 8381 a001 

  0x0000028a5be22b8c: ;   {metadata(method data for {method} {0x0000028a001542f0} 'getMemberName' '(I)Ljava/lang/invoke/MemberName;' in 'java/lang/invoke/VarForm')}
  0x0000028a5be22b8c: 0000 0149 | b800 9f13 | 788a 0200 | 0045 8b88 | cc00 0000 | 4183 c102 | 4589 88cc | 0000 0041 
  0x0000028a5be22bac: 81e1 feff | 1f00 4585 | c90f 84b5 

  0x0000028a5be22bb8: ;   {metadata(method data for {method} {0x0000028a001542f0} 'getMemberName' '(I)Ljava/lang/invoke/MemberName;' in 'java/lang/invoke/VarForm')}
  0x0000028a5be22bb8: 2300 0049 | b800 9f13 | 788a 0200 | 0041 ff80 | 1001 0000 

  0x0000028a5be22bcc: ;   {metadata(method data for {method} {0x0000028a001562a0} 'guard_LII_Z' '(Ljava/lang/invoke/VarHandle;Ljava/lang/Object;IILjava/lang/invoke/VarHandle$AccessDescriptor;)Z' in 'java/lang/invoke/VarHandleGuards')}
  0x0000028a5be22bcc: 49b8 0005 | 6d79 8a02 | 0000 4d8d | 80d8 0100 

  0x0000028a5be22bdc: ;   {oop(a 'java/lang/invoke/MemberName'{0x0000000601f964c0} = {method} {0x0000028a782cf990} 'compareAndSet' '(Ljava/lang/invoke/VarHandle;Ljava/lang/Object;II)Z' in 'java/lang/invoke/VarHandleInts$FieldInstanceReadWrite')}
  0x0000028a5be22bdc: 0049 b9c0 | 64f9 0106 | 0000 004d | 85c9 750b | 41f6 0001 | 7505 f049 

  0x0000028a5be22bf4: ;   {metadata(method data for {method} {0x0000028a001562a0} 'guard_LII_Z' '(Ljava/lang/invoke/VarHandle;Ljava/lang/Object;IILjava/lang/invoke/VarHandle$AccessDescriptor;)Z' in 'java/lang/invoke/VarHandleGuards')}
  0x0000028a5be22bf4: 8308 0149 | b800 056d | 798a 0200 | 004d 8d80 | f801 0000 

  0x0000028a5be22c08: ;   {oop(a 'java/lang/invoke/VarHandleInts$FieldInstanceReadWrite'{0x0000000601f93138})}
  0x0000028a5be22c08: 49b9 3831 | f901 0600 | 0000 4d85 | c975 0d41 | f640 0801 | 7506 f049 | 8348 0801 

  0x0000028a5be22c24: ;   {metadata(method data for {method} {0x0000028a001562a0} 'guard_LII_Z' '(Ljava/lang/invoke/VarHandle;Ljava/lang/Object;IILjava/lang/invoke/VarHandle$AccessDescriptor;)Z' in 'java/lang/invoke/VarHandleGuards')}
  0x0000028a5be22c24: 49b8 0005 | 6d79 8a02 | 0000 4983 | 80e8 0100 

  0x0000028a5be22c34: ;   {metadata(method data for {method} {0x0000028a782cf990} 'compareAndSet' '(Ljava/lang/invoke/VarHandle;Ljava/lang/Object;II)Z' in 'java/lang/invoke/VarHandleInts$FieldInstanceReadWrite')}
  0x0000028a5be22c34: 0001 49b8 | f808 6d79 | 8a02 0000 | 458b 88cc | 0000 0041 | 83c1 0245 | 8988 cc00 | 0000 4181 
  0x0000028a5be22c54: e1fe ff1f | 0045 85c9 | 0f84 2f23 

  0x0000028a5be22c60: ;   {oop(a 'java/lang/Class'{0x0000000601f92fd0} = 'java/util/concurrent/FutureTask')}
  0x0000028a5be22c60: 0000 49b8 | d02f f901 | 0600 0000 

  0x0000028a5be22c6c: ;   {metadata(method data for {method} {0x0000028a782cf990} 'compareAndSet' '(Ljava/lang/invoke/VarHandle;Ljava/lang/Object;II)Z' in 'java/lang/invoke/VarHandleInts$FieldInstanceReadWrite')}
  0x0000028a5be22c6c: 49b9 f808 | 6d79 8a02 | 0000 4983 | 8148 0100 

  0x0000028a5be22c7c: ;   {metadata(method data for {method} {0x0000028a00465068} 'cast' '(Ljava/lang/Object;)Ljava/lang/Object;' in 'java/lang/Class')}
  0x0000028a5be22c7c: 0001 49b8 | 4875 2078 | 8a02 0000 | 458b 88cc | 0000 0041 | 83c1 0245 | 8988 cc00 | 0000 4181 
  0x0000028a5be22c9c: e1fe ff1f | 0045 85c9 | 0f84 0823 

  0x0000028a5be22ca8: ;   {metadata(method data for {method} {0x0000028a00465068} 'cast' '(Ljava/lang/Object;)Ljava/lang/Object;' in 'java/lang/Class')}
  0x0000028a5be22ca8: 0000 49b8 | 4875 2078 | 8a02 0000 | 41ff 8020 

  0x0000028a5be22cb8: ;   {oop(a 'java/lang/Class'{0x0000000601f92fd0} = 'java/util/concurrent/FutureTask')}
  0x0000028a5be22cb8: 0100 0049 | b8d0 2ff9 | 0106 0000 

  0x0000028a5be22cc4: ;   {metadata(method data for {method} {0x0000028a00465068} 'cast' '(Ljava/lang/Object;)Ljava/lang/Object;' in 'java/lang/Class')}
  0x0000028a5be22cc4: 0049 b948 | 7520 788a | 0200 0049 | 8381 3001 | 0000 0148 | 85d2 0f84 | 2900 0000 

  0x0000028a5be22ce0: ;   {metadata('java/util/concurrent/FutureTask')}
  0x0000028a5be22ce0: 48be 48a0 | 3201 8a02 | 0000 8b7a | 0849 ba00 | 0000 008a | 0200 0049 | 03fa 483b | 7738 0f85 
  0x0000028a5be22d00: 0500 0000 | e905 0000 | 004d 33c0 | eb07 49c7 | c001 0000 | 0045 85c0 

  0x0000028a5be22d18: ;   {metadata(method data for {method} {0x0000028a00465068} 'cast' '(Ljava/lang/Object;)Ljava/lang/Object;' in 'java/lang/Class')}
  0x0000028a5be22d18: 49b8 4875 | 2078 8a02 | 0000 49c7 | c178 0100 | 0074 0749 | c7c1 6801 | 0000 4b8b | 3c08 488d 
  0x0000028a5be22d38: 7f01 4b89 | 3c08 0f84 | e818 0000 

  0x0000028a5be22d44: ;   {metadata(method data for {method} {0x0000028a782cf990} 'compareAndSet' '(Ljava/lang/invoke/VarHandle;Ljava/lang/Object;II)Z' in 'java/lang/invoke/VarHandleInts$FieldInstanceReadWrite')}
  0x0000028a5be22d44: 49b8 f808 | 6d79 8a02 | 0000 4983 | 8080 0100 

  0x0000028a5be22d54: ;   {metadata(method data for {method} {0x0000028a00056488} 'requireNonNull' '(Ljava/lang/Object;)Ljava/lang/Object;' in 'java/util/Objects')}
  0x0000028a5be22d54: 0001 49b8 | 40f4 0078 | 8a02 0000 | 458b 88cc | 0000 0041 | 83c1 0245 | 8988 cc00 | 0000 4181 
  0x0000028a5be22d74: e1fe ff1f | 0045 85c9 | 0f84 5122 

  0x0000028a5be22d80: ;   {metadata(method data for {method} {0x0000028a00056488} 'requireNonNull' '(Ljava/lang/Object;)Ljava/lang/Object;' in 'java/util/Objects')}
  0x0000028a5be22d80: 0000 49b8 | 40f4 0078 | 8a02 0000 | 41ff 8010 | 0100 0049 | c7c0 0c00 | 0000 4e8d | 0402 488b 
  0x0000028a5be22da0: d8b8 0000 | 0000 41b9 | 0100 0000 | f045 0fb1 | 0841 b801 | 0000 0074 | 0641 b800 | 0000 0041 
  0x0000028a5be22dc0: 83e0 0141 | 83e0 0145 

  0x0000028a5be22dc8: ;   {metadata(method data for {method} {0x0000028a79731bc8} 'setException' '(Ljava/lang/Throwable;)V' in 'java/util/concurrent/FutureTask')}
  0x0000028a5be22dc8: 85c0 49b8 | 40c5 8379 | 8a02 0000 | 49c7 c160 | 0100 0074 | 0749 c7c1 | 7001 0000 | 4b8b 3c08 
  0x0000028a5be22de8: 488d 7f01 | 4b89 3c08 | 0f84 e605 | 0000 450f | be47 4045 | 85c0 0f85 | f021 0000 | 4c8b d349 
  0x0000028a5be22e08: c1ea 0344 | 8952 144c | 8bc2 4c33 | c349 c1e8 | 1649 83f8 | 000f 85f1 

  0x0000028a5be22e20: ;   {metadata(method data for {method} {0x0000028a79731bc8} 'setException' '(Ljava/lang/Throwable;)V' in 'java/util/concurrent/FutureTask')}
  0x0000028a5be22e20: 2100 0049 | b840 c583 | 798a 0200 | 004d 8d80 | b801 0000 

  0x0000028a5be22e34: ;   {metadata('java/util/concurrent/FutureTask')}
  0x0000028a5be22e34: 49b9 48a0 | 3201 8a02 | 0000 4d33 | 4808 49f7 | c1fc ffff | ff74 044d 

  0x0000028a5be22e4c: ;   {metadata(method data for {method} {0x0000028a00156248} 'guard_LI_V' '(Ljava/lang/invoke/VarHandle;Ljava/lang/Object;ILjava/lang/invoke/VarHandle$AccessDescriptor;)V' in 'java/lang/invoke/VarHandleGuards')}
  0x0000028a5be22e4c: 8948 0849 | b890 c783 | 798a 0200 | 004d 8d80 | 1805 0000 

  0x0000028a5be22e60: ;   {oop(a 'java/lang/invoke/VarHandleInts$FieldInstanceReadWrite'{0x0000000601f93138})}
  0x0000028a5be22e60: 49b9 3831 | f901 0600 | 0000 4d85 | c975 0d41 | f600 0175 | 47f0 4983 | 0801 eb40 

  0x0000028a5be22e7c: ;   {metadata('java/lang/invoke/VarHandleInts$FieldInstanceReadWrite')}
  0x0000028a5be22e7c: 48bf 38a0 | 0701 8a02 | 0000 4c8b | d749 3338 | 48f7 c7fc | ffff ff74 | 2740 f6c7 | 0275 2149 
  0x0000028a5be22e9c: f700 feff | ffff 7415 | 498b fa49 | 3338 48f7 | c7fc ffff | ff74 0949 | 8308 02eb | 0349 8938 
  0x0000028a5be22ebc: ;   {metadata('java/util/concurrent/FutureTask')}
  0x0000028a5be22ebc: 48bf 48a0 | 3201 8a02 | 0000 4c8b | d749 3378 | 1048 f7c7 | fcff ffff | 742b 40f6 | c702 7525 
  0x0000028a5be22edc: 49f7 4010 | feff ffff | 7417 498b | fa49 3378 | 1048 f7c7 | fcff ffff | 740b 4983 | 4810 02eb 
  0x0000028a5be22efc: 0449 8978 

  0x0000028a5be22f00: ;   {metadata(method data for {method} {0x0000028a79731bc8} 'setException' '(Ljava/lang/Throwable;)V' in 'java/util/concurrent/FutureTask')}
  0x0000028a5be22f00: 1049 b840 | c583 798a | 0200 0049 | 8380 8001 

  0x0000028a5be22f10: ;   {metadata(method data for {method} {0x0000028a00156248} 'guard_LI_V' '(Ljava/lang/invoke/VarHandle;Ljava/lang/Object;ILjava/lang/invoke/VarHandle$AccessDescriptor;)V' in 'java/lang/invoke/VarHandleGuards')}
  0x0000028a5be22f10: 0000 0149 | b890 c783 | 798a 0200 | 0041 8bb8 | cc00 0000 | 83c7 0241 | 89b8 cc00 | 0000 81e7 
  0x0000028a5be22f30: feff 1f00 | 85ff 0f84 | f020 0000 

  0x0000028a5be22f3c: ;   {metadata(method data for {method} {0x0000028a00156248} 'guard_LI_V' '(Ljava/lang/invoke/VarHandle;Ljava/lang/Object;ILjava/lang/invoke/VarHandle$AccessDescriptor;)V' in 'java/lang/invoke/VarHandleGuards')}
  0x0000028a5be22f3c: 49b8 90c7 | 8379 8a02 | 0000 4d8d | 8048 0100 

  0x0000028a5be22f4c: ;   {oop(a 'java/lang/invoke/VarHandle$AccessDescriptor'{0x0000000601f964f0})}
  0x0000028a5be22f4c: 0048 bff0 | 64f9 0106 | 0000 0048 | 85ff 750d | 41f6 4008 | 0175 06f0 | 4983 4808 

  0x0000028a5be22f68: ;   {metadata(method data for {method} {0x0000028a00156248} 'guard_LI_V' '(Ljava/lang/invoke/VarHandle;Ljava/lang/Object;ILjava/lang/invoke/VarHandle$AccessDescriptor;)V' in 'java/lang/invoke/VarHandleGuards')}
  0x0000028a5be22f68: 0149 b890 | c783 798a | 0200 0045 | 8b49 0849 | ba00 0000 | 008a 0200 | 004d 03ca | 4d3b 8820 
  0x0000028a5be22f88: 0100 0075 | 0d49 8380 | 2801 0000 | 01e9 6000 | 0000 4d3b | 8830 0100 | 0075 0d49 | 8380 3801 
  0x0000028a5be22fa8: 0000 01e9 | 4a00 0000 | 4983 b820 | 0100 0000 | 7517 4d89 | 8820 0100 | 0049 c780 | 2801 0000 
  0x0000028a5be22fc8: 0100 0000 | e929 0000 | 0049 83b8 | 3001 0000 | 0075 174d | 8988 3001 | 0000 49c7 | 8038 0100 
  0x0000028a5be22fe8: 0001 0000 | 00e9 0800 | 0000 4983 | 8010 0100 

  0x0000028a5be22ff8: ;   {metadata(method data for {method} {0x0000028a000936b8} 'checkAccessModeThenIsDirect' '(Ljava/lang/invoke/VarHandle$AccessDescriptor;)Z' in 'java/lang/invoke/VarHandle')}
  0x0000028a5be22ff8: 0001 49b8 | f89c 1378 | 8a02 0000 | 458b 88cc | 0000 0041 | 83c1 0245 | 8988 cc00 | 0000 4181 
  0x0000028a5be23018: e1fe ff1f | 0045 85c9 | 0f84 2720 

  0x0000028a5be23024: ;   {metadata(method data for {method} {0x0000028a000936b8} 'checkAccessModeThenIsDirect' '(Ljava/lang/invoke/VarHandle$AccessDescriptor;)Z' in 'java/lang/invoke/VarHandle')}
  0x0000028a5be23024: 0000 49b8 | f89c 1378 | 8a02 0000 | 41ff 8010 

  0x0000028a5be23034: ;   {metadata(method data for {method} {0x0000028a00156248} 'guard_LI_V' '(Ljava/lang/invoke/VarHandle;Ljava/lang/Object;ILjava/lang/invoke/VarHandle$AccessDescriptor;)V' in 'java/lang/invoke/VarHandleGuards')}
  0x0000028a5be23034: 0100 0049 | b890 c783 | 798a 0200 | 0041 ff80 | 7001 0000 

  0x0000028a5be23048: ;   {metadata(method data for {method} {0x0000028a00156248} 'guard_LI_V' '(Ljava/lang/invoke/VarHandle;Ljava/lang/Object;ILjava/lang/invoke/VarHandle$AccessDescriptor;)V' in 'java/lang/invoke/VarHandleGuards')}
  0x0000028a5be23048: 49b8 90c7 | 8379 8a02 | 0000 41ff | 8090 0100 

  0x0000028a5be23058: ;   {oop(a 'java/lang/invoke/VarForm'{0x00000006014477d8})}
  0x0000028a5be23058: 0049 b8d8 | 7744 0106 

  0x0000028a5be23060: ;   {metadata(method data for {method} {0x0000028a00156248} 'guard_LI_V' '(Ljava/lang/invoke/VarHandle;Ljava/lang/Object;ILjava/lang/invoke/VarHandle$AccessDescriptor;)V' in 'java/lang/invoke/VarHandleGuards')}
  0x0000028a5be23060: 0000 0049 | b990 c783 | 798a 0200 | 0049 8381 | a001 0000 

  0x0000028a5be23074: ;   {metadata(method data for {method} {0x0000028a001542f0} 'getMemberName' '(I)Ljava/lang/invoke/MemberName;' in 'java/lang/invoke/VarForm')}
  0x0000028a5be23074: 0149 b800 | 9f13 788a | 0200 0045 | 8b88 cc00 | 0000 4183 | c102 4589 | 88cc 0000 | 0041 81e1 
  0x0000028a5be23094: feff 1f00 | 4585 c90f | 84cd 1f00 

  0x0000028a5be230a0: ;   {metadata(method data for {method} {0x0000028a001542f0} 'getMemberName' '(I)Ljava/lang/invoke/MemberName;' in 'java/lang/invoke/VarForm')}
  0x0000028a5be230a0: 0049 b800 | 9f13 788a | 0200 0041 | ff80 1001 

  0x0000028a5be230b0: ;   {metadata(method data for {method} {0x0000028a00156248} 'guard_LI_V' '(Ljava/lang/invoke/VarHandle;Ljava/lang/Object;ILjava/lang/invoke/VarHandle$AccessDescriptor;)V' in 'java/lang/invoke/VarHandleGuards')}
  0x0000028a5be230b0: 0000 49b8 | 90c7 8379 | 8a02 0000 | 4d8d 80d8 

  0x0000028a5be230c0: ;   {oop(a 'java/lang/invoke/MemberName'{0x0000000601f96518} = {method} {0x0000028a782cf880} 'setRelease' '(Ljava/lang/invoke/VarHandle;Ljava/lang/Object;I)V' in 'java/lang/invoke/VarHandleInts$FieldInstanceReadWrite')}
  0x0000028a5be230c0: 0100 0049 | b918 65f9 | 0106 0000 | 004d 85c9 | 750b 41f6 | 0001 7505 | f049 8308 

  0x0000028a5be230dc: ;   {metadata(method data for {method} {0x0000028a00156248} 'guard_LI_V' '(Ljava/lang/invoke/VarHandle;Ljava/lang/Object;ILjava/lang/invoke/VarHandle$AccessDescriptor;)V' in 'java/lang/invoke/VarHandleGuards')}
  0x0000028a5be230dc: 0149 b890 | c783 798a | 0200 004d | 8d80 f801 

  0x0000028a5be230ec: ;   {oop(a 'java/lang/invoke/VarHandleInts$FieldInstanceReadWrite'{0x0000000601f93138})}
  0x0000028a5be230ec: 0000 49b9 | 3831 f901 | 0600 0000 | 4d85 c975 | 0f41 f640 | 0801 754d | f049 8348 | 0801 eb45 
  0x0000028a5be2310c: ;   {metadata('java/lang/invoke/VarHandleInts$FieldInstanceReadWrite')}
  0x0000028a5be2310c: 49b9 38a0 | 0701 8a02 | 0000 4d8b | d14d 3348 | 0849 f7c1 | fcff ffff | 742b 41f6 | c102 7525 
  0x0000028a5be2312c: 49f7 4008 | feff ffff | 7417 4d8b | ca4d 3348 | 0849 f7c1 | fcff ffff | 740b 4983 | 4808 02eb 
  0x0000028a5be2314c: 044d 8948 

  0x0000028a5be23150: ;   {metadata('java/util/concurrent/FutureTask')}
  0x0000028a5be23150: 0849 b948 | a032 018a | 0200 004d | 8bd1 4d33 | 4818 49f7 | c1fc ffff | ff74 2b41 | f6c1 0275 
  0x0000028a5be23170: 2549 f740 | 18fe ffff | ff74 174d | 8bca 4d33 | 4818 49f7 | c1fc ffff | ff74 0b49 | 8348 1802 
  0x0000028a5be23190: eb04 4d89 

  0x0000028a5be23194: ;   {metadata(method data for {method} {0x0000028a00156248} 'guard_LI_V' '(Ljava/lang/invoke/VarHandle;Ljava/lang/Object;ILjava/lang/invoke/VarHandle$AccessDescriptor;)V' in 'java/lang/invoke/VarHandleGuards')}
  0x0000028a5be23194: 4818 49b8 | 90c7 8379 | 8a02 0000 | 4983 80e8 | 0100 0001 

  0x0000028a5be231a8: ;   {metadata(method data for {method} {0x0000028a782cf880} 'setRelease' '(Ljava/lang/invoke/VarHandle;Ljava/lang/Object;I)V' in 'java/lang/invoke/VarHandleInts$FieldInstanceReadWrite')}
  0x0000028a5be231a8: 49b8 c0cc | 8379 8a02 | 0000 458b | 88cc 0000 | 0041 83c1 | 0245 8988 | cc00 0000 | 4181 e1fe 
  0x0000028a5be231c8: ff1f 0045 | 85c9 0f84 | bb1e 0000 

  0x0000028a5be231d4: ;   {oop(a 'java/lang/Class'{0x0000000601f92fd0} = 'java/util/concurrent/FutureTask')}
  0x0000028a5be231d4: 49b8 d02f | f901 0600 

  0x0000028a5be231dc: ;   {metadata(method data for {method} {0x0000028a782cf880} 'setRelease' '(Ljava/lang/invoke/VarHandle;Ljava/lang/Object;I)V' in 'java/lang/invoke/VarHandleInts$FieldInstanceReadWrite')}
  0x0000028a5be231dc: 0000 49b9 | c0cc 8379 | 8a02 0000 | 4983 8148 | 0100 0001 

  0x0000028a5be231f0: ;   {metadata(method data for {method} {0x0000028a00465068} 'cast' '(Ljava/lang/Object;)Ljava/lang/Object;' in 'java/lang/Class')}
  0x0000028a5be231f0: 49b8 4875 | 2078 8a02 | 0000 458b | 88cc 0000 | 0041 83c1 | 0245 8988 | cc00 0000 | 4181 e1fe 
  0x0000028a5be23210: ff1f 0045 | 85c9 0f84 | 941e 0000 

  0x0000028a5be2321c: ;   {metadata(method data for {method} {0x0000028a00465068} 'cast' '(Ljava/lang/Object;)Ljava/lang/Object;' in 'java/lang/Class')}
  0x0000028a5be2321c: 49b8 4875 | 2078 8a02 | 0000 41ff | 8020 0100 

  0x0000028a5be2322c: ;   {oop(a 'java/lang/Class'{0x0000000601f92fd0} = 'java/util/concurrent/FutureTask')}
  0x0000028a5be2322c: 0049 b8d0 | 2ff9 0106 

  0x0000028a5be23234: ;   {metadata(method data for {method} {0x0000028a00465068} 'cast' '(Ljava/lang/Object;)Ljava/lang/Object;' in 'java/lang/Class')}
  0x0000028a5be23234: 0000 0049 | b948 7520 | 788a 0200 | 0049 8381 | 3001 0000 | 0148 85d2 | 0f84 2900 

  0x0000028a5be23250: ;   {metadata('java/util/concurrent/FutureTask')}
  0x0000028a5be23250: 0000 48be | 48a0 3201 | 8a02 0000 | 8b7a 0849 | ba00 0000 | 008a 0200 | 0049 03fa | 483b 7738 
  0x0000028a5be23270: 0f85 0500 | 0000 e905 | 0000 004d | 33c0 eb07 | 49c7 c001 | 0000 0045 

  0x0000028a5be23288: ;   {metadata(method data for {method} {0x0000028a00465068} 'cast' '(Ljava/lang/Object;)Ljava/lang/Object;' in 'java/lang/Class')}
  0x0000028a5be23288: 85c0 49b8 | 4875 2078 | 8a02 0000 | 49c7 c178 | 0100 0074 | 0749 c7c1 | 6801 0000 | 4b8b 3c08 
  0x0000028a5be232a8: 488d 7f01 | 4b89 3c08 | 0f84 8e12 

  0x0000028a5be232b4: ;   {metadata(method data for {method} {0x0000028a782cf880} 'setRelease' '(Ljava/lang/invoke/VarHandle;Ljava/lang/Object;I)V' in 'java/lang/invoke/VarHandleInts$FieldInstanceReadWrite')}
  0x0000028a5be232b4: 0000 49b8 | c0cc 8379 | 8a02 0000 | 4983 8080 | 0100 0001 

  0x0000028a5be232c8: ;   {metadata(method data for {method} {0x0000028a00056488} 'requireNonNull' '(Ljava/lang/Object;)Ljava/lang/Object;' in 'java/util/Objects')}
  0x0000028a5be232c8: 49b8 40f4 | 0078 8a02 | 0000 458b | 88cc 0000 | 0041 83c1 | 0245 8988 | cc00 0000 | 4181 e1fe 
  0x0000028a5be232e8: ff1f 0045 | 85c9 0f84 | dd1d 0000 

  0x0000028a5be232f4: ;   {metadata(method data for {method} {0x0000028a00056488} 'requireNonNull' '(Ljava/lang/Object;)Ljava/lang/Object;' in 'java/util/Objects')}
  0x0000028a5be232f4: 49b8 40f4 | 0078 8a02 | 0000 41ff | 8010 0100 

  0x0000028a5be23304: ;   {metadata(method data for {method} {0x0000028a782cf880} 'setRelease' '(Ljava/lang/invoke/VarHandle;Ljava/lang/Object;I)V' in 'java/lang/invoke/VarHandleInts$FieldInstanceReadWrite')}
  0x0000028a5be23304: 0049 b8c0 | cc83 798a | 0200 004d | 8d80 c801 

  0x0000028a5be23314: ;   {metadata('java/util/concurrent/FutureTask')}
  0x0000028a5be23314: 0000 49b9 | 48a0 3201 | 8a02 0000 | 4d8b d14d | 3348 0849 | f7c1 fcff | ffff 742b | 41f6 c102 
  0x0000028a5be23334: 7525 49f7 | 4008 feff | ffff 7417 | 4d8b ca4d | 3348 0849 | f7c1 fcff | ffff 740b | 4983 4808 
  0x0000028a5be23354: 02eb 044d 

  0x0000028a5be23358: ;   {oop(a 'jdk/internal/misc/Unsafe'{0x00000006010020e0})}
  0x0000028a5be23358: 8948 0848 | bee0 2000 | 0106 0000 | 004c 8bc6 

  0x0000028a5be23368: ;   {metadata(method data for {method} {0x0000028a782cf880} 'setRelease' '(Ljava/lang/invoke/VarHandle;Ljava/lang/Object;I)V' in 'java/lang/invoke/VarHandleInts$FieldInstanceReadWrite')}
  0x0000028a5be23368: 49b9 c0cc | 8379 8a02 | 0000 4983 | 8190 0100 | 0001 49c7 | c10c 0000 | 004c 8bc2 | bf03 0000 
  0x0000028a5be23388: 0048 8bd6 

  0x0000028a5be2338c: ;   {optimized virtual_call}
  0x0000028a5be2338c: 6666 90e8 

  0x0000028a5be23390: ; ImmutableOopMap {[232]=Oop }
                      ;*invokevirtual putIntRelease {reexecute=0 rethrow=0 return_oop=0}
                      ; - java.lang.invoke.VarHandleInts$FieldInstanceReadWrite::setRelease@24 (line 170)
                      ; - java.lang.invoke.VarHandleGuards::guard_LI_V@45 (line 122)
                      ; - java.util.concurrent.FutureTask::setException@22 (line 302)
                      ; - java.util.concurrent.FutureTask::run@59 (line 322)
  0x0000028a5be23390: ecb6 8906 

  0x0000028a5be23394: ;   {other}
  0x0000028a5be23394: 0f1f 8400 | 8417 0001 

  0x0000028a5be2339c: ;   {metadata(method data for {method} {0x0000028a00156248} 'guard_LI_V' '(Ljava/lang/invoke/VarHandle;Ljava/lang/Object;ILjava/lang/invoke/VarHandle$AccessDescriptor;)V' in 'java/lang/invoke/VarHandleGuards')}
  0x0000028a5be2339c: 48ba 90c7 | 8379 8a02 | 0000 ff82 | 2002 0000 | 488b 9424 | e800 0000 

  0x0000028a5be233b4: ;   {metadata(method data for {method} {0x0000028a79731bc8} 'setException' '(Ljava/lang/Throwable;)V' in 'java/util/concurrent/FutureTask')}
  0x0000028a5be233b4: 48be 40c5 | 8379 8a02 | 0000 4883 | 86d0 0100 | 0001 488b | 9424 e800 

  0x0000028a5be233cc: ;   {optimized virtual_call}
  0x0000028a5be233cc: 0000 90e8 

  0x0000028a5be233d0: ; ImmutableOopMap {[232]=Oop }
                      ;*invokevirtual finishCompletion {reexecute=0 rethrow=0 return_oop=0}
                      ; - java.util.concurrent.FutureTask::setException@26 (line 303)
                      ; - java.util.concurrent.FutureTask::run@59 (line 322)
  0x0000028a5be233d0: acb6 8906 

  0x0000028a5be233d4: ;   {other}
  0x0000028a5be233d4: 0f1f 8400 | c417 0002 | be00 0000 

  0x0000028a5be233e0: ;   {oop(nullptr)}
  0x0000028a5be233e0: 0048 b800 | 0000 0000 | 0000 0085 

  0x0000028a5be233ec: ;   {metadata(method data for {method} {0x0000028a79731d90} 'run' '()V' in 'java/util/concurrent/FutureTask')}
  0x0000028a5be233ec: f649 b8c8 | be83 798a | 0200 0049 | c7c1 8802 | 0000 7407 | 49c7 c198 | 0200 004b | 8b3c 0848 
  0x0000028a5be2340c: 8d7f 014b | 893c 0848 | 8b94 24e8 | 0000 000f | 8473 0a00 | 004c 8bc2 

  0x0000028a5be23424: ;   {metadata(method data for {method} {0x0000028a79731d90} 'run' '()V' in 'java/util/concurrent/FutureTask')}
  0x0000028a5be23424: 49b9 c8be | 8379 8a02 

  0x0000028a5be2342c: ;   {metadata('java/util/concurrent/FutureTask')}
  0x0000028a5be2342c: 0000 49ba | 48a0 3201 | 8a02 0000 | 4d89 91b8 | 0200 0049 | 8381 c002 

  0x0000028a5be23444: ;   {metadata(method data for {method} {0x0000028a79731ae0} 'set' '(Ljava/lang/Object;)V' in 'java/util/concurrent/FutureTask')}
  0x0000028a5be23444: 0000 0149 | b858 d383 | 798a 0200 | 0045 8b88 | cc00 0000 | 4183 c102 | 4589 88cc | 0000 0041 
  0x0000028a5be23464: 81e1 feff | 1f00 4585 | c90f 847f 

  0x0000028a5be23470: ;   {metadata(method data for {method} {0x0000028a79731ae0} 'set' '(Ljava/lang/Object;)V' in 'java/util/concurrent/FutureTask')}
  0x0000028a5be23470: 1c00 0049 | b858 d383 | 798a 0200 | 004d 8d80 | 4801 0000 

  0x0000028a5be23484: ;   {metadata('java/util/concurrent/FutureTask')}
  0x0000028a5be23484: 49b9 48a0 | 3201 8a02 | 0000 4d33 | 4808 49f7 | c1fc ffff | ff74 044d 

  0x0000028a5be2349c: ;   {metadata(method data for {method} {0x0000028a001562a0} 'guard_LII_Z' '(Ljava/lang/invoke/VarHandle;Ljava/lang/Object;IILjava/lang/invoke/VarHandle$AccessDescriptor;)Z' in 'java/lang/invoke/VarHandleGuards')}
  0x0000028a5be2349c: 8948 0849 | b800 056d | 798a 0200 | 004d 8d80 | e003 0000 

  0x0000028a5be234b0: ;   {oop(a 'java/lang/invoke/VarHandleInts$FieldInstanceReadWrite'{0x0000000601f93138})}
  0x0000028a5be234b0: 49b9 3831 | f901 0600 | 0000 4d85 | c975 0b41 | f600 0175 | 05f0 4983 

  0x0000028a5be234c8: ;   {metadata(method data for {method} {0x0000028a79731ae0} 'set' '(Ljava/lang/Object;)V' in 'java/util/concurrent/FutureTask')}
  0x0000028a5be234c8: 0801 49b8 | 58d3 8379 | 8a02 0000 | 4983 8010 | 0100 0001 

  0x0000028a5be234dc: ;   {metadata(method data for {method} {0x0000028a001562a0} 'guard_LII_Z' '(Ljava/lang/invoke/VarHandle;Ljava/lang/Object;IILjava/lang/invoke/VarHandle$AccessDescriptor;)Z' in 'java/lang/invoke/VarHandleGuards')}
  0x0000028a5be234dc: 49b8 0005 | 6d79 8a02 | 0000 418b | b8cc 0000 | 0083 c702 | 4189 b8cc | 0000 0081 | e7fe ff1f 
  0x0000028a5be234fc: 0085 ff0f | 840e 1c00 

  0x0000028a5be23504: ;   {metadata(method data for {method} {0x0000028a001562a0} 'guard_LII_Z' '(Ljava/lang/invoke/VarHandle;Ljava/lang/Object;IILjava/lang/invoke/VarHandle$AccessDescriptor;)Z' in 'java/lang/invoke/VarHandleGuards')}
  0x0000028a5be23504: 0049 b800 | 056d 798a | 0200 004d | 8d80 4801 

  0x0000028a5be23514: ;   {oop(a 'java/lang/invoke/VarHandle$AccessDescriptor'{0x0000000601f96498})}
  0x0000028a5be23514: 0000 48bf | 9864 f901 | 0600 0000 | 4885 ff75 | 0d41 f640 | 0801 7506 | f049 8348 

  0x0000028a5be23530: ;   {metadata(method data for {method} {0x0000028a001562a0} 'guard_LII_Z' '(Ljava/lang/invoke/VarHandle;Ljava/lang/Object;IILjava/lang/invoke/VarHandle$AccessDescriptor;)Z' in 'java/lang/invoke/VarHandleGuards')}
  0x0000028a5be23530: 0801 49b8 | 0005 6d79 | 8a02 0000 | 458b 4908 | 49ba 0000 | 0000 8a02 | 0000 4d03 | ca4d 3b88 
  0x0000028a5be23550: 2001 0000 | 750d 4983 | 8028 0100 | 0001 e960 | 0000 004d | 3b88 3001 | 0000 750d | 4983 8038 
  0x0000028a5be23570: 0100 0001 | e94a 0000 | 0049 83b8 | 2001 0000 | 0075 174d | 8988 2001 | 0000 49c7 | 8028 0100 
  0x0000028a5be23590: 0001 0000 | 00e9 2900 | 0000 4983 | b830 0100 | 0000 7517 | 4d89 8830 | 0100 0049 | c780 3801 
  0x0000028a5be235b0: 0000 0100 | 0000 e908 | 0000 0049 | 8380 1001 

  0x0000028a5be235c0: ;   {metadata(method data for {method} {0x0000028a000936b8} 'checkAccessModeThenIsDirect' '(Ljava/lang/invoke/VarHandle$AccessDescriptor;)Z' in 'java/lang/invoke/VarHandle')}
  0x0000028a5be235c0: 0000 0149 | b8f8 9c13 | 788a 0200 | 0045 8b88 | cc00 0000 | 4183 c102 | 4589 88cc | 0000 0041 
  0x0000028a5be235e0: 81e1 feff | 1f00 4585 | c90f 8445 

  0x0000028a5be235ec: ;   {metadata(method data for {method} {0x0000028a000936b8} 'checkAccessModeThenIsDirect' '(Ljava/lang/invoke/VarHandle$AccessDescriptor;)Z' in 'java/lang/invoke/VarHandle')}
  0x0000028a5be235ec: 1b00 0049 | b8f8 9c13 | 788a 0200 | 0041 ff80 | 1001 0000 

  0x0000028a5be23600: ;   {metadata(method data for {method} {0x0000028a001562a0} 'guard_LII_Z' '(Ljava/lang/invoke/VarHandle;Ljava/lang/Object;IILjava/lang/invoke/VarHandle$AccessDescriptor;)Z' in 'java/lang/invoke/VarHandleGuards')}
  0x0000028a5be23600: 49b8 0005 | 6d79 8a02 | 0000 41ff | 8070 0100 

  0x0000028a5be23610: ;   {metadata(method data for {method} {0x0000028a001562a0} 'guard_LII_Z' '(Ljava/lang/invoke/VarHandle;Ljava/lang/Object;IILjava/lang/invoke/VarHandle$AccessDescriptor;)Z' in 'java/lang/invoke/VarHandleGuards')}
  0x0000028a5be23610: 0049 b800 | 056d 798a | 0200 0041 | ff80 9001 

  0x0000028a5be23620: ;   {oop(a 'java/lang/invoke/VarForm'{0x00000006014477d8})}
  0x0000028a5be23620: 0000 49b8 | d877 4401 | 0600 0000 

  0x0000028a5be2362c: ;   {metadata(method data for {method} {0x0000028a001562a0} 'guard_LII_Z' '(Ljava/lang/invoke/VarHandle;Ljava/lang/Object;IILjava/lang/invoke/VarHandle$AccessDescriptor;)Z' in 'java/lang/invoke/VarHandleGuards')}
  0x0000028a5be2362c: 49b9 0005 | 6d79 8a02 | 0000 4983 | 81a0 0100 

  0x0000028a5be2363c: ;   {metadata(method data for {method} {0x0000028a001542f0} 'getMemberName' '(I)Ljava/lang/invoke/MemberName;' in 'java/lang/invoke/VarForm')}
  0x0000028a5be2363c: 0001 49b8 | 009f 1378 | 8a02 0000 | 458b 88cc | 0000 0041 | 83c1 0245 | 8988 cc00 | 0000 4181 
  0x0000028a5be2365c: e1fe ff1f | 0045 85c9 | 0f84 eb1a 

  0x0000028a5be23668: ;   {metadata(method data for {method} {0x0000028a001542f0} 'getMemberName' '(I)Ljava/lang/invoke/MemberName;' in 'java/lang/invoke/VarForm')}
  0x0000028a5be23668: 0000 49b8 | 009f 1378 | 8a02 0000 | 41ff 8010 

  0x0000028a5be23678: ;   {metadata(method data for {method} {0x0000028a001562a0} 'guard_LII_Z' '(Ljava/lang/invoke/VarHandle;Ljava/lang/Object;IILjava/lang/invoke/VarHandle$AccessDescriptor;)Z' in 'java/lang/invoke/VarHandleGuards')}
  0x0000028a5be23678: 0100 0049 | b800 056d | 798a 0200 | 004d 8d80 | d801 0000 

  0x0000028a5be2368c: ;   {oop(a 'java/lang/invoke/MemberName'{0x0000000601f964c0} = {method} {0x0000028a782cf990} 'compareAndSet' '(Ljava/lang/invoke/VarHandle;Ljava/lang/Object;II)Z' in 'java/lang/invoke/VarHandleInts$FieldInstanceReadWrite')}
  0x0000028a5be2368c: 49b9 c064 | f901 0600 | 0000 4d85 | c975 0b41 | f600 0175 | 05f0 4983 

  0x0000028a5be236a4: ;   {metadata(method data for {method} {0x0000028a001562a0} 'guard_LII_Z' '(Ljava/lang/invoke/VarHandle;Ljava/lang/Object;IILjava/lang/invoke/VarHandle$AccessDescriptor;)Z' in 'java/lang/invoke/VarHandleGuards')}
  0x0000028a5be236a4: 0801 49b8 | 0005 6d79 | 8a02 0000 | 4d8d 80f8 

  0x0000028a5be236b4: ;   {oop(a 'java/lang/invoke/VarHandleInts$FieldInstanceReadWrite'{0x0000000601f93138})}
  0x0000028a5be236b4: 0100 0049 | b938 31f9 | 0106 0000 | 004d 85c9 | 750d 41f6 | 4008 0175 | 06f0 4983 

  0x0000028a5be236d0: ;   {metadata(method data for {method} {0x0000028a001562a0} 'guard_LII_Z' '(Ljava/lang/invoke/VarHandle;Ljava/lang/Object;IILjava/lang/invoke/VarHandle$AccessDescriptor;)Z' in 'java/lang/invoke/VarHandleGuards')}
  0x0000028a5be236d0: 4808 0149 | b800 056d | 798a 0200 | 0049 8380 | e801 0000 

  0x0000028a5be236e4: ;   {metadata(method data for {method} {0x0000028a782cf990} 'compareAndSet' '(Ljava/lang/invoke/VarHandle;Ljava/lang/Object;II)Z' in 'java/lang/invoke/VarHandleInts$FieldInstanceReadWrite')}
  0x0000028a5be236e4: 0149 b8f8 | 086d 798a | 0200 0045 | 8b88 cc00 | 0000 4183 | c102 4589 | 88cc 0000 | 0041 81e1 
  0x0000028a5be23704: feff 1f00 | 4585 c90f | 8465 1a00 

  0x0000028a5be23710: ;   {oop(a 'java/lang/Class'{0x0000000601f92fd0} = 'java/util/concurrent/FutureTask')}
  0x0000028a5be23710: 0049 b8d0 | 2ff9 0106 

  0x0000028a5be23718: ;   {metadata(method data for {method} {0x0000028a782cf990} 'compareAndSet' '(Ljava/lang/invoke/VarHandle;Ljava/lang/Object;II)Z' in 'java/lang/invoke/VarHandleInts$FieldInstanceReadWrite')}
  0x0000028a5be23718: 0000 0049 | b9f8 086d | 798a 0200 | 0049 8381 | 4801 0000 

  0x0000028a5be2372c: ;   {metadata(method data for {method} {0x0000028a00465068} 'cast' '(Ljava/lang/Object;)Ljava/lang/Object;' in 'java/lang/Class')}
  0x0000028a5be2372c: 0149 b848 | 7520 788a | 0200 0045 | 8b88 cc00 | 0000 4183 | c102 4589 | 88cc 0000 | 0041 81e1 
  0x0000028a5be2374c: feff 1f00 | 4585 c90f | 843e 1a00 

  0x0000028a5be23758: ;   {metadata(method data for {method} {0x0000028a00465068} 'cast' '(Ljava/lang/Object;)Ljava/lang/Object;' in 'java/lang/Class')}
  0x0000028a5be23758: 0049 b848 | 7520 788a | 0200 0041 | ff80 2001 

  0x0000028a5be23768: ;   {oop(a 'java/lang/Class'{0x0000000601f92fd0} = 'java/util/concurrent/FutureTask')}
  0x0000028a5be23768: 0000 49b8 | d02f f901 | 0600 0000 

  0x0000028a5be23774: ;   {metadata(method data for {method} {0x0000028a00465068} 'cast' '(Ljava/lang/Object;)Ljava/lang/Object;' in 'java/lang/Class')}
  0x0000028a5be23774: 49b9 4875 | 2078 8a02 | 0000 4983 | 8130 0100 | 0001 4885 | d20f 8429 

  0x0000028a5be2378c: ;   {metadata('java/util/concurrent/FutureTask')}
  0x0000028a5be2378c: 0000 0048 | be48 a032 | 018a 0200 | 008b 7a08 | 49ba 0000 | 0000 8a02 | 0000 4903 | fa48 3b77 
  0x0000028a5be237ac: 380f 8505 | 0000 00e9 | 0500 0000 | 4d33 c0eb | 0749 c7c0 | 0100 0000 

  0x0000028a5be237c4: ;   {metadata(method data for {method} {0x0000028a00465068} 'cast' '(Ljava/lang/Object;)Ljava/lang/Object;' in 'java/lang/Class')}
  0x0000028a5be237c4: 4585 c049 | b848 7520 | 788a 0200 | 0049 c7c1 | 7801 0000 | 7407 49c7 | c168 0100 | 004b 8b3c 
  0x0000028a5be237e4: 0848 8d7f | 014b 893c | 080f 8461 

  0x0000028a5be237f0: ;   {metadata(method data for {method} {0x0000028a782cf990} 'compareAndSet' '(Ljava/lang/invoke/VarHandle;Ljava/lang/Object;II)Z' in 'java/lang/invoke/VarHandleInts$FieldInstanceReadWrite')}
  0x0000028a5be237f0: 0c00 0049 | b8f8 086d | 798a 0200 | 0049 8380 | 8001 0000 

  0x0000028a5be23804: ;   {metadata(method data for {method} {0x0000028a00056488} 'requireNonNull' '(Ljava/lang/Object;)Ljava/lang/Object;' in 'java/util/Objects')}
  0x0000028a5be23804: 0149 b840 | f400 788a | 0200 0045 | 8b88 cc00 | 0000 4183 | c102 4589 | 88cc 0000 | 0041 81e1 
  0x0000028a5be23824: feff 1f00 | 4585 c90f | 8487 1900 

  0x0000028a5be23830: ;   {metadata(method data for {method} {0x0000028a00056488} 'requireNonNull' '(Ljava/lang/Object;)Ljava/lang/Object;' in 'java/util/Objects')}
  0x0000028a5be23830: 0049 b840 | f400 788a | 0200 0041 | ff80 1001 | 0000 49c7 | c00c 0000 | 004e 8d04 | 0248 8bd8 
  0x0000028a5be23850: b800 0000 | 0041 b901 | 0000 00f0 | 450f b108 | 41b8 0100 | 0000 7406 | 41b8 0000 | 0000 4183 
  0x0000028a5be23870: e001 4183 | e001 4585 

  0x0000028a5be23878: ;   {metadata(method data for {method} {0x0000028a79731ae0} 'set' '(Ljava/lang/Object;)V' in 'java/util/concurrent/FutureTask')}
  0x0000028a5be23878: c049 b858 | d383 798a | 0200 0049 | c7c1 6001 | 0000 7407 | 49c7 c170 | 0100 004b | 8b3c 0848 
  0x0000028a5be23898: 8d7f 014b | 893c 080f | 84e7 0500 | 0045 0fbe | 4740 4585 | c00f 8526 | 1900 004c | 8bd3 49c1 
  0x0000028a5be238b8: ea03 4489 | 5214 4c8b | c24c 33c3 | 49c1 e816 | 4983 f800 | 0f85 2719 

  0x0000028a5be238d0: ;   {metadata(method data for {method} {0x0000028a79731ae0} 'set' '(Ljava/lang/Object;)V' in 'java/util/concurrent/FutureTask')}
  0x0000028a5be238d0: 0000 49b8 | 58d3 8379 | 8a02 0000 | 4d8d 80b8 

  0x0000028a5be238e0: ;   {metadata('java/util/concurrent/FutureTask')}
  0x0000028a5be238e0: 0100 0049 | b948 a032 | 018a 0200 | 004d 3348 | 0849 f7c1 | fcff ffff | 7404 4d89 

  0x0000028a5be238fc: ;   {metadata(method data for {method} {0x0000028a00156248} 'guard_LI_V' '(Ljava/lang/invoke/VarHandle;Ljava/lang/Object;ILjava/lang/invoke/VarHandle$AccessDescriptor;)V' in 'java/lang/invoke/VarHandleGuards')}
  0x0000028a5be238fc: 4808 49b8 | 90c7 8379 | 8a02 0000 | 4d8d 8018 

  0x0000028a5be2390c: ;   {oop(a 'java/lang/invoke/VarHandleInts$FieldInstanceReadWrite'{0x0000000601f93138})}
  0x0000028a5be2390c: 0500 0049 | b938 31f9 | 0106 0000 | 004d 85c9 | 750d 41f6 | 0001 7547 | f049 8308 

  0x0000028a5be23928: ;   {metadata('java/lang/invoke/VarHandleInts$FieldInstanceReadWrite')}
  0x0000028a5be23928: 01eb 4048 | bf38 a007 | 018a 0200 | 004c 8bd7 | 4933 3848 | f7c7 fcff | ffff 7427 | 40f6 c702 
  0x0000028a5be23948: 7521 49f7 | 00fe ffff | ff74 1549 | 8bfa 4933 | 3848 f7c7 | fcff ffff | 7409 4983 | 0802 eb03 
  0x0000028a5be23968: ;   {metadata('java/util/concurrent/FutureTask')}
  0x0000028a5be23968: 4989 3848 | bf48 a032 | 018a 0200 | 004c 8bd7 | 4933 7810 | 48f7 c7fc | ffff ff74 | 2b40 f6c7 
  0x0000028a5be23988: 0275 2549 | f740 10fe | ffff ff74 | 1749 8bfa | 4933 7810 | 48f7 c7fc | ffff ff74 | 0b49 8348 
  0x0000028a5be239a8: 1002 eb04 | 4989 7810 

  0x0000028a5be239b0: ;   {metadata(method data for {method} {0x0000028a79731ae0} 'set' '(Ljava/lang/Object;)V' in 'java/util/concurrent/FutureTask')}
  0x0000028a5be239b0: 49b8 58d3 | 8379 8a02 | 0000 4983 | 8080 0100 

  0x0000028a5be239c0: ;   {metadata(method data for {method} {0x0000028a00156248} 'guard_LI_V' '(Ljava/lang/invoke/VarHandle;Ljava/lang/Object;ILjava/lang/invoke/VarHandle$AccessDescriptor;)V' in 'java/lang/invoke/VarHandleGuards')}
  0x0000028a5be239c0: 0001 49b8 | 90c7 8379 | 8a02 0000 | 418b b8cc | 0000 0083 | c702 4189 | b8cc 0000 | 0081 e7fe 
  0x0000028a5be239e0: ff1f 0085 | ff0f 8426 

  0x0000028a5be239e8: ;   {metadata(method data for {method} {0x0000028a00156248} 'guard_LI_V' '(Ljava/lang/invoke/VarHandle;Ljava/lang/Object;ILjava/lang/invoke/VarHandle$AccessDescriptor;)V' in 'java/lang/invoke/VarHandleGuards')}
  0x0000028a5be239e8: 1800 0049 | b890 c783 | 798a 0200 | 004d 8d80 | 4801 0000 

  0x0000028a5be239fc: ;   {oop(a 'java/lang/invoke/VarHandle$AccessDescriptor'{0x0000000601f964f0})}
  0x0000028a5be239fc: 48bf f064 | f901 0600 | 0000 4885 | ff75 0d41 | f640 0801 | 7506 f049 | 8348 0801 

  0x0000028a5be23a18: ;   {metadata(method data for {method} {0x0000028a00156248} 'guard_LI_V' '(Ljava/lang/invoke/VarHandle;Ljava/lang/Object;ILjava/lang/invoke/VarHandle$AccessDescriptor;)V' in 'java/lang/invoke/VarHandleGuards')}
  0x0000028a5be23a18: 49b8 90c7 | 8379 8a02 | 0000 458b | 4908 49ba | 0000 0000 | 8a02 0000 | 4d03 ca4d | 3b88 2001 
  0x0000028a5be23a38: 0000 750d | 4983 8028 | 0100 0001 | e960 0000 | 004d 3b88 | 3001 0000 | 750d 4983 | 8038 0100 
  0x0000028a5be23a58: 0001 e94a | 0000 0049 | 83b8 2001 | 0000 0075 | 174d 8988 | 2001 0000 | 49c7 8028 | 0100 0001 
  0x0000028a5be23a78: 0000 00e9 | 2900 0000 | 4983 b830 | 0100 0000 | 7517 4d89 | 8830 0100 | 0049 c780 | 3801 0000 
  0x0000028a5be23a98: 0100 0000 | e908 0000 | 0049 8380 | 1001 0000 

  0x0000028a5be23aa8: ;   {metadata(method data for {method} {0x0000028a000936b8} 'checkAccessModeThenIsDirect' '(Ljava/lang/invoke/VarHandle$AccessDescriptor;)Z' in 'java/lang/invoke/VarHandle')}
  0x0000028a5be23aa8: 0149 b8f8 | 9c13 788a | 0200 0045 | 8b88 cc00 | 0000 4183 | c102 4589 | 88cc 0000 | 0041 81e1 
  0x0000028a5be23ac8: feff 1f00 | 4585 c90f | 845d 1700 

  0x0000028a5be23ad4: ;   {metadata(method data for {method} {0x0000028a000936b8} 'checkAccessModeThenIsDirect' '(Ljava/lang/invoke/VarHandle$AccessDescriptor;)Z' in 'java/lang/invoke/VarHandle')}
  0x0000028a5be23ad4: 0049 b8f8 | 9c13 788a | 0200 0041 | ff80 1001 

  0x0000028a5be23ae4: ;   {metadata(method data for {method} {0x0000028a00156248} 'guard_LI_V' '(Ljava/lang/invoke/VarHandle;Ljava/lang/Object;ILjava/lang/invoke/VarHandle$AccessDescriptor;)V' in 'java/lang/invoke/VarHandleGuards')}
  0x0000028a5be23ae4: 0000 49b8 | 90c7 8379 | 8a02 0000 | 41ff 8070 

  0x0000028a5be23af4: ;   {metadata(method data for {method} {0x0000028a00156248} 'guard_LI_V' '(Ljava/lang/invoke/VarHandle;Ljava/lang/Object;ILjava/lang/invoke/VarHandle$AccessDescriptor;)V' in 'java/lang/invoke/VarHandleGuards')}
  0x0000028a5be23af4: 0100 0049 | b890 c783 | 798a 0200 | 0041 ff80 | 9001 0000 

  0x0000028a5be23b08: ;   {oop(a 'java/lang/invoke/VarForm'{0x00000006014477d8})}
  0x0000028a5be23b08: 49b8 d877 | 4401 0600 

  0x0000028a5be23b10: ;   {metadata(method data for {method} {0x0000028a00156248} 'guard_LI_V' '(Ljava/lang/invoke/VarHandle;Ljava/lang/Object;ILjava/lang/invoke/VarHandle$AccessDescriptor;)V' in 'java/lang/invoke/VarHandleGuards')}
  0x0000028a5be23b10: 0000 49b9 | 90c7 8379 | 8a02 0000 | 4983 81a0 | 0100 0001 

  0x0000028a5be23b24: ;   {metadata(method data for {method} {0x0000028a001542f0} 'getMemberName' '(I)Ljava/lang/invoke/MemberName;' in 'java/lang/invoke/VarForm')}
  0x0000028a5be23b24: 49b8 009f | 1378 8a02 | 0000 458b | 88cc 0000 | 0041 83c1 | 0245 8988 | cc00 0000 | 4181 e1fe 
  0x0000028a5be23b44: ff1f 0045 | 85c9 0f84 | 0317 0000 

  0x0000028a5be23b50: ;   {metadata(method data for {method} {0x0000028a001542f0} 'getMemberName' '(I)Ljava/lang/invoke/MemberName;' in 'java/lang/invoke/VarForm')}
  0x0000028a5be23b50: 49b8 009f | 1378 8a02 | 0000 41ff | 8010 0100 

  0x0000028a5be23b60: ;   {metadata(method data for {method} {0x0000028a00156248} 'guard_LI_V' '(Ljava/lang/invoke/VarHandle;Ljava/lang/Object;ILjava/lang/invoke/VarHandle$AccessDescriptor;)V' in 'java/lang/invoke/VarHandleGuards')}
  0x0000028a5be23b60: 0049 b890 | c783 798a | 0200 004d | 8d80 d801 

  0x0000028a5be23b70: ;   {oop(a 'java/lang/invoke/MemberName'{0x0000000601f96518} = {method} {0x0000028a782cf880} 'setRelease' '(Ljava/lang/invoke/VarHandle;Ljava/lang/Object;I)V' in 'java/lang/invoke/VarHandleInts$FieldInstanceReadWrite')}
  0x0000028a5be23b70: 0000 49b9 | 1865 f901 | 0600 0000 | 4d85 c975 | 0b41 f600 | 0175 05f0 | 4983 0801 

  0x0000028a5be23b8c: ;   {metadata(method data for {method} {0x0000028a00156248} 'guard_LI_V' '(Ljava/lang/invoke/VarHandle;Ljava/lang/Object;ILjava/lang/invoke/VarHandle$AccessDescriptor;)V' in 'java/lang/invoke/VarHandleGuards')}
  0x0000028a5be23b8c: 49b8 90c7 | 8379 8a02 | 0000 4d8d | 80f8 0100 

  0x0000028a5be23b9c: ;   {oop(a 'java/lang/invoke/VarHandleInts$FieldInstanceReadWrite'{0x0000000601f93138})}
  0x0000028a5be23b9c: 0049 b938 | 31f9 0106 | 0000 004d | 85c9 750f | 41f6 4008 | 0175 4df0 | 4983 4808 

  0x0000028a5be23bb8: ;   {metadata('java/lang/invoke/VarHandleInts$FieldInstanceReadWrite')}
  0x0000028a5be23bb8: 01eb 4549 | b938 a007 | 018a 0200 | 004d 8bd1 | 4d33 4808 | 49f7 c1fc | ffff ff74 | 2b41 f6c1 
  0x0000028a5be23bd8: 0275 2549 | f740 08fe | ffff ff74 | 174d 8bca | 4d33 4808 | 49f7 c1fc | ffff ff74 | 0b49 8348 
  0x0000028a5be23bf8: 0802 eb04 | 4d89 4808 

  0x0000028a5be23c00: ;   {metadata('java/util/concurrent/FutureTask')}
  0x0000028a5be23c00: 49b9 48a0 | 3201 8a02 | 0000 4d8b | d14d 3348 | 1849 f7c1 | fcff ffff | 742b 41f6 | c102 7525 
  0x0000028a5be23c20: 49f7 4018 | feff ffff | 7417 4d8b | ca4d 3348 | 1849 f7c1 | fcff ffff | 740b 4983 | 4818 02eb 
  0x0000028a5be23c40: 044d 8948 

  0x0000028a5be23c44: ;   {metadata(method data for {method} {0x0000028a00156248} 'guard_LI_V' '(Ljava/lang/invoke/VarHandle;Ljava/lang/Object;ILjava/lang/invoke/VarHandle$AccessDescriptor;)V' in 'java/lang/invoke/VarHandleGuards')}
  0x0000028a5be23c44: 1849 b890 | c783 798a | 0200 0049 | 8380 e801 

  0x0000028a5be23c54: ;   {metadata(method data for {method} {0x0000028a782cf880} 'setRelease' '(Ljava/lang/invoke/VarHandle;Ljava/lang/Object;I)V' in 'java/lang/invoke/VarHandleInts$FieldInstanceReadWrite')}
  0x0000028a5be23c54: 0000 0149 | b8c0 cc83 | 798a 0200 | 0045 8b88 | cc00 0000 | 4183 c102 | 4589 88cc | 0000 0041 
  0x0000028a5be23c74: 81e1 feff | 1f00 4585 | c90f 84f1 

  0x0000028a5be23c80: ;   {oop(a 'java/lang/Class'{0x0000000601f92fd0} = 'java/util/concurrent/FutureTask')}
  0x0000028a5be23c80: 1500 0049 | b8d0 2ff9 | 0106 0000 

  0x0000028a5be23c8c: ;   {metadata(method data for {method} {0x0000028a782cf880} 'setRelease' '(Ljava/lang/invoke/VarHandle;Ljava/lang/Object;I)V' in 'java/lang/invoke/VarHandleInts$FieldInstanceReadWrite')}
  0x0000028a5be23c8c: 0049 b9c0 | cc83 798a | 0200 0049 | 8381 4801 

  0x0000028a5be23c9c: ;   {metadata(method data for {method} {0x0000028a00465068} 'cast' '(Ljava/lang/Object;)Ljava/lang/Object;' in 'java/lang/Class')}
  0x0000028a5be23c9c: 0000 0149 | b848 7520 | 788a 0200 | 0045 8b88 | cc00 0000 | 4183 c102 | 4589 88cc | 0000 0041 
  0x0000028a5be23cbc: 81e1 feff | 1f00 4585 | c90f 84ca 

  0x0000028a5be23cc8: ;   {metadata(method data for {method} {0x0000028a00465068} 'cast' '(Ljava/lang/Object;)Ljava/lang/Object;' in 'java/lang/Class')}
  0x0000028a5be23cc8: 1500 0049 | b848 7520 | 788a 0200 | 0041 ff80 | 2001 0000 

  0x0000028a5be23cdc: ;   {oop(a 'java/lang/Class'{0x0000000601f92fd0} = 'java/util/concurrent/FutureTask')}
  0x0000028a5be23cdc: 49b8 d02f | f901 0600 

  0x0000028a5be23ce4: ;   {metadata(method data for {method} {0x0000028a00465068} 'cast' '(Ljava/lang/Object;)Ljava/lang/Object;' in 'java/lang/Class')}
  0x0000028a5be23ce4: 0000 49b9 | 4875 2078 | 8a02 0000 | 4983 8130 | 0100 0001 | 4885 d20f | 8429 0000 

  0x0000028a5be23d00: ;   {metadata('java/util/concurrent/FutureTask')}
  0x0000028a5be23d00: 0048 be48 | a032 018a | 0200 008b | 7a08 49ba | 0000 0000 | 8a02 0000 | 4903 fa48 | 3b77 380f 
  0x0000028a5be23d20: 8505 0000 | 00e9 0500 | 0000 4d33 | c0eb 0749 | c7c0 0100 | 0000 4585 

  0x0000028a5be23d38: ;   {metadata(method data for {method} {0x0000028a00465068} 'cast' '(Ljava/lang/Object;)Ljava/lang/Object;' in 'java/lang/Class')}
  0x0000028a5be23d38: c049 b848 | 7520 788a | 0200 0049 | c7c1 7801 | 0000 7407 | 49c7 c168 | 0100 004b | 8b3c 0848 
  0x0000028a5be23d58: 8d7f 014b | 893c 080f | 8409 0600 

  0x0000028a5be23d64: ;   {metadata(method data for {method} {0x0000028a782cf880} 'setRelease' '(Ljava/lang/invoke/VarHandle;Ljava/lang/Object;I)V' in 'java/lang/invoke/VarHandleInts$FieldInstanceReadWrite')}
  0x0000028a5be23d64: 0049 b8c0 | cc83 798a | 0200 0049 | 8380 8001 

  0x0000028a5be23d74: ;   {metadata(method data for {method} {0x0000028a00056488} 'requireNonNull' '(Ljava/lang/Object;)Ljava/lang/Object;' in 'java/util/Objects')}
  0x0000028a5be23d74: 0000 0149 | b840 f400 | 788a 0200 | 0045 8b88 | cc00 0000 | 4183 c102 | 4589 88cc | 0000 0041 
  0x0000028a5be23d94: 81e1 feff | 1f00 4585 | c90f 8413 

  0x0000028a5be23da0: ;   {metadata(method data for {method} {0x0000028a00056488} 'requireNonNull' '(Ljava/lang/Object;)Ljava/lang/Object;' in 'java/util/Objects')}
  0x0000028a5be23da0: 1500 0049 | b840 f400 | 788a 0200 | 0041 ff80 | 1001 0000 

  0x0000028a5be23db4: ;   {metadata(method data for {method} {0x0000028a782cf880} 'setRelease' '(Ljava/lang/invoke/VarHandle;Ljava/lang/Object;I)V' in 'java/lang/invoke/VarHandleInts$FieldInstanceReadWrite')}
  0x0000028a5be23db4: 49b8 c0cc | 8379 8a02 | 0000 4d8d | 80c8 0100 

  0x0000028a5be23dc4: ;   {metadata('java/util/concurrent/FutureTask')}
  0x0000028a5be23dc4: 0049 b948 | a032 018a | 0200 004d | 8bd1 4d33 | 4808 49f7 | c1fc ffff | ff74 2b41 | f6c1 0275 
  0x0000028a5be23de4: 2549 f740 | 08fe ffff | ff74 174d | 8bca 4d33 | 4808 49f7 | c1fc ffff | ff74 0b49 | 8348 0802 
  0x0000028a5be23e04: eb04 4d89 

  0x0000028a5be23e08: ;   {oop(a 'jdk/internal/misc/Unsafe'{0x00000006010020e0})}
  0x0000028a5be23e08: 4808 48be | e020 0001 | 0600 0000 

  0x0000028a5be23e14: ;   {metadata(method data for {method} {0x0000028a782cf880} 'setRelease' '(Ljava/lang/invoke/VarHandle;Ljava/lang/Object;I)V' in 'java/lang/invoke/VarHandleInts$FieldInstanceReadWrite')}
  0x0000028a5be23e14: 4c8b c649 | b9c0 cc83 | 798a 0200 | 0049 8381 | 9001 0000 | 0149 c7c1 | 0c00 0000 | 4c8b c2bf 
  0x0000028a5be23e34: 0200 0000 | 488b d60f 

  0x0000028a5be23e3c: ;   {optimized virtual_call}
  0x0000028a5be23e3c: 1f40 00e8 

  0x0000028a5be23e40: ; ImmutableOopMap {[232]=Oop }
                      ;*invokevirtual putIntRelease {reexecute=0 rethrow=0 return_oop=0}
                      ; - java.lang.invoke.VarHandleInts$FieldInstanceReadWrite::setRelease@24 (line 170)
                      ; - java.lang.invoke.VarHandleGuards::guard_LI_V@45 (line 122)
                      ; - java.util.concurrent.FutureTask::set@22 (line 284)
                      ; - java.util.concurrent.FutureTask::run@68 (line 325)
  0x0000028a5be23e40: fcf5 2307 

  0x0000028a5be23e44: ;   {other}
  0x0000028a5be23e44: 0f1f 8400 | 3422 0003 

  0x0000028a5be23e4c: ;   {metadata(method data for {method} {0x0000028a00156248} 'guard_LI_V' '(Ljava/lang/invoke/VarHandle;Ljava/lang/Object;ILjava/lang/invoke/VarHandle$AccessDescriptor;)V' in 'java/lang/invoke/VarHandleGuards')}
  0x0000028a5be23e4c: 48ba 90c7 | 8379 8a02 | 0000 ff82 | 2002 0000 | 488b 9424 | e800 0000 

  0x0000028a5be23e64: ;   {metadata(method data for {method} {0x0000028a79731ae0} 'set' '(Ljava/lang/Object;)V' in 'java/util/concurrent/FutureTask')}
  0x0000028a5be23e64: 48be 58d3 | 8379 8a02 | 0000 4883 | 86d0 0100 | 0001 488b | 9424 e800 

  0x0000028a5be23e7c: ;   {optimized virtual_call}
  0x0000028a5be23e7c: 0000 90e8 

  0x0000028a5be23e80: ; ImmutableOopMap {[232]=Oop }
                      ;*invokevirtual finishCompletion {reexecute=0 rethrow=0 return_oop=0}
                      ; - java.util.concurrent.FutureTask::set@26 (line 285)
                      ; - java.util.concurrent.FutureTask::run@68 (line 325)
  0x0000028a5be23e80: 9c0c 0200 

  0x0000028a5be23e84: ;   {other}
  0x0000028a5be23e84: 0f1f 8400 | 7422 0004 | 488b 9424 | e800 0000 

  0x0000028a5be23e94: ;   {oop(nullptr)}
  0x0000028a5be23e94: 48be 0000 | 0000 0000 | 0000 410f | be7f 4085 | ff0f 852c | 1400 004c | 8bd6 49c1 | ea03 4489 
  0x0000028a5be23eb4: 5218 f083 | 4424 c000 | 488b fa48 | 33fe 48c1 | ef16 4883 | ff00 0f85 | 2614 0000 | 8b72 0c83 
  0x0000028a5be23ed4: ;   {metadata(method data for {method} {0x0000028a79731d90} 'run' '()V' in 'java/util/concurrent/FutureTask')}
  0x0000028a5be23ed4: fe05 48bf | c8be 8379 | 8a02 0000 | 48c7 c3e0 | 0200 007c | 0748 c7c3 | f002 0000 | 488b 041f 
  0x0000028a5be23ef4: 488d 4001 | 4889 041f | 0f8c 3004 | 0000 488b 

  0x0000028a5be23f04: ;   {metadata(method data for {method} {0x0000028a79731d90} 'run' '()V' in 'java/util/concurrent/FutureTask')}
  0x0000028a5be23f04: fa48 bbc8 | be83 798a | 0200 0048 | 8383 0003 

  0x0000028a5be23f14: ;   {metadata(method data for {method} {0x0000028a79732060} 'handlePossibleCancellationInterrupt' '(I)V' in 'java/util/concurrent/FutureTask')}
  0x0000028a5be23f14: 0000 0148 | bfa8 d583 | 798a 0200 | 008b 9fcc | 0000 0083 | c302 899f | cc00 0000 | 81e3 feff 
  0x0000028a5be23f34: 1f00 85db | 0f84 d013 | 0000 83fe 

  0x0000028a5be23f40: ;   {metadata(method data for {method} {0x0000028a79732060} 'handlePossibleCancellationInterrupt' '(I)V' in 'java/util/concurrent/FutureTask')}
  0x0000028a5be23f40: 0548 bea8 | d583 798a | 0200 0048 | c7c7 1001 | 0000 7507 | 48c7 c720 | 0100 0048 | 8b1c 3e48 
  0x0000028a5be23f60: 8d5b 0148 | 891c 3e0f | 85c5 0300 | 0066 6690 | 8b72 0c83 

  0x0000028a5be23f74: ;   {metadata(method data for {method} {0x0000028a79732060} 'handlePossibleCancellationInterrupt' '(I)V' in 'java/util/concurrent/FutureTask')}
  0x0000028a5be23f74: fe05 48be | a8d5 8379 | 8a02 0000 | 48c7 c730 | 0100 0075 | 0748 c7c7 | 4001 0000 | 488b 1c3e 
  0x0000028a5be23f94: 488d 5b01 | 4889 1c3e | 0f85 9003 

  0x0000028a5be23fa0: ;   {metadata(method data for {method} {0x0000028a79732060} 'handlePossibleCancellationInterrupt' '(I)V' in 'java/util/concurrent/FutureTask')}
  0x0000028a5be23fa0: 0000 48be | a8d5 8379 | 8a02 0000 | 4883 8650 | 0100 0001 

  0x0000028a5be23fb4: ;   {metadata(method data for {method} {0x0000028a00429fc8} 'yield' '()V' in 'java/lang/Thread')}
  0x0000028a5be23fb4: 48be 787c | 3778 8a02 | 0000 8bbe | cc00 0000 | 83c7 0289 | becc 0000 | 0081 e7fe | ff1f 0085 
  0x0000028a5be23fd4: ff0f 8454 

  0x0000028a5be23fd8: ;   {metadata(method data for {method} {0x0000028a00429fc8} 'yield' '()V' in 'java/lang/Thread')}
  0x0000028a5be23fd8: 1300 0048 | be78 7c37 | 788a 0200 | 0048 8386 | 1001 0000 | 0149 8bb7 | 8003 0000 | 488b 3648 
  0x0000028a5be23ff8: 85f6 7516 

  0x0000028a5be23ffc: ;   {metadata(method data for {method} {0x0000028a00429fc8} 'yield' '()V' in 'java/lang/Thread')}
  0x0000028a5be23ffc: 48b8 787c | 3778 8a02 | 0000 8088 | 1901 0000 | 01e9 cc00 

  0x0000028a5be24010: ;   {metadata('java/lang/VirtualThread')}
  0x0000028a5be24010: 0000 48b9 | 589d 0200 | 8a02 0000 | 8b5e 0849 | ba00 0000 | 008a 0200 | 0049 03da | 483b cb0f 
  0x0000028a5be24030: 858d 0000 

  0x0000028a5be24034: ;   {metadata(method data for {method} {0x0000028a00429fc8} 'yield' '()V' in 'java/lang/Thread')}
  0x0000028a5be24034: 0048 b878 | 7c37 788a | 0200 008b | 4e08 49ba | 0000 0000 | 8a02 0000 | 4903 ca48 | 3b88 3001 
  0x0000028a5be24054: 0000 750d | 4883 8038 | 0100 0001 | e97e 0000 | 0048 3b88 | 4001 0000 | 750d 4883 | 8048 0100 
  0x0000028a5be24074: 0001 e968 | 0000 0048 | 83b8 3001 | 0000 0075 | 1748 8988 | 3001 0000 | 48c7 8038 | 0100 0001 
  0x0000028a5be24094: 0000 00e9 | 4700 0000 | 4883 b840 | 0100 0000 | 7517 4889 | 8840 0100 | 0048 c780 | 4801 0000 
  0x0000028a5be240b4: 0100 0000 | e926 0000 | 00e9 2100 

  0x0000028a5be240c0: ;   {metadata(method data for {method} {0x0000028a00429fc8} 'yield' '()V' in 'java/lang/Thread')}
  0x0000028a5be240c0: 0000 48b8 | 787c 3778 | 8a02 0000 | 4883 a820 | 0100 0001 | e905 0000 | 00e9 0500 | 0000 4833 
  0x0000028a5be240e0: ffeb 0748 | c7c7 0100 | 0000 85ff 

  0x0000028a5be240ec: ;   {metadata(method data for {method} {0x0000028a00429fc8} 'yield' '()V' in 'java/lang/Thread')}
  0x0000028a5be240ec: 48bf 787c | 3778 8a02 | 0000 48c7 | c358 0100 | 0074 0748 | c7c3 6801 | 0000 488b | 041f 488d 
  0x0000028a5be2410c: 4001 4889 | 041f 0f84 | a901 0000 | 4885 f675 

  0x0000028a5be2411c: ;   {metadata(method data for {method} {0x0000028a00429fc8} 'yield' '()V' in 'java/lang/Thread')}
  0x0000028a5be2411c: 1648 bb78 | 7c37 788a | 0200 0080 | 8b71 0100 | 0001 e9cc 

  0x0000028a5be24130: ;   {metadata('java/lang/VirtualThread')}
  0x0000028a5be24130: 0000 0048 | b858 9d02 | 008a 0200 | 008b 7e08 | 49ba 0000 | 0000 8a02 | 0000 4903 | fa48 3bc7 
  0x0000028a5be24150: 0f85 8d00 

  0x0000028a5be24154: ;   {metadata(method data for {method} {0x0000028a00429fc8} 'yield' '()V' in 'java/lang/Thread')}
  0x0000028a5be24154: 0000 48bb | 787c 3778 | 8a02 0000 | 8b46 0849 | ba00 0000 | 008a 0200 | 0049 03c2 | 483b 8388 
  0x0000028a5be24174: 0100 0075 | 0d48 8383 | 9001 0000 | 01e9 7900 | 0000 483b | 8398 0100 | 0075 0d48 | 8383 a001 
  0x0000028a5be24194: 0000 01e9 | 6300 0000 | 4883 bb88 | 0100 0000 | 7517 4889 | 8388 0100 | 0048 c783 | 9001 0000 
  0x0000028a5be241b4: 0100 0000 | e942 0000 | 0048 83bb | 9801 0000 | 0075 1748 | 8983 9801 | 0000 48c7 | 83a0 0100 
  0x0000028a5be241d4: 0001 0000 | 00e9 2100 | 0000 e91c 

  0x0000028a5be241e0: ;   {metadata(method data for {method} {0x0000028a00429fc8} 'yield' '()V' in 'java/lang/Thread')}
  0x0000028a5be241e0: 0000 0048 | bb78 7c37 | 788a 0200 | 0048 83ab | 7801 0000 | 01e9 5611 | 0000 e900 | 0000 0048 
  0x0000028a5be24200: 3b06 488b 

  0x0000028a5be24204: ;   {metadata(method data for {method} {0x0000028a00429fc8} 'yield' '()V' in 'java/lang/Thread')}
  0x0000028a5be24204: fe48 bb78 | 7c37 788a | 0200 008b | 7f08 49ba | 0000 0000 | 8a02 0000 | 4903 fa48 | 3bbb c001 
  0x0000028a5be24224: 0000 750d | 4883 83c8 | 0100 0001 | e960 0000 | 0048 3bbb | d001 0000 | 750d 4883 | 83d8 0100 
  0x0000028a5be24244: 0001 e94a | 0000 0048 | 83bb c001 | 0000 0075 | 1748 89bb | c001 0000 | 48c7 83c8 | 0100 0001 
  0x0000028a5be24264: 0000 00e9 | 2900 0000 | 4883 bbd0 | 0100 0000 | 7517 4889 | bbd0 0100 | 0048 c783 | d801 0000 
  0x0000028a5be24284: 0100 0000 | e908 0000 | 0048 8383 | b001 0000 | 0148 8bd6 | 0f1f 8000 

  0x0000028a5be2429c: ;   {optimized virtual_call}
  0x0000028a5be2429c: 0000 00e8 

  0x0000028a5be242a0: ; ImmutableOopMap {[232]=Oop }
                      ;*invokevirtual tryYield {reexecute=0 rethrow=0 return_oop=0}
                      ; - java.lang.Thread::yield@17 (line 443)
                      ; - java.util.concurrent.FutureTask::handlePossibleCancellationInterrupt@13 (line 386)
                      ; - java.util.concurrent.FutureTask::run@88 (line 335)
  0x0000028a5be242a0: dca7 8906 

  0x0000028a5be242a4: ;   {other}
  0x0000028a5be242a4: 0f1f 8400 | 9426 0005 

  0x0000028a5be242ac: ;   {metadata(method data for {method} {0x0000028a00429fc8} 'yield' '()V' in 'java/lang/Thread')}
  0x0000028a5be242ac: 48be 787c | 3778 8a02 | 0000 ff86 | e801 0000 | e923 0000 

  0x0000028a5be242c0: ;   {metadata(method data for {method} {0x0000028a00429fc8} 'yield' '()V' in 'java/lang/Thread')}
  0x0000028a5be242c0: 0048 be78 | 7c37 788a | 0200 0048 | 8386 0002 | 0000 010f 

  0x0000028a5be242d4: ;   {static_call}
  0x0000028a5be242d4: 1f40 00e8 

  0x0000028a5be242d8: ; ImmutableOopMap {[232]=Oop }
                      ;*invokestatic yield0 {reexecute=0 rethrow=0 return_oop=0}
                      ; - java.lang.Thread::yield@23 (line 445)
                      ; - java.util.concurrent.FutureTask::handlePossibleCancellationInterrupt@13 (line 386)
                      ; - java.util.concurrent.FutureTask::run@88 (line 335)
  0x0000028a5be242d8: 4612 0000 

  0x0000028a5be242dc: ;   {other}
  0x0000028a5be242dc: 0f1f 8400 | cc26 0006 

  0x0000028a5be242e4: ;   {metadata(method data for {method} {0x0000028a79732060} 'handlePossibleCancellationInterrupt' '(I)V' in 'java/util/concurrent/FutureTask')}
  0x0000028a5be242e4: 48ba a8d5 | 8379 8a02 | 0000 8bb2 | d000 0000 | 83c6 0289 | b2d0 0000 | 0081 e6fe | 3f00 0085 
  0x0000028a5be24304: f60f 8453 | 1000 004d | 8b97 5004 

  0x0000028a5be24310: ; ImmutableOopMap {[232]=Oop }
                      ;*goto {reexecute=1 rethrow=0 return_oop=0}
                      ; - (reexecute) java.util.concurrent.FutureTask::handlePossibleCancellationInterrupt@16 (line 386)
                      ; - java.util.concurrent.FutureTask::run@88 (line 335)
                      ;   {poll}
  0x0000028a5be24310: 0000 4185 

  0x0000028a5be24314: ;   {metadata(method data for {method} {0x0000028a79732060} 'handlePossibleCancellationInterrupt' '(I)V' in 'java/util/concurrent/FutureTask')}
  0x0000028a5be24314: 0248 baa8 | d583 798a | 0200 00ff | 8260 0100 | 0048 8b94 | 24e8 0000 | 00e9 3efc 

  0x0000028a5be24330: ;   {metadata(method data for {method} {0x0000028a79731d90} 'run' '()V' in 'java/util/concurrent/FutureTask')}
  0x0000028a5be24330: ffff 48ba | c8be 8379 | 8a02 0000 | ff82 3803 | 0000 4881 | c450 0100 

  0x0000028a5be24348: ;   {poll_return}
  0x0000028a5be24348: 005d 493b | a748 0400 | 000f 8728 | 1000 00c3 | 4881 c450 | 0100 005d 

  0x0000028a5be24360: ;   {poll_return}
  0x0000028a5be24360: 493b a748 | 0400 000f | 8728 1000 

  0x0000028a5be2436c: ;   {metadata('java/lang/ClassCastException')}
  0x0000028a5be2436c: 00c3 48ba | 60ae 0600 | 8a02 0000 | 498b 87b8 | 0100 0048 | 8d78 2849 | 3bbf c801 | 0000 0f87 
  0x0000028a5be2438c: 1b10 0000 | 4989 bfb8 | 0100 0048 | c700 0100 | 0000 488b | ca49 ba00 | 0000 008a | 0200 0049 
  0x0000028a5be243ac: 2bca 8948 | 0848 33c9 | 8948 0c48 | 33c9 4889 | 4810 4889 | 4818 4889 

  0x0000028a5be243c4: ;   {oop(a 'java/lang/Class'{0x0000000601f92fd0} = 'java/util/concurrent/FutureTask')}
  0x0000028a5be243c4: 4820 48ba | d02f f901 | 0600 0000 

  0x0000028a5be243d0: ;   {metadata(method data for {method} {0x0000028a00465068} 'cast' '(Ljava/lang/Object;)Ljava/lang/Object;' in 'java/lang/Class')}
  0x0000028a5be243d0: 4c8b c248 | be48 7520 | 788a 0200 | 0048 8386 | 8801 0000 | 014c 8b84 | 24e8 0000 | 0048 8984 
  0x0000028a5be243f0: 24f0 0000 

  0x0000028a5be243f4: ;   {optimized virtual_call}
  0x0000028a5be243f4: 0066 90e8 

  0x0000028a5be243f8: ; ImmutableOopMap {[232]=Oop [240]=Oop }
                      ;*invokevirtual cannotCastMsg {reexecute=0 rethrow=0 return_oop=0}
                      ; - java.lang.Class::cast@18 (line 4067)
                      ; - java.lang.invoke.VarHandleInts$FieldInstanceReadWrite::setRelease@13 (line 170)
                      ; - java.lang.invoke.VarHandleGuards::guard_LI_V@45 (line 122)
                      ; - java.util.concurrent.FutureTask::set@22 (line 284)
                      ; - java.util.concurrent.FutureTask::run@68 (line 325)
  0x0000028a5be243f8: 84a6 8906 

  0x0000028a5be243fc: ;   {other}
  0x0000028a5be243fc: 0f1f 8400 | ec27 0008 | 4c8b 8424 | f000 0000 

  0x0000028a5be2440c: ;   {metadata(method data for {method} {0x0000028a00465068} 'cast' '(Ljava/lang/Object;)Ljava/lang/Object;' in 'java/lang/Class')}
  0x0000028a5be2440c: 48ba 4875 | 2078 8a02 | 0000 4883 | 82c0 0100 | 0001 4c8b | c048 8b94 | 24f0 0000 | 0066 0f1f 
  0x0000028a5be2442c: ;   {optimized virtual_call}
  0x0000028a5be2442c: 4400 00e8 

  0x0000028a5be24430: ; ImmutableOopMap {[232]=Oop [240]=Oop }
                      ;*invokespecial <init> {reexecute=0 rethrow=0 return_oop=0}
                      ; - java.lang.Class::cast@21 (line 4067)
                      ; - java.lang.invoke.VarHandleInts$FieldInstanceReadWrite::setRelease@13 (line 170)
                      ; - java.lang.invoke.VarHandleGuards::guard_LI_V@45 (line 122)
                      ; - java.util.concurrent.FutureTask::set@22 (line 284)
                      ; - java.util.concurrent.FutureTask::run@68 (line 325)
  0x0000028a5be24430: 4ca6 8906 

  0x0000028a5be24434: ;   {other}
  0x0000028a5be24434: 0f1f 8400 | 2428 0009 | 488b 8424 

  0x0000028a5be24440: ; ImmutableOopMap {rax=Oop [232]=Oop }
                      ;*athrow {reexecute=1 rethrow=0 return_oop=0}
                      ; - (reexecute) java.lang.Class::cast@24 (line 4067)
                      ; - java.lang.invoke.VarHandleInts$FieldInstanceReadWrite::setRelease@13 (line 170)
                      ; - java.lang.invoke.VarHandleGuards::guard_LI_V@45 (line 122)
                      ; - java.util.concurrent.FutureTask::set@22 (line 284)
                      ; - java.util.concurrent.FutureTask::run@68 (line 325)
  0x0000028a5be24440: f000 0000 

  0x0000028a5be24444: ;   {section_word}
  0x0000028a5be24444: 48ba 4444 | e25b 8a02 

  0x0000028a5be2444c: ;   {runtime_call handle_exception_nofpu Runtime1 stub}
  0x0000028a5be2444c: 0000 e82d | df95 0690 | 4889 8424 | 0001 0000 

  0x0000028a5be2445c: ;   {metadata('java/lang/ClassCastException')}
  0x0000028a5be2445c: 48ba 60ae | 0600 8a02 | 0000 498b | 87b8 0100 | 0048 8d78 | 2849 3bbf | c801 0000 | 0f87 3a0f 
  0x0000028a5be2447c: 0000 4989 | bfb8 0100 | 0048 c700 | 0100 0000 | 488b ca49 | ba00 0000 | 008a 0200 | 0049 2bca 
  0x0000028a5be2449c: 8948 0848 | 33c9 8948 | 0c48 33c9 | 4889 4810 | 4889 4818 | 4889 4820 

  0x0000028a5be244b4: ;   {oop(a 'java/lang/Class'{0x0000000601f92fd0} = 'java/util/concurrent/FutureTask')}
  0x0000028a5be244b4: 48ba d02f | f901 0600 | 0000 4c8b 

  0x0000028a5be244c0: ;   {metadata(method data for {method} {0x0000028a00465068} 'cast' '(Ljava/lang/Object;)Ljava/lang/Object;' in 'java/lang/Class')}
  0x0000028a5be244c0: c248 be48 | 7520 788a | 0200 0048 | 8386 8801 | 0000 014c | 8b84 24e8 | 0000 0048 | 8984 24f8 
  0x0000028a5be244e0: 0000 000f 

  0x0000028a5be244e4: ;   {optimized virtual_call}
  0x0000028a5be244e4: 1f40 00e8 

  0x0000028a5be244e8: ; ImmutableOopMap {[232]=Oop [248]=Oop [256]=Oop }
                      ;*invokevirtual cannotCastMsg {reexecute=0 rethrow=0 return_oop=0}
                      ; - java.lang.Class::cast@18 (line 4067)
                      ; - java.lang.invoke.VarHandleInts$FieldInstanceReadWrite::compareAndSet@15 (line 178)
                      ; - java.lang.invoke.VarHandleGuards::guard_LII_Z@50 (line 137)
                      ; - java.util.concurrent.FutureTask::set@6 (line 282)
                      ; - java.util.concurrent.FutureTask::run@68 (line 325)
  0x0000028a5be244e8: 94a5 8906 

  0x0000028a5be244ec: ;   {other}
  0x0000028a5be244ec: 0f1f 8400 | dc28 000b | 4c8b 8424 | f800 0000 

  0x0000028a5be244fc: ;   {metadata(method data for {method} {0x0000028a00465068} 'cast' '(Ljava/lang/Object;)Ljava/lang/Object;' in 'java/lang/Class')}
  0x0000028a5be244fc: 48ba 4875 | 2078 8a02 | 0000 4883 | 82c0 0100 | 0001 4c8b | c048 8b94 | 24f8 0000 | 0066 0f1f 
  0x0000028a5be2451c: ;   {optimized virtual_call}
  0x0000028a5be2451c: 4400 00e8 

  0x0000028a5be24520: ; ImmutableOopMap {[232]=Oop [248]=Oop [256]=Oop }
                      ;*invokespecial <init> {reexecute=0 rethrow=0 return_oop=0}
                      ; - java.lang.Class::cast@21 (line 4067)
                      ; - java.lang.invoke.VarHandleInts$FieldInstanceReadWrite::compareAndSet@15 (line 178)
                      ; - java.lang.invoke.VarHandleGuards::guard_LII_Z@50 (line 137)
                      ; - java.util.concurrent.FutureTask::set@6 (line 282)
                      ; - java.util.concurrent.FutureTask::run@68 (line 325)
  0x0000028a5be24520: 5ca5 8906 

  0x0000028a5be24524: ;   {other}
  0x0000028a5be24524: 0f1f 8400 | 1429 000c | 488b 8424 

  0x0000028a5be24530: ; ImmutableOopMap {rax=Oop [232]=Oop [256]=Oop }
                      ;*athrow {reexecute=1 rethrow=0 return_oop=0}
                      ; - (reexecute) java.lang.Class::cast@24 (line 4067)
                      ; - java.lang.invoke.VarHandleInts$FieldInstanceReadWrite::compareAndSet@15 (line 178)
                      ; - java.lang.invoke.VarHandleGuards::guard_LII_Z@50 (line 137)
                      ; - java.util.concurrent.FutureTask::set@6 (line 282)
                      ; - java.util.concurrent.FutureTask::run@68 (line 325)
  0x0000028a5be24530: f800 0000 

  0x0000028a5be24534: ;   {section_word}
  0x0000028a5be24534: 48ba 3445 | e25b 8a02 

  0x0000028a5be2453c: ;   {runtime_call handle_exception_nofpu Runtime1 stub}
  0x0000028a5be2453c: 0000 e83d | de95 0690 

  0x0000028a5be24544: ;   {metadata('java/lang/ClassCastException')}
  0x0000028a5be24544: 48ba 60ae | 0600 8a02 | 0000 498b | 87b8 0100 | 0048 8d78 | 2849 3bbf | c801 0000 | 0f87 5f0e 
  0x0000028a5be24564: 0000 4989 | bfb8 0100 | 0048 c700 | 0100 0000 | 488b ca49 | ba00 0000 | 008a 0200 | 0049 2bca 
  0x0000028a5be24584: 8948 0848 | 33c9 8948 | 0c48 33c9 | 4889 4810 | 4889 4818 | 4889 4820 

  0x0000028a5be2459c: ;   {oop(a 'java/lang/Class'{0x0000000601f92fd0} = 'java/util/concurrent/FutureTask')}
  0x0000028a5be2459c: 48ba d02f | f901 0600 | 0000 4c8b 

  0x0000028a5be245a8: ;   {metadata(method data for {method} {0x0000028a00465068} 'cast' '(Ljava/lang/Object;)Ljava/lang/Object;' in 'java/lang/Class')}
  0x0000028a5be245a8: c248 be48 | 7520 788a | 0200 0048 | 8386 8801 | 0000 014c | 8b84 24e8 | 0000 0048 | 8984 2408 
  0x0000028a5be245c8: 0100 000f 

  0x0000028a5be245cc: ;   {optimized virtual_call}
  0x0000028a5be245cc: 1f40 00e8 

  0x0000028a5be245d0: ; ImmutableOopMap {[232]=Oop [264]=Oop }
                      ;*invokevirtual cannotCastMsg {reexecute=0 rethrow=0 return_oop=0}
                      ; - java.lang.Class::cast@18 (line 4067)
                      ; - java.lang.invoke.VarHandleInts$FieldInstanceReadWrite::setRelease@13 (line 170)
                      ; - java.lang.invoke.VarHandleGuards::guard_LI_V@45 (line 122)
                      ; - java.util.concurrent.FutureTask::setException@22 (line 302)
                      ; - java.util.concurrent.FutureTask::run@59 (line 322)
  0x0000028a5be245d0: aca4 8906 

  0x0000028a5be245d4: ;   {other}
  0x0000028a5be245d4: 0f1f 8400 | c429 000e | 4c8b 8424 | 0801 0000 

  0x0000028a5be245e4: ;   {metadata(method data for {method} {0x0000028a00465068} 'cast' '(Ljava/lang/Object;)Ljava/lang/Object;' in 'java/lang/Class')}
  0x0000028a5be245e4: 48ba 4875 | 2078 8a02 | 0000 4883 | 82c0 0100 | 0001 4c8b | c048 8b94 | 2408 0100 | 0066 0f1f 
  0x0000028a5be24604: ;   {optimized virtual_call}
  0x0000028a5be24604: 4400 00e8 

  0x0000028a5be24608: ; ImmutableOopMap {[232]=Oop [264]=Oop }
                      ;*invokespecial <init> {reexecute=0 rethrow=0 return_oop=0}
                      ; - java.lang.Class::cast@21 (line 4067)
                      ; - java.lang.invoke.VarHandleInts$FieldInstanceReadWrite::setRelease@13 (line 170)
                      ; - java.lang.invoke.VarHandleGuards::guard_LI_V@45 (line 122)
                      ; - java.util.concurrent.FutureTask::setException@22 (line 302)
                      ; - java.util.concurrent.FutureTask::run@59 (line 322)
  0x0000028a5be24608: 74a4 8906 

  0x0000028a5be2460c: ;   {other}
  0x0000028a5be2460c: 0f1f 8400 | fc29 000f | 488b 8424 

  0x0000028a5be24618: ; ImmutableOopMap {rax=Oop [232]=Oop }
                      ;*athrow {reexecute=1 rethrow=0 return_oop=0}
                      ; - (reexecute) java.lang.Class::cast@24 (line 4067)
                      ; - java.lang.invoke.VarHandleInts$FieldInstanceReadWrite::setRelease@13 (line 170)
                      ; - java.lang.invoke.VarHandleGuards::guard_LI_V@45 (line 122)
                      ; - java.util.concurrent.FutureTask::setException@22 (line 302)
                      ; - java.util.concurrent.FutureTask::run@59 (line 322)
  0x0000028a5be24618: 0801 0000 

  0x0000028a5be2461c: ;   {section_word}
  0x0000028a5be2461c: 48ba 1c46 | e25b 8a02 

  0x0000028a5be24624: ;   {runtime_call handle_exception_nofpu Runtime1 stub}
  0x0000028a5be24624: 0000 e855 | dd95 0690 | 4889 8424 | 1801 0000 

  0x0000028a5be24634: ;   {metadata('java/lang/ClassCastException')}
  0x0000028a5be24634: 48ba 60ae | 0600 8a02 | 0000 498b | 87b8 0100 | 0048 8d78 | 2849 3bbf | c801 0000 | 0f87 7c0d 
  0x0000028a5be24654: 0000 4989 | bfb8 0100 | 0048 c700 | 0100 0000 | 488b ca49 | ba00 0000 | 008a 0200 | 0049 2bca 
  0x0000028a5be24674: 8948 0848 | 33c9 8948 | 0c48 33c9 | 4889 4810 | 4889 4818 | 4889 4820 

  0x0000028a5be2468c: ;   {oop(a 'java/lang/Class'{0x0000000601f92fd0} = 'java/util/concurrent/FutureTask')}
  0x0000028a5be2468c: 48ba d02f | f901 0600 | 0000 4c8b 

  0x0000028a5be24698: ;   {metadata(method data for {method} {0x0000028a00465068} 'cast' '(Ljava/lang/Object;)Ljava/lang/Object;' in 'java/lang/Class')}
  0x0000028a5be24698: c248 be48 | 7520 788a | 0200 0048 | 8386 8801 | 0000 014c | 8b84 24e8 | 0000 0048 | 8984 2410 
  0x0000028a5be246b8: 0100 000f 

  0x0000028a5be246bc: ;   {optimized virtual_call}
  0x0000028a5be246bc: 1f40 00e8 

  0x0000028a5be246c0: ; ImmutableOopMap {[232]=Oop [272]=Oop [280]=Oop }
                      ;*invokevirtual cannotCastMsg {reexecute=0 rethrow=0 return_oop=0}
                      ; - java.lang.Class::cast@18 (line 4067)
                      ; - java.lang.invoke.VarHandleInts$FieldInstanceReadWrite::compareAndSet@15 (line 178)
                      ; - java.lang.invoke.VarHandleGuards::guard_LII_Z@50 (line 137)
                      ; - java.util.concurrent.FutureTask::setException@6 (line 300)
                      ; - java.util.concurrent.FutureTask::run@59 (line 322)
  0x0000028a5be246c0: bca3 8906 

  0x0000028a5be246c4: ;   {other}
  0x0000028a5be246c4: 0f1f 8400 | b42a 0011 | 4c8b 8424 | 1001 0000 

  0x0000028a5be246d4: ;   {metadata(method data for {method} {0x0000028a00465068} 'cast' '(Ljava/lang/Object;)Ljava/lang/Object;' in 'java/lang/Class')}
  0x0000028a5be246d4: 48ba 4875 | 2078 8a02 | 0000 4883 | 82c0 0100 | 0001 4c8b | c048 8b94 | 2410 0100 | 0066 0f1f 
  0x0000028a5be246f4: ;   {optimized virtual_call}
  0x0000028a5be246f4: 4400 00e8 

  0x0000028a5be246f8: ; ImmutableOopMap {[232]=Oop [272]=Oop [280]=Oop }
                      ;*invokespecial <init> {reexecute=0 rethrow=0 return_oop=0}
                      ; - java.lang.Class::cast@21 (line 4067)
                      ; - java.lang.invoke.VarHandleInts$FieldInstanceReadWrite::compareAndSet@15 (line 178)
                      ; - java.lang.invoke.VarHandleGuards::guard_LII_Z@50 (line 137)
                      ; - java.util.concurrent.FutureTask::setException@6 (line 300)
                      ; - java.util.concurrent.FutureTask::run@59 (line 322)
  0x0000028a5be246f8: 84a3 8906 

  0x0000028a5be246fc: ;   {other}
  0x0000028a5be246fc: 0f1f 8400 | ec2a 0012 | 488b 8424 

  0x0000028a5be24708: ; ImmutableOopMap {rax=Oop [232]=Oop [280]=Oop }
                      ;*athrow {reexecute=1 rethrow=0 return_oop=0}
                      ; - (reexecute) java.lang.Class::cast@24 (line 4067)
                      ; - java.lang.invoke.VarHandleInts$FieldInstanceReadWrite::compareAndSet@15 (line 178)
                      ; - java.lang.invoke.VarHandleGuards::guard_LII_Z@50 (line 137)
                      ; - java.util.concurrent.FutureTask::setException@6 (line 300)
                      ; - java.util.concurrent.FutureTask::run@59 (line 322)
  0x0000028a5be24708: 1001 0000 

  0x0000028a5be2470c: ;   {section_word}
  0x0000028a5be2470c: 48ba 0c47 | e25b 8a02 

  0x0000028a5be24714: ;   {runtime_call handle_exception_nofpu Runtime1 stub}
  0x0000028a5be24714: 0000 e865 | dc95 0690 | 498b 87f8 | 0400 004d | 33d2 4d89 | 97f8 0400 | 004d 33d2 | 4d89 9700 
  0x0000028a5be24734: 0500 0048 | 8984 2420 | 0100 0048 | 8b94 24e8 

  0x0000028a5be24744: ;   {oop(nullptr)}
  0x0000028a5be24744: 0000 0048 | be00 0000 | 0000 0000 | 0041 0fbe | 7f40 85ff | 0f85 810c | 0000 4c8b | d649 c1ea 
  0x0000028a5be24764: 0344 8952 | 18f0 8344 | 24c0 0048 | 8bfa 4833 | fe48 c1ef | 1648 83ff | 000f 857b | 0c00 008b 
  0x0000028a5be24784: 720c 83fe 

  0x0000028a5be24788: ;   {metadata(method data for {method} {0x0000028a79731d90} 'run' '()V' in 'java/util/concurrent/FutureTask')}
  0x0000028a5be24788: 0548 bfc8 | be83 798a | 0200 0048 | c7c3 5003 | 0000 7c07 | 48c7 c360 | 0300 0048 | 8b0c 1f48 
  0x0000028a5be247a8: 8d49 0148 | 890c 1f0f | 8c35 0400 | 0048 8bfa 

  0x0000028a5be247b8: ;   {metadata(method data for {method} {0x0000028a79731d90} 'run' '()V' in 'java/util/concurrent/FutureTask')}
  0x0000028a5be247b8: 48bb c8be | 8379 8a02 | 0000 4883 | 8370 0300 

  0x0000028a5be247c8: ;   {metadata(method data for {method} {0x0000028a79732060} 'handlePossibleCancellationInterrupt' '(I)V' in 'java/util/concurrent/FutureTask')}
  0x0000028a5be247c8: 0001 48bf | a8d5 8379 | 8a02 0000 | 8b9f cc00 | 0000 83c3 | 0289 9fcc | 0000 0081 | e3fe ff1f 
  0x0000028a5be247e8: 0085 db0f | 8425 0c00 | 0083 fe05 

  0x0000028a5be247f4: ;   {metadata(method data for {method} {0x0000028a79732060} 'handlePossibleCancellationInterrupt' '(I)V' in 'java/util/concurrent/FutureTask')}
  0x0000028a5be247f4: 48be a8d5 | 8379 8a02 | 0000 48c7 | c710 0100 | 0075 0748 | c7c7 2001 | 0000 488b | 1c3e 488d 
  0x0000028a5be24814: 5b01 4889 | 1c3e 0f85 | c203 0000 | 8b72 0c83 

  0x0000028a5be24824: ;   {metadata(method data for {method} {0x0000028a79732060} 'handlePossibleCancellationInterrupt' '(I)V' in 'java/util/concurrent/FutureTask')}
  0x0000028a5be24824: fe05 48be | a8d5 8379 | 8a02 0000 | 48c7 c730 | 0100 0075 | 0748 c7c7 | 4001 0000 | 488b 1c3e 
  0x0000028a5be24844: 488d 5b01 | 4889 1c3e | 0f85 9003 

  0x0000028a5be24850: ;   {metadata(method data for {method} {0x0000028a79732060} 'handlePossibleCancellationInterrupt' '(I)V' in 'java/util/concurrent/FutureTask')}
  0x0000028a5be24850: 0000 48be | a8d5 8379 | 8a02 0000 | 4883 8650 | 0100 0001 

  0x0000028a5be24864: ;   {metadata(method data for {method} {0x0000028a00429fc8} 'yield' '()V' in 'java/lang/Thread')}
  0x0000028a5be24864: 48be 787c | 3778 8a02 | 0000 8bbe | cc00 0000 | 83c7 0289 | becc 0000 | 0081 e7fe | ff1f 0085 
  0x0000028a5be24884: ff0f 84ac 

  0x0000028a5be24888: ;   {metadata(method data for {method} {0x0000028a00429fc8} 'yield' '()V' in 'java/lang/Thread')}
  0x0000028a5be24888: 0b00 0048 | be78 7c37 | 788a 0200 | 0048 8386 | 1001 0000 | 0149 8bb7 | 8003 0000 | 488b 3648 
  0x0000028a5be248a8: 85f6 7516 

  0x0000028a5be248ac: ;   {metadata(method data for {method} {0x0000028a00429fc8} 'yield' '()V' in 'java/lang/Thread')}
  0x0000028a5be248ac: 48b9 787c | 3778 8a02 | 0000 8089 | 1901 0000 | 01e9 cd00 

  0x0000028a5be248c0: ;   {metadata('java/lang/VirtualThread')}
  0x0000028a5be248c0: 0000 49b8 | 589d 0200 | 8a02 0000 | 8b5e 0849 | ba00 0000 | 008a 0200 | 0049 03da | 4c3b c30f 
  0x0000028a5be248e0: 858e 0000 

  0x0000028a5be248e4: ;   {metadata(method data for {method} {0x0000028a00429fc8} 'yield' '()V' in 'java/lang/Thread')}
  0x0000028a5be248e4: 0048 b978 | 7c37 788a | 0200 0044 | 8b46 0849 | ba00 0000 | 008a 0200 | 004d 03c2 | 4c3b 8130 
  0x0000028a5be24904: 0100 0075 | 0d48 8381 | 3801 0000 | 01e9 7e00 | 0000 4c3b | 8140 0100 | 0075 0d48 | 8381 4801 
  0x0000028a5be24924: 0000 01e9 | 6800 0000 | 4883 b930 | 0100 0000 | 7517 4c89 | 8130 0100 | 0048 c781 | 3801 0000 
  0x0000028a5be24944: 0100 0000 | e947 0000 | 0048 83b9 | 4001 0000 | 0075 174c | 8981 4001 | 0000 48c7 | 8148 0100 
  0x0000028a5be24964: 0001 0000 | 00e9 2600 | 0000 e921 

  0x0000028a5be24970: ;   {metadata(method data for {method} {0x0000028a00429fc8} 'yield' '()V' in 'java/lang/Thread')}
  0x0000028a5be24970: 0000 0048 | b978 7c37 | 788a 0200 | 0048 83a9 | 2001 0000 | 01e9 0500 | 0000 e905 | 0000 0048 
  0x0000028a5be24990: 33ff eb07 | 48c7 c701 | 0000 0085 

  0x0000028a5be2499c: ;   {metadata(method data for {method} {0x0000028a00429fc8} 'yield' '()V' in 'java/lang/Thread')}
  0x0000028a5be2499c: ff48 bf78 | 7c37 788a | 0200 0048 | c7c3 5801 | 0000 7407 | 48c7 c368 | 0100 0048 | 8b0c 1f48 
  0x0000028a5be249bc: 8d49 0148 | 890c 1f0f | 84a8 0100 | 0048 85f6 

  0x0000028a5be249cc: ;   {metadata(method data for {method} {0x0000028a00429fc8} 'yield' '()V' in 'java/lang/Thread')}
  0x0000028a5be249cc: 7516 48bb | 787c 3778 | 8a02 0000 | 808b 7101 | 0000 01e9 | cc00 0000 

  0x0000028a5be249e4: ;   {metadata('java/lang/VirtualThread')}
  0x0000028a5be249e4: 48b9 589d | 0200 8a02 | 0000 8b7e | 0849 ba00 | 0000 008a | 0200 0049 | 03fa 483b | cf0f 858d 
  0x0000028a5be24a04: ;   {metadata(method data for {method} {0x0000028a00429fc8} 'yield' '()V' in 'java/lang/Thread')}
  0x0000028a5be24a04: 0000 0048 | bb78 7c37 | 788a 0200 | 008b 4e08 | 49ba 0000 | 0000 8a02 | 0000 4903 | ca48 3b8b 
  0x0000028a5be24a24: 8801 0000 | 750d 4883 | 8390 0100 | 0001 e979 | 0000 0048 | 3b8b 9801 | 0000 750d | 4883 83a0 
  0x0000028a5be24a44: 0100 0001 | e963 0000 | 0048 83bb | 8801 0000 | 0075 1748 | 898b 8801 | 0000 48c7 | 8390 0100 
  0x0000028a5be24a64: 0001 0000 | 00e9 4200 | 0000 4883 | bb98 0100 | 0000 7517 | 4889 8b98 | 0100 0048 | c783 a001 
  0x0000028a5be24a84: 0000 0100 | 0000 e921 | 0000 00e9 | 1c00 0000 

  0x0000028a5be24a94: ;   {metadata(method data for {method} {0x0000028a00429fc8} 'yield' '()V' in 'java/lang/Thread')}
  0x0000028a5be24a94: 48bb 787c | 3778 8a02 | 0000 4883 | ab78 0100 | 0001 e9ad | 0900 00e9 | 0000 0000 

  0x0000028a5be24ab0: ; implicit exception: dispatches to 0x0000028a5be25461
  0x0000028a5be24ab0: 483b 0648 

  0x0000028a5be24ab4: ;   {metadata(method data for {method} {0x0000028a00429fc8} 'yield' '()V' in 'java/lang/Thread')}
  0x0000028a5be24ab4: 8bfe 48bb | 787c 3778 | 8a02 0000 | 8b7f 0849 | ba00 0000 | 008a 0200 | 0049 03fa | 483b bbc0 
  0x0000028a5be24ad4: 0100 0075 | 0d48 8383 | c801 0000 | 01e9 6000 | 0000 483b | bbd0 0100 | 0075 0d48 | 8383 d801 
  0x0000028a5be24af4: 0000 01e9 | 4a00 0000 | 4883 bbc0 | 0100 0000 | 7517 4889 | bbc0 0100 | 0048 c783 | c801 0000 
  0x0000028a5be24b14: 0100 0000 | e929 0000 | 0048 83bb | d001 0000 | 0075 1748 | 89bb d001 | 0000 48c7 | 83d8 0100 
  0x0000028a5be24b34: 0001 0000 | 00e9 0800 | 0000 4883 | 83b0 0100 | 0001 488b | d666 0f1f 

  0x0000028a5be24b4c: ;   {optimized virtual_call}
  0x0000028a5be24b4c: 4400 00e8 

  0x0000028a5be24b50: ; ImmutableOopMap {[232]=Oop [288]=Oop }
                      ;*invokevirtual tryYield {reexecute=0 rethrow=0 return_oop=0}
                      ; - java.lang.Thread::yield@17 (line 443)
                      ; - java.util.concurrent.FutureTask::handlePossibleCancellationInterrupt@13 (line 386)
                      ; - java.util.concurrent.FutureTask::run@116 (line 335)
  0x0000028a5be24b50: 2c9f 8906 

  0x0000028a5be24b54: ;   {other}
  0x0000028a5be24b54: 0f1f 8400 | 442f 0014 

  0x0000028a5be24b5c: ;   {metadata(method data for {method} {0x0000028a00429fc8} 'yield' '()V' in 'java/lang/Thread')}
  0x0000028a5be24b5c: 48be 787c | 3778 8a02 | 0000 ff86 | e801 0000 | e923 0000 

  0x0000028a5be24b70: ;   {metadata(method data for {method} {0x0000028a00429fc8} 'yield' '()V' in 'java/lang/Thread')}
  0x0000028a5be24b70: 0048 be78 | 7c37 788a | 0200 0048 | 8386 0002 | 0000 010f 

  0x0000028a5be24b84: ;   {static_call}
  0x0000028a5be24b84: 1f40 00e8 

  0x0000028a5be24b88: ; ImmutableOopMap {[232]=Oop [288]=Oop }
                      ;*invokestatic yield0 {reexecute=0 rethrow=0 return_oop=0}
                      ; - java.lang.Thread::yield@23 (line 445)
                      ; - java.util.concurrent.FutureTask::handlePossibleCancellationInterrupt@13 (line 386)
                      ; - java.util.concurrent.FutureTask::run@116 (line 335)
  0x0000028a5be24b88: f4a4 8906 

  0x0000028a5be24b8c: ;   {other}
  0x0000028a5be24b8c: 0f1f 8400 | 7c2f 0015 

  0x0000028a5be24b94: ;   {metadata(method data for {method} {0x0000028a79732060} 'handlePossibleCancellationInterrupt' '(I)V' in 'java/util/concurrent/FutureTask')}
  0x0000028a5be24b94: 48b8 a8d5 | 8379 8a02 | 0000 8b90 | d000 0000 | 83c2 0289 | 90d0 0000 | 0081 e2fe | 3f00 0085 
  0x0000028a5be24bb4: d20f 84ab | 0800 004d | 8b97 5004 

  0x0000028a5be24bc0: ; ImmutableOopMap {[232]=Oop [288]=Oop }
                      ;*goto {reexecute=1 rethrow=0 return_oop=0}
                      ; - (reexecute) java.util.concurrent.FutureTask::handlePossibleCancellationInterrupt@16 (line 386)
                      ; - java.util.concurrent.FutureTask::run@116 (line 335)
                      ;   {poll}
  0x0000028a5be24bc0: 0000 4185 

  0x0000028a5be24bc4: ;   {metadata(method data for {method} {0x0000028a79732060} 'handlePossibleCancellationInterrupt' '(I)V' in 'java/util/concurrent/FutureTask')}
  0x0000028a5be24bc4: 0248 b8a8 | d583 798a | 0200 00ff | 8060 0100 | 0048 8b94 | 24e8 0000 | 00e9 3efc | ffff 488b 
  0x0000028a5be24be4: 8424 2001 | 0000 e9cf 

  0x0000028a5be24bec: ;   {metadata('java/lang/ClassCastException')}
  0x0000028a5be24bec: 0800 0048 | ba60 ae06 | 008a 0200 | 0049 8b87 | b801 0000 | 488d 7828 | 493b bfc8 | 0100 000f 
  0x0000028a5be24c0c: 8776 0800 | 0049 89bf | b801 0000 | 48c7 0001 | 0000 0048 | 8bca 49ba | 0000 0000 | 8a02 0000 
  0x0000028a5be24c2c: 492b ca89 | 4808 4833 | c989 480c | 4833 c948 | 8948 1048 | 8948 1848 

  0x0000028a5be24c44: ;   {oop(a 'java/lang/Class'{0x00000006010000f0} = 'java/lang/Thread')}
  0x0000028a5be24c44: 8948 2048 | baf0 0000 | 0106 0000 | 004c 8bc2 

  0x0000028a5be24c54: ;   {metadata(method data for {method} {0x0000028a00465068} 'cast' '(Ljava/lang/Object;)Ljava/lang/Object;' in 'java/lang/Class')}
  0x0000028a5be24c54: 48be 4875 | 2078 8a02 | 0000 4883 | 8688 0100 | 0001 4c8b | c348 8984 | 2428 0100 | 0066 0f1f 
  0x0000028a5be24c74: ;   {optimized virtual_call}
  0x0000028a5be24c74: 4400 00e8 

  0x0000028a5be24c78: ; ImmutableOopMap {[232]=Oop [296]=Oop }
                      ;*invokevirtual cannotCastMsg {reexecute=0 rethrow=0 return_oop=0}
                      ; - java.lang.Class::cast@18 (line 4067)
                      ; - java.lang.invoke.VarHandleReferences$FieldInstanceReadWrite::compareAndSet@41 (line 183)
                      ; - java.lang.invoke.VarHandleGuards::guard_LLL_Z@50 (line 68)
                      ; - java.util.concurrent.FutureTask::run@15 (line 309)
  0x0000028a5be24c78: 049e 8906 

  0x0000028a5be24c7c: ;   {other}
  0x0000028a5be24c7c: 0f1f 8400 | 6c30 0017 | 4c8b 8424 | 2801 0000 

  0x0000028a5be24c8c: ;   {metadata(method data for {method} {0x0000028a00465068} 'cast' '(Ljava/lang/Object;)Ljava/lang/Object;' in 'java/lang/Class')}
  0x0000028a5be24c8c: 48ba 4875 | 2078 8a02 | 0000 4883 | 82c0 0100 | 0001 4c8b | c048 8b94 | 2428 0100 | 0066 0f1f 
  0x0000028a5be24cac: ;   {optimized virtual_call}
  0x0000028a5be24cac: 4400 00e8 

  0x0000028a5be24cb0: ; ImmutableOopMap {[232]=Oop [296]=Oop }
                      ;*invokespecial <init> {reexecute=0 rethrow=0 return_oop=0}
                      ; - java.lang.Class::cast@21 (line 4067)
                      ; - java.lang.invoke.VarHandleReferences$FieldInstanceReadWrite::compareAndSet@41 (line 183)
                      ; - java.lang.invoke.VarHandleGuards::guard_LLL_Z@50 (line 68)
                      ; - java.util.concurrent.FutureTask::run@15 (line 309)
  0x0000028a5be24cb0: cc9d 8906 

  0x0000028a5be24cb4: ;   {other}
  0x0000028a5be24cb4: 0f1f 8400 | a430 0018 | 488b 8424 | 2801 0000 | e9f5 0700 | 0048 899c | 2438 0100 | 004c 8bca 
  0x0000028a5be24cd4: ;   {metadata('java/lang/ClassCastException')}
  0x0000028a5be24cd4: 48ba 60ae | 0600 8a02 | 0000 498b | 87b8 0100 | 0048 8d78 | 2849 3bbf | c801 0000 | 0f87 9e07 
  0x0000028a5be24cf4: 0000 4989 | bfb8 0100 | 0048 c700 | 0100 0000 | 488b ca49 | ba00 0000 | 008a 0200 | 0049 2bca 
  0x0000028a5be24d14: 8948 0848 | 33c9 8948 | 0c48 33c9 | 4889 4810 | 4889 4818 | 4889 4820 

  0x0000028a5be24d2c: ;   {oop(a 'java/lang/Class'{0x0000000601f92fd0} = 'java/util/concurrent/FutureTask')}
  0x0000028a5be24d2c: 48ba d02f | f901 0600 | 0000 4c8b 

  0x0000028a5be24d38: ;   {metadata(method data for {method} {0x0000028a00465068} 'cast' '(Ljava/lang/Object;)Ljava/lang/Object;' in 'java/lang/Class')}
  0x0000028a5be24d38: c248 be48 | 7520 788a | 0200 0048 | 8386 8801 | 0000 014d | 8bc1 4889 | 8424 3001 

  0x0000028a5be24d54: ;   {optimized virtual_call}
  0x0000028a5be24d54: 0000 90e8 

  0x0000028a5be24d58: ; ImmutableOopMap {[232]=Oop [304]=Oop [312]=Oop }
                      ;*invokevirtual cannotCastMsg {reexecute=0 rethrow=0 return_oop=0}
                      ; - java.lang.Class::cast@18 (line 4067)
                      ; - java.lang.invoke.VarHandleReferences$FieldInstanceReadWrite::compareAndSet@15 (line 180)
                      ; - java.lang.invoke.VarHandleGuards::guard_LLL_Z@50 (line 68)
                      ; - java.util.concurrent.FutureTask::run@15 (line 309)
  0x0000028a5be24d58: 249d 8906 

  0x0000028a5be24d5c: ;   {other}
  0x0000028a5be24d5c: 0f1f 8400 | 4c31 0019 | 4c8b 8424 | 3001 0000 

  0x0000028a5be24d6c: ;   {metadata(method data for {method} {0x0000028a00465068} 'cast' '(Ljava/lang/Object;)Ljava/lang/Object;' in 'java/lang/Class')}
  0x0000028a5be24d6c: 48ba 4875 | 2078 8a02 | 0000 4883 | 82c0 0100 | 0001 4c8b | c048 8b94 | 2430 0100 | 0066 0f1f 
  0x0000028a5be24d8c: ;   {optimized virtual_call}
  0x0000028a5be24d8c: 4400 00e8 

  0x0000028a5be24d90: ; ImmutableOopMap {[232]=Oop [304]=Oop [312]=Oop }
                      ;*invokespecial <init> {reexecute=0 rethrow=0 return_oop=0}
                      ; - java.lang.Class::cast@21 (line 4067)
                      ; - java.lang.invoke.VarHandleReferences$FieldInstanceReadWrite::compareAndSet@15 (line 180)
                      ; - java.lang.invoke.VarHandleGuards::guard_LLL_Z@50 (line 68)
                      ; - java.util.concurrent.FutureTask::run@15 (line 309)
  0x0000028a5be24d90: ec9c 8906 

  0x0000028a5be24d94: ;   {other}
  0x0000028a5be24d94: 0f1f 8400 | 8431 001a | 488b 8424 | 3001 0000 | e915 0700 

  0x0000028a5be24da8: ;   {metadata({method} {0x0000028a79731d90} 'run' '()V' in 'java/util/concurrent/FutureTask')}
  0x0000028a5be24da8: 0049 ba88 | 1d73 798a | 0200 004c | 8954 2408 | 48c7 0424 | ffff ffff 

  0x0000028a5be24dc0: ;   {runtime_call counter_overflow Runtime1 stub}
  0x0000028a5be24dc0: e8bb 0e96 

  0x0000028a5be24dc4: ; ImmutableOopMap {rdx=Oop [232]=Oop }
                      ;*synchronization entry
                      ; - java.util.concurrent.FutureTask::run@-1 (line 308)
  0x0000028a5be24dc4: 06e9 84d4 

  0x0000028a5be24dc8: ;   {metadata({method} {0x0000028a001560e8} 'guard_LLL_Z' '(Ljava/lang/invoke/VarHandle;Ljava/lang/Object;Ljava/lang/Object;Ljava/lang/Object;Ljava/lang/invoke/VarHandle$AccessDescriptor;)Z' in 'java/lang/invoke/VarHandleGuards')}
  0x0000028a5be24dc8: ffff 49ba | e060 1500 | 8a02 0000 | 4c89 5424 | 0848 c704 | 24ff ffff 

  0x0000028a5be24de0: ;   {runtime_call counter_overflow Runtime1 stub}
  0x0000028a5be24de0: ffe8 9a0e 

  0x0000028a5be24de4: ; ImmutableOopMap {rdx=Oop rbx=Oop rsi=Oop [232]=Oop }
                      ;*synchronization entry
                      ; - java.lang.invoke.VarHandleGuards::guard_LLL_Z@-1 (line 66)
                      ; - java.util.concurrent.FutureTask::run@15 (line 309)
  0x0000028a5be24de4: 9606 e93f 

  0x0000028a5be24de8: ;   {metadata({method} {0x0000028a000936b8} 'checkAccessModeThenIsDirect' '(Ljava/lang/invoke/VarHandle$AccessDescriptor;)Z' in 'java/lang/invoke/VarHandle')}
  0x0000028a5be24de8: d5ff ff49 | bab0 3609 | 008a 0200 | 004c 8954 | 2408 48c7 | 0424 ffff 

  0x0000028a5be24e00: ;   {runtime_call counter_overflow Runtime1 stub}
  0x0000028a5be24e00: ffff e879 

  0x0000028a5be24e04: ; ImmutableOopMap {rdx=Oop rbx=Oop [232]=Oop }
                      ;*synchronization entry
                      ; - java.lang.invoke.VarHandle::checkAccessModeThenIsDirect@-1 (line 2075)
                      ; - java.lang.invoke.VarHandleGuards::guard_LLL_Z@3 (line 66)
                      ; - java.util.concurrent.FutureTask::run@15 (line 309)
  0x0000028a5be24e04: 0e96 06e9 | 01d6 ffff 

  0x0000028a5be24e0c: ;   {metadata({method} {0x0000028a001542f0} 'getMemberName' '(I)Ljava/lang/invoke/MemberName;' in 'java/lang/invoke/VarForm')}
  0x0000028a5be24e0c: 49ba e842 | 1500 8a02 | 0000 4c89 | 5424 0848 | c704 24ff 

  0x0000028a5be24e20: ;   {runtime_call counter_overflow Runtime1 stub}
  0x0000028a5be24e20: ffff ffe8 

  0x0000028a5be24e24: ; ImmutableOopMap {rdx=Oop rbx=Oop [232]=Oop }
                      ;*synchronization entry
                      ; - java.lang.invoke.VarForm::getMemberName@-1 (line 114)
                      ; - java.lang.invoke.VarHandleGuards::guard_LLL_Z@47 (line 68)
                      ; - java.util.concurrent.FutureTask::run@15 (line 309)
  0x0000028a5be24e24: 580e 9606 | e953 d6ff 

  0x0000028a5be24e2c: ;   {metadata({method} {0x0000028a00254370} 'compareAndSet' '(Ljava/lang/invoke/VarHandle;Ljava/lang/Object;Ljava/lang/Object;Ljava/lang/Object;)Z' in 'java/lang/invoke/VarHandleReferences$FieldInstanceReadWrite')}
  0x0000028a5be24e2c: ff49 ba68 | 4325 008a | 0200 004c | 8954 2408 | 48c7 0424 | ffff ffff 

  0x0000028a5be24e44: ;   {runtime_call counter_overflow Runtime1 stub}
  0x0000028a5be24e44: e837 0e96 

  0x0000028a5be24e48: ; ImmutableOopMap {rdx=Oop rbx=Oop [232]=Oop }
                      ;*synchronization entry
                      ; - java.lang.invoke.VarHandleReferences$FieldInstanceReadWrite::compareAndSet@-1 (line 179)
                      ; - java.lang.invoke.VarHandleGuards::guard_LLL_Z@50 (line 68)
                      ; - java.util.concurrent.FutureTask::run@15 (line 309)
  0x0000028a5be24e48: 06e9 d1d6 

  0x0000028a5be24e4c: ;   {metadata({method} {0x0000028a00465068} 'cast' '(Ljava/lang/Object;)Ljava/lang/Object;' in 'java/lang/Class')}
  0x0000028a5be24e4c: ffff 49ba | 6050 4600 | 8a02 0000 | 4c89 5424 | 0848 c704 | 24ff ffff 

  0x0000028a5be24e64: ;   {runtime_call counter_overflow Runtime1 stub}
  0x0000028a5be24e64: ffe8 160e 

  0x0000028a5be24e68: ; ImmutableOopMap {rdx=Oop rbx=Oop [232]=Oop }
                      ;*synchronization entry
                      ; - java.lang.Class::cast@-1 (line 4066)
                      ; - java.lang.invoke.VarHandleReferences$FieldInstanceReadWrite::compareAndSet@15 (line 180)
                      ; - java.lang.invoke.VarHandleGuards::guard_LLL_Z@50 (line 68)
                      ; - java.util.concurrent.FutureTask::run@15 (line 309)
  0x0000028a5be24e68: 9606 e9f3 

  0x0000028a5be24e6c: ;   {metadata({method} {0x0000028a00056488} 'requireNonNull' '(Ljava/lang/Object;)Ljava/lang/Object;' in 'java/util/Objects')}
  0x0000028a5be24e6c: d6ff ff49 | ba80 6405 | 008a 0200 | 004c 8954 | 2408 48c7 | 0424 ffff 

  0x0000028a5be24e84: ;   {runtime_call counter_overflow Runtime1 stub}
  0x0000028a5be24e84: ffff e8f5 

  0x0000028a5be24e88: ; ImmutableOopMap {rdx=Oop rbx=Oop [232]=Oop }
                      ;*synchronization entry
                      ; - java.util.Objects::requireNonNull@-1 (line 232)
                      ; - java.lang.invoke.VarHandleReferences$FieldInstanceReadWrite::compareAndSet@18 (line 180)
                      ; - java.lang.invoke.VarHandleGuards::guard_LLL_Z@50 (line 68)
                      ; - java.util.concurrent.FutureTask::run@15 (line 309)
  0x0000028a5be24e88: 0d96 06e9 | a3d7 ffff 

  0x0000028a5be24e90: ;   {metadata({method} {0x0000028a00465068} 'cast' '(Ljava/lang/Object;)Ljava/lang/Object;' in 'java/lang/Class')}
  0x0000028a5be24e90: 49ba 6050 | 4600 8a02 | 0000 4c89 | 5424 0848 | c704 24ff 

  0x0000028a5be24ea4: ;   {runtime_call counter_overflow Runtime1 stub}
  0x0000028a5be24ea4: ffff ffe8 

  0x0000028a5be24ea8: ; ImmutableOopMap {rdx=Oop rbx=Oop [232]=Oop }
                      ;*synchronization entry
                      ; - java.lang.Class::cast@-1 (line 4066)
                      ; - java.lang.invoke.VarHandleReferences$FieldInstanceReadWrite::compareAndSet@32 (line 182)
                      ; - java.lang.invoke.VarHandleGuards::guard_LLL_Z@50 (line 68)
                      ; - java.util.concurrent.FutureTask::run@15 (line 309)
  0x0000028a5be24ea8: d40d 9606 | e9d5 d7ff 

  0x0000028a5be24eb0: ;   {metadata({method} {0x0000028a00465068} 'cast' '(Ljava/lang/Object;)Ljava/lang/Object;' in 'java/lang/Class')}
  0x0000028a5be24eb0: ff49 ba60 | 5046 008a | 0200 004c | 8954 2408 | 48c7 0424 | ffff ffff 

  0x0000028a5be24ec8: ;   {runtime_call counter_overflow Runtime1 stub}
  0x0000028a5be24ec8: e8b3 0d96 

  0x0000028a5be24ecc: ; ImmutableOopMap {rdx=Oop rbx=Oop [232]=Oop }
                      ;*synchronization entry
                      ; - java.lang.Class::cast@-1 (line 4066)
                      ; - java.lang.invoke.VarHandleReferences$FieldInstanceReadWrite::compareAndSet@41 (line 183)
                      ; - java.lang.invoke.VarHandleGuards::guard_LLL_Z@50 (line 68)
                      ; - java.util.concurrent.FutureTask::run@15 (line 309)
  0x0000028a5be24ecc: 06e9 07d8 | ffff 8b06 | 48c1 e003 | 4883 f800 | 0f84 c6d8 | ffff 4889 

  0x0000028a5be24ee4: ;   {runtime_call g1_pre_barrier_slow}
  0x0000028a5be24ee4: 0424 e895 | 1396 06e9 | b8d8 ffff | 4883 fb00 | 0f84 e8d8 | ffff 4889 

  0x0000028a5be24efc: ;   {runtime_call g1_post_barrier_slow}
  0x0000028a5be24efc: 3424 e87d | 1696 06e9 | dad8 ffff 

  0x0000028a5be24f08: ;   {runtime_call throw_null_pointer_exception Runtime1 stub}
  0x0000028a5be24f08: e873 bc95 

  0x0000028a5be24f0c: ; ImmutableOopMap {rsi=Oop [232]=Oop }
                      ;*invokeinterface call {reexecute=0 rethrow=0 return_oop=0}
                      ; - java.util.concurrent.FutureTask::run@39 (line 317)
                      ;   {metadata({method} {0x0000028a79731bc8} 'setException' '(Ljava/lang/Throwable;)V' in 'java/util/concurrent/FutureTask')}
  0x0000028a5be24f0c: 0649 bac0 | 1b73 798a | 0200 004c | 8954 2408 | 48c7 0424 | ffff ffff 

  0x0000028a5be24f24: ;   {runtime_call counter_overflow Runtime1 stub}
  0x0000028a5be24f24: e857 0d96 

  0x0000028a5be24f28: ; ImmutableOopMap {rdx=Oop rax=Oop [232]=Oop }
                      ;*synchronization entry
                      ; - java.util.concurrent.FutureTask::setException@-1 (line 300)
                      ; - java.util.concurrent.FutureTask::run@59 (line 322)
  0x0000028a5be24f28: 06e9 96da 

  0x0000028a5be24f2c: ;   {metadata({method} {0x0000028a001562a0} 'guard_LII_Z' '(Ljava/lang/invoke/VarHandle;Ljava/lang/Object;IILjava/lang/invoke/VarHandle$AccessDescriptor;)Z' in 'java/lang/invoke/VarHandleGuards')}
  0x0000028a5be24f2c: ffff 49ba | 9862 1500 | 8a02 0000 | 4c89 5424 | 0848 c704 | 24ff ffff 

  0x0000028a5be24f44: ;   {runtime_call counter_overflow Runtime1 stub}
  0x0000028a5be24f44: ffe8 360d 

  0x0000028a5be24f48: ; ImmutableOopMap {rdx=Oop rax=Oop r9=Oop [232]=Oop }
                      ;*synchronization entry
                      ; - java.lang.invoke.VarHandleGuards::guard_LII_Z@-1 (line 135)
                      ; - java.util.concurrent.FutureTask::setException@6 (line 300)
                      ; - java.util.concurrent.FutureTask::run@59 (line 322)
  0x0000028a5be24f48: 9606 e907 

  0x0000028a5be24f4c: ;   {metadata({method} {0x0000028a000936b8} 'checkAccessModeThenIsDirect' '(Ljava/lang/invoke/VarHandle$AccessDescriptor;)Z' in 'java/lang/invoke/VarHandle')}
  0x0000028a5be24f4c: dbff ff49 | bab0 3609 | 008a 0200 | 004c 8954 | 2408 48c7 | 0424 ffff 

  0x0000028a5be24f64: ;   {runtime_call counter_overflow Runtime1 stub}
  0x0000028a5be24f64: ffff e815 

  0x0000028a5be24f68: ; ImmutableOopMap {rdx=Oop rax=Oop [232]=Oop }
                      ;*synchronization entry
                      ; - java.lang.invoke.VarHandle::checkAccessModeThenIsDirect@-1 (line 2075)
                      ; - java.lang.invoke.VarHandleGuards::guard_LII_Z@3 (line 135)
                      ; - java.util.concurrent.FutureTask::setException@6 (line 300)
                      ; - java.util.concurrent.FutureTask::run@59 (line 322)
  0x0000028a5be24f68: 0d96 06e9 | d0db ffff 

  0x0000028a5be24f70: ;   {metadata({method} {0x0000028a001542f0} 'getMemberName' '(I)Ljava/lang/invoke/MemberName;' in 'java/lang/invoke/VarForm')}
  0x0000028a5be24f70: 49ba e842 | 1500 8a02 | 0000 4c89 | 5424 0848 | c704 24ff 

  0x0000028a5be24f84: ;   {runtime_call counter_overflow Runtime1 stub}
  0x0000028a5be24f84: ffff ffe8 

  0x0000028a5be24f88: ; ImmutableOopMap {rdx=Oop rax=Oop [232]=Oop }
                      ;*synchronization entry
                      ; - java.lang.invoke.VarForm::getMemberName@-1 (line 114)
                      ; - java.lang.invoke.VarHandleGuards::guard_LII_Z@47 (line 137)
                      ; - java.util.concurrent.FutureTask::setException@6 (line 300)
                      ; - java.util.concurrent.FutureTask::run@59 (line 322)
  0x0000028a5be24f88: f40c 9606 | e92a dcff 

  0x0000028a5be24f90: ;   {metadata({method} {0x0000028a782cf990} 'compareAndSet' '(Ljava/lang/invoke/VarHandle;Ljava/lang/Object;II)Z' in 'java/lang/invoke/VarHandleInts$FieldInstanceReadWrite')}
  0x0000028a5be24f90: ff49 ba88 | f92c 788a | 0200 004c | 8954 2408 | 48c7 0424 | ffff ffff 

  0x0000028a5be24fa8: ;   {runtime_call counter_overflow Runtime1 stub}
  0x0000028a5be24fa8: e8d3 0c96 

  0x0000028a5be24fac: ; ImmutableOopMap {rdx=Oop rax=Oop [232]=Oop }
                      ;*synchronization entry
                      ; - java.lang.invoke.VarHandleInts$FieldInstanceReadWrite::compareAndSet@-1 (line 177)
                      ; - java.lang.invoke.VarHandleGuards::guard_LII_Z@50 (line 137)
                      ; - java.util.concurrent.FutureTask::setException@6 (line 300)
                      ; - java.util.concurrent.FutureTask::run@59 (line 322)
  0x0000028a5be24fac: 06e9 b0dc 

  0x0000028a5be24fb0: ;   {metadata({method} {0x0000028a00465068} 'cast' '(Ljava/lang/Object;)Ljava/lang/Object;' in 'java/lang/Class')}
  0x0000028a5be24fb0: ffff 49ba | 6050 4600 | 8a02 0000 | 4c89 5424 | 0848 c704 | 24ff ffff 

  0x0000028a5be24fc8: ;   {runtime_call counter_overflow Runtime1 stub}
  0x0000028a5be24fc8: ffe8 b20c 

  0x0000028a5be24fcc: ; ImmutableOopMap {rdx=Oop rax=Oop [232]=Oop }
                      ;*synchronization entry
                      ; - java.lang.Class::cast@-1 (line 4066)
                      ; - java.lang.invoke.VarHandleInts$FieldInstanceReadWrite::compareAndSet@15 (line 178)
                      ; - java.lang.invoke.VarHandleGuards::guard_LII_Z@50 (line 137)
                      ; - java.util.concurrent.FutureTask::setException@6 (line 300)
                      ; - java.util.concurrent.FutureTask::run@59 (line 322)
  0x0000028a5be24fcc: 9606 e9d7 

  0x0000028a5be24fd0: ;   {metadata({method} {0x0000028a00056488} 'requireNonNull' '(Ljava/lang/Object;)Ljava/lang/Object;' in 'java/util/Objects')}
  0x0000028a5be24fd0: dcff ff49 | ba80 6405 | 008a 0200 | 004c 8954 | 2408 48c7 | 0424 ffff 

  0x0000028a5be24fe8: ;   {runtime_call counter_overflow Runtime1 stub}
  0x0000028a5be24fe8: ffff e891 

  0x0000028a5be24fec: ; ImmutableOopMap {rdx=Oop rax=Oop [232]=Oop }
                      ;*synchronization entry
                      ; - java.util.Objects::requireNonNull@-1 (line 232)
                      ; - java.lang.invoke.VarHandleInts$FieldInstanceReadWrite::compareAndSet@18 (line 178)
                      ; - java.lang.invoke.VarHandleGuards::guard_LII_Z@50 (line 137)
                      ; - java.util.concurrent.FutureTask::setException@6 (line 300)
                      ; - java.util.concurrent.FutureTask::run@59 (line 322)
  0x0000028a5be24fec: 0c96 06e9 | 8edd ffff | 448b 4214 | 49c1 e003 | 4983 f800 | 0f84 fedd | ffff 4c89 

  0x0000028a5be25008: ;   {runtime_call g1_pre_barrier_slow}
  0x0000028a5be25008: 0424 e871 | 1296 06e9 | f0dd ffff | 4883 fb00 | 0f84 05de | ffff 4889 

  0x0000028a5be25020: ;   {runtime_call g1_post_barrier_slow}
  0x0000028a5be25020: 1424 e859 | 1596 06e9 | f7dd ffff 

  0x0000028a5be2502c: ;   {metadata({method} {0x0000028a00156248} 'guard_LI_V' '(Ljava/lang/invoke/VarHandle;Ljava/lang/Object;ILjava/lang/invoke/VarHandle$AccessDescriptor;)V' in 'java/lang/invoke/VarHandleGuards')}
  0x0000028a5be2502c: 49ba 4062 | 1500 8a02 | 0000 4c89 | 5424 0848 | c704 24ff 

  0x0000028a5be25040: ;   {runtime_call counter_overflow Runtime1 stub}
  0x0000028a5be25040: ffff ffe8 

  0x0000028a5be25044: ; ImmutableOopMap {rdx=Oop r9=Oop [232]=Oop }
                      ;*synchronization entry
                      ; - java.lang.invoke.VarHandleGuards::guard_LI_V@-1 (line 120)
                      ; - java.util.concurrent.FutureTask::setException@22 (line 302)
                      ; - java.util.concurrent.FutureTask::run@59 (line 322)
  0x0000028a5be25044: 380c 9606 | e9ef deff 

  0x0000028a5be2504c: ;   {metadata({method} {0x0000028a000936b8} 'checkAccessModeThenIsDirect' '(Ljava/lang/invoke/VarHandle$AccessDescriptor;)Z' in 'java/lang/invoke/VarHandle')}
  0x0000028a5be2504c: ff49 bab0 | 3609 008a | 0200 004c | 8954 2408 | 48c7 0424 | ffff ffff 

  0x0000028a5be25064: ;   {runtime_call counter_overflow Runtime1 stub}
  0x0000028a5be25064: e817 0c96 

  0x0000028a5be25068: ; ImmutableOopMap {rdx=Oop [232]=Oop }
                      ;*synchronization entry
                      ; - java.lang.invoke.VarHandle::checkAccessModeThenIsDirect@-1 (line 2075)
                      ; - java.lang.invoke.VarHandleGuards::guard_LI_V@2 (line 120)
                      ; - java.util.concurrent.FutureTask::setException@22 (line 302)
                      ; - java.util.concurrent.FutureTask::run@59 (line 322)
  0x0000028a5be25068: 06e9 b8df 

  0x0000028a5be2506c: ;   {metadata({method} {0x0000028a001542f0} 'getMemberName' '(I)Ljava/lang/invoke/MemberName;' in 'java/lang/invoke/VarForm')}
  0x0000028a5be2506c: ffff 49ba | e842 1500 | 8a02 0000 | 4c89 5424 | 0848 c704 | 24ff ffff 

  0x0000028a5be25084: ;   {runtime_call counter_overflow Runtime1 stub}
  0x0000028a5be25084: ffe8 f60b 

  0x0000028a5be25088: ; ImmutableOopMap {rdx=Oop [232]=Oop }
                      ;*synchronization entry
                      ; - java.lang.invoke.VarForm::getMemberName@-1 (line 114)
                      ; - java.lang.invoke.VarHandleGuards::guard_LI_V@42 (line 122)
                      ; - java.util.concurrent.FutureTask::setException@22 (line 302)
                      ; - java.util.concurrent.FutureTask::run@59 (line 322)
  0x0000028a5be25088: 9606 e912 

  0x0000028a5be2508c: ;   {metadata({method} {0x0000028a782cf880} 'setRelease' '(Ljava/lang/invoke/VarHandle;Ljava/lang/Object;I)V' in 'java/lang/invoke/VarHandleInts$FieldInstanceReadWrite')}
  0x0000028a5be2508c: e0ff ff49 | ba78 f82c | 788a 0200 | 004c 8954 | 2408 48c7 | 0424 ffff 

  0x0000028a5be250a4: ;   {runtime_call counter_overflow Runtime1 stub}
  0x0000028a5be250a4: ffff e8d5 

  0x0000028a5be250a8: ; ImmutableOopMap {rdx=Oop [232]=Oop }
                      ;*synchronization entry
                      ; - java.lang.invoke.VarHandleInts$FieldInstanceReadWrite::setRelease@-1 (line 169)
                      ; - java.lang.invoke.VarHandleGuards::guard_LI_V@45 (line 122)
                      ; - java.util.concurrent.FutureTask::setException@22 (line 302)
                      ; - java.util.concurrent.FutureTask::run@59 (line 322)
  0x0000028a5be250a8: 0b96 06e9 | 24e1 ffff 

  0x0000028a5be250b0: ;   {metadata({method} {0x0000028a00465068} 'cast' '(Ljava/lang/Object;)Ljava/lang/Object;' in 'java/lang/Class')}
  0x0000028a5be250b0: 49ba 6050 | 4600 8a02 | 0000 4c89 | 5424 0848 | c704 24ff 

  0x0000028a5be250c4: ;   {runtime_call counter_overflow Runtime1 stub}
  0x0000028a5be250c4: ffff ffe8 

  0x0000028a5be250c8: ; ImmutableOopMap {rdx=Oop [232]=Oop }
                      ;*synchronization entry
                      ; - java.lang.Class::cast@-1 (line 4066)
                      ; - java.lang.invoke.VarHandleInts$FieldInstanceReadWrite::setRelease@13 (line 170)
                      ; - java.lang.invoke.VarHandleGuards::guard_LI_V@45 (line 122)
                      ; - java.util.concurrent.FutureTask::setException@22 (line 302)
                      ; - java.util.concurrent.FutureTask::run@59 (line 322)
  0x0000028a5be250c8: b40b 9606 | e94b e1ff 

  0x0000028a5be250d0: ;   {metadata({method} {0x0000028a00056488} 'requireNonNull' '(Ljava/lang/Object;)Ljava/lang/Object;' in 'java/util/Objects')}
  0x0000028a5be250d0: ff49 ba80 | 6405 008a | 0200 004c | 8954 2408 | 48c7 0424 | ffff ffff 

  0x0000028a5be250e8: ;   {runtime_call counter_overflow Runtime1 stub}
  0x0000028a5be250e8: e893 0b96 

  0x0000028a5be250ec: ; ImmutableOopMap {rdx=Oop [232]=Oop }
                      ;*synchronization entry
                      ; - java.util.Objects::requireNonNull@-1 (line 232)
                      ; - java.lang.invoke.VarHandleInts$FieldInstanceReadWrite::setRelease@16 (line 170)
                      ; - java.lang.invoke.VarHandleGuards::guard_LI_V@45 (line 122)
                      ; - java.util.concurrent.FutureTask::setException@22 (line 302)
                      ; - java.util.concurrent.FutureTask::run@59 (line 322)
  0x0000028a5be250ec: 06e9 02e2 

  0x0000028a5be250f0: ;   {metadata({method} {0x0000028a79731ae0} 'set' '(Ljava/lang/Object;)V' in 'java/util/concurrent/FutureTask')}
  0x0000028a5be250f0: ffff 49ba | d81a 7379 | 8a02 0000 | 4c89 5424 | 0848 c704 | 24ff ffff 

  0x0000028a5be25108: ;   {runtime_call counter_overflow Runtime1 stub}
  0x0000028a5be25108: ffe8 720b 

  0x0000028a5be2510c: ; ImmutableOopMap {rdx=Oop rax=Oop [232]=Oop }
                      ;*synchronization entry
                      ; - java.util.concurrent.FutureTask::set@-1 (line 282)
                      ; - java.util.concurrent.FutureTask::run@68 (line 325)
  0x0000028a5be2510c: 9606 e960 

  0x0000028a5be25110: ;   {metadata({method} {0x0000028a001562a0} 'guard_LII_Z' '(Ljava/lang/invoke/VarHandle;Ljava/lang/Object;IILjava/lang/invoke/VarHandle$AccessDescriptor;)Z' in 'java/lang/invoke/VarHandleGuards')}
  0x0000028a5be25110: e3ff ff49 | ba98 6215 | 008a 0200 | 004c 8954 | 2408 48c7 | 0424 ffff 

  0x0000028a5be25128: ;   {runtime_call counter_overflow Runtime1 stub}
  0x0000028a5be25128: ffff e851 

  0x0000028a5be2512c: ; ImmutableOopMap {rdx=Oop rax=Oop r9=Oop [232]=Oop }
                      ;*synchronization entry
                      ; - java.lang.invoke.VarHandleGuards::guard_LII_Z@-1 (line 135)
                      ; - java.util.concurrent.FutureTask::set@6 (line 282)
                      ; - java.util.concurrent.FutureTask::run@68 (line 325)
  0x0000028a5be2512c: 0b96 06e9 | d1e3 ffff 

  0x0000028a5be25134: ;   {metadata({method} {0x0000028a000936b8} 'checkAccessModeThenIsDirect' '(Ljava/lang/invoke/VarHandle$AccessDescriptor;)Z' in 'java/lang/invoke/VarHandle')}
  0x0000028a5be25134: 49ba b036 | 0900 8a02 | 0000 4c89 | 5424 0848 | c704 24ff 

  0x0000028a5be25148: ;   {runtime_call counter_overflow Runtime1 stub}
  0x0000028a5be25148: ffff ffe8 

  0x0000028a5be2514c: ; ImmutableOopMap {rdx=Oop rax=Oop [232]=Oop }
                      ;*synchronization entry
                      ; - java.lang.invoke.VarHandle::checkAccessModeThenIsDirect@-1 (line 2075)
                      ; - java.lang.invoke.VarHandleGuards::guard_LII_Z@3 (line 135)
                      ; - java.util.concurrent.FutureTask::set@6 (line 282)
                      ; - java.util.concurrent.FutureTask::run@68 (line 325)
  0x0000028a5be2514c: 300b 9606 | e99a e4ff 

  0x0000028a5be25154: ;   {metadata({method} {0x0000028a001542f0} 'getMemberName' '(I)Ljava/lang/invoke/MemberName;' in 'java/lang/invoke/VarForm')}
  0x0000028a5be25154: ff49 bae8 | 4215 008a | 0200 004c | 8954 2408 | 48c7 0424 | ffff ffff 

  0x0000028a5be2516c: ;   {runtime_call counter_overflow Runtime1 stub}
  0x0000028a5be2516c: e80f 0b96 

  0x0000028a5be25170: ; ImmutableOopMap {rdx=Oop rax=Oop [232]=Oop }
                      ;*synchronization entry
                      ; - java.lang.invoke.VarForm::getMemberName@-1 (line 114)
                      ; - java.lang.invoke.VarHandleGuards::guard_LII_Z@47 (line 137)
                      ; - java.util.concurrent.FutureTask::set@6 (line 282)
                      ; - java.util.concurrent.FutureTask::run@68 (line 325)
  0x0000028a5be25170: 06e9 f4e4 

  0x0000028a5be25174: ;   {metadata({method} {0x0000028a782cf990} 'compareAndSet' '(Ljava/lang/invoke/VarHandle;Ljava/lang/Object;II)Z' in 'java/lang/invoke/VarHandleInts$FieldInstanceReadWrite')}
  0x0000028a5be25174: ffff 49ba | 88f9 2c78 | 8a02 0000 | 4c89 5424 | 0848 c704 | 24ff ffff 

  0x0000028a5be2518c: ;   {runtime_call counter_overflow Runtime1 stub}
  0x0000028a5be2518c: ffe8 ee0a 

  0x0000028a5be25190: ; ImmutableOopMap {rdx=Oop rax=Oop [232]=Oop }
                      ;*synchronization entry
                      ; - java.lang.invoke.VarHandleInts$FieldInstanceReadWrite::compareAndSet@-1 (line 177)
                      ; - java.lang.invoke.VarHandleGuards::guard_LII_Z@50 (line 137)
                      ; - java.util.concurrent.FutureTask::set@6 (line 282)
                      ; - java.util.concurrent.FutureTask::run@68 (line 325)
  0x0000028a5be25190: 9606 e97a 

  0x0000028a5be25194: ;   {metadata({method} {0x0000028a00465068} 'cast' '(Ljava/lang/Object;)Ljava/lang/Object;' in 'java/lang/Class')}
  0x0000028a5be25194: e5ff ff49 | ba60 5046 | 008a 0200 | 004c 8954 | 2408 48c7 | 0424 ffff 

  0x0000028a5be251ac: ;   {runtime_call counter_overflow Runtime1 stub}
  0x0000028a5be251ac: ffff e8cd 

  0x0000028a5be251b0: ; ImmutableOopMap {rdx=Oop rax=Oop [232]=Oop }
                      ;*synchronization entry
                      ; - java.lang.Class::cast@-1 (line 4066)
                      ; - java.lang.invoke.VarHandleInts$FieldInstanceReadWrite::compareAndSet@15 (line 178)
                      ; - java.lang.invoke.VarHandleGuards::guard_LII_Z@50 (line 137)
                      ; - java.util.concurrent.FutureTask::set@6 (line 282)
                      ; - java.util.concurrent.FutureTask::run@68 (line 325)
  0x0000028a5be251b0: 0a96 06e9 | a1e5 ffff 

  0x0000028a5be251b8: ;   {metadata({method} {0x0000028a00056488} 'requireNonNull' '(Ljava/lang/Object;)Ljava/lang/Object;' in 'java/util/Objects')}
  0x0000028a5be251b8: 49ba 8064 | 0500 8a02 | 0000 4c89 | 5424 0848 | c704 24ff 

  0x0000028a5be251cc: ;   {runtime_call counter_overflow Runtime1 stub}
  0x0000028a5be251cc: ffff ffe8 

  0x0000028a5be251d0: ; ImmutableOopMap {rdx=Oop rax=Oop [232]=Oop }
                      ;*synchronization entry
                      ; - java.util.Objects::requireNonNull@-1 (line 232)
                      ; - java.lang.invoke.VarHandleInts$FieldInstanceReadWrite::compareAndSet@18 (line 178)
                      ; - java.lang.invoke.VarHandleGuards::guard_LII_Z@50 (line 137)
                      ; - java.util.concurrent.FutureTask::set@6 (line 282)
                      ; - java.util.concurrent.FutureTask::run@68 (line 325)
  0x0000028a5be251d0: ac0a 9606 | e958 e6ff | ff44 8b42 | 1449 c1e0 | 0349 83f8 | 000f 84c8 | e6ff ff4c 

  0x0000028a5be251ec: ;   {runtime_call g1_pre_barrier_slow}
  0x0000028a5be251ec: 8904 24e8 | 8c10 9606 | e9ba e6ff | ff48 83fb | 000f 84cf | e6ff ff48 

  0x0000028a5be25204: ;   {runtime_call g1_post_barrier_slow}
  0x0000028a5be25204: 8914 24e8 | 7413 9606 | e9c1 e6ff 

  0x0000028a5be25210: ;   {metadata({method} {0x0000028a00156248} 'guard_LI_V' '(Ljava/lang/invoke/VarHandle;Ljava/lang/Object;ILjava/lang/invoke/VarHandle$AccessDescriptor;)V' in 'java/lang/invoke/VarHandleGuards')}
  0x0000028a5be25210: ff49 ba40 | 6215 008a | 0200 004c | 8954 2408 | 48c7 0424 | ffff ffff 

  0x0000028a5be25228: ;   {runtime_call counter_overflow Runtime1 stub}
  0x0000028a5be25228: e853 0a96 

  0x0000028a5be2522c: ; ImmutableOopMap {rdx=Oop r9=Oop [232]=Oop }
                      ;*synchronization entry
                      ; - java.lang.invoke.VarHandleGuards::guard_LI_V@-1 (line 120)
                      ; - java.util.concurrent.FutureTask::set@22 (line 284)
                      ; - java.util.concurrent.FutureTask::run@68 (line 325)
  0x0000028a5be2522c: 06e9 b9e7 

  0x0000028a5be25230: ;   {metadata({method} {0x0000028a000936b8} 'checkAccessModeThenIsDirect' '(Ljava/lang/invoke/VarHandle$AccessDescriptor;)Z' in 'java/lang/invoke/VarHandle')}
  0x0000028a5be25230: ffff 49ba | b036 0900 | 8a02 0000 | 4c89 5424 | 0848 c704 | 24ff ffff 

  0x0000028a5be25248: ;   {runtime_call counter_overflow Runtime1 stub}
  0x0000028a5be25248: ffe8 320a 

  0x0000028a5be2524c: ; ImmutableOopMap {rdx=Oop [232]=Oop }
                      ;*synchronization entry
                      ; - java.lang.invoke.VarHandle::checkAccessModeThenIsDirect@-1 (line 2075)
                      ; - java.lang.invoke.VarHandleGuards::guard_LI_V@2 (line 120)
                      ; - java.util.concurrent.FutureTask::set@22 (line 284)
                      ; - java.util.concurrent.FutureTask::run@68 (line 325)
  0x0000028a5be2524c: 9606 e982 

  0x0000028a5be25250: ;   {metadata({method} {0x0000028a001542f0} 'getMemberName' '(I)Ljava/lang/invoke/MemberName;' in 'java/lang/invoke/VarForm')}
  0x0000028a5be25250: e8ff ff49 | bae8 4215 | 008a 0200 | 004c 8954 | 2408 48c7 | 0424 ffff 

  0x0000028a5be25268: ;   {runtime_call counter_overflow Runtime1 stub}
  0x0000028a5be25268: ffff e811 

  0x0000028a5be2526c: ; ImmutableOopMap {rdx=Oop [232]=Oop }
                      ;*synchronization entry
                      ; - java.lang.invoke.VarForm::getMemberName@-1 (line 114)
                      ; - java.lang.invoke.VarHandleGuards::guard_LI_V@42 (line 122)
                      ; - java.util.concurrent.FutureTask::set@22 (line 284)
                      ; - java.util.concurrent.FutureTask::run@68 (line 325)
  0x0000028a5be2526c: 0a96 06e9 | dce8 ffff 

  0x0000028a5be25274: ;   {metadata({method} {0x0000028a782cf880} 'setRelease' '(Ljava/lang/invoke/VarHandle;Ljava/lang/Object;I)V' in 'java/lang/invoke/VarHandleInts$FieldInstanceReadWrite')}
  0x0000028a5be25274: 49ba 78f8 | 2c78 8a02 | 0000 4c89 | 5424 0848 | c704 24ff 

  0x0000028a5be25288: ;   {runtime_call counter_overflow Runtime1 stub}
  0x0000028a5be25288: ffff ffe8 

  0x0000028a5be2528c: ; ImmutableOopMap {rdx=Oop [232]=Oop }
                      ;*synchronization entry
                      ; - java.lang.invoke.VarHandleInts$FieldInstanceReadWrite::setRelease@-1 (line 169)
                      ; - java.lang.invoke.VarHandleGuards::guard_LI_V@45 (line 122)
                      ; - java.util.concurrent.FutureTask::set@22 (line 284)
                      ; - java.util.concurrent.FutureTask::run@68 (line 325)
  0x0000028a5be2528c: f009 9606 | e9ee e9ff 

  0x0000028a5be25294: ;   {metadata({method} {0x0000028a00465068} 'cast' '(Ljava/lang/Object;)Ljava/lang/Object;' in 'java/lang/Class')}
  0x0000028a5be25294: ff49 ba60 | 5046 008a | 0200 004c | 8954 2408 | 48c7 0424 | ffff ffff 

  0x0000028a5be252ac: ;   {runtime_call counter_overflow Runtime1 stub}
  0x0000028a5be252ac: e8cf 0996 

  0x0000028a5be252b0: ; ImmutableOopMap {rdx=Oop [232]=Oop }
                      ;*synchronization entry
                      ; - java.lang.Class::cast@-1 (line 4066)
                      ; - java.lang.invoke.VarHandleInts$FieldInstanceReadWrite::setRelease@13 (line 170)
                      ; - java.lang.invoke.VarHandleGuards::guard_LI_V@45 (line 122)
                      ; - java.util.concurrent.FutureTask::set@22 (line 284)
                      ; - java.util.concurrent.FutureTask::run@68 (line 325)
  0x0000028a5be252b0: 06e9 15ea 

  0x0000028a5be252b4: ;   {metadata({method} {0x0000028a00056488} 'requireNonNull' '(Ljava/lang/Object;)Ljava/lang/Object;' in 'java/util/Objects')}
  0x0000028a5be252b4: ffff 49ba | 8064 0500 | 8a02 0000 | 4c89 5424 | 0848 c704 | 24ff ffff 

  0x0000028a5be252cc: ;   {runtime_call counter_overflow Runtime1 stub}
  0x0000028a5be252cc: ffe8 ae09 

  0x0000028a5be252d0: ; ImmutableOopMap {rdx=Oop [232]=Oop }
                      ;*synchronization entry
                      ; - java.util.Objects::requireNonNull@-1 (line 232)
                      ; - java.lang.invoke.VarHandleInts$FieldInstanceReadWrite::setRelease@16 (line 170)
                      ; - java.lang.invoke.VarHandleGuards::guard_LI_V@45 (line 122)
                      ; - java.util.concurrent.FutureTask::set@22 (line 284)
                      ; - java.util.concurrent.FutureTask::run@68 (line 325)
  0x0000028a5be252d0: 9606 e9cc | eaff ff8b | 7a18 48c1 | e703 4883 | ff00 0f84 | c3eb ffff | 4889 3c24 

  0x0000028a5be252ec: ;   {runtime_call g1_pre_barrier_slow}
  0x0000028a5be252ec: e88f 0f96 | 06e9 b5eb | ffff 4883 | fe00 0f84 | d0eb ffff | 4889 1424 

  0x0000028a5be25304: ;   {runtime_call g1_post_barrier_slow}
  0x0000028a5be25304: e877 1296 | 06e9 c2eb 

  0x0000028a5be2530c: ;   {metadata({method} {0x0000028a79732060} 'handlePossibleCancellationInterrupt' '(I)V' in 'java/util/concurrent/FutureTask')}
  0x0000028a5be2530c: ffff 49ba | 5820 7379 | 8a02 0000 | 4c89 5424 | 0848 c704 | 24ff ffff 

  0x0000028a5be25324: ;   {runtime_call counter_overflow Runtime1 stub}
  0x0000028a5be25324: ffe8 5609 

  0x0000028a5be25328: ; ImmutableOopMap {rdx=Oop [232]=Oop }
                      ;*synchronization entry
                      ; - java.util.concurrent.FutureTask::handlePossibleCancellationInterrupt@-1 (line 384)
                      ; - java.util.concurrent.FutureTask::run@88 (line 335)
  0x0000028a5be25328: 9606 e90f 

  0x0000028a5be2532c: ;   {metadata({method} {0x0000028a00429fc8} 'yield' '()V' in 'java/lang/Thread')}
  0x0000028a5be2532c: ecff ff49 | bac0 9f42 | 008a 0200 | 004c 8954 | 2408 48c7 | 0424 ffff 

  0x0000028a5be25344: ;   {runtime_call counter_overflow Runtime1 stub}
  0x0000028a5be25344: ffff e835 

  0x0000028a5be25348: ; ImmutableOopMap {rdx=Oop [232]=Oop }
                      ;*synchronization entry
                      ; - java.lang.Thread::yield@-1 (line 442)
                      ; - java.util.concurrent.FutureTask::handlePossibleCancellationInterrupt@13 (line 386)
                      ; - java.util.concurrent.FutureTask::run@88 (line 335)
  0x0000028a5be25348: 0996 06e9 | 8bec ffff | 4889 3424 

  0x0000028a5be25354: ;   {runtime_call throw_class_cast_exception Runtime1 stub}
  0x0000028a5be25354: e827 dc95 

  0x0000028a5be25358: ; ImmutableOopMap {[232]=Oop }
                      ;*checkcast {reexecute=0 rethrow=0 return_oop=0}
                      ; - java.lang.Thread::yield@12 (line 442)
                      ; - java.util.concurrent.FutureTask::handlePossibleCancellationInterrupt@13 (line 386)
                      ; - java.util.concurrent.FutureTask::run@88 (line 335)
                      ;   {runtime_call throw_null_pointer_exception Runtime1 stub}
  0x0000028a5be25358: 06e8 22b8 

  0x0000028a5be2535c: ; ImmutableOopMap {rsi=Oop [232]=Oop }
                      ;*invokevirtual tryYield {reexecute=0 rethrow=0 return_oop=0}
                      ; - java.lang.Thread::yield@17 (line 443)
                      ; - java.util.concurrent.FutureTask::handlePossibleCancellationInterrupt@13 (line 386)
                      ; - java.util.concurrent.FutureTask::run@88 (line 335)
                      ;   {metadata({method} {0x0000028a79732060} 'handlePossibleCancellationInterrupt' '(I)V' in 'java/util/concurrent/FutureTask')}
  0x0000028a5be2535c: 9506 49ba | 5820 7379 | 8a02 0000 | 4c89 5424 | 0848 c704 | 2410 0000 

  0x0000028a5be25374: ;   {runtime_call counter_overflow Runtime1 stub}
  0x0000028a5be25374: 00e8 0609 

  0x0000028a5be25378: ; ImmutableOopMap {[232]=Oop }
                      ;*goto {reexecute=1 rethrow=0 return_oop=0}
                      ; - (reexecute) java.util.concurrent.FutureTask::handlePossibleCancellationInterrupt@16 (line 386)
                      ; - java.util.concurrent.FutureTask::run@88 (line 335)
  0x0000028a5be25378: 9606 e98c 

  0x0000028a5be2537c: ;   {internal_word}
  0x0000028a5be2537c: efff ff49 | ba4a 43e2 | 5b8a 0200 | 004d 8997 | 6004 0000 

  0x0000028a5be25390: ;   {runtime_call SafepointBlob}
  0x0000028a5be25390: e96b 038a 

  0x0000028a5be25394: ;   {internal_word}
  0x0000028a5be25394: 0649 ba60 | 43e2 5b8a | 0200 004d | 8997 6004 

  0x0000028a5be253a4: ;   {runtime_call SafepointBlob}
  0x0000028a5be253a4: 0000 e955 | 038a 0648 

  0x0000028a5be253ac: ;   {runtime_call fast_new_instance Runtime1 stub}
  0x0000028a5be253ac: 8bd2 e8cd 

  0x0000028a5be253b0: ; ImmutableOopMap {[232]=Oop }
                      ;*new {reexecute=0 rethrow=0 return_oop=0}
                      ; - java.lang.Class::cast@12 (line 4067)
                      ; - java.lang.invoke.VarHandleInts$FieldInstanceReadWrite::setRelease@13 (line 170)
                      ; - java.lang.invoke.VarHandleGuards::guard_LI_V@45 (line 122)
                      ; - java.util.concurrent.FutureTask::set@22 (line 284)
                      ; - java.util.concurrent.FutureTask::run@68 (line 325)
  0x0000028a5be253b0: c095 06e9 | 0ef0 ffff 

  0x0000028a5be253b8: ;   {runtime_call fast_new_instance Runtime1 stub}
  0x0000028a5be253b8: 488b d2e8 

  0x0000028a5be253bc: ; ImmutableOopMap {[232]=Oop [256]=Oop }
                      ;*new {reexecute=0 rethrow=0 return_oop=0}
                      ; - java.lang.Class::cast@12 (line 4067)
                      ; - java.lang.invoke.VarHandleInts$FieldInstanceReadWrite::compareAndSet@15 (line 178)
                      ; - java.lang.invoke.VarHandleGuards::guard_LII_Z@50 (line 137)
                      ; - java.util.concurrent.FutureTask::set@6 (line 282)
                      ; - java.util.concurrent.FutureTask::run@68 (line 325)
  0x0000028a5be253bc: c0c0 9506 | e9ef f0ff | ff48 8bd2 

  0x0000028a5be253c8: ;   {runtime_call fast_new_instance Runtime1 stub}
  0x0000028a5be253c8: e8b3 c095 

  0x0000028a5be253cc: ; ImmutableOopMap {[232]=Oop }
                      ;*new {reexecute=0 rethrow=0 return_oop=0}
                      ; - java.lang.Class::cast@12 (line 4067)
                      ; - java.lang.invoke.VarHandleInts$FieldInstanceReadWrite::setRelease@13 (line 170)
                      ; - java.lang.invoke.VarHandleGuards::guard_LI_V@45 (line 122)
                      ; - java.util.concurrent.FutureTask::setException@22 (line 302)
                      ; - java.util.concurrent.FutureTask::run@59 (line 322)
  0x0000028a5be253cc: 06e9 caf1 | ffff 488b 

  0x0000028a5be253d4: ;   {runtime_call fast_new_instance Runtime1 stub}
  0x0000028a5be253d4: d2e8 a6c0 

  0x0000028a5be253d8: ; ImmutableOopMap {[232]=Oop [280]=Oop }
                      ;*new {reexecute=0 rethrow=0 return_oop=0}
                      ; - java.lang.Class::cast@12 (line 4067)
                      ; - java.lang.invoke.VarHandleInts$FieldInstanceReadWrite::compareAndSet@15 (line 178)
                      ; - java.lang.invoke.VarHandleGuards::guard_LII_Z@50 (line 137)
                      ; - java.util.concurrent.FutureTask::setException@6 (line 300)
                      ; - java.util.concurrent.FutureTask::run@59 (line 322)
  0x0000028a5be253d8: 9506 e9ad | f2ff ff8b | 7a18 48c1 | e703 4883 | ff00 0f84 | 6ef3 ffff | 4889 3c24 

  0x0000028a5be253f4: ;   {runtime_call g1_pre_barrier_slow}
  0x0000028a5be253f4: e887 0e96 | 06e9 60f3 | ffff 4883 | fe00 0f84 | 7bf3 ffff | 4889 1424 

  0x0000028a5be2540c: ;   {runtime_call g1_post_barrier_slow}
  0x0000028a5be2540c: e86f 1196 | 06e9 6df3 

  0x0000028a5be25414: ;   {metadata({method} {0x0000028a79732060} 'handlePossibleCancellationInterrupt' '(I)V' in 'java/util/concurrent/FutureTask')}
  0x0000028a5be25414: ffff 49ba | 5820 7379 | 8a02 0000 | 4c89 5424 | 0848 c704 | 24ff ffff 

  0x0000028a5be2542c: ;   {runtime_call counter_overflow Runtime1 stub}
  0x0000028a5be2542c: ffe8 4e08 

  0x0000028a5be25430: ; ImmutableOopMap {rax=Oop rdx=Oop [232]=Oop [288]=Oop }
                      ;*synchronization entry
                      ; - java.util.concurrent.FutureTask::handlePossibleCancellationInterrupt@-1 (line 384)
                      ; - java.util.concurrent.FutureTask::run@116 (line 335)
  0x0000028a5be25430: 9606 e9ba 

  0x0000028a5be25434: ;   {metadata({method} {0x0000028a00429fc8} 'yield' '()V' in 'java/lang/Thread')}
  0x0000028a5be25434: f3ff ff49 | bac0 9f42 | 008a 0200 | 004c 8954 | 2408 48c7 | 0424 ffff 

  0x0000028a5be2544c: ;   {runtime_call counter_overflow Runtime1 stub}
  0x0000028a5be2544c: ffff e82d 

  0x0000028a5be25450: ; ImmutableOopMap {rdx=Oop [232]=Oop [288]=Oop }
                      ;*synchronization entry
                      ; - java.lang.Thread::yield@-1 (line 442)
                      ; - java.util.concurrent.FutureTask::handlePossibleCancellationInterrupt@13 (line 386)
                      ; - java.util.concurrent.FutureTask::run@116 (line 335)
  0x0000028a5be25450: 0896 06e9 | 33f4 ffff | 4889 3424 

  0x0000028a5be2545c: ;   {runtime_call throw_class_cast_exception Runtime1 stub}
  0x0000028a5be2545c: e81f db95 

  0x0000028a5be25460: ; ImmutableOopMap {[232]=Oop [288]=Oop }
                      ;*checkcast {reexecute=0 rethrow=0 return_oop=0}
                      ; - java.lang.Thread::yield@12 (line 442)
                      ; - java.util.concurrent.FutureTask::handlePossibleCancellationInterrupt@13 (line 386)
                      ; - java.util.concurrent.FutureTask::run@116 (line 335)
                      ;   {runtime_call throw_null_pointer_exception Runtime1 stub}
  0x0000028a5be25460: 06e8 1ab7 

  0x0000028a5be25464: ; ImmutableOopMap {rsi=Oop [232]=Oop [288]=Oop }
                      ;*invokevirtual tryYield {reexecute=0 rethrow=0 return_oop=0}
                      ; - java.lang.Thread::yield@17 (line 443)
                      ; - java.util.concurrent.FutureTask::handlePossibleCancellationInterrupt@13 (line 386)
                      ; - java.util.concurrent.FutureTask::run@116 (line 335)
                      ;   {metadata({method} {0x0000028a79732060} 'handlePossibleCancellationInterrupt' '(I)V' in 'java/util/concurrent/FutureTask')}
  0x0000028a5be25464: 9506 49ba | 5820 7379 | 8a02 0000 | 4c89 5424 | 0848 c704 | 2410 0000 

  0x0000028a5be2547c: ;   {runtime_call counter_overflow Runtime1 stub}
  0x0000028a5be2547c: 00e8 fe07 

  0x0000028a5be25480: ; ImmutableOopMap {[232]=Oop [288]=Oop }
                      ;*goto {reexecute=1 rethrow=0 return_oop=0}
                      ; - (reexecute) java.util.concurrent.FutureTask::handlePossibleCancellationInterrupt@16 (line 386)
                      ; - java.util.concurrent.FutureTask::run@116 (line 335)
  0x0000028a5be25480: 9606 e934 | f7ff ff48 

  0x0000028a5be25488: ;   {runtime_call fast_new_instance Runtime1 stub}
  0x0000028a5be25488: 8bd2 e8f1 

  0x0000028a5be2548c: ; ImmutableOopMap {rbx=Oop [232]=Oop }
                      ;*new {reexecute=0 rethrow=0 return_oop=0}
                      ; - java.lang.Class::cast@12 (line 4067)
                      ; - java.lang.invoke.VarHandleReferences$FieldInstanceReadWrite::compareAndSet@41 (line 183)
                      ; - java.lang.invoke.VarHandleGuards::guard_LLL_Z@50 (line 68)
                      ; - java.util.concurrent.FutureTask::run@15 (line 309)
  0x0000028a5be2548c: bf95 06e9 | b3f7 ffff 

  0x0000028a5be25494: ;   {runtime_call fast_new_instance Runtime1 stub}
  0x0000028a5be25494: 488b d2e8 

  0x0000028a5be25498: ; ImmutableOopMap {r9=Oop [232]=Oop [312]=Oop }
                      ;*new {reexecute=0 rethrow=0 return_oop=0}
                      ; - java.lang.Class::cast@12 (line 4067)
                      ; - java.lang.invoke.VarHandleReferences$FieldInstanceReadWrite::compareAndSet@15 (line 180)
                      ; - java.lang.invoke.VarHandleGuards::guard_LLL_Z@50 (line 68)
                      ; - java.util.concurrent.FutureTask::run@15 (line 309)
  0x0000028a5be25498: e4bf 9506 | e98b f8ff | ff49 8b87 | f804 0000 | 49c7 87f8 | 0400 0000 | 0000 0049 | c787 0005 
  0x0000028a5be254b8: 0000 0000 | 0000 4881 | c450 0100 

  0x0000028a5be254c4: ;   {runtime_call unwind_exception Runtime1 stub}
  0x0000028a5be254c4: 005d e9b5 | a795 06f4 | f4f4 f4f4 
[Stub Code]
  0x0000028a5be254d0: ;   {no_reloc}
  0x0000028a5be254d0: 0f1f 4400 

  0x0000028a5be254d4: ;   {static_stub}
  0x0000028a5be254d4: 0048 bb00 | 0000 0000 

  0x0000028a5be254dc: ;   {runtime_call nmethod}
  0x0000028a5be254dc: 0000 00e9 | fbff ffff 

  0x0000028a5be254e4: ;   {static_stub}
  0x0000028a5be254e4: 9048 bb00 | 0000 0000 

  0x0000028a5be254ec: ;   {runtime_call nmethod}
  0x0000028a5be254ec: 0000 00e9 | fbff ffff 

  0x0000028a5be254f4: ;   {static_stub}
  0x0000028a5be254f4: 9048 bb00 | 0000 0000 

  0x0000028a5be254fc: ;   {runtime_call nmethod}
  0x0000028a5be254fc: 0000 00e9 | fbff ffff 

  0x0000028a5be25504: ;   {static_stub}
  0x0000028a5be25504: 48bb 78ce | 4300 8a02 

  0x0000028a5be2550c: ;   {runtime_call I2C/C2I adapters}
  0x0000028a5be2550c: 0000 e95b 

  0x0000028a5be25510: ;   {static_stub}
  0x0000028a5be25510: 3d89 0648 | bb88 2173 | 798a 0200 

  0x0000028a5be2551c: ;   {runtime_call I2C/C2I adapters}
  0x0000028a5be2551c: 00e9 41df 

  0x0000028a5be25520: ;   {static_stub}
  0x0000028a5be25520: 8906 48bb | 80a8 4200 | 8a02 0000 

  0x0000028a5be2552c: ;   {runtime_call I2C/C2I adapters}
  0x0000028a5be2552c: e9ae 8989 

  0x0000028a5be25530: ;   {static_stub}
  0x0000028a5be25530: 0648 bb00 | 0000 0000 

  0x0000028a5be25538: ;   {runtime_call nmethod}
  0x0000028a5be25538: 0000 00e9 | fbff ffff 

  0x0000028a5be25540: ;   {static_stub}
  0x0000028a5be25540: 48bb 0000 | 0000 0000 

  0x0000028a5be25548: ;   {runtime_call nmethod}
  0x0000028a5be25548: 0000 e9fb 

  0x0000028a5be2554c: ;   {runtime_call handle_exception_from_callee Runtime1 stub}
  0x0000028a5be2554c: ffff ffe8 | 2cd4 9506 

  0x0000028a5be25554: ;   {external_word}
  0x0000028a5be25554: 48b9 506f | c9ed fc7f | 0000 4883 

  0x0000028a5be25560: ;   {runtime_call}
  0x0000028a5be25560: e4f0 48b8 | d040 8ced | fc7f 0000 

  0x0000028a5be2556c: ;   {section_word}
  0x0000028a5be2556c: ffd0 f449 | ba6f 55e2 | 5b8a 0200 

  0x0000028a5be25578: ;   {runtime_call DeoptimizationBlob}
  0x0000028a5be25578: 0041 52e9 | 20f4 8906 
[/MachCode]


---------------  P R O C E S S  ---------------

Threads class SMR info:
_java_thread_list=0x0000028a77dbb770, length=30, elements={
0x0000028a50783980, 0x0000028a7731cde0, 0x0000028a7731ea40, 0x0000028a77320850,
0x0000028a773232b0, 0x0000028a773244a0, 0x0000028a77325690, 0x0000028a7732e0d0,
0x0000028a77331310, 0x0000028a77473e50, 0x0000028a7747cab0, 0x0000028a7c1fcc40,
0x0000028a7ca2fd10, 0x0000028a7ca30370, 0x0000028a7f154bd0, 0x0000028a7c909300,
0x0000028a7c90ba60, 0x0000028a7c90a020, 0x0000028a7c90ad40, 0x0000028a7f053610,
0x0000028a7f050eb0, 0x0000028a4ca8db70, 0x0000028a4ca8baa0, 0x0000028a4ca87f90,
0x0000028a4ca8e200, 0x0000028a4ca8e890, 0x0000028a4ca8ef20, 0x0000028a4ca89340,
0x0000028a4ca8f5b0, 0x0000028a4ca8a060
}

Java Threads: ( => current thread )
  0x0000028a50783980 JavaThread "main"                              [_thread_blocked, id=7332, stack(0x000000febea00000,0x000000febeb00000) (1024K)]
  0x0000028a7731cde0 JavaThread "Reference Handler"          daemon [_thread_blocked, id=25452, stack(0x000000febf200000,0x000000febf300000) (1024K)]
  0x0000028a7731ea40 JavaThread "Finalizer"                  daemon [_thread_blocked, id=14844, stack(0x000000febf300000,0x000000febf400000) (1024K)]
  0x0000028a77320850 JavaThread "Signal Dispatcher"          daemon [_thread_blocked, id=20100, stack(0x000000febf400000,0x000000febf500000) (1024K)]
  0x0000028a773232b0 JavaThread "Attach Listener"            daemon [_thread_blocked, id=21632, stack(0x000000febf500000,0x000000febf600000) (1024K)]
  0x0000028a773244a0 JavaThread "Service Thread"             daemon [_thread_blocked, id=19400, stack(0x000000febf600000,0x000000febf700000) (1024K)]
  0x0000028a77325690 JavaThread "Monitor Deflation Thread"   daemon [_thread_blocked, id=26052, stack(0x000000febf700000,0x000000febf800000) (1024K)]
  0x0000028a7732e0d0 JavaThread "C2 CompilerThread0"         daemon [_thread_blocked, id=18416, stack(0x000000febf800000,0x000000febf900000) (1024K)]
  0x0000028a77331310 JavaThread "C1 CompilerThread0"         daemon [_thread_blocked, id=27440, stack(0x000000febf900000,0x000000febfa00000) (1024K)]
  0x0000028a77473e50 JavaThread "Notification Thread"        daemon [_thread_blocked, id=23460, stack(0x000000febfa00000,0x000000febfb00000) (1024K)]
  0x0000028a7747cab0 JavaThread "Common-Cleaner"             daemon [_thread_blocked, id=15772, stack(0x000000febfb00000,0x000000febfc00000) (1024K)]
  0x0000028a7c1fcc40 JavaThread "Thread-1"                   daemon [_thread_blocked, id=19208, stack(0x000000fec0700000,0x000000fec0800000) (1024K)]
  0x0000028a7ca2fd10 JavaThread "Java2D Disposer"            daemon [_thread_blocked, id=22812, stack(0x000000fec0a00000,0x000000fec0b00000) (1024K)]
  0x0000028a7ca30370 JavaThread "AWT-Shutdown"                      [_thread_blocked, id=27276, stack(0x000000fec0b00000,0x000000fec0c00000) (1024K)]
  0x0000028a7f154bd0 JavaThread "AWT-Windows"                daemon [_thread_in_native, id=11212, stack(0x000000fec0c00000,0x000000fec0d00000) (1024K)]
  0x0000028a7c909300 JavaThread "AWT-EventQueue-0"                  [_thread_blocked, id=24960, stack(0x000000fec0d00000,0x000000fec0e00000) (1024K)]
  0x0000028a7c90ba60 JavaThread "D3D Screen Updater"         daemon [_thread_blocked, id=4592, stack(0x000000fec1100000,0x000000fec1200000) (1024K)]
  0x0000028a7c90a020 JavaThread "TimerQueue"                 daemon [_thread_blocked, id=6368, stack(0x000000fec1200000,0x000000fec1300000) (1024K)]
  0x0000028a7c90ad40 JavaThread "Swing-Shell"                daemon [_thread_blocked, id=9888, stack(0x000000febe900000,0x000000febea00000) (1024K)]
  0x0000028a7f053610 JavaThread "SwingWorker-pool-2-thread-1" daemon [_thread_blocked, id=18112, stack(0x000000fec1500000,0x000000fec1600000) (1024K)]
  0x0000028a7f050eb0 JavaThread "JavaCPP Deallocator"        daemon [_thread_blocked, id=22904, stack(0x000000fec1700000,0x000000fec1800000) (1024K)]
  0x0000028a4ca8db70 JavaThread "SwingWorker-pool-2-thread-2" daemon [_thread_blocked, id=15740, stack(0x000000febe800000,0x000000febe900000) (1024K)]
  0x0000028a4ca8baa0 JavaThread "SwingWorker-pool-2-thread-3" daemon [_thread_blocked, id=9156, stack(0x000000fec3d00000,0x000000fec3e00000) (1024K)]
  0x0000028a4ca87f90 JavaThread "SwingWorker-pool-2-thread-4" daemon [_thread_blocked, id=20592, stack(0x000000fec3e00000,0x000000fec3f00000) (1024K)]
  0x0000028a4ca8e200 JavaThread "SwingWorker-pool-2-thread-5" daemon [_thread_blocked, id=28040, stack(0x000000fec1400000,0x000000fec1500000) (1024K)]
  0x0000028a4ca8e890 JavaThread "SwingWorker-pool-2-thread-6" daemon [_thread_in_native, id=22976, stack(0x000000fec0800000,0x000000fec0900000) (1024K)]
=>0x0000028a4ca8ef20 JavaThread "SwingWorker-pool-2-thread-7" daemon [_thread_in_native, id=27952, stack(0x000000fec0900000,0x000000fec0a00000) (1024K)]
  0x0000028a4ca89340 JavaThread "SwingWorker-pool-2-thread-8" daemon [_thread_in_native, id=14672, stack(0x000000fec1000000,0x000000fec1100000) (1024K)]
  0x0000028a4ca8f5b0 JavaThread "SwingWorker-pool-2-thread-9" daemon [_thread_in_native, id=28200, stack(0x000000fec3f00000,0x000000fec4000000) (1024K)]
  0x0000028a4ca8a060 JavaThread "SwingWorker-pool-2-thread-10" daemon [_thread_in_native, id=24544, stack(0x000000fec4000000,0x000000fec4100000) (1024K)]
Total: 30

Other Threads:
  0x0000028a76a7e7f0 VMThread "VM Thread"                           [id=19520, stack(0x000000febf100000,0x000000febf200000) (1024K)]
  0x0000028a76a6c890 WatcherThread "VM Periodic Task Thread"        [id=13612, stack(0x000000febf000000,0x000000febf100000) (1024K)]
  0x0000028a52af87b0 WorkerThread "GC Thread#0"                     [id=10728, stack(0x000000febeb00000,0x000000febec00000) (1024K)]
  0x0000028a7c8b19f0 WorkerThread "GC Thread#1"                     [id=3768, stack(0x000000febfe00000,0x000000febff00000) (1024K)]
  0x0000028a7c8b21a0 WorkerThread "GC Thread#2"                     [id=12432, stack(0x000000febff00000,0x000000fec0000000) (1024K)]
  0x0000028a7c116da0 WorkerThread "GC Thread#3"                     [id=25096, stack(0x000000fec0000000,0x000000fec0100000) (1024K)]
  0x0000028a7c117560 WorkerThread "GC Thread#4"                     [id=10908, stack(0x000000fec0100000,0x000000fec0200000) (1024K)]
  0x0000028a7c5dd100 WorkerThread "GC Thread#5"                     [id=21792, stack(0x000000fec0200000,0x000000fec0300000) (1024K)]
  0x0000028a77f172a0 WorkerThread "GC Thread#6"                     [id=27052, stack(0x000000fec0300000,0x000000fec0400000) (1024K)]
  0x0000028a7c4b9c40 WorkerThread "GC Thread#7"                     [id=5388, stack(0x000000fec0400000,0x000000fec0500000) (1024K)]
  0x0000028a7c4ba5f0 WorkerThread "GC Thread#8"                     [id=15256, stack(0x000000fec0500000,0x000000fec0600000) (1024K)]
  0x0000028a7c4baba0 WorkerThread "GC Thread#9"                     [id=26392, stack(0x000000fec0600000,0x000000fec0700000) (1024K)]
  0x0000028a52b098d0 ConcurrentGCThread "G1 Main Marker"            [id=10556, stack(0x000000febec00000,0x000000febed00000) (1024K)]
  0x0000028a52b0ab70 WorkerThread "G1 Conc#0"                       [id=18512, stack(0x000000febed00000,0x000000febee00000) (1024K)]
  0x0000028a7ea08b20 WorkerThread "G1 Conc#1"                       [id=21048, stack(0x000000fec0e00000,0x000000fec0f00000) (1024K)]
  0x0000028a7ea071c0 WorkerThread "G1 Conc#2"                       [id=8724, stack(0x000000fec0f00000,0x000000fec1000000) (1024K)]
  0x0000028a7692e960 ConcurrentGCThread "G1 Refine#0"               [id=27496, stack(0x000000febee00000,0x000000febef00000) (1024K)]
  0x0000028a7692f0e0 ConcurrentGCThread "G1 Service"                [id=1616, stack(0x000000febef00000,0x000000febf000000) (1024K)]
Total: 18

Threads with active compile tasks:
Total: 0

VM state: not at safepoint (normal execution)

VM Mutex/Monitor currently owned by a thread: None

Heap address: 0x0000000600c00000, size: 8180 MB, Compressed Oops mode: Zero based, Oop shift amount: 3

CDS archive(s) mapped at: [0x0000028a00000000-0x0000028a00c80000-0x0000028a00c80000), size 13107200, SharedBaseAddress: 0x0000028a00000000, ArchiveRelocationMode: 1.
Compressed class space mapped at: 0x0000028a01000000-0x0000028a41000000, reserved size: 1073741824
Narrow klass base: 0x0000028a00000000, Narrow klass shift: 0, Narrow klass range: 0x100000000

GC Precious Log:
 CardTable entry size: 512
 Card Set container configuration: InlinePtr #cards 4 size 8 Array Of Cards #cards 32 size 80 Howl #buckets 8 coarsen threshold 7372 Howl Bitmap #cards 1024 size 144 coarsen threshold 921 Card regions per heap region 1 cards per card region 8192
 CPUs: 12 total, 12 available
 Memory: 32719M
 Large Page Support: Disabled
 NUMA Support: Disabled
 Compressed Oops: Enabled (Zero based)
 Heap Region Size: 4M
 Heap Min Capacity: 8M
 Heap Initial Capacity: 512M
 Heap Max Capacity: 8180M
 Pre-touch: Disabled
 Parallel Workers: 10
 Concurrent Workers: 3
 Concurrent Refinement Workers: 10
 Periodic GC: Disabled

Heap:
 garbage-first heap   total 98304K, used 28601K [0x0000000600c00000, 0x0000000800000000)
  region size 4096K, 1 young (4096K), 0 survivors (0K)
 Metaspace       used 38780K, committed 39168K, reserved 1114112K
  class space    used 3924K, committed 4096K, reserved 1048576K

Heap Regions: E=young(eden), S=young(survivor), O=old, HS=humongous(starts), HC=humongous(continues), CS=collection set, F=free, TAMS=top-at-mark-start, PB=parsable bottom
|   0|0x0000000600c00000, 0x0000000600ffffe0, 0x0000000601000000| 99%| O|  |TAMS 0x0000000600c00000| PB 0x0000000600c00000| Untracked 
|   1|0x0000000601000000, 0x0000000601400000, 0x0000000601400000|100%| O|  |TAMS 0x0000000601000000| PB 0x0000000601000000| Untracked 
|   2|0x0000000601400000, 0x0000000601800000, 0x0000000601800000|100%| O|  |TAMS 0x0000000601400000| PB 0x0000000601400000| Untracked 
|   3|0x0000000601800000, 0x0000000601c00000, 0x0000000601c00000|100%| O|  |TAMS 0x0000000601800000| PB 0x0000000601800000| Untracked 
|   4|0x0000000601c00000, 0x0000000601ffffe8, 0x0000000602000000| 99%| O|  |TAMS 0x0000000601c00000| PB 0x0000000601c00000| Untracked 
|   5|0x0000000602000000, 0x00000006022ad9f8, 0x0000000602400000| 66%| O|  |TAMS 0x0000000602000000| PB 0x0000000602000000| Untracked 
|   6|0x0000000602400000, 0x00000006027b0940, 0x0000000602800000| 92%| O|  |TAMS 0x0000000602400000| PB 0x0000000602400000| Untracked 
|   7|0x0000000602800000, 0x0000000602990238, 0x0000000602c00000| 39%| O|  |TAMS 0x0000000602800000| PB 0x0000000602800000| Untracked 
|   8|0x0000000602c00000, 0x0000000602c00000, 0x0000000603000000|  0%| F|  |TAMS 0x0000000602c00000| PB 0x0000000602c00000| Untracked 
|   9|0x0000000603000000, 0x0000000603000000, 0x0000000603400000|  0%| F|  |TAMS 0x0000000603000000| PB 0x0000000603000000| Untracked 
|  10|0x0000000603400000, 0x0000000603400000, 0x0000000603800000|  0%| F|  |TAMS 0x0000000603400000| PB 0x0000000603400000| Untracked 
|  11|0x0000000603800000, 0x0000000603800000, 0x0000000603c00000|  0%| F|  |TAMS 0x0000000603800000| PB 0x0000000603800000| Untracked 
|  12|0x0000000603c00000, 0x0000000603c00000, 0x0000000604000000|  0%| F|  |TAMS 0x0000000603c00000| PB 0x0000000603c00000| Untracked 
|  13|0x0000000604000000, 0x0000000604000000, 0x0000000604400000|  0%| F|  |TAMS 0x0000000604000000| PB 0x0000000604000000| Untracked 
|  14|0x0000000604400000, 0x0000000604400000, 0x0000000604800000|  0%| F|  |TAMS 0x0000000604400000| PB 0x0000000604400000| Untracked 
|  15|0x0000000604800000, 0x0000000604800000, 0x0000000604c00000|  0%| F|  |TAMS 0x0000000604800000| PB 0x0000000604800000| Untracked 
|  16|0x0000000604c00000, 0x0000000604c00000, 0x0000000605000000|  0%| F|  |TAMS 0x0000000604c00000| PB 0x0000000604c00000| Untracked 
|  17|0x0000000605000000, 0x0000000605000000, 0x0000000605400000|  0%| F|  |TAMS 0x0000000605000000| PB 0x0000000605000000| Untracked 
|  18|0x0000000605400000, 0x0000000605400000, 0x0000000605800000|  0%| F|  |TAMS 0x0000000605400000| PB 0x0000000605400000| Untracked 
|  19|0x0000000605800000, 0x0000000605800000, 0x0000000605c00000|  0%| F|  |TAMS 0x0000000605800000| PB 0x0000000605800000| Untracked 
|  20|0x0000000605c00000, 0x0000000605c00000, 0x0000000606000000|  0%| F|  |TAMS 0x0000000605c00000| PB 0x0000000605c00000| Untracked 
|  21|0x0000000606000000, 0x0000000606000000, 0x0000000606400000|  0%| F|  |TAMS 0x0000000606000000| PB 0x0000000606000000| Untracked 
|  22|0x0000000606400000, 0x0000000606400000, 0x0000000606800000|  0%| F|  |TAMS 0x0000000606400000| PB 0x0000000606400000| Untracked 
|  23|0x0000000606800000, 0x000000060692cf90, 0x0000000606c00000| 29%| E|  |TAMS 0x0000000606800000| PB 0x0000000606800000| Complete 

Card table byte_map: [0x0000028a6b690000,0x0000028a6c690000] _byte_map_base: 0x0000028a6868a000

Marking Bits: (CMBitMap*) 0x0000028a52af8eb0
 Bits: [0x0000028a6c690000, 0x0000028a74660000)

Polling page: 0x0000028a50a10000

Metaspace:

Usage:
  Non-class:     34.04 MB used.
      Class:      3.83 MB used.
       Both:     37.87 MB used.

Virtual space:
  Non-class space:       64.00 MB reserved,      34.25 MB ( 54%) committed,  1 nodes.
      Class space:        1.00 GB reserved,       4.00 MB ( <1%) committed,  1 nodes.
             Both:        1.06 GB reserved,      38.25 MB (  4%) committed. 

Chunk freelists:
   Non-Class:  13.65 MB
       Class:  12.03 MB
        Both:  25.68 MB

MaxMetaspaceSize: unlimited
CompressedClassSpaceSize: 1.00 GB
Initial GC threshold: 21.00 MB
Current GC threshold: 63.75 MB
CDS: on
 - commit_granule_bytes: 65536.
 - commit_granule_words: 8192.
 - virtual_space_node_default_size: 8388608.
 - enlarge_chunks_in_place: 1.
 - use_allocation_guard: 0.


Internal statistics:

num_allocs_failed_limit: 6.
num_arena_births: 372.
num_arena_deaths: 0.
num_vsnodes_births: 2.
num_vsnodes_deaths: 0.
num_space_committed: 610.
num_space_uncommitted: 0.
num_chunks_returned_to_freelist: 6.
num_chunks_taken_from_freelist: 1322.
num_chunk_merges: 3.
num_chunk_splits: 959.
num_chunks_enlarged: 764.
num_inconsistent_stats: 0.

CodeHeap 'non-profiled nmethods': size=120000Kb used=4224Kb max_used=5022Kb free=115776Kb
 bounds [0x0000028a62c10000, 0x0000028a63100000, 0x0000028a6a140000]
CodeHeap 'profiled nmethods': size=120000Kb used=12166Kb max_used=15566Kb free=107833Kb
 bounds [0x0000028a5b140000, 0x0000028a5c080000, 0x0000028a62670000]
CodeHeap 'non-nmethods': size=5760Kb used=2561Kb max_used=2600Kb free=3199Kb
 bounds [0x0000028a62670000, 0x0000028a62900000, 0x0000028a62c10000]
 total_blobs=7575 nmethods=6200 adapters=1279
 compilation: enabled
              stopped_count=0, restarted_count=0
 full_count=0

Compilation events (20 events):
Event: 214.058 Thread 0x0000028a77331310 nmethod 7820 0x0000028a5bc6eb90 code [0x0000028a5bc6edc0, 0x0000028a5bc6f3c0]
Event: 214.058 Thread 0x0000028a77331310 7821       3       java.awt.image.Raster::createPackedRaster (103 bytes)
Event: 214.058 Thread 0x0000028a77331310 nmethod 7821 0x0000028a5b23d410 code [0x0000028a5b23d680, 0x0000028a5b23e3e0]
Event: 214.058 Thread 0x0000028a77331310 7822       1       sun.awt.image.IntegerInterleavedRaster::getPixelStride (5 bytes)
Event: 214.058 Thread 0x0000028a77331310 nmethod 7822 0x0000028a62c96690 code [0x0000028a62c96820, 0x0000028a62c968e8]
Event: 214.058 Thread 0x0000028a77331310 7823       3       java.awt.image.BufferedImage::<init> (913 bytes)
Event: 214.060 Thread 0x0000028a77331310 nmethod 7823 0x0000028a5b6e5290 code [0x0000028a5b6e5740, 0x0000028a5b6e8130]
Event: 214.621 Thread 0x0000028a7732e0d0 7825   !   4       java.awt.KeyboardFocusManager::getFocusOwner (42 bytes)
Event: 214.623 Thread 0x0000028a7732e0d0 nmethod 7825 0x0000028a62c95c10 code [0x0000028a62c95dc0, 0x0000028a62c96138]
Event: 214.705 Thread 0x0000028a7732e0d0 7826   !   4       java.awt.Container::findComponentAt (42 bytes)
Event: 214.712 Thread 0x0000028a7732e0d0 nmethod 7826 0x0000028a6304ac90 code [0x0000028a6304ae80, 0x0000028a6304b6e8]
Event: 214.998 Thread 0x0000028a77331310 7827       3       java.io.OutputStream::flush (1 bytes)
Event: 214.998 Thread 0x0000028a77331310 nmethod 7827 0x0000028a5beb4d90 code [0x0000028a5beb4f20, 0x0000028a5beb5028]
Event: 215.013 Thread 0x0000028a77331310 7828       3       java.awt.Window::isFocusableWindow (76 bytes)
Event: 215.014 Thread 0x0000028a77331310 nmethod 7828 0x0000028a5b187290 code [0x0000028a5b1874e0, 0x0000028a5b188360]
Event: 215.014 Thread 0x0000028a77331310 7829   !   3       java.awt.KeyboardFocusManager::retargetFocusEvent (244 bytes)
Event: 215.016 Thread 0x0000028a77331310 nmethod 7829 0x0000028a5bdc3f10 code [0x0000028a5bdc4460, 0x0000028a5bdc76e8]
Event: 215.026 Thread 0x0000028a7732e0d0 7830       4       java.nio.charset.CoderResult::isOverflow (14 bytes)
Event: 215.026 Thread 0x0000028a7732e0d0 nmethod 7830 0x0000028a62c95910 code [0x0000028a62c95aa0, 0x0000028a62c95b38]
Event: 215.026 Thread 0x0000028a7732e0d0 7831   !   4       java.nio.CharBuffer::wrap (21 bytes)

GC Heap History (20 events):
Event: 167.177 GC heap before
{Heap before GC invocations=14 (full 1):
 garbage-first heap   total 69632K, used 22803K [0x0000000600c00000, 0x0000000800000000)
  region size 4096K, 1 young (4096K), 0 survivors (0K)
 Metaspace       used 37203K, committed 37568K, reserved 1114112K
  class space    used 3799K, committed 3968K, reserved 1048576K
}
Event: 167.228 GC heap after
{Heap after GC invocations=15 (full 2):
 garbage-first heap   total 69632K, used 22989K [0x0000000600c00000, 0x0000000800000000)
  region size 4096K, 0 young (0K), 0 survivors (0K)
 Metaspace       used 37203K, committed 37568K, reserved 1114112K
  class space    used 3799K, committed 3968K, reserved 1048576K
}
Event: 167.261 GC heap before
{Heap before GC invocations=15 (full 2):
 garbage-first heap   total 69632K, used 22989K [0x0000000600c00000, 0x0000000800000000)
  region size 4096K, 1 young (4096K), 0 survivors (0K)
 Metaspace       used 37213K, committed 37568K, reserved 1114112K
  class space    used 3800K, committed 3968K, reserved 1048576K
}
Event: 167.310 GC heap after
{Heap after GC invocations=16 (full 3):
 garbage-first heap   total 69632K, used 23002K [0x0000000600c00000, 0x0000000800000000)
  region size 4096K, 0 young (0K), 0 survivors (0K)
 Metaspace       used 37213K, committed 37568K, reserved 1114112K
  class space    used 3800K, committed 3968K, reserved 1048576K
}
Event: 169.753 GC heap before
{Heap before GC invocations=16 (full 3):
 garbage-first heap   total 69632K, used 63962K [0x0000000600c00000, 0x0000000800000000)
  region size 4096K, 10 young (40960K), 0 survivors (0K)
 Metaspace       used 37790K, committed 38208K, reserved 1114112K
  class space    used 3836K, committed 4032K, reserved 1048576K
}
Event: 169.755 GC heap after
{Heap after GC invocations=17 (full 3):
 garbage-first heap   total 299008K, used 23570K [0x0000000600c00000, 0x0000000800000000)
  region size 4096K, 1 young (4096K), 1 survivors (4096K)
 Metaspace       used 37790K, committed 38208K, reserved 1114112K
  class space    used 3836K, committed 4032K, reserved 1048576K
}
Event: 190.016 GC heap before
{Heap before GC invocations=17 (full 3):
 garbage-first heap   total 299008K, used 101394K [0x0000000600c00000, 0x0000000800000000)
  region size 4096K, 22 young (90112K), 1 survivors (4096K)
 Metaspace       used 38524K, committed 38976K, reserved 1114112K
  class space    used 3901K, committed 4096K, reserved 1048576K
}
Event: 190.034 GC heap after
{Heap after GC invocations=18 (full 4):
 garbage-first heap   total 151552K, used 25476K [0x0000000600c00000, 0x0000000800000000)
  region size 4096K, 0 young (0K), 0 survivors (0K)
 Metaspace       used 38524K, committed 38976K, reserved 1114112K
  class space    used 3901K, committed 4096K, reserved 1048576K
}
Event: 190.036 GC heap before
{Heap before GC invocations=18 (full 4):
 garbage-first heap   total 151552K, used 25476K [0x0000000600c00000, 0x0000000800000000)
  region size 4096K, 1 young (4096K), 0 survivors (0K)
 Metaspace       used 38525K, committed 38976K, reserved 1114112K
  class space    used 3901K, committed 4096K, reserved 1048576K
}
Event: 190.064 GC heap after
{Heap after GC invocations=19 (full 5):
 garbage-first heap   total 98304K, used 25449K [0x0000000600c00000, 0x0000000800000000)
  region size 4096K, 0 young (0K), 0 survivors (0K)
 Metaspace       used 38525K, committed 38976K, reserved 1114112K
  class space    used 3901K, committed 4096K, reserved 1048576K
}
Event: 192.415 GC heap before
{Heap before GC invocations=19 (full 5):
 garbage-first heap   total 98304K, used 25449K [0x0000000600c00000, 0x0000000800000000)
  region size 4096K, 1 young (4096K), 0 survivors (0K)
 Metaspace       used 38549K, committed 38976K, reserved 1114112K
  class space    used 3901K, committed 4096K, reserved 1048576K
}
Event: 192.447 GC heap after
{Heap after GC invocations=20 (full 6):
 garbage-first heap   total 98304K, used 25311K [0x0000000600c00000, 0x0000000800000000)
  region size 4096K, 0 young (0K), 0 survivors (0K)
 Metaspace       used 38549K, committed 38976K, reserved 1114112K
  class space    used 3901K, committed 4096K, reserved 1048576K
}
Event: 204.401 GC heap before
{Heap before GC invocations=20 (full 6):
 garbage-first heap   total 98304K, used 37599K [0x0000000600c00000, 0x0000000800000000)
  region size 4096K, 5 young (20480K), 0 survivors (0K)
 Metaspace       used 38554K, committed 38976K, reserved 1114112K
  class space    used 3901K, committed 4096K, reserved 1048576K
}
Event: 204.429 GC heap after
{Heap after GC invocations=21 (full 7):
 garbage-first heap   total 98304K, used 26742K [0x0000000600c00000, 0x0000000800000000)
  region size 4096K, 0 young (0K), 0 survivors (0K)
 Metaspace       used 38554K, committed 38976K, reserved 1114112K
  class space    used 3901K, committed 4096K, reserved 1048576K
}
Event: 206.193 GC heap before
{Heap before GC invocations=21 (full 7):
 garbage-first heap   total 98304K, used 26742K [0x0000000600c00000, 0x0000000800000000)
  region size 4096K, 1 young (4096K), 0 survivors (0K)
 Metaspace       used 38573K, committed 38976K, reserved 1114112K
  class space    used 3901K, committed 4096K, reserved 1048576K
}
Event: 206.220 GC heap after
{Heap after GC invocations=22 (full 8):
 garbage-first heap   total 98304K, used 26764K [0x0000000600c00000, 0x0000000800000000)
  region size 4096K, 0 young (0K), 0 survivors (0K)
 Metaspace       used 38573K, committed 38976K, reserved 1114112K
  class space    used 3901K, committed 4096K, reserved 1048576K
}
Event: 206.257 GC heap before
{Heap before GC invocations=22 (full 8):
 garbage-first heap   total 98304K, used 26764K [0x0000000600c00000, 0x0000000800000000)
  region size 4096K, 1 young (4096K), 0 survivors (0K)
 Metaspace       used 38573K, committed 38976K, reserved 1114112K
  class space    used 3901K, committed 4096K, reserved 1048576K
}
Event: 206.294 GC heap after
{Heap after GC invocations=23 (full 9):
 garbage-first heap   total 98304K, used 26765K [0x0000000600c00000, 0x0000000800000000)
  region size 4096K, 0 young (0K), 0 survivors (0K)
 Metaspace       used 38573K, committed 38976K, reserved 1114112K
  class space    used 3901K, committed 4096K, reserved 1048576K
}
Event: 214.954 GC heap before
{Heap before GC invocations=23 (full 9):
 garbage-first heap   total 98304K, used 71821K [0x0000000600c00000, 0x0000000800000000)
  region size 4096K, 13 young (53248K), 0 survivors (0K)
 Metaspace       used 38766K, committed 39168K, reserved 1114112K
  class space    used 3923K, committed 4096K, reserved 1048576K
}
Event: 214.995 GC heap after
{Heap after GC invocations=24 (full 10):
 garbage-first heap   total 98304K, used 28693K [0x0000000600c00000, 0x0000000800000000)
  region size 4096K, 0 young (0K), 0 survivors (0K)
 Metaspace       used 38766K, committed 39168K, reserved 1114112K
  class space    used 3923K, committed 4096K, reserved 1048576K
}

Dll operation events (20 events):
Event: 163.048 Loaded shared library C:\Users\ethan\.javacpp\cache\ffmpeg-6.0-1.5.9-windows-x86_64.jar\org\bytedeco\ffmpeg\windows-x86_64\swresample-4.dll
Event: 163.060 Loaded shared library C:\Users\ethan\.javacpp\cache\ffmpeg-6.0-1.5.9-windows-x86_64.jar\org\bytedeco\ffmpeg\windows-x86_64\jniswresample.dll
Event: 163.096 Loaded shared library C:\Users\ethan\.javacpp\cache\ffmpeg-6.0-1.5.9-windows-x86_64.jar\org\bytedeco\ffmpeg\windows-x86_64\avcodec-60.dll
Event: 163.107 Loaded shared library C:\Users\ethan\.javacpp\cache\ffmpeg-6.0-1.5.9-windows-x86_64.jar\org\bytedeco\ffmpeg\windows-x86_64\jniavcodec.dll
Event: 163.151 Loaded shared library C:\Users\ethan\.javacpp\cache\ffmpeg-6.0-1.5.9-windows-x86_64.jar\org\bytedeco\ffmpeg\windows-x86_64\avformat-60.dll
Event: 163.163 Loaded shared library C:\Users\ethan\.javacpp\cache\ffmpeg-6.0-1.5.9-windows-x86_64.jar\org\bytedeco\ffmpeg\windows-x86_64\jniavformat.dll
Event: 163.203 Loaded shared library C:\Users\ethan\.javacpp\cache\ffmpeg-6.0-1.5.9-windows-x86_64.jar\org\bytedeco\ffmpeg\windows-x86_64\swscale-7.dll
Event: 163.219 Loaded shared library C:\Users\ethan\.javacpp\cache\ffmpeg-6.0-1.5.9-windows-x86_64.jar\org\bytedeco\ffmpeg\windows-x86_64\jniswscale.dll
Event: 163.273 Loaded shared library C:\Users\ethan\.javacpp\cache\ffmpeg-6.0-1.5.9-windows-x86_64.jar\org\bytedeco\ffmpeg\windows-x86_64\avfilter-9.dll
Event: 163.285 Loaded shared library C:\Users\ethan\.javacpp\cache\ffmpeg-6.0-1.5.9-windows-x86_64.jar\org\bytedeco\ffmpeg\windows-x86_64\jniavfilter.dll
Event: 163.307 Loaded shared library C:\Users\ethan\.javacpp\cache\ffmpeg-6.0-1.5.9-windows-x86_64.jar\org\bytedeco\ffmpeg\windows-x86_64\avdevice-60.dll
Event: 163.318 Loaded shared library C:\Users\ethan\.javacpp\cache\ffmpeg-6.0-1.5.9-windows-x86_64.jar\org\bytedeco\ffmpeg\windows-x86_64\jniavdevice.dll
Event: 163.532 Loaded shared library C:\Users\ethan\.javacpp\cache\openblas-0.3.23-1.5.9-windows-x86_64.jar\org\bytedeco\openblas\windows-x86_64\libopenblas_nolapack.dll
Event: 163.541 Loaded shared library C:\Users\ethan\.javacpp\cache\openblas-0.3.23-1.5.9-windows-x86_64.jar\org\bytedeco\openblas\windows-x86_64\jniopenblas_nolapack.dll
Event: 163.603 Loaded shared library C:\Users\ethan\.javacpp\cache\openblas-0.3.23-1.5.9-windows-x86_64.jar\org\bytedeco\openblas\windows-x86_64\libopenblas.dll
Event: 163.612 Loaded shared library C:\Users\ethan\.javacpp\cache\openblas-0.3.23-1.5.9-windows-x86_64.jar\org\bytedeco\openblas\windows-x86_64\jniopenblas.dll
Event: 163.928 Loaded shared library C:\Users\ethan\.javacpp\cache\opencv-4.9.0-1.5.10-windows-x86_64.jar\org\bytedeco\opencv\windows-x86_64\opencv_core490.dll
Event: 163.946 Loaded shared library C:\Users\ethan\.javacpp\cache\opencv-4.9.0-1.5.10-windows-x86_64.jar\org\bytedeco\opencv\windows-x86_64\opencv_imgproc490.dll
Event: 163.963 Loaded shared library C:\Users\ethan\.javacpp\cache\opencv-4.9.0-1.5.10-windows-x86_64.jar\org\bytedeco\opencv\windows-x86_64\jniopencv_core.dll
Event: 167.412 Loaded shared library C:\Users\ethan\.javacpp\cache\opencv-4.9.0-1.5.10-windows-x86_64.jar\org\bytedeco\opencv\windows-x86_64\jniopencv_imgproc.dll

Deoptimization events (20 events):
Event: 190.035 Thread 0x0000028a7f050eb0 DEOPT PACKING pc=0x0000028a62d41490 sp=0x000000fec17ff620
Event: 190.035 Thread 0x0000028a7f050eb0 DEOPT UNPACKING pc=0x0000028a626c46a2 sp=0x000000fec17ff550 mode 2
Event: 190.115 Thread 0x0000028a7c909300 Uncommon trap: trap_request=0xffffffde fr.pc=0x0000028a62f816a8 relative=0x0000000000000168
Event: 190.115 Thread 0x0000028a7c909300 Uncommon trap: reason=class_check action=maybe_recompile pc=0x0000028a62f816a8 method=sun.java2d.pipe.BufferedContext.setSurfaces(Lsun/java2d/pipe/hw/AccelSurface;Lsun/java2d/pipe/hw/AccelSurface;)V @ 25 c2
Event: 190.115 Thread 0x0000028a7c909300 DEOPT PACKING pc=0x0000028a62f816a8 sp=0x000000fec0dfe7d0
Event: 190.115 Thread 0x0000028a7c909300 DEOPT UNPACKING pc=0x0000028a626c46a2 sp=0x000000fec0dfe760 mode 2
Event: 204.372 Thread 0x0000028a7c909300 Uncommon trap: trap_request=0xffffffc6 fr.pc=0x0000028a6302a918 relative=0x00000000000000f8
Event: 204.372 Thread 0x0000028a7c909300 Uncommon trap: reason=bimorphic_or_optimized_type_check action=maybe_recompile pc=0x0000028a6302a918 method=sun.java2d.loops.SurfaceType.pixelFor(ILjava/awt/image/ColorModel;)I @ 6 c2
Event: 204.372 Thread 0x0000028a7c909300 DEOPT PACKING pc=0x0000028a6302a918 sp=0x000000fec0dfe4a0
Event: 204.372 Thread 0x0000028a7c909300 DEOPT UNPACKING pc=0x0000028a626c46a2 sp=0x000000fec0dfe3b0 mode 2
Event: 204.373 Thread 0x0000028a7c909300 Uncommon trap: trap_request=0xffffff45 fr.pc=0x0000028a62fe0bd4 relative=0x0000000000000754
Event: 204.373 Thread 0x0000028a7c909300 Uncommon trap: reason=unstable_if action=reinterpret pc=0x0000028a62fe0bd4 method=java.awt.image.ReplicateScaleFilter.setPixels(IIIILjava/awt/image/ColorModel;[III)V @ 4 c2
Event: 204.373 Thread 0x0000028a7c909300 DEOPT PACKING pc=0x0000028a62fe0bd4 sp=0x000000fec0dfe110
Event: 204.373 Thread 0x0000028a7c909300 DEOPT UNPACKING pc=0x0000028a626c46a2 sp=0x000000fec0dfe078 mode 2
Event: 204.373 Thread 0x0000028a7c909300 DEOPT PACKING pc=0x0000028a5bd8e50c sp=0x000000fec0dfe190
Event: 204.373 Thread 0x0000028a7c909300 DEOPT UNPACKING pc=0x0000028a626c4e42 sp=0x000000fec0dfd688 mode 0
Event: 210.103 Thread 0x0000028a7c909300 DEOPT PACKING pc=0x0000028a5b8375e2 sp=0x000000fec0dfee60
Event: 210.103 Thread 0x0000028a7c909300 DEOPT UNPACKING pc=0x0000028a626c4e42 sp=0x000000fec0dfe408 mode 0
Event: 210.168 Thread 0x0000028a7c909300 DEOPT PACKING pc=0x0000028a5b8375e2 sp=0x000000fec0dfee00
Event: 210.168 Thread 0x0000028a7c909300 DEOPT UNPACKING pc=0x0000028a626c4e42 sp=0x000000fec0dfe3a8 mode 0

Classes loaded (20 events):
Event: 214.001 Loading class javax/swing/plaf/basic/BasicOptionPaneUI$ButtonActionListener
Event: 214.001 Loading class javax/swing/plaf/basic/BasicOptionPaneUI$ButtonActionListener done
Event: 214.003 Loading class javax/swing/plaf/basic/BasicOptionPaneUI$2
Event: 214.003 Loading class javax/swing/plaf/basic/BasicOptionPaneUI$2 done
Event: 214.003 Loading class javax/swing/plaf/basic/BasicOptionPaneUI$Handler
Event: 214.003 Loading class javax/swing/plaf/basic/BasicOptionPaneUI$Handler done
Event: 214.004 Loading class javax/swing/SwingUtilities$SharedOwnerFrame
Event: 214.004 Loading class javax/swing/SwingUtilities$SharedOwnerFrame done
Event: 214.022 Loading class javax/swing/plaf/basic/BasicOptionPaneUI$Actions
Event: 214.022 Loading class javax/swing/plaf/basic/BasicOptionPaneUI$Actions done
Event: 214.022 Loading class com/sun/java/swing/plaf/windows/WindowsLookAndFeel$AudioAction
Event: 214.022 Loading class com/sun/java/swing/plaf/windows/WindowsLookAndFeel$AudioAction done
Event: 214.024 Loading class java/awt/GridBagLayoutInfo
Event: 214.024 Loading class java/awt/GridBagLayoutInfo done
Event: 214.030 Loading class javax/swing/JOptionPane$1
Event: 214.031 Loading class javax/swing/JOptionPane$1 done
Event: 214.031 Loading class javax/swing/JOptionPane$2
Event: 214.031 Loading class javax/swing/JOptionPane$2 done
Event: 214.031 Loading class javax/swing/JOptionPane$3
Event: 214.031 Loading class javax/swing/JOptionPane$3 done

Classes unloaded (0 events):
No events

Classes redefined (0 events):
No events

Internal exceptions (20 events):
Event: 3.883 Thread 0x0000028a7d434c80 Exception <a 'java/lang/ClassNotFoundException'{0x000000061e468fd0}: com/sun/swing/internal/plaf/basic/resources/spi/basicProvider> (0x000000061e468fd0) 
thrown [s\src\hotspot\share\classfile\systemDictionary.cpp, line 312]
Event: 3.889 Thread 0x0000028a7d434c80 Exception <a 'java/lang/NoSuchMethodError'{0x000000061e476aa8}: 'java.lang.Object java.lang.invoke.DirectMethodHandle$Holder.invokeStatic(java.lang.Object, java.lang.Object, int, java.lang.Object)'> (0x000000061e476aa8) 
thrown [s\src\hotspot\share\interpreter\linkResolver.cpp, line 773]
Event: 3.890 Thread 0x0000028a7d434c80 Exception <a 'java/lang/NoSuchMethodError'{0x000000061e47ccb0}: 'java.lang.Object java.lang.invoke.DirectMethodHandle$Holder.newInvokeSpecial(java.lang.Object, java.lang.Object, int)'> (0x000000061e47ccb0) 
thrown [s\src\hotspot\share\interpreter\linkResolver.cpp, line 773]
Event: 4.300 Thread 0x0000028a7c909300 Exception <a 'java/lang/NoSuchMethodError'{0x000000062084e080}: 'int java.lang.invoke.Invokers$Holder.invokeExact_MT(java.lang.Object, java.lang.Object)'> (0x000000062084e080) 
thrown [s\src\hotspot\share\interpreter\linkResolver.cpp, line 773]
Event: 159.187 Thread 0x0000028a7c909300 Implicit null exception at 0x0000028a62fd6838 to 0x0000028a62fd6fc4
Event: 159.187 Thread 0x0000028a7c909300 Implicit null exception at 0x0000028a62fe06fc to 0x0000028a62fe0a74
Event: 159.189 Thread 0x0000028a7c909300 Implicit null exception at 0x0000028a62f97322 to 0x0000028a62f97814
Event: 159.620 Thread 0x0000028a7c90a6b0 Exception <a 'java/lang/NoSuchMethodError'{0x00000006026edeb0}: 'java.lang.Object java.lang.invoke.DirectMethodHandle$Holder.newInvokeSpecial(java.lang.Object, java.lang.Object, java.lang.Object, int, int, int, int, int)'> (0x00000006026edeb0) 
thrown [s\src\hotspot\share\interpreter\linkResolver.cpp, line 773]
Event: 159.660 Thread 0x0000028a7c909300 Implicit null exception at 0x0000028a62fc6e7b to 0x0000028a62fc806c
Event: 159.666 Thread 0x0000028a7c909300 Implicit null exception at 0x0000028a62f90274 to 0x0000028a62f902f0
Event: 159.739 Thread 0x0000028a7c909300 Implicit null exception at 0x0000028a62f9a12e to 0x0000028a62f9a43c
Event: 159.821 Thread 0x0000028a7c909300 Implicit null exception at 0x0000028a62ff8984 to 0x0000028a62ff94d4
Event: 159.972 Thread 0x0000028a7c909300 Implicit null exception at 0x0000028a62fc57a3 to 0x0000028a62fc6120
Event: 159.972 Thread 0x0000028a7c909300 Implicit null exception at 0x0000028a62ff7e23 to 0x0000028a62ff8200
Event: 160.273 Thread 0x0000028a7c909300 Exception <a 'java/lang/NoSuchMethodError'{0x000000060217f428}: 'int java.lang.invoke.DirectMethodHandle$Holder.invokeStatic(java.lang.Object)'> (0x000000060217f428) 
thrown [s\src\hotspot\share\interpreter\linkResolver.cpp, line 773]
Event: 160.304 Thread 0x0000028a7c909300 Exception <a 'java/lang/NoSuchMethodError'{0x00000006021c5fb0}: 'java.lang.Object java.lang.invoke.DirectMethodHandle$Holder.newInvokeSpecial(java.lang.Object, int, java.lang.Object)'> (0x00000006021c5fb0) 
thrown [s\src\hotspot\share\interpreter\linkResolver.cpp, line 773]
Event: 162.709 Thread 0x0000028a7f053610 Exception <a 'java/lang/NoSuchMethodError'{0x0000000601be1d30}: 'int java.lang.invoke.DirectMethodHandle$Holder.invokeStaticInit(java.lang.Object, java.lang.Object, java.lang.Object, java.lang.Object)'> (0x0000000601be1d30) 
thrown [s\src\hotspot\share\interpreter\linkResolver.cpp, line 773]
Event: 162.709 Thread 0x0000028a7f053610 Exception <a 'java/lang/IncompatibleClassChangeError'{0x0000000601bea0c0}: Found class java.lang.Object, but interface was expected> (0x0000000601bea0c0) 
thrown [s\src\hotspot\share\interpreter\linkResolver.cpp, line 840]
Event: 189.990 Thread 0x0000028a7c909300 Implicit null exception at 0x0000028a62d55575 to 0x0000028a62d56558
Event: 204.373 Thread 0x0000028a7c909300 Implicit null exception at 0x0000028a62fe04db to 0x0000028a62fe0bc0

ZGC Phase Switch (0 events):
No events

VM Operations (20 events):
Event: 204.401 Executing VM operation: G1CollectFull (System.gc())
Event: 204.429 Executing VM operation: G1CollectFull (System.gc()) done
Event: 205.436 Executing VM operation: Cleanup
Event: 205.436 Executing VM operation: Cleanup done
Event: 206.193 Executing VM operation: G1CollectFull (System.gc())
Event: 206.220 Executing VM operation: G1CollectFull (System.gc()) done
Event: 206.257 Executing VM operation: G1CollectFull (System.gc())
Event: 206.294 Executing VM operation: G1CollectFull (System.gc()) done
Event: 210.324 Executing VM operation: Cleanup
Event: 210.324 Executing VM operation: Cleanup done
Event: 211.335 Executing VM operation: Cleanup
Event: 211.335 Executing VM operation: Cleanup done
Event: 212.342 Executing VM operation: Cleanup
Event: 212.342 Executing VM operation: Cleanup done
Event: 213.348 Executing VM operation: Cleanup
Event: 213.348 Executing VM operation: Cleanup done
Event: 214.363 Executing VM operation: Cleanup
Event: 214.363 Executing VM operation: Cleanup done
Event: 214.954 Executing VM operation: G1CollectFull (System.gc())
Event: 214.995 Executing VM operation: G1CollectFull (System.gc()) done

Memory protections (0 events):
No events

Nmethod flushes (20 events):
Event: 206.208 Thread 0x0000028a76a7e7f0 flushing  nmethod 0x0000028a5bd0f110
Event: 206.208 Thread 0x0000028a76a7e7f0 flushing  nmethod 0x0000028a5bdc7190
Event: 206.208 Thread 0x0000028a76a7e7f0 flushing  nmethod 0x0000028a5be61010
Event: 206.208 Thread 0x0000028a76a7e7f0 flushing  nmethod 0x0000028a5be74190
Event: 206.208 Thread 0x0000028a76a7e7f0 flushing  nmethod 0x0000028a5be89090
Event: 206.208 Thread 0x0000028a76a7e7f0 flushing  nmethod 0x0000028a5be8bf10
Event: 206.208 Thread 0x0000028a76a7e7f0 flushing  nmethod 0x0000028a5be8dd10
Event: 206.208 Thread 0x0000028a76a7e7f0 flushing  nmethod 0x0000028a5be8e290
Event: 206.208 Thread 0x0000028a76a7e7f0 flushing  nmethod 0x0000028a62fe0290
Event: 206.208 Thread 0x0000028a76a7e7f0 flushing  nmethod 0x0000028a5bc69e10
Event: 206.208 Thread 0x0000028a76a7e7f0 flushing  nmethod 0x0000028a5bd43090
Event: 206.208 Thread 0x0000028a76a7e7f0 flushing  nmethod 0x0000028a5bd8bd10
Event: 206.208 Thread 0x0000028a76a7e7f0 flushing  nmethod 0x0000028a5bdc8c90
Event: 206.208 Thread 0x0000028a76a7e7f0 flushing  nmethod 0x0000028a5bdcff90
Event: 206.208 Thread 0x0000028a76a7e7f0 flushing  nmethod 0x0000028a5be50390
Event: 206.208 Thread 0x0000028a76a7e7f0 flushing  nmethod 0x0000028a5be53710
Event: 206.278 Thread 0x0000028a76a7e7f0 flushing  nmethod 0x0000028a5bbfef90
Event: 206.278 Thread 0x0000028a76a7e7f0 flushing  nmethod 0x0000028a5bcc1090
Event: 206.278 Thread 0x0000028a76a7e7f0 flushing  nmethod 0x0000028a5bcc3c90
Event: 214.977 Thread 0x0000028a76a7e7f0 flushing  nmethod 0x0000028a5bc6c090

Events (20 events):
Event: 162.680 Thread 0x0000028a7c909300 Thread added: 0x0000028a7f053610
Event: 162.815 Thread 0x0000028a77331310 Thread added: 0x0000028a7e5bd570
Event: 162.919 Thread 0x0000028a7f053610 Thread added: 0x0000028a7f050eb0
Event: 163.330 Thread 0x0000028a7732e0d0 Thread added: 0x0000028a7e9cfdc0
Event: 164.054 Thread 0x0000028a7e9cfdc0 Thread exited: 0x0000028a7e9cfdc0
Event: 164.141 Thread 0x0000028a7732e0d0 Thread added: 0x0000028a4ca5b820
Event: 164.624 Thread 0x0000028a7c90a6b0 Thread exited: 0x0000028a7c90a6b0
Event: 164.669 Thread 0x0000028a4ca5b820 Thread exited: 0x0000028a4ca5b820
Event: 164.674 Thread 0x0000028a7e5bd570 Thread exited: 0x0000028a7e5bd570
Event: 167.249 Thread 0x0000028a7c909300 Thread added: 0x0000028a4ca8db70
Event: 171.087 Thread 0x0000028a77331310 Thread added: 0x0000028a7e5bd570
Event: 171.479 Thread 0x0000028a7e5bd570 Thread exited: 0x0000028a7e5bd570
Event: 173.563 Thread 0x0000028a7c909300 Thread added: 0x0000028a4ca8baa0
Event: 177.762 Thread 0x0000028a7c909300 Thread added: 0x0000028a4ca87f90
Event: 206.245 Thread 0x0000028a7c909300 Thread added: 0x0000028a4ca8e200
Event: 212.919 Thread 0x0000028a7c909300 Thread added: 0x0000028a4ca8e890
Event: 213.071 Thread 0x0000028a7c909300 Thread added: 0x0000028a4ca8ef20
Event: 213.223 Thread 0x0000028a7c909300 Thread added: 0x0000028a4ca89340
Event: 213.370 Thread 0x0000028a7c909300 Thread added: 0x0000028a4ca8f5b0
Event: 213.511 Thread 0x0000028a7c909300 Thread added: 0x0000028a4ca8a060


Dynamic libraries:
0x00007ff615360000 - 0x00007ff61536e000 	C:\Program Files\Eclipse Adoptium\jdk-21.0.5.11-hotspot\bin\java.exe
0x00007ffd78890000 - 0x00007ffd78a88000 	C:\WINDOWS\SYSTEM32\ntdll.dll
0x00007ffd77e60000 - 0x00007ffd77f22000 	C:\WINDOWS\System32\KERNEL32.DLL
0x00007ffd76450000 - 0x00007ffd7674f000 	C:\WINDOWS\System32\KERNELBASE.dll
0x00007ffd76100000 - 0x00007ffd76200000 	C:\WINDOWS\System32\ucrtbase.dll
0x00007ffd6c9d0000 - 0x00007ffd6c9e8000 	C:\Program Files\Eclipse Adoptium\jdk-21.0.5.11-hotspot\bin\jli.dll
0x00007ffd6c9b0000 - 0x00007ffd6c9ce000 	C:\Program Files\Eclipse Adoptium\jdk-21.0.5.11-hotspot\bin\VCRUNTIME140.dll
0x00007ffd786b0000 - 0x00007ffd7884d000 	C:\WINDOWS\System32\USER32.dll
0x00007ffd76880000 - 0x00007ffd768a2000 	C:\WINDOWS\System32\win32u.dll
0x00007ffd64580000 - 0x00007ffd6481a000 	C:\WINDOWS\WinSxS\amd64_microsoft.windows.common-controls_6595b64144ccf1df_6.0.19041.4355_none_60b8b9eb71f62e16\COMCTL32.dll
0x00007ffd768b0000 - 0x00007ffd768db000 	C:\WINDOWS\System32\GDI32.dll
0x00007ffd777d0000 - 0x00007ffd7786e000 	C:\WINDOWS\System32\msvcrt.dll
0x00007ffd76280000 - 0x00007ffd7639a000 	C:\WINDOWS\System32\gdi32full.dll
0x00007ffd76750000 - 0x00007ffd767ed000 	C:\WINDOWS\System32\msvcp_win.dll
0x00007ffd77b70000 - 0x00007ffd77b9f000 	C:\WINDOWS\System32\IMM32.DLL
0x00007ffd6eca0000 - 0x00007ffd6ecac000 	C:\Program Files\Eclipse Adoptium\jdk-21.0.5.11-hotspot\bin\vcruntime140_1.dll
0x00007ffd561b0000 - 0x00007ffd5623d000 	C:\Program Files\Eclipse Adoptium\jdk-21.0.5.11-hotspot\bin\msvcp140.dll
0x00007ffced2a0000 - 0x00007ffcee02f000 	C:\Program Files\Eclipse Adoptium\jdk-21.0.5.11-hotspot\bin\server\jvm.dll
0x00007ffd77950000 - 0x00007ffd779ff000 	C:\WINDOWS\System32\ADVAPI32.dll
0x00007ffd77db0000 - 0x00007ffd77e4f000 	C:\WINDOWS\System32\sechost.dll
0x00007ffd76bd0000 - 0x00007ffd76cf3000 	C:\WINDOWS\System32\RPCRT4.dll
0x00007ffd76250000 - 0x00007ffd76277000 	C:\WINDOWS\System32\bcrypt.dll
0x00007ffd77400000 - 0x00007ffd7746b000 	C:\WINDOWS\System32\WS2_32.dll
0x00007ffd75ac0000 - 0x00007ffd75b0b000 	C:\WINDOWS\SYSTEM32\POWRPROF.dll
0x00007ffd6b0c0000 - 0x00007ffd6b0e7000 	C:\WINDOWS\SYSTEM32\WINMM.dll
0x00007ffd72cf0000 - 0x00007ffd72cfa000 	C:\WINDOWS\SYSTEM32\VERSION.dll
0x00007ffd75a80000 - 0x00007ffd75a92000 	C:\WINDOWS\SYSTEM32\UMPDC.dll
0x00007ffd73cf0000 - 0x00007ffd73d02000 	C:\WINDOWS\SYSTEM32\kernel.appcore.dll
0x00007ffd6ec30000 - 0x00007ffd6ec3a000 	C:\Program Files\Eclipse Adoptium\jdk-21.0.5.11-hotspot\bin\jimage.dll
0x00007ffd68fc0000 - 0x00007ffd691a4000 	C:\WINDOWS\SYSTEM32\DBGHELP.DLL
0x00007ffd57380000 - 0x00007ffd573b4000 	C:\WINDOWS\SYSTEM32\dbgcore.DLL
0x00007ffd767f0000 - 0x00007ffd76872000 	C:\WINDOWS\System32\bcryptPrimitives.dll
0x00007ffd6b540000 - 0x00007ffd6b55f000 	C:\Program Files\Eclipse Adoptium\jdk-21.0.5.11-hotspot\bin\java.dll
0x00007ffd77f40000 - 0x00007ffd786ad000 	C:\WINDOWS\System32\SHELL32.dll
0x00007ffd73fd0000 - 0x00007ffd74774000 	C:\WINDOWS\SYSTEM32\windows.storage.dll
0x00007ffd77470000 - 0x00007ffd777c5000 	C:\WINDOWS\System32\combase.dll
0x00007ffd75890000 - 0x00007ffd758bb000 	C:\WINDOWS\SYSTEM32\Wldp.dll
0x00007ffd77870000 - 0x00007ffd7793d000 	C:\WINDOWS\System32\OLEAUT32.dll
0x00007ffd77a00000 - 0x00007ffd77aad000 	C:\WINDOWS\System32\SHCORE.dll
0x00007ffd77ab0000 - 0x00007ffd77b05000 	C:\WINDOWS\System32\shlwapi.dll
0x00007ffd75e60000 - 0x00007ffd75e85000 	C:\WINDOWS\SYSTEM32\profapi.dll
0x00007ffd42240000 - 0x00007ffd42317000 	C:\Program Files\Eclipse Adoptium\jdk-21.0.5.11-hotspot\bin\jsvml.dll
0x00007ffd6caf0000 - 0x00007ffd6cb00000 	C:\Program Files\Eclipse Adoptium\jdk-21.0.5.11-hotspot\bin\net.dll
0x00007ffd6ed30000 - 0x00007ffd6ee3a000 	C:\WINDOWS\SYSTEM32\WINHTTP.dll
0x00007ffd755f0000 - 0x00007ffd7565c000 	C:\WINDOWS\system32\mswsock.dll
0x00007ffd6b520000 - 0x00007ffd6b536000 	C:\Program Files\Eclipse Adoptium\jdk-21.0.5.11-hotspot\bin\nio.dll
0x00007ffd6b500000 - 0x00007ffd6b518000 	C:\Program Files\Eclipse Adoptium\jdk-21.0.5.11-hotspot\bin\zip.dll
0x00007ffd69250000 - 0x00007ffd69274000 	C:\ProgramData\chocolatey\lib\maven\apache-maven-3.9.9\lib\jansi-native\Windows\x86_64\jansi.dll
0x00007ffd70270000 - 0x00007ffd70280000 	C:\Program Files\Eclipse Adoptium\jdk-21.0.5.11-hotspot\bin\verify.dll
0x00007ffd41e10000 - 0x00007ffd41f9e000 	C:\Program Files\Eclipse Adoptium\jdk-21.0.5.11-hotspot\bin\awt.dll
0x00007ffd72bf0000 - 0x00007ffd72c84000 	C:\WINDOWS\SYSTEM32\apphelp.dll
0x00007ffd738e0000 - 0x00007ffd7397e000 	C:\WINDOWS\system32\uxtheme.dll
0x00007ffd77c30000 - 0x00007ffd77d45000 	C:\WINDOWS\System32\MSCTF.dll
0x00007ffd768e0000 - 0x00007ffd76a0b000 	C:\WINDOWS\System32\ole32.dll
0x00007ffd73cc0000 - 0x00007ffd73cef000 	C:\WINDOWS\system32\DWMAPI.DLL
0x00007ffd41600000 - 0x00007ffd41728000 	C:\WINDOWS\system32\opengl32.dll
0x00007ffd64c60000 - 0x00007ffd64c8c000 	C:\WINDOWS\SYSTEM32\GLU32.dll
0x00007ffd6e580000 - 0x00007ffd6e751000 	C:\WINDOWS\system32\d3d9.dll
0x00007ffd3c160000 - 0x00007ffd3c222000 	C:\WINDOWS\System32\DriverStore\FileRepository\nv_dispi.inf_amd64_9d15b9aa9e1c885b\nvldumdx.dll
0x00007ffd75aa0000 - 0x00007ffd75ab2000 	C:\WINDOWS\SYSTEM32\msasn1.dll
0x00007ffd6dde0000 - 0x00007ffd6de11000 	C:\WINDOWS\SYSTEM32\cryptnet.dll
0x00007ffd75fa0000 - 0x00007ffd760fc000 	C:\WINDOWS\System32\CRYPT32.dll
0x00007ffd75800000 - 0x00007ffd7580c000 	C:\WINDOWS\SYSTEM32\cryptbase.dll
0x00007ffd6d970000 - 0x00007ffd6dab7000 	C:\WINDOWS\SYSTEM32\drvstore.dll
0x00007ffd75cc0000 - 0x00007ffd75cf3000 	C:\WINDOWS\SYSTEM32\devobj.dll
0x00007ffd76200000 - 0x00007ffd7624e000 	C:\WINDOWS\System32\cfgmgr32.dll
0x00007ffd75f30000 - 0x00007ffd75f98000 	C:\WINDOWS\System32\wintrust.dll
0x00007ffd773e0000 - 0x00007ffd773fd000 	C:\WINDOWS\System32\imagehlp.dll
0x00007ffd757e0000 - 0x00007ffd757f8000 	C:\WINDOWS\SYSTEM32\CRYPTSP.dll
0x00007ffd74f10000 - 0x00007ffd74f48000 	C:\WINDOWS\system32\rsaenh.dll
0x00007ffca53e0000 - 0x00007ffca8b7a000 	C:\WINDOWS\System32\DriverStore\FileRepository\nv_dispi.inf_amd64_9d15b9aa9e1c885b\nvgpucomp64.dll
0x00007ffd22990000 - 0x00007ffd22a67000 	C:\WINDOWS\System32\DriverStore\FileRepository\nv_dispi.inf_amd64_9d15b9aa9e1c885b\NvMemMapStoragex.dll
0x00007ffceb1d0000 - 0x00007ffced297000 	C:\WINDOWS\System32\DriverStore\FileRepository\nv_dispi.inf_amd64_9d15b9aa9e1c885b\nvd3dumx.dll
0x00007ffd6e870000 - 0x00007ffd6eb40000 	C:\WINDOWS\system32\nvspcap64.dll
0x00007ffd75160000 - 0x00007ffd75193000 	C:\WINDOWS\SYSTEM32\ntmarta.dll
0x00007ffd74790000 - 0x00007ffd747b3000 	C:\WINDOWS\SYSTEM32\gpapi.dll
0x00007ffd1a570000 - 0x00007ffd1a724000 	C:\WINDOWS\System32\DriverStore\FileRepository\nv_dispi.inf_amd64_9d15b9aa9e1c885b\nvppex.dll
0x00007ffd6b1d0000 - 0x00007ffd6b20b000 	C:\WINDOWS\SYSTEM32\dxcore.dll
0x00007ffd4f860000 - 0x00007ffd4f8e7000 	C:\Program Files\Eclipse Adoptium\jdk-21.0.5.11-hotspot\bin\freetype.dll
0x00007ffd42160000 - 0x00007ffd4223b000 	C:\Program Files\Eclipse Adoptium\jdk-21.0.5.11-hotspot\bin\fontmanager.dll
0x00007ffd581e0000 - 0x00007ffd582d9000 	C:\WINDOWS\SYSTEM32\textinputframework.dll
0x00007ffd721e0000 - 0x00007ffd722d2000 	C:\WINDOWS\System32\CoreMessaging.dll
0x00007ffd71e40000 - 0x00007ffd7219b000 	C:\WINDOWS\System32\CoreUIComponents.dll
0x00007ffd730b0000 - 0x00007ffd73207000 	C:\WINDOWS\SYSTEM32\wintypes.dll
0x00007ffd644b0000 - 0x00007ffd64516000 	C:\WINDOWS\system32\Oleacc.dll
0x00007ffd5ff30000 - 0x00007ffd5ffe0000 	C:\WINDOWS\WinSxS\amd64_microsoft.windows.common-controls_6595b64144ccf1df_5.82.19041.4355_none_792ecafd2442822f\comctl32.dll
0x00007ffd76d00000 - 0x00007ffd76da9000 	C:\WINDOWS\System32\clbcatq.dll
0x00007ffd72d00000 - 0x00007ffd72df6000 	C:\WINDOWS\system32\propsys.dll
0x00007ffd58960000 - 0x00007ffd58977000 	C:\WINDOWS\system32\NetworkExplorer.dll
0x00007ffd736a0000 - 0x00007ffd73854000 	C:\WINDOWS\SYSTEM32\WindowsCodecs.dll
0x00007ffd528a0000 - 0x00007ffd52906000 	C:\Windows\System32\thumbcache.dll
0x00007ffd624a0000 - 0x00007ffd62691000 	C:\Windows\System32\urlmon.dll
0x00007ffd61c70000 - 0x00007ffd61f2f000 	C:\Windows\System32\iertutil.dll
0x00007ffd63a70000 - 0x00007ffd63a98000 	C:\Windows\System32\srvcli.dll
0x00007ffd753e0000 - 0x00007ffd753ec000 	C:\Windows\System32\netutils.dll
0x00007ffd75de0000 - 0x00007ffd75e12000 	C:\Windows\System32\SspiCli.dll
0x00007ffd626d0000 - 0x00007ffd626ed000 	C:\WINDOWS\SYSTEM32\MPR.dll
0x00007ffd4f5d0000 - 0x00007ffd4f5db000 	C:\WINDOWS\System32\drprov.dll
0x00007ffd75900000 - 0x00007ffd7595b000 	C:\WINDOWS\System32\WINSTA.dll
0x00007ffd4f270000 - 0x00007ffd4f28f000 	C:\WINDOWS\System32\ntlanman.dll
0x00007ffd4f090000 - 0x00007ffd4f0ae000 	C:\WINDOWS\System32\davclnt.dll
0x00007ffd4f080000 - 0x00007ffd4f08d000 	C:\WINDOWS\System32\DAVHLPR.dll
0x00007ffd75030000 - 0x00007ffd75049000 	C:\WINDOWS\System32\wkscli.dll
0x00007ffd51c30000 - 0x00007ffd51c42000 	C:\WINDOWS\SYSTEM32\cscapi.dll
0x00007ffd61b90000 - 0x00007ffd61be6000 	C:\Windows\System32\dlnashext.dll
0x00007ffd5fca0000 - 0x00007ffd5fd04000 	C:\Windows\System32\PlayToDevice.dll
0x00007ffd54710000 - 0x00007ffd54730000 	C:\Windows\System32\DevDispItemProvider.dll
0x00007ffd6f630000 - 0x00007ffd6f6b9000 	C:\WINDOWS\System32\MMDevApi.dll
0x00007ffd44240000 - 0x00007ffd442e1000 	C:\WINDOWS\system32\wpdshext.dll
0x00007ffd64820000 - 0x00007ffd649c8000 	C:\WINDOWS\WinSxS\amd64_microsoft.windows.gdiplus_6595b64144ccf1df_1.1.19041.5369_none_91a453e0cc8824e6\gdiplus.dll
0x00007ffd725d0000 - 0x00007ffd72673000 	C:\Windows\System32\PortableDeviceApi.dll
0x00007ffd76f60000 - 0x00007ffd773d1000 	C:\WINDOWS\System32\SETUPAPI.dll
0x00007ffd61ab0000 - 0x00007ffd61ae7000 	C:\Windows\System32\EhStorShell.dll
0x00007ffd6b490000 - 0x00007ffd6b4b6000 	C:\Windows\System32\EhStorAPI.dll
0x00007ffd72cd0000 - 0x00007ffd72ce4000 	C:\Windows\System32\WTSAPI32.dll
0x00007ffd51be0000 - 0x00007ffd51bed000 	C:\WINDOWS\SYSTEM32\LINKINFO.dll
0x00007ffd60450000 - 0x00007ffd6045c000 	C:\WINDOWS\SYSTEM32\Secur32.dll
0x00007ffd52910000 - 0x00007ffd5294e000 	C:\WINDOWS\system32\dataexchange.dll
0x00007ffd71060000 - 0x00007ffd712c3000 	C:\WINDOWS\system32\d3d11.dll
0x00007ffd718b0000 - 0x00007ffd71a94000 	C:\WINDOWS\system32\dcomp.dll
0x00007ffd747c0000 - 0x00007ffd748b6000 	C:\WINDOWS\system32\dxgi.dll
0x00007ffd6e110000 - 0x00007ffd6e313000 	C:\WINDOWS\system32\twinapi.appcore.dll
0x00007ffd60880000 - 0x00007ffd60978000 	C:\Windows\System32\MrmCoreR.dll
0x00007ffd61850000 - 0x00007ffd61861000 	C:\WINDOWS\SYSTEM32\windows.staterepositorycore.dll
0x0000028a43930000 - 0x0000028a43934000 	C:\Users\ethan\.javacpp\cache\javacpp-1.5.9-windows-x86_64.jar\org\bytedeco\javacpp\windows-x86_64\api-ms-win-crt-locale-l1-1-0.dll
0x0000028a43940000 - 0x0000028a43945000 	C:\Users\ethan\.javacpp\cache\javacpp-1.5.9-windows-x86_64.jar\org\bytedeco\javacpp\windows-x86_64\api-ms-win-crt-string-l1-1-0.dll
0x0000028a43950000 - 0x0000028a43955000 	C:\Users\ethan\.javacpp\cache\javacpp-1.5.9-windows-x86_64.jar\org\bytedeco\javacpp\windows-x86_64\api-ms-win-crt-stdio-l1-1-0.dll
0x0000028a43960000 - 0x0000028a43966000 	C:\Users\ethan\.javacpp\cache\javacpp-1.5.9-windows-x86_64.jar\org\bytedeco\javacpp\windows-x86_64\api-ms-win-crt-math-l1-1-0.dll

dbghelp: loaded successfully - version: 4.0.5 - missing functions: none
symbol engine: initialized successfully - sym options: 0x614 - pdb path: .;C:\Program Files\Eclipse Adoptium\jdk-21.0.5.11-hotspot\bin;C:\WINDOWS\SYSTEM32;C:\WINDOWS\WinSxS\amd64_microsoft.windows.common-controls_6595b64144ccf1df_6.0.19041.4355_none_60b8b9eb71f62e16;C:\Program Files\Eclipse Adoptium\jdk-21.0.5.11-hotspot\bin\server;C:\ProgramData\chocolatey\lib\maven\apache-maven-3.9.9\lib\jansi-native\Windows\x86_64;C:\WINDOWS\System32\DriverStore\FileRepository\nv_dispi.inf_amd64_9d15b9aa9e1c885b;C:\WINDOWS\WinSxS\amd64_microsoft.windows.common-controls_6595b64144ccf1df_5.82.19041.4355_none_792ecafd2442822f;C:\WINDOWS\WinSxS\amd64_microsoft.windows.gdiplus_6595b64144ccf1df_1.1.19041.5369_none_91a453e0cc8824e6;C:\Users\ethan\.javacpp\cache\javacpp-1.5.9-windows-x86_64.jar\org\bytedeco\javacpp\windows-x86_64;C:\Users\ethan\.javacpp\cache\ffmpeg-6.0-1.5.9-windows-x86_64.jar\org\bytedeco\ffmpeg\windows-x86_64;C:\Users\ethan\.javacpp\cache\openblas-0.3.23-1.5.9-windows-x86_64.jar\org\bytedeco\openblas\windows-x86_64;C:\Users\ethan\.javacpp\cache\opencv-4.9.0-1.5.10-windows-x86_64.jar\org\bytedeco\opencv\windows-x86_64

VM Arguments:
jvm_args: -Dclassworlds.conf=C:\ProgramData\chocolatey\lib\maven\apache-maven-3.9.9\bin\m2.conf -Dmaven.home=C:\ProgramData\chocolatey\lib\maven\apache-maven-3.9.9 -Dlibrary.jansi.path=C:\ProgramData\chocolatey\lib\maven\apache-maven-3.9.9\lib\jansi-native -Dmaven.multiModuleProjectDirectory=A:\Kinoui\SMU\COURSE WORK\year 2 sem 2\OOP\proj\OOPs 
java_command: org.codehaus.plexus.classworlds.launcher.Launcher exec:java -Dexec.mainClass=com.main.MainApplication
java_class_path (initial): C:\ProgramData\chocolatey\lib\maven\apache-maven-3.9.9\boot\plexus-classworlds-2.8.0.jar
Launcher Type: SUN_STANDARD

[Global flags]
     intx CICompilerCount                          = 4                                         {product} {ergonomic}
     uint ConcGCThreads                            = 3                                         {product} {ergonomic}
     uint G1ConcRefinementThreads                  = 10                                        {product} {ergonomic}
   size_t G1HeapRegionSize                         = 4194304                                   {product} {ergonomic}
    uintx GCDrainStackTargetSize                   = 64                                        {product} {ergonomic}
   size_t InitialHeapSize                          = 536870912                                 {product} {ergonomic}
   size_t MarkStackSize                            = 4194304                                   {product} {ergonomic}
   size_t MaxHeapSize                              = 8577351680                                {product} {ergonomic}
   size_t MaxNewSize                               = 5146411008                                {product} {ergonomic}
   size_t MinHeapDeltaBytes                        = 4194304                                   {product} {ergonomic}
   size_t MinHeapSize                              = 8388608                                   {product} {ergonomic}
    uintx NonNMethodCodeHeapSize                   = 5839372                                {pd product} {ergonomic}
    uintx NonProfiledCodeHeapSize                  = 122909434                              {pd product} {ergonomic}
    uintx ProfiledCodeHeapSize                     = 122909434                              {pd product} {ergonomic}
    uintx ReservedCodeCacheSize                    = 251658240                              {pd product} {ergonomic}
     bool SegmentedCodeCache                       = true                                      {product} {ergonomic}
   size_t SoftMaxHeapSize                          = 8577351680                             {manageable} {ergonomic}
     bool UseCompressedOops                        = true                           {product lp64_product} {ergonomic}
     bool UseG1GC                                  = true                                      {product} {ergonomic}
     bool UseLargePagesIndividualAllocation        = false                                  {pd product} {ergonomic}

Logging:
Log output configuration:
 #0: stdout all=warning uptime,level,tags foldmultilines=false
 #1: stderr all=off uptime,level,tags foldmultilines=false

Environment Variables:
JAVA_HOME=C:\Program Files\Eclipse Adoptium\jdk-21.0.5.11-hotspot
PATH=C:\Program Files\Eclipse Adoptium\jdk-21.0.5.11-hotspot\bin;C:\Users\ethan\AppData\Local\Programs\Eclipse Adoptium\jdk-21.0.6.7-hotspot\bin;C:\Program Files (x86)\Common Files\Oracle\Java\javapath;C:\Windows\system32;C:\Windows;C:\Windows\System32\Wbem;C:\Windows\System32\WindowsPowerShell\v1.0\;C:\Windows\System32\OpenSSH\;C:\Program Files (x86)\NVIDIA Corporation\PhysX\Common;C:\Program Files\NVIDIA Corporation\NVIDIA NvDLISR;C:\Program Files\Calibre2\;C:\WINDOWS\system32;C:\WINDOWS;C:\WINDOWS\System32\Wbem;C:\WINDOWS\System32\WindowsPowerShell\v1.0\;C:\WINDOWS\System32\OpenSSH\;C:\Program Files\dotnet\;A:\Kinoui\servers\remoteit\resources\x64;A:\Kinoui\[a]ss\app\remoteit\resources\x64;A:\Kinoui\[a]ss\app\remoteit\resources\x64;C:\Users\ethan\AppData\Roaming\nvm;C:\Program Files\nodejs;C:\ProgramData\chocolatey\bin;C:\ProgramData\chocolatey\lib\maven\apache-maven-3.9.9\bin;C:\Program Files\Eclipse Adoptium\jdk-21.0.5.11-hotspot\bin;C:\Program Files (x86)\Common Files\Oracle\Java\javapath;C:\Windows\system32;C:\Windows;C:\Windows\System32\Wbem;C:\Windows\System32\WindowsPowerShell\v1.0\;C:\Windows\System32\OpenSSH\;C:\Program Files (x86)\NVIDIA Corporation\PhysX\Common;C:\Program Files\NVIDIA Corporation\NVIDIA NvDLISR;C:\Program Files\Calibre2\;C:\WINDOWS\system32;C:\WINDOWS;C:\WINDOWS\System32\Wbem;C:\WINDOWS\System32\WindowsPowerShell\v1.0\;C:\WINDOWS\System32\OpenSSH\;C:\Program Files\dotnet\;A:\Kinoui\servers\remoteit\resources\x64;A:\Kinoui\[a]ss\app\remoteit\resources\x64;A:\Kinoui\[a]ss\app\remoteit\resources\x64;C:\Users\ethan\AppData\Roaming\nvm;C:\Program Files\nodejs;C:\ProgramData\chocolatey\bin;C:\ProgramData\chocolatey\lib\maven\apache-maven-3.9.9\bin;C:\Users\ethan\AppData\Local\Programs\Eclipse Adoptium\jdk-21.0.6.7-hotspot\bin;C:\Users\ethan\AppData\Local\Microsoft\WindowsApps;G:\Coding\Coding software\Microsoft VS Code\bin;C:\Users\ethan\AppData\Local\GitHubDesktop\bin;C:\Users\ethan\AppData\;C:\Program Files\Eclipse Adoptium\jre-17.0.13.11-hotspot;C:\Program Files\Eclipse Adoptium\jdk-21.0.5.11-hotspot;
USERNAME=ethan
OS=Windows_NT
PROCESSOR_IDENTIFIER=AMD64 Family 23 Model 8 Stepping 2, AuthenticAMD
TMP=C:\Users\ethan\AppData\Local\Temp
TEMP=C:\Users\ethan\AppData\Local\Temp




Periodic native trim disabled

---------------  S Y S T E M  ---------------

OS:
 Windows 10 , 64 bit Build 19041 (10.0.19041.5438)
OS uptime: 3 days 6:24 hours

CPU: total 12 (initial active 12) (12 cores per cpu, 2 threads per core) family 23 model 8 stepping 2 microcode 0x0, cx8, cmov, fxsr, ht, mmx, 3dnowpref, sse, sse2, sse3, ssse3, sse4a, sse4.1, sse4.2, popcnt, lzcnt, tsc, tscinvbit, avx, avx2, aes, clmul, bmi1, bmi2, adx, sha, fma, vzeroupper, clflush, clflushopt, rdtscp, f16c
Processor Information for all 12 processors :
  Max Mhz: 3400, Current Mhz: 3400, Mhz Limit: 3400

Memory: 4k page, system-wide physical 32719M (16051M free)
TotalPageFile size 38615M (AvailPageFile size 4681M)
current process WorkingSet (physical memory assigned to process): 602M, peak: 868M
current process commit charge ("private bytes"): 3519M, peak: 3816M

vm_info: OpenJDK 64-Bit Server VM (21.0.5+11-LTS) for windows-amd64 JRE (21.0.5+11-LTS), built on 2024-10-15T00:00:00Z by "admin" with MS VC++ 17.7 (VS2022)

END.
