#
# A fatal error has been detected by the Java Runtime Environment:
#
#  EXCEPTION_ACCESS_VIOLATION (0xc0000005) at pc=0x00007ffccbf192be, pid=9396, tid=26228
#
# JRE version: OpenJDK Runtime Environment Temurin-21.0.5+11 (21.0.5+11) (build 21.0.5+11-LTS)
# Java VM: OpenJDK 64-Bit Server VM Temurin-21.0.5+11 (21.0.5+11-LTS, mixed mode, sharing, tiered, compressed oops, compressed class ptrs, g1 gc, windows-amd64)
# Problematic frame:
# C  0x00007ffccbf192be
#
# No core dump will be written. Minidumps are not enabled by default on client versions of Windows
#
# If you would like to submit a bug report, please visit:
#   https://github.com/adoptium/adoptium-support/issues
# The crash happened outside the Java Virtual Machine in native code.
# See problematic frame for where to report the bug.
#

---------------  S U M M A R Y ------------

Command Line: -Dclassworlds.conf=C:\ProgramData\chocolatey\lib\maven\apache-maven-3.9.9\bin\m2.conf -Dmaven.home=C:\ProgramData\chocolatey\lib\maven\apache-maven-3.9.9 -Dlibrary.jansi.path=C:\ProgramData\chocolatey\lib\maven\apache-maven-3.9.9\lib\jansi-native -Dmaven.multiModuleProjectDirectory=A:\Kinoui\SMU\COURSE WORK\year 2 sem 2\OOP\proj\OOPs org.codehaus.plexus.classworlds.launcher.Launcher exec:java -Dexec.mainClass=com.main.MainApplication

Host: AMD Ryzen 5 2600 Six-Core Processor            , 12 cores, 31G,  Windows 10 , 64 bit Build 19041 (10.0.19041.5438)
Time: Mon Mar 24 05:09:20 2025 Malay Peninsula Standard Time elapsed time: 29.884350 seconds (0d 0h 0m 29s)

---------------  T H R E A D  ---------------

Current thread (0x000002a880f36200):  JavaThread "SwingWorker-pool-2-thread-6" daemon [_thread_in_native, id=26228, stack(0x000000f528950000,0x000000f528a50000) (1024K)]

Stack: [0x000000f528950000,0x000000f528a50000],  sp=0x000000f528a4e100,  free space=1016k
Native frames: (J=compiled Java code, j=interpreted, Vv=VM code, C=native code)
C  0x00007ffccbf192be

Java frames: (J=compiled Java code, j=interpreted, Vv=VM code)
j  org.bytedeco.opencv.global.opencv_imgproc.grabCut(Lorg/bytedeco/opencv/opencv_core/Mat;Lorg/bytedeco/opencv/opencv_core/Mat;Lorg/bytedeco/opencv/opencv_core/Rect;Lorg/bytedeco/opencv/opencv_core/Mat;Lorg/bytedeco/opencv/opencv_core/Mat;II)V+0
j  com.editor.BackgroundRemover.refineSegmentation(Ljava/util/List;Ljava/util/List;I)Lorg/bytedeco/javacv/Frame;+82
j  com.ui.handlers.ForegroundRefinementHandler$3.doInBackground()Lorg/bytedeco/javacv/Frame;+19
j  com.ui.handlers.ForegroundRefinementHandler$3.doInBackground()Ljava/lang/Object;+1
j  javax.swing.SwingWorker$1.call()Ljava/lang/Object;+14 java.desktop@21.0.5
J 6081 c1 java.util.concurrent.FutureTask.run()V java.base@21.0.5 (123 bytes) @ 0x000002a890c2acac [0x000002a890c2a560+0x000000000000074c]
j  javax.swing.SwingWorker.run()V+4 java.desktop@21.0.5
j  java.util.concurrent.ThreadPoolExecutor.runWorker(Ljava/util/concurrent/ThreadPoolExecutor$Worker;)V+92 java.base@21.0.5
j  java.util.concurrent.ThreadPoolExecutor$Worker.run()V+5 java.base@21.0.5
j  java.lang.Thread.runWith(Ljava/lang/Object;Ljava/lang/Runnable;)V+5 java.base@21.0.5
j  java.lang.Thread.run()V+19 java.base@21.0.5
v  ~StubRoutines::call_stub 0x000002a89752100d

siginfo: EXCEPTION_ACCESS_VIOLATION (0xc0000005), reading address 0x0000000000000000


Registers:
RAX=0x0000000000000000, RBX=0x0000000000000000, RCX=0x0000000000000000, RDX=0x0000000000000000
RSP=0x000000f528a4e100, RBP=0x000000f528a4e200, RSI=0x0000000000000000, RDI=0x0000000000000000
R8 =0x00000000ffffffff, R9 =0x0000000000000001, R10=0x0000000000000000, R11=0x000000f528a4e060
R12=0x0000000000000004, R13=0x0000000000000001, R14=0x0000000000000000, R15=0x000002a8f25014a0
RIP=0x00007ffccbf192be, EFLAGS=0x0000000000010246


Register to memory mapping:

RAX=0x0 is null
RBX=0x0 is null
RCX=0x0 is null
RDX=0x0 is null
RSP=0x000000f528a4e100 is pointing into the stack for thread: 0x000002a880f36200
RBP=0x000000f528a4e200 is pointing into the stack for thread: 0x000002a880f36200
RSI=0x0 is null
RDI=0x0 is null
R8 =0x00000000ffffffff is an unknown value
R9 =0x0000000000000001 is an unknown value
R10=0x0 is null
R11=0x000000f528a4e060 is pointing into the stack for thread: 0x000002a880f36200
R12=0x0000000000000004 is an unknown value
R13=0x0000000000000001 is an unknown value
R14=0x0 is null
R15=0x000002a8f25014a0 points into unknown readable memory: 0x0000000242ff4000 | 00 40 ff 42 02 00 00 00

Top of Stack: (sp=0x000000f528a4e100)
0x000000f528a4e100:   00000000000003ff 0000000000000000
0x000000f528a4e110:   0000000000000249 0000000000000005
0x000000f528a4e120:   407c200000000000 000000f528a4e410
0x000000f528a4e130:   000000f528a4e3b0 000000f528a4e350
0x000000f528a4e140:   000000f528a4e2f0 000000f528a4e230
0x000000f528a4e150:   0000024900000005 4045800000000000
0x000000f528a4e160:   403b000000000000 4035000000000000
0x000000f528a4e170:   000002a800000000 00007ffce491e3f4
0x000000f528a4e180:   4048000000000000 4039000000000000
0x000000f528a4e190:   4037000000000000 0000000000000001
0x000000f528a4e1a0:   0000000000000000 000002a800000000
0x000000f528a4e1b0:   000000f528a4e1e0 0000000000000000
0x000000f528a4e1c0:   0000000000000000 000002a880f36200
0x000000f528a4e1d0:   0000000242ff4010 0000040000000249
0x000000f528a4e1e0:   000002a881672040 000002a881672040
0x000000f528a4e1f0:   000002a881828c40 000002a881828c40
0x000000f528a4e200:   0000000000000000 0000000000000000
0x000000f528a4e210:   000000f528a4e1d8 000000f528a4e220
0x000000f528a4e220:   0000000000000c00 0000000000000003
0x000000f528a4e230:   0000000000000000 0000000000000000
0x000000f528a4e240:   0000000000000000 0000000000000000
0x000000f528a4e250:   0000000000000000 0000000000000000
0x000000f528a4e260:   0000000000000000 000002a880f36200
0x000000f528a4e270:   000002a880f36200 000000f528a4e370
0x000000f528a4e280:   0000000000000010 000000000000000a
0x000000f528a4e290:   0000000242ff4004 0000040000000249
0x000000f528a4e2a0:   000002a9b3704080 000002a9b3704080
0x000000f528a4e2b0:   000002a9b394d080 000002a9b394d080
0x000000f528a4e2c0:   0000000000000000 000002a8f3825800
0x000000f528a4e2d0:   000000f528a4e298 000000f528a4e2e0
0x000000f528a4e2e0:   0000000000001000 0000000000000004
0x000000f528a4e2f0:   0000000242ff4006 0000040000000249 

Instructions: (pc=0x00007ffccbf192be)
0x00007ffccbf191be:   00 e8 46 16 30 00 90 48 8d 8d 50 01 00 00 e8 39
0x00007ffccbf191ce:   16 30 00 90 48 8d 8d f0 00 00 00 e8 2c 16 30 00
0x00007ffccbf191de:   90 f2 0f 10 05 c1 61 39 00 f2 0f 11 44 24 30 f2
0x00007ffccbf191ee:   0f 11 74 24 28 48 8d 85 f0 00 00 00 48 89 44 24
0x00007ffccbf191fe:   20 4c 8d 8d 50 01 00 00 4c 8d 85 b0 01 00 00 48
0x00007ffccbf1920e:   8d 95 10 02 00 00 48 8d 4d d0 e8 53 eb ff ff 33
0x00007ffccbf1921e:   db 44 8b e3 85 f6 0f 84 ef 04 00 00 f2 0f 10 35
0x00007ffccbf1922e:   7e 61 39 00 0f 57 c0 f3 0f 7f 45 30 48 89 5d 40
0x00007ffccbf1923e:   f3 0f 7f 45 48 48 89 5d 58 f2 0f 11 7d 60 44 8b
0x00007ffccbf1924e:   f3 8b 45 d8 85 c0 0f 8e ee 00 00 00 66 0f 1f 44
0x00007ffccbf1925e:   00 00 83 7d dc 00 0f 8e cd 00 00 00 49 63 f6 0f
0x00007ffccbf1926e:   1f 00 48 63 fb 48 8b ce 48 8b 45 18 48 0f af 08
0x00007ffccbf1927e:   48 8d 14 7f 48 03 4d e0 0f b6 04 0a 66 0f 6e c0
0x00007ffccbf1928e:   f3 0f e6 c0 0f b6 44 0a 01 66 0f 6e c8 f3 0f e6
0x00007ffccbf1929e:   c9 0f b6 44 0a 02 66 0f 6e d0 f3 0f e6 d2 49 8b
0x00007ffccbf192ae:   47 48 48 8b ce 48 0f af 08 48 03 cf 49 8b 47 10
0x00007ffccbf192be:   f6 04 01 fd 74 2c f2 0f 11 44 24 58 f2 0f 11 4c
0x00007ffccbf192ce:   24 60 f2 0f 11 54 24 68 48 8d 54 24 58 48 8d 8d
0x00007ffccbf192de:   70 02 00 00 eb 26 0f 1f 40 00 0f 1f 84 00 00 00
0x00007ffccbf192ee:   00 00 f2 0f 11 45 80 f2 0f 11 4d 88 f2 0f 11 55
0x00007ffccbf192fe:   90 48 8d 55 80 48 8d 8d 70 06 00 00 e8 b1 1b 00
0x00007ffccbf1930e:   00 8b d0 48 8b ce 48 8b 85 d8 00 00 00 48 0f af
0x00007ffccbf1931e:   08 48 03 8d a0 00 00 00 89 14 b9 ff c3 3b 5d dc
0x00007ffccbf1932e:   0f 8c 3c ff ff ff 8b 45 d8 41 ff c6 44 3b f0 bb
0x00007ffccbf1933e:   00 00 00 00 0f 8c 18 ff ff ff 41 83 fd 03 0f 84
0x00007ffccbf1934e:   e8 01 00 00 4c 8b c3 48 8d 8d f8 08 00 00 48 8d
0x00007ffccbf1935e:   95 80 08 00 00 0f 1f 40 00 66 0f 1f 84 00 00 00
0x00007ffccbf1936e:   00 00 48 89 5a 08 48 89 1a 48 89 5a f8 48 89 59
0x00007ffccbf1937e:   08 48 89 19 48 89 59 f8 48 89 59 20 48 89 59 18
0x00007ffccbf1938e:   48 89 59 10 48 89 59 38 48 89 59 30 48 89 59 28
0x00007ffccbf1939e:   42 89 9c 85 58 0a 00 00 49 ff c0 48 8d 52 18 48
0x00007ffccbf193ae:   8d 49 48 49 83 f8 05 7c b9 89 9d 6c 0a 00 00 4c 


Stack slot to memory mapping:

stack at sp + 0 slots: 0x00000000000003ff is an unknown value
stack at sp + 1 slots: 0x0 is null
stack at sp + 2 slots: 0x0000000000000249 is an unknown value
stack at sp + 3 slots: 0x0000000000000005 is an unknown value
stack at sp + 4 slots: 0x407c200000000000 is an unknown value
stack at sp + 5 slots: 0x000000f528a4e410 is pointing into the stack for thread: 0x000002a880f36200
stack at sp + 6 slots: 0x000000f528a4e3b0 is pointing into the stack for thread: 0x000002a880f36200
stack at sp + 7 slots: 0x000000f528a4e350 is pointing into the stack for thread: 0x000002a880f36200


Compiled method (c1) 29940 6081   !   3       java.util.concurrent.FutureTask::run (123 bytes)
 total in heap  [0x000002a890c29f90,0x000002a890c2e780] = 18416
 relocation     [0x000002a890c2a0f0,0x000002a890c2a558] = 1128
 main code      [0x000002a890c2a560,0x000002a890c2d850] = 13040
 stub code      [0x000002a890c2d850,0x000002a890c2d900] = 176
 oops           [0x000002a890c2d900,0x000002a890c2d950] = 80
 metadata       [0x000002a890c2d950,0x000002a890c2d9d0] = 128
 scopes data    [0x000002a890c2d9d0,0x000002a890c2e020] = 1616
 scopes pcs     [0x000002a890c2e020,0x000002a890c2e530] = 1296
 dependencies   [0x000002a890c2e530,0x000002a890c2e538] = 8
 handler table  [0x000002a890c2e538,0x000002a890c2e760] = 552
 nul chk table  [0x000002a890c2e760,0x000002a890c2e780] = 32

[Constant Pool (empty)]

[MachCode]
[Entry Point]
  # {method} {0x000002a8ef8101c8} 'run' '()V' in 'java/util/concurrent/FutureTask'
  #           [sp+0x160]  (sp of caller)
  0x000002a890c2a560: 448b 5208 | 49bb 0000 | 00ad a802 | 0000 4d03 | d34c 3bd0 

  0x000002a890c2a574: ;   {runtime_call ic_miss_stub}
  0x000002a890c2a574: 0f85 0642 | 9406 660f | 1f44 0000 
[Verified Entry Point]
  0x000002a890c2a580: 8984 2400 | 80ff ff55 | 4881 ec50 | 0100 0090 | 4181 7f20 | 0900 0000 

  0x000002a890c2a598: ;   {runtime_call StubRoutines (final stubs)}
  0x000002a890c2a598: 7405 e8c1 | a792 0648 | 8994 24e8 

  0x000002a890c2a5a4: ;   {metadata(method data for {method} {0x000002a8ef8101c8} 'run' '()V' in 'java/util/concurrent/FutureTask')}
  0x000002a890c2a5a4: 0000 0048 | b8f0 1d87 | efa8 0200 | 008b b0cc | 0000 0083 | c602 89b0 | cc00 0000 | 81e6 fe07 
  0x000002a890c2a5c4: 0000 85f6 | 0f84 5b2b | 0000 8b42 

  0x000002a890c2a5d0: ;   {metadata(method data for {method} {0x000002a8ef8101c8} 'run' '()V' in 'java/util/concurrent/FutureTask')}
  0x000002a890c2a5d0: 0c85 c048 | b8f0 1d87 | efa8 0200 | 0048 c7c6 | 1001 0000 | 7507 48c7 | c620 0100 | 0048 8b3c 
  0x000002a890c2a5f0: 3048 8d7f | 0148 893c | 300f 85d9 

  0x000002a890c2a5fc: ;   {metadata(method data for {method} {0x000002a8ef8101c8} 'run' '()V' in 'java/util/concurrent/FutureTask')}
  0x000002a890c2a5fc: 2000 0048 | b8f0 1d87 | efa8 0200 | 0048 8380 | 3001 0000 | 0149 8b87 | 8003 0000 

  0x000002a890c2a618: ;   {metadata(method data for {method} {0x000002a8ef8101c8} 'run' '()V' in 'java/util/concurrent/FutureTask')}
  0x000002a890c2a618: 488b 1848 | b8f0 1d87 | efa8 0200 | 0048 8d80 | 7801 0000 

  0x000002a890c2a62c: ;   {metadata('java/util/concurrent/FutureTask')}
  0x000002a890c2a62c: 48be 0862 | 33ae a802 | 0000 4833 | 7008 48f7 | c6fc ffff | ff74 0448 

  0x000002a890c2a644: ;   {metadata(method data for {method} {0x000002a8ad1560e8} 'guard_LLL_Z' '(Ljava/lang/invoke/VarHandle;Ljava/lang/Object;Ljava/lang/Object;Ljava/lang/Object;Ljava/lang/invoke/VarHandle$AccessDescriptor;)Z' in 'java/lang/invoke/VarHandleGuards')}
  0x000002a890c2a644: 8970 0848 | b8e8 7386 | efa8 0200 | 0048 8d80 | e003 0000 

  0x000002a890c2a658: ;   {oop(a 'java/lang/invoke/VarHandleReferences$FieldInstanceReadWrite'{0x0000000600f2ba48})}
  0x000002a890c2a658: 48be 48ba | f200 0600 | 0000 4885 | f675 0af6 | 0001 7505 | f048 8308 

  0x000002a890c2a670: ;   {metadata(method data for {method} {0x000002a8ef8101c8} 'run' '()V' in 'java/util/concurrent/FutureTask')}
  0x000002a890c2a670: 0148 b8f0 | 1d87 efa8 | 0200 0048 | 8380 4001 

  0x000002a890c2a680: ;   {metadata(method data for {method} {0x000002a8ad1560e8} 'guard_LLL_Z' '(Ljava/lang/invoke/VarHandle;Ljava/lang/Object;Ljava/lang/Object;Ljava/lang/Object;Ljava/lang/invoke/VarHandle$AccessDescriptor;)Z' in 'java/lang/invoke/VarHandleGuards')}
  0x000002a890c2a680: 0000 0148 | b8e8 7386 | efa8 0200 | 008b b8cc | 0000 0083 | c702 89b8 | cc00 0000 | 81e7 feff 
  0x000002a890c2a6a0: 1f00 85ff | 0f84 a02a 

  0x000002a890c2a6a8: ;   {metadata(method data for {method} {0x000002a8ad1560e8} 'guard_LLL_Z' '(Ljava/lang/invoke/VarHandle;Ljava/lang/Object;Ljava/lang/Object;Ljava/lang/Object;Ljava/lang/invoke/VarHandle$AccessDescriptor;)Z' in 'java/lang/invoke/VarHandleGuards')}
  0x000002a890c2a6a8: 0000 48b8 | e873 86ef | a802 0000 | 488d 8048 

  0x000002a890c2a6b8: ;   {oop(a 'java/lang/invoke/VarHandle$AccessDescriptor'{0x0000000600fc2218})}
  0x000002a890c2a6b8: 0100 0048 | bf18 22fc | 0006 0000 | 0048 85ff | 750c f640 | 0801 7506 | f048 8348 

  0x000002a890c2a6d4: ;   {metadata(method data for {method} {0x000002a8ad1560e8} 'guard_LLL_Z' '(Ljava/lang/invoke/VarHandle;Ljava/lang/Object;Ljava/lang/Object;Ljava/lang/Object;Ljava/lang/invoke/VarHandle$AccessDescriptor;)Z' in 'java/lang/invoke/VarHandleGuards')}
  0x000002a890c2a6d4: 0801 48b8 | e873 86ef | a802 0000 | 8b76 0849 | ba00 0000 | ada8 0200 | 0049 03f2 | 483b b020 
  0x000002a890c2a6f4: 0100 0075 | 0d48 8380 | 2801 0000 | 01e9 6000 | 0000 483b | b030 0100 | 0075 0d48 | 8380 3801 
  0x000002a890c2a714: 0000 01e9 | 4a00 0000 | 4883 b820 | 0100 0000 | 7517 4889 | b020 0100 | 0048 c780 | 2801 0000 
  0x000002a890c2a734: 0100 0000 | e929 0000 | 0048 83b8 | 3001 0000 | 0075 1748 | 89b0 3001 | 0000 48c7 | 8038 0100 
  0x000002a890c2a754: 0001 0000 | 00e9 0800 | 0000 4883 | 8010 0100 

  0x000002a890c2a764: ;   {metadata(method data for {method} {0x000002a8ad0936b8} 'checkAccessModeThenIsDirect' '(Ljava/lang/invoke/VarHandle$AccessDescriptor;)Z' in 'java/lang/invoke/VarHandle')}
  0x000002a890c2a764: 0001 48b8 | 98f9 13ee | a802 0000 | 8bb0 cc00 | 0000 83c6 | 0289 b0cc | 0000 0081 | e6fe ff1f 
  0x000002a890c2a784: 0085 f60f | 84de 2900 

  0x000002a890c2a78c: ;   {metadata(method data for {method} {0x000002a8ad0936b8} 'checkAccessModeThenIsDirect' '(Ljava/lang/invoke/VarHandle$AccessDescriptor;)Z' in 'java/lang/invoke/VarHandle')}
  0x000002a890c2a78c: 0048 b898 | f913 eea8 | 0200 00ff | 8010 0100 

  0x000002a890c2a79c: ;   {metadata(method data for {method} {0x000002a8ad1560e8} 'guard_LLL_Z' '(Ljava/lang/invoke/VarHandle;Ljava/lang/Object;Ljava/lang/Object;Ljava/lang/Object;Ljava/lang/invoke/VarHandle$AccessDescriptor;)Z' in 'java/lang/invoke/VarHandleGuards')}
  0x000002a890c2a79c: 0048 b8e8 | 7386 efa8 | 0200 00ff | 8070 0100 

  0x000002a890c2a7ac: ;   {metadata(method data for {method} {0x000002a8ad1560e8} 'guard_LLL_Z' '(Ljava/lang/invoke/VarHandle;Ljava/lang/Object;Ljava/lang/Object;Ljava/lang/Object;Ljava/lang/invoke/VarHandle$AccessDescriptor;)Z' in 'java/lang/invoke/VarHandleGuards')}
  0x000002a890c2a7ac: 0048 b8e8 | 7386 efa8 | 0200 00ff | 8090 0100 

  0x000002a890c2a7bc: ;   {oop(a 'java/lang/invoke/VarForm'{0x0000000601110198})}
  0x000002a890c2a7bc: 0048 b898 | 0111 0106 

  0x000002a890c2a7c4: ;   {metadata(method data for {method} {0x000002a8ad1560e8} 'guard_LLL_Z' '(Ljava/lang/invoke/VarHandle;Ljava/lang/Object;Ljava/lang/Object;Ljava/lang/Object;Ljava/lang/invoke/VarHandle$AccessDescriptor;)Z' in 'java/lang/invoke/VarHandleGuards')}
  0x000002a890c2a7c4: 0000 0048 | bee8 7386 | efa8 0200 | 0048 8386 | a001 0000 

  0x000002a890c2a7d8: ;   {metadata(method data for {method} {0x000002a8ad1542f0} 'getMemberName' '(I)Ljava/lang/invoke/MemberName;' in 'java/lang/invoke/VarForm')}
  0x000002a890c2a7d8: 0148 b8a0 | fb13 eea8 | 0200 008b | b0cc 0000 | 0083 c602 | 89b0 cc00 | 0000 81e6 | feff 1f00 
  0x000002a890c2a7f8: 85f6 0f84 | 8c29 0000 

  0x000002a890c2a800: ;   {metadata(method data for {method} {0x000002a8ad1542f0} 'getMemberName' '(I)Ljava/lang/invoke/MemberName;' in 'java/lang/invoke/VarForm')}
  0x000002a890c2a800: 48b8 a0fb | 13ee a802 | 0000 ff80 | 1001 0000 

  0x000002a890c2a810: ;   {metadata(method data for {method} {0x000002a8ad1560e8} 'guard_LLL_Z' '(Ljava/lang/invoke/VarHandle;Ljava/lang/Object;Ljava/lang/Object;Ljava/lang/Object;Ljava/lang/invoke/VarHandle$AccessDescriptor;)Z' in 'java/lang/invoke/VarHandleGuards')}
  0x000002a890c2a810: 48b8 e873 | 86ef a802 | 0000 488d | 80d8 0100 

  0x000002a890c2a820: ;   {oop(a 'java/lang/invoke/MemberName'{0x0000000600f6ad18} = {method} {0x000002a8ad254370} 'compareAndSet' '(Ljava/lang/invoke/VarHandle;Ljava/lang/Object;Ljava/lang/Object;Ljava/lang/Object;)Z' in 'java/lang/invoke/VarHandleReferences$FieldInstanceReadWrite')}
  0x000002a890c2a820: 0048 be18 | adf6 0006 | 0000 0048 | 85f6 750a | f600 0175 | 05f0 4883 

  0x000002a890c2a838: ;   {metadata(method data for {method} {0x000002a8ad1560e8} 'guard_LLL_Z' '(Ljava/lang/invoke/VarHandle;Ljava/lang/Object;Ljava/lang/Object;Ljava/lang/Object;Ljava/lang/invoke/VarHandle$AccessDescriptor;)Z' in 'java/lang/invoke/VarHandleGuards')}
  0x000002a890c2a838: 0801 48b8 | e873 86ef | a802 0000 | 488d 80f8 

  0x000002a890c2a848: ;   {oop(a 'java/lang/invoke/VarHandleReferences$FieldInstanceReadWrite'{0x0000000600f2ba48})}
  0x000002a890c2a848: 0100 0048 | be48 baf2 | 0006 0000 | 0048 85f6 | 750c f640 | 0801 7506 | f048 8348 

  0x000002a890c2a864: ;   {metadata(method data for {method} {0x000002a8ad1560e8} 'guard_LLL_Z' '(Ljava/lang/invoke/VarHandle;Ljava/lang/Object;Ljava/lang/Object;Ljava/lang/Object;Ljava/lang/invoke/VarHandle$AccessDescriptor;)Z' in 'java/lang/invoke/VarHandleGuards')}
  0x000002a890c2a864: 0801 48b8 | e873 86ef | a802 0000 | 4883 80e8 | 0100 0001 

  0x000002a890c2a878: ;   {metadata(method data for {method} {0x000002a8ad254370} 'compareAndSet' '(Ljava/lang/invoke/VarHandle;Ljava/lang/Object;Ljava/lang/Object;Ljava/lang/Object;)Z' in 'java/lang/invoke/VarHandleReferences$FieldInstanceReadWrite')}
  0x000002a890c2a878: 48b8 d821 | 87ef a802 | 0000 8bb0 | cc00 0000 | 83c6 0289 | b0cc 0000 | 0081 e6fe | ff1f 0085 
  0x000002a890c2a898: f60f 840e 

  0x000002a890c2a89c: ;   {oop(a 'java/lang/Class'{0x0000000600f2b910} = 'java/util/concurrent/FutureTask')}
  0x000002a890c2a89c: 2900 0048 | b810 b9f2 | 0006 0000 

  0x000002a890c2a8a8: ;   {metadata(method data for {method} {0x000002a8ad254370} 'compareAndSet' '(Ljava/lang/invoke/VarHandle;Ljava/lang/Object;Ljava/lang/Object;Ljava/lang/Object;)Z' in 'java/lang/invoke/VarHandleReferences$FieldInstanceReadWrite')}
  0x000002a890c2a8a8: 0048 bed8 | 2187 efa8 | 0200 0048 | 8386 4801 

  0x000002a890c2a8b8: ;   {metadata(method data for {method} {0x000002a8ad465068} 'cast' '(Ljava/lang/Object;)Ljava/lang/Object;' in 'java/lang/Class')}
  0x000002a890c2a8b8: 0000 0148 | b8b0 7920 | eea8 0200 | 008b b0cc | 0000 0083 | c602 89b0 | cc00 0000 | 81e6 feff 
  0x000002a890c2a8d8: 1f00 85f6 | 0f84 ec28 

  0x000002a890c2a8e0: ;   {metadata(method data for {method} {0x000002a8ad465068} 'cast' '(Ljava/lang/Object;)Ljava/lang/Object;' in 'java/lang/Class')}
  0x000002a890c2a8e0: 0000 48b8 | b079 20ee | a802 0000 | ff80 2001 

  0x000002a890c2a8f0: ;   {oop(a 'java/lang/Class'{0x0000000600f2b910} = 'java/util/concurrent/FutureTask')}
  0x000002a890c2a8f0: 0000 48b8 | 10b9 f200 | 0600 0000 

  0x000002a890c2a8fc: ;   {metadata(method data for {method} {0x000002a8ad465068} 'cast' '(Ljava/lang/Object;)Ljava/lang/Object;' in 'java/lang/Class')}
  0x000002a890c2a8fc: 48be b079 | 20ee a802 | 0000 4883 | 8630 0100 | 0001 4885 | d20f 8429 

  0x000002a890c2a914: ;   {metadata('java/util/concurrent/FutureTask')}
  0x000002a890c2a914: 0000 0048 | b908 6233 | aea8 0200 | 008b 7a08 | 49ba 0000 | 00ad a802 | 0000 4903 | fa48 3b4f 
  0x000002a890c2a934: 380f 8505 | 0000 00e9 | 0500 0000 | 4833 c0eb | 0748 c7c0 | 0100 0000 

  0x000002a890c2a94c: ;   {metadata(method data for {method} {0x000002a8ad465068} 'cast' '(Ljava/lang/Object;)Ljava/lang/Object;' in 'java/lang/Class')}
  0x000002a890c2a94c: 85c0 48b8 | b079 20ee | a802 0000 | 48c7 c678 | 0100 0074 | 0748 c7c6 | 6801 0000 | 488b 3c30 
  0x000002a890c2a96c: 488d 7f01 | 4889 3c30 | 0f84 cf26 

  0x000002a890c2a978: ;   {metadata(method data for {method} {0x000002a8ad254370} 'compareAndSet' '(Ljava/lang/invoke/VarHandle;Ljava/lang/Object;Ljava/lang/Object;Ljava/lang/Object;)Z' in 'java/lang/invoke/VarHandleReferences$FieldInstanceReadWrite')}
  0x000002a890c2a978: 0000 48b8 | d821 87ef | a802 0000 | 4883 8080 | 0100 0001 

  0x000002a890c2a98c: ;   {metadata(method data for {method} {0x000002a8ad056488} 'requireNonNull' '(Ljava/lang/Object;)Ljava/lang/Object;' in 'java/util/Objects')}
  0x000002a890c2a98c: 48b8 10f7 | 00ee a802 | 0000 8bb0 | cc00 0000 | 83c6 0289 | b0cc 0000 | 0081 e6fe | ff1f 0085 
  0x000002a890c2a9ac: f60f 843c 

  0x000002a890c2a9b0: ;   {metadata(method data for {method} {0x000002a8ad056488} 'requireNonNull' '(Ljava/lang/Object;)Ljava/lang/Object;' in 'java/util/Objects')}
  0x000002a890c2a9b0: 2800 0048 | b810 f700 | eea8 0200 | 00ff 8010 

  0x000002a890c2a9c0: ;   {oop(a 'java/lang/Class'{0x00000006010000f0} = 'java/lang/Thread')}
  0x000002a890c2a9c0: 0100 0048 | b8f0 0000 | 0106 0000 

  0x000002a890c2a9cc: ;   {metadata(method data for {method} {0x000002a8ad254370} 'compareAndSet' '(Ljava/lang/invoke/VarHandle;Ljava/lang/Object;Ljava/lang/Object;Ljava/lang/Object;)Z' in 'java/lang/invoke/VarHandleReferences$FieldInstanceReadWrite')}
  0x000002a890c2a9cc: 0048 bed8 | 2187 efa8 | 0200 0048 | 8386 9001 

  0x000002a890c2a9dc: ;   {metadata(method data for {method} {0x000002a8ad465068} 'cast' '(Ljava/lang/Object;)Ljava/lang/Object;' in 'java/lang/Class')}
  0x000002a890c2a9dc: 0000 0148 | b8b0 7920 | eea8 0200 | 008b b0cc | 0000 0083 | c602 89b0 | cc00 0000 | 81e6 feff 
  0x000002a890c2a9fc: 1f00 85f6 | 0f84 0a28 

  0x000002a890c2aa04: ;   {metadata(method data for {method} {0x000002a8ad465068} 'cast' '(Ljava/lang/Object;)Ljava/lang/Object;' in 'java/lang/Class')}
  0x000002a890c2aa04: 0000 48b8 | b079 20ee | a802 0000 | ff80 1001 

  0x000002a890c2aa14: ;   {oop(a 'java/lang/Class'{0x00000006010000f0} = 'java/lang/Thread')}
  0x000002a890c2aa14: 0000 48b8 | f000 0001 | 0600 0000 

  0x000002a890c2aa20: ;   {metadata(method data for {method} {0x000002a8ad254370} 'compareAndSet' '(Ljava/lang/invoke/VarHandle;Ljava/lang/Object;Ljava/lang/Object;Ljava/lang/Object;)Z' in 'java/lang/invoke/VarHandleReferences$FieldInstanceReadWrite')}
  0x000002a890c2aa20: 48be d821 | 87ef a802 | 0000 4883 | 86c8 0100 

  0x000002a890c2aa30: ;   {metadata(method data for {method} {0x000002a8ad465068} 'cast' '(Ljava/lang/Object;)Ljava/lang/Object;' in 'java/lang/Class')}
  0x000002a890c2aa30: 0001 48b8 | b079 20ee | a802 0000 | 8bb0 cc00 | 0000 83c6 | 0289 b0cc | 0000 0081 | e6fe ff1f 
  0x000002a890c2aa50: 0085 f60f | 84d8 2700 | 0048 85db 

  0x000002a890c2aa5c: ;   {metadata(method data for {method} {0x000002a8ad465068} 'cast' '(Ljava/lang/Object;)Ljava/lang/Object;' in 'java/lang/Class')}
  0x000002a890c2aa5c: 48b8 b079 | 20ee a802 | 0000 48c7 | c610 0100 | 0074 0748 | c7c6 2001 | 0000 488b | 3c30 488d 
  0x000002a890c2aa7c: 7f01 4889 | 3c30 0f84 | 8800 0000 

  0x000002a890c2aa88: ;   {oop(a 'java/lang/Class'{0x00000006010000f0} = 'java/lang/Thread')}
  0x000002a890c2aa88: 48b8 f000 | 0001 0600 

  0x000002a890c2aa90: ;   {metadata(method data for {method} {0x000002a8ad465068} 'cast' '(Ljava/lang/Object;)Ljava/lang/Object;' in 'java/lang/Class')}
  0x000002a890c2aa90: 0000 48be | b079 20ee | a802 0000 | 4883 8630 | 0100 0001 | 4885 db0f | 8429 0000 

  0x000002a890c2aaac: ;   {metadata('java/lang/Thread')}
  0x000002a890c2aaac: 0048 b998 | 6e01 ada8 | 0200 008b | 7b08 49ba | 0000 00ad | a802 0000 | 4903 fa48 | 3b4f 380f 
  0x000002a890c2aacc: 8505 0000 | 00e9 0500 | 0000 4833 | c0eb 0748 | c7c0 0100 | 0000 85c0 

  0x000002a890c2aae4: ;   {metadata(method data for {method} {0x000002a8ad465068} 'cast' '(Ljava/lang/Object;)Ljava/lang/Object;' in 'java/lang/Class')}
  0x000002a890c2aae4: 48b8 b079 | 20ee a802 | 0000 48c7 | c678 0100 | 0074 0748 | c7c6 6801 | 0000 488b | 3c30 488d 
  0x000002a890c2ab04: 7f01 4889 | 3c30 0f84 | 5f24 0000 | 48c7 c018 | 0000 0048 | 8d34 0241 | 0fbe 4740 | 85c0 0f85 
  0x000002a890c2ab24: 2a27 0000 

  0x000002a890c2ab28: ;   {oop(nullptr)}
  0x000002a890c2ab28: 48b8 0000 | 0000 0000 | 0000 48c1 | e803 4c8b | d349 c1ea | 03f0 440f | b116 bf01 | 0000 0074 
  0x000002a890c2ab48: 05bf 0000 | 0000 488b | c648 33c3 | 48c1 e816 | 4883 f800 | 0f85 0e27 | 0000 83e7 | 0183 e701 
  0x000002a890c2ab68: ;   {metadata(method data for {method} {0x000002a8ef8101c8} 'run' '()V' in 'java/util/concurrent/FutureTask')}
  0x000002a890c2ab68: 85ff 48be | f01d 87ef | a802 0000 | 48c7 c7b0 | 0100 0074 | 0748 c7c7 | a001 0000 | 488b 1c3e 
  0x000002a890c2ab88: 488d 5b01 | 4889 1c3e | 0f84 421b | 0000 8b72 | 1048 c1e6 | 0348 85f6 

  0x000002a890c2aba0: ;   {metadata(method data for {method} {0x000002a8ef8101c8} 'run' '()V' in 'java/util/concurrent/FutureTask')}
  0x000002a890c2aba0: 48bf f01d | 87ef a802 | 0000 48c7 | c3c0 0100 | 0074 0748 | c7c3 d001 | 0000 488b | 041f 488d 
  0x000002a890c2abc0: 4001 4889 | 041f 0f84 | 4816 0000 | 8b7a 0c85 

  0x000002a890c2abd0: ;   {metadata(method data for {method} {0x000002a8ef8101c8} 'run' '()V' in 'java/util/concurrent/FutureTask')}
  0x000002a890c2abd0: ff48 bff0 | 1d87 efa8 | 0200 0048 | c7c3 e001 | 0000 7507 | 48c7 c3f0 | 0100 0048 | 8b04 1f48 
  0x000002a890c2abf0: 8d40 0148 | 8904 1f0f | 8517 1600 | 0048 3b06 

  0x000002a890c2ac00: ;   {metadata(method data for {method} {0x000002a8ef8101c8} 'run' '()V' in 'java/util/concurrent/FutureTask')}
  0x000002a890c2ac00: 488b fe48 | bbf0 1d87 | efa8 0200 | 008b 7f08 | 49ba 0000 | 00ad a802 | 0000 4903 | fa48 3bbb 
  0x000002a890c2ac20: 1002 0000 | 750d 4883 | 8318 0200 | 0001 e960 | 0000 0048 | 3bbb 2002 | 0000 750d | 4883 8328 
  0x000002a890c2ac40: 0200 0001 | e94a 0000 | 0048 83bb | 1002 0000 | 0075 1748 | 89bb 1002 | 0000 48c7 | 8318 0200 
  0x000002a890c2ac60: 0001 0000 | 00e9 2900 | 0000 4883 | bb20 0200 | 0000 7517 | 4889 bb20 | 0200 0048 | c783 2802 
  0x000002a890c2ac80: 0000 0100 | 0000 e908 | 0000 0048 | 8383 0002 | 0000 0148 | 8bd6 0f1f | 8000 0000 | 0048 b8c0 
  0x000002a890c2aca0: 9546 f4a8 

  0x000002a890c2aca4: ;   {virtual_call}
  0x000002a890c2aca4: 0200 00e8 

  0x000002a890c2aca8: ; ImmutableOopMap {[232]=Oop }
                      ;*invokeinterface call {reexecute=0 rethrow=0 return_oop=0}
                      ; - java.util.concurrent.FutureTask::run@39 (line 317)
  0x000002a890c2aca8: 6454 a106 

  0x000002a890c2acac: ;   {other}
  0x000002a890c2acac: 0f1f 8400 | 1c0d 0000 

  0x000002a890c2acb4: ;   {metadata(method data for {method} {0x000002a8ef8101c8} 'run' '()V' in 'java/util/concurrent/FutureTask')}
  0x000002a890c2acb4: 49b8 f01d | 87ef a802 | 0000 41ff | 8038 0200 | 00be 0100 | 0000 e99c | 0a00 0048 | 8b94 24e8 
  0x000002a890c2acd4: 0000 0049 | 8b87 f804 | 0000 4d33 | d24d 8997 | f804 0000 | 4d33 d24d | 8997 0005 | 0000 4c8b 
  0x000002a890c2acf4: ;   {metadata(method data for {method} {0x000002a8ef8101c8} 'run' '()V' in 'java/util/concurrent/FutureTask')}
  0x000002a890c2acf4: c249 b9f0 | 1d87 efa8 

  0x000002a890c2acfc: ;   {metadata('java/util/concurrent/FutureTask')}
  0x000002a890c2acfc: 0200 0049 | ba08 6233 | aea8 0200 | 004d 8991 | 6002 0000 | 4983 8168 | 0200 0001 

  0x000002a890c2ad18: ;   {metadata(method data for {method} {0x000002a8ef810000} 'setException' '(Ljava/lang/Throwable;)V' in 'java/util/concurrent/FutureTask')}
  0x000002a890c2ad18: 49b8 6824 | 87ef a802 | 0000 458b | 88cc 0000 | 0041 83c1 | 0245 8988 | cc00 0000 | 4181 e1fe 
  0x000002a890c2ad38: ff1f 0045 | 85c9 0f84 | 4925 0000 

  0x000002a890c2ad44: ;   {metadata(method data for {method} {0x000002a8ef810000} 'setException' '(Ljava/lang/Throwable;)V' in 'java/util/concurrent/FutureTask')}
  0x000002a890c2ad44: 49b8 6824 | 87ef a802 | 0000 4d8d | 8048 0100 

  0x000002a890c2ad54: ;   {metadata('java/util/concurrent/FutureTask')}
  0x000002a890c2ad54: 0049 b908 | 6233 aea8 | 0200 004d | 3348 0849 | f7c1 fcff | ffff 7404 | 4d89 4808 

  0x000002a890c2ad70: ;   {metadata(method data for {method} {0x000002a8ad1562a0} 'guard_LII_Z' '(Ljava/lang/invoke/VarHandle;Ljava/lang/Object;IILjava/lang/invoke/VarHandle$AccessDescriptor;)Z' in 'java/lang/invoke/VarHandleGuards')}
  0x000002a890c2ad70: 49b8 5803 | 74ef a802 | 0000 4d8d | 80e0 0300 

  0x000002a890c2ad80: ;   {oop(a 'java/lang/invoke/VarHandleInts$FieldInstanceReadWrite'{0x0000000600f2b878})}
  0x000002a890c2ad80: 0049 b978 | b8f2 0006 | 0000 004d | 85c9 750b | 41f6 0001 | 7505 f049 

  0x000002a890c2ad98: ;   {metadata(method data for {method} {0x000002a8ef810000} 'setException' '(Ljava/lang/Throwable;)V' in 'java/util/concurrent/FutureTask')}
  0x000002a890c2ad98: 8308 0149 | b868 2487 | efa8 0200 | 0049 8380 | 1001 0000 

  0x000002a890c2adac: ;   {metadata(method data for {method} {0x000002a8ad1562a0} 'guard_LII_Z' '(Ljava/lang/invoke/VarHandle;Ljava/lang/Object;IILjava/lang/invoke/VarHandle$AccessDescriptor;)Z' in 'java/lang/invoke/VarHandleGuards')}
  0x000002a890c2adac: 0149 b858 | 0374 efa8 | 0200 0041 | 8bb8 cc00 | 0000 83c7 | 0241 89b8 | cc00 0000 | 81e7 feff 
  0x000002a890c2adcc: 1f00 85ff | 0f84 d824 

  0x000002a890c2add4: ;   {metadata(method data for {method} {0x000002a8ad1562a0} 'guard_LII_Z' '(Ljava/lang/invoke/VarHandle;Ljava/lang/Object;IILjava/lang/invoke/VarHandle$AccessDescriptor;)Z' in 'java/lang/invoke/VarHandleGuards')}
  0x000002a890c2add4: 0000 49b8 | 5803 74ef | a802 0000 | 4d8d 8048 

  0x000002a890c2ade4: ;   {oop(a 'java/lang/invoke/VarHandle$AccessDescriptor'{0x0000000600f2b8a0})}
  0x000002a890c2ade4: 0100 0048 | bfa0 b8f2 | 0006 0000 | 0048 85ff | 750d 41f6 | 4008 0175 | 06f0 4983 

  0x000002a890c2ae00: ;   {metadata(method data for {method} {0x000002a8ad1562a0} 'guard_LII_Z' '(Ljava/lang/invoke/VarHandle;Ljava/lang/Object;IILjava/lang/invoke/VarHandle$AccessDescriptor;)Z' in 'java/lang/invoke/VarHandleGuards')}
  0x000002a890c2ae00: 4808 0149 | b858 0374 | efa8 0200 | 0045 8b49 | 0849 ba00 | 0000 ada8 | 0200 004d | 03ca 4d3b 
  0x000002a890c2ae20: 8820 0100 | 0075 0d49 | 8380 2801 | 0000 01e9 | 6000 0000 | 4d3b 8830 | 0100 0075 | 0d49 8380 
  0x000002a890c2ae40: 3801 0000 | 01e9 4a00 | 0000 4983 | b820 0100 | 0000 7517 | 4d89 8820 | 0100 0049 | c780 2801 
  0x000002a890c2ae60: 0000 0100 | 0000 e929 | 0000 0049 | 83b8 3001 | 0000 0075 | 174d 8988 | 3001 0000 | 49c7 8038 
  0x000002a890c2ae80: 0100 0001 | 0000 00e9 | 0800 0000 | 4983 8010 | 0100 0001 

  0x000002a890c2ae94: ;   {metadata(method data for {method} {0x000002a8ad0936b8} 'checkAccessModeThenIsDirect' '(Ljava/lang/invoke/VarHandle$AccessDescriptor;)Z' in 'java/lang/invoke/VarHandle')}
  0x000002a890c2ae94: 49b8 98f9 | 13ee a802 | 0000 458b | 88cc 0000 | 0041 83c1 | 0245 8988 | cc00 0000 | 4181 e1fe 
  0x000002a890c2aeb4: ff1f 0045 | 85c9 0f84 | 0f24 0000 

  0x000002a890c2aec0: ;   {metadata(method data for {method} {0x000002a8ad0936b8} 'checkAccessModeThenIsDirect' '(Ljava/lang/invoke/VarHandle$AccessDescriptor;)Z' in 'java/lang/invoke/VarHandle')}
  0x000002a890c2aec0: 49b8 98f9 | 13ee a802 | 0000 41ff | 8010 0100 

  0x000002a890c2aed0: ;   {metadata(method data for {method} {0x000002a8ad1562a0} 'guard_LII_Z' '(Ljava/lang/invoke/VarHandle;Ljava/lang/Object;IILjava/lang/invoke/VarHandle$AccessDescriptor;)Z' in 'java/lang/invoke/VarHandleGuards')}
  0x000002a890c2aed0: 0049 b858 | 0374 efa8 | 0200 0041 | ff80 7001 

  0x000002a890c2aee0: ;   {metadata(method data for {method} {0x000002a8ad1562a0} 'guard_LII_Z' '(Ljava/lang/invoke/VarHandle;Ljava/lang/Object;IILjava/lang/invoke/VarHandle$AccessDescriptor;)Z' in 'java/lang/invoke/VarHandleGuards')}
  0x000002a890c2aee0: 0000 49b8 | 5803 74ef | a802 0000 | 41ff 8090 

  0x000002a890c2aef0: ;   {oop(a 'java/lang/invoke/VarForm'{0x0000000601111d20})}
  0x000002a890c2aef0: 0100 0049 | b820 1d11 | 0106 0000 

  0x000002a890c2aefc: ;   {metadata(method data for {method} {0x000002a8ad1562a0} 'guard_LII_Z' '(Ljava/lang/invoke/VarHandle;Ljava/lang/Object;IILjava/lang/invoke/VarHandle$AccessDescriptor;)Z' in 'java/lang/invoke/VarHandleGuards')}
  0x000002a890c2aefc: 0049 b958 | 0374 efa8 | 0200 0049 | 8381 a001 

  0x000002a890c2af0c: ;   {metadata(method data for {method} {0x000002a8ad1542f0} 'getMemberName' '(I)Ljava/lang/invoke/MemberName;' in 'java/lang/invoke/VarForm')}
  0x000002a890c2af0c: 0000 0149 | b8a0 fb13 | eea8 0200 | 0045 8b88 | cc00 0000 | 4183 c102 | 4589 88cc | 0000 0041 
  0x000002a890c2af2c: 81e1 feff | 1f00 4585 | c90f 84b5 

  0x000002a890c2af38: ;   {metadata(method data for {method} {0x000002a8ad1542f0} 'getMemberName' '(I)Ljava/lang/invoke/MemberName;' in 'java/lang/invoke/VarForm')}
  0x000002a890c2af38: 2300 0049 | b8a0 fb13 | eea8 0200 | 0041 ff80 | 1001 0000 

  0x000002a890c2af4c: ;   {metadata(method data for {method} {0x000002a8ad1562a0} 'guard_LII_Z' '(Ljava/lang/invoke/VarHandle;Ljava/lang/Object;IILjava/lang/invoke/VarHandle$AccessDescriptor;)Z' in 'java/lang/invoke/VarHandleGuards')}
  0x000002a890c2af4c: 49b8 5803 | 74ef a802 | 0000 4d8d | 80d8 0100 

  0x000002a890c2af5c: ;   {oop(a 'java/lang/invoke/MemberName'{0x0000000600f6ab68} = {method} {0x000002a8ee2cf8f8} 'compareAndSet' '(Ljava/lang/invoke/VarHandle;Ljava/lang/Object;II)Z' in 'java/lang/invoke/VarHandleInts$FieldInstanceReadWrite')}
  0x000002a890c2af5c: 0049 b968 | abf6 0006 | 0000 004d | 85c9 750b | 41f6 0001 | 7505 f049 

  0x000002a890c2af74: ;   {metadata(method data for {method} {0x000002a8ad1562a0} 'guard_LII_Z' '(Ljava/lang/invoke/VarHandle;Ljava/lang/Object;IILjava/lang/invoke/VarHandle$AccessDescriptor;)Z' in 'java/lang/invoke/VarHandleGuards')}
  0x000002a890c2af74: 8308 0149 | b858 0374 | efa8 0200 | 004d 8d80 | f801 0000 

  0x000002a890c2af88: ;   {oop(a 'java/lang/invoke/VarHandleInts$FieldInstanceReadWrite'{0x0000000600f2b878})}
  0x000002a890c2af88: 49b9 78b8 | f200 0600 | 0000 4d85 | c975 0d41 | f640 0801 | 7506 f049 | 8348 0801 

  0x000002a890c2afa4: ;   {metadata(method data for {method} {0x000002a8ad1562a0} 'guard_LII_Z' '(Ljava/lang/invoke/VarHandle;Ljava/lang/Object;IILjava/lang/invoke/VarHandle$AccessDescriptor;)Z' in 'java/lang/invoke/VarHandleGuards')}
  0x000002a890c2afa4: 49b8 5803 | 74ef a802 | 0000 4983 | 80e8 0100 

  0x000002a890c2afb4: ;   {metadata(method data for {method} {0x000002a8ee2cf8f8} 'compareAndSet' '(Ljava/lang/invoke/VarHandle;Ljava/lang/Object;II)Z' in 'java/lang/invoke/VarHandleInts$FieldInstanceReadWrite')}
  0x000002a890c2afb4: 0001 49b8 | 5007 74ef | a802 0000 | 458b 88cc | 0000 0041 | 83c1 0245 | 8988 cc00 | 0000 4181 
  0x000002a890c2afd4: e1fe ff1f | 0045 85c9 | 0f84 2f23 

  0x000002a890c2afe0: ;   {oop(a 'java/lang/Class'{0x0000000600f2b910} = 'java/util/concurrent/FutureTask')}
  0x000002a890c2afe0: 0000 49b8 | 10b9 f200 | 0600 0000 

  0x000002a890c2afec: ;   {metadata(method data for {method} {0x000002a8ee2cf8f8} 'compareAndSet' '(Ljava/lang/invoke/VarHandle;Ljava/lang/Object;II)Z' in 'java/lang/invoke/VarHandleInts$FieldInstanceReadWrite')}
  0x000002a890c2afec: 49b9 5007 | 74ef a802 | 0000 4983 | 8148 0100 

  0x000002a890c2affc: ;   {metadata(method data for {method} {0x000002a8ad465068} 'cast' '(Ljava/lang/Object;)Ljava/lang/Object;' in 'java/lang/Class')}
  0x000002a890c2affc: 0001 49b8 | b079 20ee | a802 0000 | 458b 88cc | 0000 0041 | 83c1 0245 | 8988 cc00 | 0000 4181 
  0x000002a890c2b01c: e1fe ff1f | 0045 85c9 | 0f84 0823 

  0x000002a890c2b028: ;   {metadata(method data for {method} {0x000002a8ad465068} 'cast' '(Ljava/lang/Object;)Ljava/lang/Object;' in 'java/lang/Class')}
  0x000002a890c2b028: 0000 49b8 | b079 20ee | a802 0000 | 41ff 8020 

  0x000002a890c2b038: ;   {oop(a 'java/lang/Class'{0x0000000600f2b910} = 'java/util/concurrent/FutureTask')}
  0x000002a890c2b038: 0100 0049 | b810 b9f2 | 0006 0000 

  0x000002a890c2b044: ;   {metadata(method data for {method} {0x000002a8ad465068} 'cast' '(Ljava/lang/Object;)Ljava/lang/Object;' in 'java/lang/Class')}
  0x000002a890c2b044: 0049 b9b0 | 7920 eea8 | 0200 0049 | 8381 3001 | 0000 0148 | 85d2 0f84 | 2900 0000 

  0x000002a890c2b060: ;   {metadata('java/util/concurrent/FutureTask')}
  0x000002a890c2b060: 48be 0862 | 33ae a802 | 0000 8b7a | 0849 ba00 | 0000 ada8 | 0200 0049 | 03fa 483b | 7738 0f85 
  0x000002a890c2b080: 0500 0000 | e905 0000 | 004d 33c0 | eb07 49c7 | c001 0000 | 0045 85c0 

  0x000002a890c2b098: ;   {metadata(method data for {method} {0x000002a8ad465068} 'cast' '(Ljava/lang/Object;)Ljava/lang/Object;' in 'java/lang/Class')}
  0x000002a890c2b098: 49b8 b079 | 20ee a802 | 0000 49c7 | c178 0100 | 0074 0749 | c7c1 6801 | 0000 4b8b | 3c08 488d 
  0x000002a890c2b0b8: 7f01 4b89 | 3c08 0f84 | e818 0000 

  0x000002a890c2b0c4: ;   {metadata(method data for {method} {0x000002a8ee2cf8f8} 'compareAndSet' '(Ljava/lang/invoke/VarHandle;Ljava/lang/Object;II)Z' in 'java/lang/invoke/VarHandleInts$FieldInstanceReadWrite')}
  0x000002a890c2b0c4: 49b8 5007 | 74ef a802 | 0000 4983 | 8080 0100 

  0x000002a890c2b0d4: ;   {metadata(method data for {method} {0x000002a8ad056488} 'requireNonNull' '(Ljava/lang/Object;)Ljava/lang/Object;' in 'java/util/Objects')}
  0x000002a890c2b0d4: 0001 49b8 | 10f7 00ee | a802 0000 | 458b 88cc | 0000 0041 | 83c1 0245 | 8988 cc00 | 0000 4181 
  0x000002a890c2b0f4: e1fe ff1f | 0045 85c9 | 0f84 5122 

  0x000002a890c2b100: ;   {metadata(method data for {method} {0x000002a8ad056488} 'requireNonNull' '(Ljava/lang/Object;)Ljava/lang/Object;' in 'java/util/Objects')}
  0x000002a890c2b100: 0000 49b8 | 10f7 00ee | a802 0000 | 41ff 8010 | 0100 0049 | c7c0 0c00 | 0000 4e8d | 0402 488b 
  0x000002a890c2b120: d8b8 0000 | 0000 41b9 | 0100 0000 | f045 0fb1 | 0841 b801 | 0000 0074 | 0641 b800 | 0000 0041 
  0x000002a890c2b140: 83e0 0141 | 83e0 0145 

  0x000002a890c2b148: ;   {metadata(method data for {method} {0x000002a8ef810000} 'setException' '(Ljava/lang/Throwable;)V' in 'java/util/concurrent/FutureTask')}
  0x000002a890c2b148: 85c0 49b8 | 6824 87ef | a802 0000 | 49c7 c160 | 0100 0074 | 0749 c7c1 | 7001 0000 | 4b8b 3c08 
  0x000002a890c2b168: 488d 7f01 | 4b89 3c08 | 0f84 e605 | 0000 450f | be47 4045 | 85c0 0f85 | f021 0000 | 4c8b d349 
  0x000002a890c2b188: c1ea 0344 | 8952 144c | 8bc2 4c33 | c349 c1e8 | 1649 83f8 | 000f 85f1 

  0x000002a890c2b1a0: ;   {metadata(method data for {method} {0x000002a8ef810000} 'setException' '(Ljava/lang/Throwable;)V' in 'java/util/concurrent/FutureTask')}
  0x000002a890c2b1a0: 2100 0049 | b868 2487 | efa8 0200 | 004d 8d80 | b801 0000 

  0x000002a890c2b1b4: ;   {metadata('java/util/concurrent/FutureTask')}
  0x000002a890c2b1b4: 49b9 0862 | 33ae a802 | 0000 4d33 | 4808 49f7 | c1fc ffff | ff74 044d 

  0x000002a890c2b1cc: ;   {metadata(method data for {method} {0x000002a8ad156248} 'guard_LI_V' '(Ljava/lang/invoke/VarHandle;Ljava/lang/Object;ILjava/lang/invoke/VarHandle$AccessDescriptor;)V' in 'java/lang/invoke/VarHandleGuards')}
  0x000002a890c2b1cc: 8948 0849 | b8b8 2687 | efa8 0200 | 004d 8d80 | 1805 0000 

  0x000002a890c2b1e0: ;   {oop(a 'java/lang/invoke/VarHandleInts$FieldInstanceReadWrite'{0x0000000600f2b878})}
  0x000002a890c2b1e0: 49b9 78b8 | f200 0600 | 0000 4d85 | c975 0d41 | f600 0175 | 47f0 4983 | 0801 eb40 

  0x000002a890c2b1fc: ;   {metadata('java/lang/invoke/VarHandleInts$FieldInstanceReadWrite')}
  0x000002a890c2b1fc: 48bf 38a0 | 07ae a802 | 0000 4c8b | d749 3338 | 48f7 c7fc | ffff ff74 | 2740 f6c7 | 0275 2149 
  0x000002a890c2b21c: f700 feff | ffff 7415 | 498b fa49 | 3338 48f7 | c7fc ffff | ff74 0949 | 8308 02eb | 0349 8938 
  0x000002a890c2b23c: ;   {metadata('java/util/concurrent/FutureTask')}
  0x000002a890c2b23c: 48bf 0862 | 33ae a802 | 0000 4c8b | d749 3378 | 1048 f7c7 | fcff ffff | 742b 40f6 | c702 7525 
  0x000002a890c2b25c: 49f7 4010 | feff ffff | 7417 498b | fa49 3378 | 1048 f7c7 | fcff ffff | 740b 4983 | 4810 02eb 
  0x000002a890c2b27c: 0449 8978 

  0x000002a890c2b280: ;   {metadata(method data for {method} {0x000002a8ef810000} 'setException' '(Ljava/lang/Throwable;)V' in 'java/util/concurrent/FutureTask')}
  0x000002a890c2b280: 1049 b868 | 2487 efa8 | 0200 0049 | 8380 8001 

  0x000002a890c2b290: ;   {metadata(method data for {method} {0x000002a8ad156248} 'guard_LI_V' '(Ljava/lang/invoke/VarHandle;Ljava/lang/Object;ILjava/lang/invoke/VarHandle$AccessDescriptor;)V' in 'java/lang/invoke/VarHandleGuards')}
  0x000002a890c2b290: 0000 0149 | b8b8 2687 | efa8 0200 | 0041 8bb8 | cc00 0000 | 83c7 0241 | 89b8 cc00 | 0000 81e7 
  0x000002a890c2b2b0: feff 1f00 | 85ff 0f84 | f020 0000 

  0x000002a890c2b2bc: ;   {metadata(method data for {method} {0x000002a8ad156248} 'guard_LI_V' '(Ljava/lang/invoke/VarHandle;Ljava/lang/Object;ILjava/lang/invoke/VarHandle$AccessDescriptor;)V' in 'java/lang/invoke/VarHandleGuards')}
  0x000002a890c2b2bc: 49b8 b826 | 87ef a802 | 0000 4d8d | 8048 0100 

  0x000002a890c2b2cc: ;   {oop(a 'java/lang/invoke/VarHandle$AccessDescriptor'{0x0000000600f2c9f8})}
  0x000002a890c2b2cc: 0048 bff8 | c9f2 0006 | 0000 0048 | 85ff 750d | 41f6 4008 | 0175 06f0 | 4983 4808 

  0x000002a890c2b2e8: ;   {metadata(method data for {method} {0x000002a8ad156248} 'guard_LI_V' '(Ljava/lang/invoke/VarHandle;Ljava/lang/Object;ILjava/lang/invoke/VarHandle$AccessDescriptor;)V' in 'java/lang/invoke/VarHandleGuards')}
  0x000002a890c2b2e8: 0149 b8b8 | 2687 efa8 | 0200 0045 | 8b49 0849 | ba00 0000 | ada8 0200 | 004d 03ca | 4d3b 8820 
  0x000002a890c2b308: 0100 0075 | 0d49 8380 | 2801 0000 | 01e9 6000 | 0000 4d3b | 8830 0100 | 0075 0d49 | 8380 3801 
  0x000002a890c2b328: 0000 01e9 | 4a00 0000 | 4983 b820 | 0100 0000 | 7517 4d89 | 8820 0100 | 0049 c780 | 2801 0000 
  0x000002a890c2b348: 0100 0000 | e929 0000 | 0049 83b8 | 3001 0000 | 0075 174d | 8988 3001 | 0000 49c7 | 8038 0100 
  0x000002a890c2b368: 0001 0000 | 00e9 0800 | 0000 4983 | 8010 0100 

  0x000002a890c2b378: ;   {metadata(method data for {method} {0x000002a8ad0936b8} 'checkAccessModeThenIsDirect' '(Ljava/lang/invoke/VarHandle$AccessDescriptor;)Z' in 'java/lang/invoke/VarHandle')}
  0x000002a890c2b378: 0001 49b8 | 98f9 13ee | a802 0000 | 458b 88cc | 0000 0041 | 83c1 0245 | 8988 cc00 | 0000 4181 
  0x000002a890c2b398: e1fe ff1f | 0045 85c9 | 0f84 2720 

  0x000002a890c2b3a4: ;   {metadata(method data for {method} {0x000002a8ad0936b8} 'checkAccessModeThenIsDirect' '(Ljava/lang/invoke/VarHandle$AccessDescriptor;)Z' in 'java/lang/invoke/VarHandle')}
  0x000002a890c2b3a4: 0000 49b8 | 98f9 13ee | a802 0000 | 41ff 8010 

  0x000002a890c2b3b4: ;   {metadata(method data for {method} {0x000002a8ad156248} 'guard_LI_V' '(Ljava/lang/invoke/VarHandle;Ljava/lang/Object;ILjava/lang/invoke/VarHandle$AccessDescriptor;)V' in 'java/lang/invoke/VarHandleGuards')}
  0x000002a890c2b3b4: 0100 0049 | b8b8 2687 | efa8 0200 | 0041 ff80 | 7001 0000 

  0x000002a890c2b3c8: ;   {metadata(method data for {method} {0x000002a8ad156248} 'guard_LI_V' '(Ljava/lang/invoke/VarHandle;Ljava/lang/Object;ILjava/lang/invoke/VarHandle$AccessDescriptor;)V' in 'java/lang/invoke/VarHandleGuards')}
  0x000002a890c2b3c8: 49b8 b826 | 87ef a802 | 0000 41ff | 8090 0100 

  0x000002a890c2b3d8: ;   {oop(a 'java/lang/invoke/VarForm'{0x0000000601111d20})}
  0x000002a890c2b3d8: 0049 b820 | 1d11 0106 

  0x000002a890c2b3e0: ;   {metadata(method data for {method} {0x000002a8ad156248} 'guard_LI_V' '(Ljava/lang/invoke/VarHandle;Ljava/lang/Object;ILjava/lang/invoke/VarHandle$AccessDescriptor;)V' in 'java/lang/invoke/VarHandleGuards')}
  0x000002a890c2b3e0: 0000 0049 | b9b8 2687 | efa8 0200 | 0049 8381 | a001 0000 

  0x000002a890c2b3f4: ;   {metadata(method data for {method} {0x000002a8ad1542f0} 'getMemberName' '(I)Ljava/lang/invoke/MemberName;' in 'java/lang/invoke/VarForm')}
  0x000002a890c2b3f4: 0149 b8a0 | fb13 eea8 | 0200 0045 | 8b88 cc00 | 0000 4183 | c102 4589 | 88cc 0000 | 0041 81e1 
  0x000002a890c2b414: feff 1f00 | 4585 c90f | 84cd 1f00 

  0x000002a890c2b420: ;   {metadata(method data for {method} {0x000002a8ad1542f0} 'getMemberName' '(I)Ljava/lang/invoke/MemberName;' in 'java/lang/invoke/VarForm')}
  0x000002a890c2b420: 0049 b8a0 | fb13 eea8 | 0200 0041 | ff80 1001 

  0x000002a890c2b430: ;   {metadata(method data for {method} {0x000002a8ad156248} 'guard_LI_V' '(Ljava/lang/invoke/VarHandle;Ljava/lang/Object;ILjava/lang/invoke/VarHandle$AccessDescriptor;)V' in 'java/lang/invoke/VarHandleGuards')}
  0x000002a890c2b430: 0000 49b8 | b826 87ef | a802 0000 | 4d8d 80d8 

  0x000002a890c2b440: ;   {oop(a 'java/lang/invoke/MemberName'{0x0000000600f6abf8} = {method} {0x000002a8ee2cf7e8} 'setRelease' '(Ljava/lang/invoke/VarHandle;Ljava/lang/Object;I)V' in 'java/lang/invoke/VarHandleInts$FieldInstanceReadWrite')}
  0x000002a890c2b440: 0100 0049 | b9f8 abf6 | 0006 0000 | 004d 85c9 | 750b 41f6 | 0001 7505 | f049 8308 

  0x000002a890c2b45c: ;   {metadata(method data for {method} {0x000002a8ad156248} 'guard_LI_V' '(Ljava/lang/invoke/VarHandle;Ljava/lang/Object;ILjava/lang/invoke/VarHandle$AccessDescriptor;)V' in 'java/lang/invoke/VarHandleGuards')}
  0x000002a890c2b45c: 0149 b8b8 | 2687 efa8 | 0200 004d | 8d80 f801 

  0x000002a890c2b46c: ;   {oop(a 'java/lang/invoke/VarHandleInts$FieldInstanceReadWrite'{0x0000000600f2b878})}
  0x000002a890c2b46c: 0000 49b9 | 78b8 f200 | 0600 0000 | 4d85 c975 | 0f41 f640 | 0801 754d | f049 8348 | 0801 eb45 
  0x000002a890c2b48c: ;   {metadata('java/lang/invoke/VarHandleInts$FieldInstanceReadWrite')}
  0x000002a890c2b48c: 49b9 38a0 | 07ae a802 | 0000 4d8b | d14d 3348 | 0849 f7c1 | fcff ffff | 742b 41f6 | c102 7525 
  0x000002a890c2b4ac: 49f7 4008 | feff ffff | 7417 4d8b | ca4d 3348 | 0849 f7c1 | fcff ffff | 740b 4983 | 4808 02eb 
  0x000002a890c2b4cc: 044d 8948 

  0x000002a890c2b4d0: ;   {metadata('java/util/concurrent/FutureTask')}
  0x000002a890c2b4d0: 0849 b908 | 6233 aea8 | 0200 004d | 8bd1 4d33 | 4818 49f7 | c1fc ffff | ff74 2b41 | f6c1 0275 
  0x000002a890c2b4f0: 2549 f740 | 18fe ffff | ff74 174d | 8bca 4d33 | 4818 49f7 | c1fc ffff | ff74 0b49 | 8348 1802 
  0x000002a890c2b510: eb04 4d89 

  0x000002a890c2b514: ;   {metadata(method data for {method} {0x000002a8ad156248} 'guard_LI_V' '(Ljava/lang/invoke/VarHandle;Ljava/lang/Object;ILjava/lang/invoke/VarHandle$AccessDescriptor;)V' in 'java/lang/invoke/VarHandleGuards')}
  0x000002a890c2b514: 4818 49b8 | b826 87ef | a802 0000 | 4983 80e8 | 0100 0001 

  0x000002a890c2b528: ;   {metadata(method data for {method} {0x000002a8ee2cf7e8} 'setRelease' '(Ljava/lang/invoke/VarHandle;Ljava/lang/Object;I)V' in 'java/lang/invoke/VarHandleInts$FieldInstanceReadWrite')}
  0x000002a890c2b528: 49b8 e82b | 87ef a802 | 0000 458b | 88cc 0000 | 0041 83c1 | 0245 8988 | cc00 0000 | 4181 e1fe 
  0x000002a890c2b548: ff1f 0045 | 85c9 0f84 | bb1e 0000 

  0x000002a890c2b554: ;   {oop(a 'java/lang/Class'{0x0000000600f2b910} = 'java/util/concurrent/FutureTask')}
  0x000002a890c2b554: 49b8 10b9 | f200 0600 

  0x000002a890c2b55c: ;   {metadata(method data for {method} {0x000002a8ee2cf7e8} 'setRelease' '(Ljava/lang/invoke/VarHandle;Ljava/lang/Object;I)V' in 'java/lang/invoke/VarHandleInts$FieldInstanceReadWrite')}
  0x000002a890c2b55c: 0000 49b9 | e82b 87ef | a802 0000 | 4983 8148 | 0100 0001 

  0x000002a890c2b570: ;   {metadata(method data for {method} {0x000002a8ad465068} 'cast' '(Ljava/lang/Object;)Ljava/lang/Object;' in 'java/lang/Class')}
  0x000002a890c2b570: 49b8 b079 | 20ee a802 | 0000 458b | 88cc 0000 | 0041 83c1 | 0245 8988 | cc00 0000 | 4181 e1fe 
  0x000002a890c2b590: ff1f 0045 | 85c9 0f84 | 941e 0000 

  0x000002a890c2b59c: ;   {metadata(method data for {method} {0x000002a8ad465068} 'cast' '(Ljava/lang/Object;)Ljava/lang/Object;' in 'java/lang/Class')}
  0x000002a890c2b59c: 49b8 b079 | 20ee a802 | 0000 41ff | 8020 0100 

  0x000002a890c2b5ac: ;   {oop(a 'java/lang/Class'{0x0000000600f2b910} = 'java/util/concurrent/FutureTask')}
  0x000002a890c2b5ac: 0049 b810 | b9f2 0006 

  0x000002a890c2b5b4: ;   {metadata(method data for {method} {0x000002a8ad465068} 'cast' '(Ljava/lang/Object;)Ljava/lang/Object;' in 'java/lang/Class')}
  0x000002a890c2b5b4: 0000 0049 | b9b0 7920 | eea8 0200 | 0049 8381 | 3001 0000 | 0148 85d2 | 0f84 2900 

  0x000002a890c2b5d0: ;   {metadata('java/util/concurrent/FutureTask')}
  0x000002a890c2b5d0: 0000 48be | 0862 33ae | a802 0000 | 8b7a 0849 | ba00 0000 | ada8 0200 | 0049 03fa | 483b 7738 
  0x000002a890c2b5f0: 0f85 0500 | 0000 e905 | 0000 004d | 33c0 eb07 | 49c7 c001 | 0000 0045 

  0x000002a890c2b608: ;   {metadata(method data for {method} {0x000002a8ad465068} 'cast' '(Ljava/lang/Object;)Ljava/lang/Object;' in 'java/lang/Class')}
  0x000002a890c2b608: 85c0 49b8 | b079 20ee | a802 0000 | 49c7 c178 | 0100 0074 | 0749 c7c1 | 6801 0000 | 4b8b 3c08 
  0x000002a890c2b628: 488d 7f01 | 4b89 3c08 | 0f84 8e12 

  0x000002a890c2b634: ;   {metadata(method data for {method} {0x000002a8ee2cf7e8} 'setRelease' '(Ljava/lang/invoke/VarHandle;Ljava/lang/Object;I)V' in 'java/lang/invoke/VarHandleInts$FieldInstanceReadWrite')}
  0x000002a890c2b634: 0000 49b8 | e82b 87ef | a802 0000 | 4983 8080 | 0100 0001 

  0x000002a890c2b648: ;   {metadata(method data for {method} {0x000002a8ad056488} 'requireNonNull' '(Ljava/lang/Object;)Ljava/lang/Object;' in 'java/util/Objects')}
  0x000002a890c2b648: 49b8 10f7 | 00ee a802 | 0000 458b | 88cc 0000 | 0041 83c1 | 0245 8988 | cc00 0000 | 4181 e1fe 
  0x000002a890c2b668: ff1f 0045 | 85c9 0f84 | dd1d 0000 

  0x000002a890c2b674: ;   {metadata(method data for {method} {0x000002a8ad056488} 'requireNonNull' '(Ljava/lang/Object;)Ljava/lang/Object;' in 'java/util/Objects')}
  0x000002a890c2b674: 49b8 10f7 | 00ee a802 | 0000 41ff | 8010 0100 

  0x000002a890c2b684: ;   {metadata(method data for {method} {0x000002a8ee2cf7e8} 'setRelease' '(Ljava/lang/invoke/VarHandle;Ljava/lang/Object;I)V' in 'java/lang/invoke/VarHandleInts$FieldInstanceReadWrite')}
  0x000002a890c2b684: 0049 b8e8 | 2b87 efa8 | 0200 004d | 8d80 c801 

  0x000002a890c2b694: ;   {metadata('java/util/concurrent/FutureTask')}
  0x000002a890c2b694: 0000 49b9 | 0862 33ae | a802 0000 | 4d8b d14d | 3348 0849 | f7c1 fcff | ffff 742b | 41f6 c102 
  0x000002a890c2b6b4: 7525 49f7 | 4008 feff | ffff 7417 | 4d8b ca4d | 3348 0849 | f7c1 fcff | ffff 740b | 4983 4808 
  0x000002a890c2b6d4: 02eb 044d 

  0x000002a890c2b6d8: ;   {oop(a 'jdk/internal/misc/Unsafe'{0x0000000601001980})}
  0x000002a890c2b6d8: 8948 0848 | be80 1900 | 0106 0000 | 004c 8bc6 

  0x000002a890c2b6e8: ;   {metadata(method data for {method} {0x000002a8ee2cf7e8} 'setRelease' '(Ljava/lang/invoke/VarHandle;Ljava/lang/Object;I)V' in 'java/lang/invoke/VarHandleInts$FieldInstanceReadWrite')}
  0x000002a890c2b6e8: 49b9 e82b | 87ef a802 | 0000 4983 | 8190 0100 | 0001 49c7 | c10c 0000 | 004c 8bc2 | bf03 0000 
  0x000002a890c2b708: 0048 8bd6 

  0x000002a890c2b70c: ;   {optimized virtual_call}
  0x000002a890c2b70c: 6666 90e8 

  0x000002a890c2b710: ; ImmutableOopMap {[232]=Oop }
                      ;*invokevirtual putIntRelease {reexecute=0 rethrow=0 return_oop=0}
                      ; - java.lang.invoke.VarHandleInts$FieldInstanceReadWrite::setRelease@24 (line 170)
                      ; - java.lang.invoke.VarHandleGuards::guard_LI_V@45 (line 122)
                      ; - java.util.concurrent.FutureTask::setException@22 (line 302)
                      ; - java.util.concurrent.FutureTask::run@59 (line 322)
  0x000002a890c2b710: 6c33 9406 

  0x000002a890c2b714: ;   {other}
  0x000002a890c2b714: 0f1f 8400 | 8417 0001 

  0x000002a890c2b71c: ;   {metadata(method data for {method} {0x000002a8ad156248} 'guard_LI_V' '(Ljava/lang/invoke/VarHandle;Ljava/lang/Object;ILjava/lang/invoke/VarHandle$AccessDescriptor;)V' in 'java/lang/invoke/VarHandleGuards')}
  0x000002a890c2b71c: 48ba b826 | 87ef a802 | 0000 ff82 | 2002 0000 | 488b 9424 | e800 0000 

  0x000002a890c2b734: ;   {metadata(method data for {method} {0x000002a8ef810000} 'setException' '(Ljava/lang/Throwable;)V' in 'java/util/concurrent/FutureTask')}
  0x000002a890c2b734: 48be 6824 | 87ef a802 | 0000 4883 | 86d0 0100 | 0001 488b | 9424 e800 

  0x000002a890c2b74c: ;   {optimized virtual_call}
  0x000002a890c2b74c: 0000 90e8 

  0x000002a890c2b750: ; ImmutableOopMap {[232]=Oop }
                      ;*invokevirtual finishCompletion {reexecute=0 rethrow=0 return_oop=0}
                      ; - java.util.concurrent.FutureTask::setException@26 (line 303)
                      ; - java.util.concurrent.FutureTask::run@59 (line 322)
  0x000002a890c2b750: 2c33 9406 

  0x000002a890c2b754: ;   {other}
  0x000002a890c2b754: 0f1f 8400 | c417 0002 | be00 0000 

  0x000002a890c2b760: ;   {oop(nullptr)}
  0x000002a890c2b760: 0048 b800 | 0000 0000 | 0000 0085 

  0x000002a890c2b76c: ;   {metadata(method data for {method} {0x000002a8ef8101c8} 'run' '()V' in 'java/util/concurrent/FutureTask')}
  0x000002a890c2b76c: f649 b8f0 | 1d87 efa8 | 0200 0049 | c7c1 8802 | 0000 7407 | 49c7 c198 | 0200 004b | 8b3c 0848 
  0x000002a890c2b78c: 8d7f 014b | 893c 0848 | 8b94 24e8 | 0000 000f | 8473 0a00 | 004c 8bc2 

  0x000002a890c2b7a4: ;   {metadata(method data for {method} {0x000002a8ef8101c8} 'run' '()V' in 'java/util/concurrent/FutureTask')}
  0x000002a890c2b7a4: 49b9 f01d | 87ef a802 

  0x000002a890c2b7ac: ;   {metadata('java/util/concurrent/FutureTask')}
  0x000002a890c2b7ac: 0000 49ba | 0862 33ae | a802 0000 | 4d89 91b8 | 0200 0049 | 8381 c002 

  0x000002a890c2b7c4: ;   {metadata(method data for {method} {0x000002a8ef80ff18} 'set' '(Ljava/lang/Object;)V' in 'java/util/concurrent/FutureTask')}
  0x000002a890c2b7c4: 0000 0149 | b880 3287 | efa8 0200 | 0045 8b88 | cc00 0000 | 4183 c102 | 4589 88cc | 0000 0041 
  0x000002a890c2b7e4: 81e1 feff | 1f00 4585 | c90f 847f 

  0x000002a890c2b7f0: ;   {metadata(method data for {method} {0x000002a8ef80ff18} 'set' '(Ljava/lang/Object;)V' in 'java/util/concurrent/FutureTask')}
  0x000002a890c2b7f0: 1c00 0049 | b880 3287 | efa8 0200 | 004d 8d80 | 4801 0000 

  0x000002a890c2b804: ;   {metadata('java/util/concurrent/FutureTask')}
  0x000002a890c2b804: 49b9 0862 | 33ae a802 | 0000 4d33 | 4808 49f7 | c1fc ffff | ff74 044d 

  0x000002a890c2b81c: ;   {metadata(method data for {method} {0x000002a8ad1562a0} 'guard_LII_Z' '(Ljava/lang/invoke/VarHandle;Ljava/lang/Object;IILjava/lang/invoke/VarHandle$AccessDescriptor;)Z' in 'java/lang/invoke/VarHandleGuards')}
  0x000002a890c2b81c: 8948 0849 | b858 0374 | efa8 0200 | 004d 8d80 | e003 0000 

  0x000002a890c2b830: ;   {oop(a 'java/lang/invoke/VarHandleInts$FieldInstanceReadWrite'{0x0000000600f2b878})}
  0x000002a890c2b830: 49b9 78b8 | f200 0600 | 0000 4d85 | c975 0b41 | f600 0175 | 05f0 4983 

  0x000002a890c2b848: ;   {metadata(method data for {method} {0x000002a8ef80ff18} 'set' '(Ljava/lang/Object;)V' in 'java/util/concurrent/FutureTask')}
  0x000002a890c2b848: 0801 49b8 | 8032 87ef | a802 0000 | 4983 8010 | 0100 0001 

  0x000002a890c2b85c: ;   {metadata(method data for {method} {0x000002a8ad1562a0} 'guard_LII_Z' '(Ljava/lang/invoke/VarHandle;Ljava/lang/Object;IILjava/lang/invoke/VarHandle$AccessDescriptor;)Z' in 'java/lang/invoke/VarHandleGuards')}
  0x000002a890c2b85c: 49b8 5803 | 74ef a802 | 0000 418b | b8cc 0000 | 0083 c702 | 4189 b8cc | 0000 0081 | e7fe ff1f 
  0x000002a890c2b87c: 0085 ff0f | 840e 1c00 

  0x000002a890c2b884: ;   {metadata(method data for {method} {0x000002a8ad1562a0} 'guard_LII_Z' '(Ljava/lang/invoke/VarHandle;Ljava/lang/Object;IILjava/lang/invoke/VarHandle$AccessDescriptor;)Z' in 'java/lang/invoke/VarHandleGuards')}
  0x000002a890c2b884: 0049 b858 | 0374 efa8 | 0200 004d | 8d80 4801 

  0x000002a890c2b894: ;   {oop(a 'java/lang/invoke/VarHandle$AccessDescriptor'{0x0000000600f2b8a0})}
  0x000002a890c2b894: 0000 48bf | a0b8 f200 | 0600 0000 | 4885 ff75 | 0d41 f640 | 0801 7506 | f049 8348 

  0x000002a890c2b8b0: ;   {metadata(method data for {method} {0x000002a8ad1562a0} 'guard_LII_Z' '(Ljava/lang/invoke/VarHandle;Ljava/lang/Object;IILjava/lang/invoke/VarHandle$AccessDescriptor;)Z' in 'java/lang/invoke/VarHandleGuards')}
  0x000002a890c2b8b0: 0801 49b8 | 5803 74ef | a802 0000 | 458b 4908 | 49ba 0000 | 00ad a802 | 0000 4d03 | ca4d 3b88 
  0x000002a890c2b8d0: 2001 0000 | 750d 4983 | 8028 0100 | 0001 e960 | 0000 004d | 3b88 3001 | 0000 750d | 4983 8038 
  0x000002a890c2b8f0: 0100 0001 | e94a 0000 | 0049 83b8 | 2001 0000 | 0075 174d | 8988 2001 | 0000 49c7 | 8028 0100 
  0x000002a890c2b910: 0001 0000 | 00e9 2900 | 0000 4983 | b830 0100 | 0000 7517 | 4d89 8830 | 0100 0049 | c780 3801 
  0x000002a890c2b930: 0000 0100 | 0000 e908 | 0000 0049 | 8380 1001 

  0x000002a890c2b940: ;   {metadata(method data for {method} {0x000002a8ad0936b8} 'checkAccessModeThenIsDirect' '(Ljava/lang/invoke/VarHandle$AccessDescriptor;)Z' in 'java/lang/invoke/VarHandle')}
  0x000002a890c2b940: 0000 0149 | b898 f913 | eea8 0200 | 0045 8b88 | cc00 0000 | 4183 c102 | 4589 88cc | 0000 0041 
  0x000002a890c2b960: 81e1 feff | 1f00 4585 | c90f 8445 

  0x000002a890c2b96c: ;   {metadata(method data for {method} {0x000002a8ad0936b8} 'checkAccessModeThenIsDirect' '(Ljava/lang/invoke/VarHandle$AccessDescriptor;)Z' in 'java/lang/invoke/VarHandle')}
  0x000002a890c2b96c: 1b00 0049 | b898 f913 | eea8 0200 | 0041 ff80 | 1001 0000 

  0x000002a890c2b980: ;   {metadata(method data for {method} {0x000002a8ad1562a0} 'guard_LII_Z' '(Ljava/lang/invoke/VarHandle;Ljava/lang/Object;IILjava/lang/invoke/VarHandle$AccessDescriptor;)Z' in 'java/lang/invoke/VarHandleGuards')}
  0x000002a890c2b980: 49b8 5803 | 74ef a802 | 0000 41ff | 8070 0100 

  0x000002a890c2b990: ;   {metadata(method data for {method} {0x000002a8ad1562a0} 'guard_LII_Z' '(Ljava/lang/invoke/VarHandle;Ljava/lang/Object;IILjava/lang/invoke/VarHandle$AccessDescriptor;)Z' in 'java/lang/invoke/VarHandleGuards')}
  0x000002a890c2b990: 0049 b858 | 0374 efa8 | 0200 0041 | ff80 9001 

  0x000002a890c2b9a0: ;   {oop(a 'java/lang/invoke/VarForm'{0x0000000601111d20})}
  0x000002a890c2b9a0: 0000 49b8 | 201d 1101 | 0600 0000 

  0x000002a890c2b9ac: ;   {metadata(method data for {method} {0x000002a8ad1562a0} 'guard_LII_Z' '(Ljava/lang/invoke/VarHandle;Ljava/lang/Object;IILjava/lang/invoke/VarHandle$AccessDescriptor;)Z' in 'java/lang/invoke/VarHandleGuards')}
  0x000002a890c2b9ac: 49b9 5803 | 74ef a802 | 0000 4983 | 81a0 0100 

  0x000002a890c2b9bc: ;   {metadata(method data for {method} {0x000002a8ad1542f0} 'getMemberName' '(I)Ljava/lang/invoke/MemberName;' in 'java/lang/invoke/VarForm')}
  0x000002a890c2b9bc: 0001 49b8 | a0fb 13ee | a802 0000 | 458b 88cc | 0000 0041 | 83c1 0245 | 8988 cc00 | 0000 4181 
  0x000002a890c2b9dc: e1fe ff1f | 0045 85c9 | 0f84 eb1a 

  0x000002a890c2b9e8: ;   {metadata(method data for {method} {0x000002a8ad1542f0} 'getMemberName' '(I)Ljava/lang/invoke/MemberName;' in 'java/lang/invoke/VarForm')}
  0x000002a890c2b9e8: 0000 49b8 | a0fb 13ee | a802 0000 | 41ff 8010 

  0x000002a890c2b9f8: ;   {metadata(method data for {method} {0x000002a8ad1562a0} 'guard_LII_Z' '(Ljava/lang/invoke/VarHandle;Ljava/lang/Object;IILjava/lang/invoke/VarHandle$AccessDescriptor;)Z' in 'java/lang/invoke/VarHandleGuards')}
  0x000002a890c2b9f8: 0100 0049 | b858 0374 | efa8 0200 | 004d 8d80 | d801 0000 

  0x000002a890c2ba0c: ;   {oop(a 'java/lang/invoke/MemberName'{0x0000000600f6ab68} = {method} {0x000002a8ee2cf8f8} 'compareAndSet' '(Ljava/lang/invoke/VarHandle;Ljava/lang/Object;II)Z' in 'java/lang/invoke/VarHandleInts$FieldInstanceReadWrite')}
  0x000002a890c2ba0c: 49b9 68ab | f600 0600 | 0000 4d85 | c975 0b41 | f600 0175 | 05f0 4983 

  0x000002a890c2ba24: ;   {metadata(method data for {method} {0x000002a8ad1562a0} 'guard_LII_Z' '(Ljava/lang/invoke/VarHandle;Ljava/lang/Object;IILjava/lang/invoke/VarHandle$AccessDescriptor;)Z' in 'java/lang/invoke/VarHandleGuards')}
  0x000002a890c2ba24: 0801 49b8 | 5803 74ef | a802 0000 | 4d8d 80f8 

  0x000002a890c2ba34: ;   {oop(a 'java/lang/invoke/VarHandleInts$FieldInstanceReadWrite'{0x0000000600f2b878})}
  0x000002a890c2ba34: 0100 0049 | b978 b8f2 | 0006 0000 | 004d 85c9 | 750d 41f6 | 4008 0175 | 06f0 4983 

  0x000002a890c2ba50: ;   {metadata(method data for {method} {0x000002a8ad1562a0} 'guard_LII_Z' '(Ljava/lang/invoke/VarHandle;Ljava/lang/Object;IILjava/lang/invoke/VarHandle$AccessDescriptor;)Z' in 'java/lang/invoke/VarHandleGuards')}
  0x000002a890c2ba50: 4808 0149 | b858 0374 | efa8 0200 | 0049 8380 | e801 0000 

  0x000002a890c2ba64: ;   {metadata(method data for {method} {0x000002a8ee2cf8f8} 'compareAndSet' '(Ljava/lang/invoke/VarHandle;Ljava/lang/Object;II)Z' in 'java/lang/invoke/VarHandleInts$FieldInstanceReadWrite')}
  0x000002a890c2ba64: 0149 b850 | 0774 efa8 | 0200 0045 | 8b88 cc00 | 0000 4183 | c102 4589 | 88cc 0000 | 0041 81e1 
  0x000002a890c2ba84: feff 1f00 | 4585 c90f | 8465 1a00 

  0x000002a890c2ba90: ;   {oop(a 'java/lang/Class'{0x0000000600f2b910} = 'java/util/concurrent/FutureTask')}
  0x000002a890c2ba90: 0049 b810 | b9f2 0006 

  0x000002a890c2ba98: ;   {metadata(method data for {method} {0x000002a8ee2cf8f8} 'compareAndSet' '(Ljava/lang/invoke/VarHandle;Ljava/lang/Object;II)Z' in 'java/lang/invoke/VarHandleInts$FieldInstanceReadWrite')}
  0x000002a890c2ba98: 0000 0049 | b950 0774 | efa8 0200 | 0049 8381 | 4801 0000 

  0x000002a890c2baac: ;   {metadata(method data for {method} {0x000002a8ad465068} 'cast' '(Ljava/lang/Object;)Ljava/lang/Object;' in 'java/lang/Class')}
  0x000002a890c2baac: 0149 b8b0 | 7920 eea8 | 0200 0045 | 8b88 cc00 | 0000 4183 | c102 4589 | 88cc 0000 | 0041 81e1 
  0x000002a890c2bacc: feff 1f00 | 4585 c90f | 843e 1a00 

  0x000002a890c2bad8: ;   {metadata(method data for {method} {0x000002a8ad465068} 'cast' '(Ljava/lang/Object;)Ljava/lang/Object;' in 'java/lang/Class')}
  0x000002a890c2bad8: 0049 b8b0 | 7920 eea8 | 0200 0041 | ff80 2001 

  0x000002a890c2bae8: ;   {oop(a 'java/lang/Class'{0x0000000600f2b910} = 'java/util/concurrent/FutureTask')}
  0x000002a890c2bae8: 0000 49b8 | 10b9 f200 | 0600 0000 

  0x000002a890c2baf4: ;   {metadata(method data for {method} {0x000002a8ad465068} 'cast' '(Ljava/lang/Object;)Ljava/lang/Object;' in 'java/lang/Class')}
  0x000002a890c2baf4: 49b9 b079 | 20ee a802 | 0000 4983 | 8130 0100 | 0001 4885 | d20f 8429 

  0x000002a890c2bb0c: ;   {metadata('java/util/concurrent/FutureTask')}
  0x000002a890c2bb0c: 0000 0048 | be08 6233 | aea8 0200 | 008b 7a08 | 49ba 0000 | 00ad a802 | 0000 4903 | fa48 3b77 
  0x000002a890c2bb2c: 380f 8505 | 0000 00e9 | 0500 0000 | 4d33 c0eb | 0749 c7c0 | 0100 0000 

  0x000002a890c2bb44: ;   {metadata(method data for {method} {0x000002a8ad465068} 'cast' '(Ljava/lang/Object;)Ljava/lang/Object;' in 'java/lang/Class')}
  0x000002a890c2bb44: 4585 c049 | b8b0 7920 | eea8 0200 | 0049 c7c1 | 7801 0000 | 7407 49c7 | c168 0100 | 004b 8b3c 
  0x000002a890c2bb64: 0848 8d7f | 014b 893c | 080f 8461 

  0x000002a890c2bb70: ;   {metadata(method data for {method} {0x000002a8ee2cf8f8} 'compareAndSet' '(Ljava/lang/invoke/VarHandle;Ljava/lang/Object;II)Z' in 'java/lang/invoke/VarHandleInts$FieldInstanceReadWrite')}
  0x000002a890c2bb70: 0c00 0049 | b850 0774 | efa8 0200 | 0049 8380 | 8001 0000 

  0x000002a890c2bb84: ;   {metadata(method data for {method} {0x000002a8ad056488} 'requireNonNull' '(Ljava/lang/Object;)Ljava/lang/Object;' in 'java/util/Objects')}
  0x000002a890c2bb84: 0149 b810 | f700 eea8 | 0200 0045 | 8b88 cc00 | 0000 4183 | c102 4589 | 88cc 0000 | 0041 81e1 
  0x000002a890c2bba4: feff 1f00 | 4585 c90f | 8487 1900 

  0x000002a890c2bbb0: ;   {metadata(method data for {method} {0x000002a8ad056488} 'requireNonNull' '(Ljava/lang/Object;)Ljava/lang/Object;' in 'java/util/Objects')}
  0x000002a890c2bbb0: 0049 b810 | f700 eea8 | 0200 0041 | ff80 1001 | 0000 49c7 | c00c 0000 | 004e 8d04 | 0248 8bd8 
  0x000002a890c2bbd0: b800 0000 | 0041 b901 | 0000 00f0 | 450f b108 | 41b8 0100 | 0000 7406 | 41b8 0000 | 0000 4183 
  0x000002a890c2bbf0: e001 4183 | e001 4585 

  0x000002a890c2bbf8: ;   {metadata(method data for {method} {0x000002a8ef80ff18} 'set' '(Ljava/lang/Object;)V' in 'java/util/concurrent/FutureTask')}
  0x000002a890c2bbf8: c049 b880 | 3287 efa8 | 0200 0049 | c7c1 6001 | 0000 7407 | 49c7 c170 | 0100 004b | 8b3c 0848 
  0x000002a890c2bc18: 8d7f 014b | 893c 080f | 84e7 0500 | 0045 0fbe | 4740 4585 | c00f 8526 | 1900 004c | 8bd3 49c1 
  0x000002a890c2bc38: ea03 4489 | 5214 4c8b | c24c 33c3 | 49c1 e816 | 4983 f800 | 0f85 2719 

  0x000002a890c2bc50: ;   {metadata(method data for {method} {0x000002a8ef80ff18} 'set' '(Ljava/lang/Object;)V' in 'java/util/concurrent/FutureTask')}
  0x000002a890c2bc50: 0000 49b8 | 8032 87ef | a802 0000 | 4d8d 80b8 

  0x000002a890c2bc60: ;   {metadata('java/util/concurrent/FutureTask')}
  0x000002a890c2bc60: 0100 0049 | b908 6233 | aea8 0200 | 004d 3348 | 0849 f7c1 | fcff ffff | 7404 4d89 

  0x000002a890c2bc7c: ;   {metadata(method data for {method} {0x000002a8ad156248} 'guard_LI_V' '(Ljava/lang/invoke/VarHandle;Ljava/lang/Object;ILjava/lang/invoke/VarHandle$AccessDescriptor;)V' in 'java/lang/invoke/VarHandleGuards')}
  0x000002a890c2bc7c: 4808 49b8 | b826 87ef | a802 0000 | 4d8d 8018 

  0x000002a890c2bc8c: ;   {oop(a 'java/lang/invoke/VarHandleInts$FieldInstanceReadWrite'{0x0000000600f2b878})}
  0x000002a890c2bc8c: 0500 0049 | b978 b8f2 | 0006 0000 | 004d 85c9 | 750d 41f6 | 0001 7547 | f049 8308 

  0x000002a890c2bca8: ;   {metadata('java/lang/invoke/VarHandleInts$FieldInstanceReadWrite')}
  0x000002a890c2bca8: 01eb 4048 | bf38 a007 | aea8 0200 | 004c 8bd7 | 4933 3848 | f7c7 fcff | ffff 7427 | 40f6 c702 
  0x000002a890c2bcc8: 7521 49f7 | 00fe ffff | ff74 1549 | 8bfa 4933 | 3848 f7c7 | fcff ffff | 7409 4983 | 0802 eb03 
  0x000002a890c2bce8: ;   {metadata('java/util/concurrent/FutureTask')}
  0x000002a890c2bce8: 4989 3848 | bf08 6233 | aea8 0200 | 004c 8bd7 | 4933 7810 | 48f7 c7fc | ffff ff74 | 2b40 f6c7 
  0x000002a890c2bd08: 0275 2549 | f740 10fe | ffff ff74 | 1749 8bfa | 4933 7810 | 48f7 c7fc | ffff ff74 | 0b49 8348 
  0x000002a890c2bd28: 1002 eb04 | 4989 7810 

  0x000002a890c2bd30: ;   {metadata(method data for {method} {0x000002a8ef80ff18} 'set' '(Ljava/lang/Object;)V' in 'java/util/concurrent/FutureTask')}
  0x000002a890c2bd30: 49b8 8032 | 87ef a802 | 0000 4983 | 8080 0100 

  0x000002a890c2bd40: ;   {metadata(method data for {method} {0x000002a8ad156248} 'guard_LI_V' '(Ljava/lang/invoke/VarHandle;Ljava/lang/Object;ILjava/lang/invoke/VarHandle$AccessDescriptor;)V' in 'java/lang/invoke/VarHandleGuards')}
  0x000002a890c2bd40: 0001 49b8 | b826 87ef | a802 0000 | 418b b8cc | 0000 0083 | c702 4189 | b8cc 0000 | 0081 e7fe 
  0x000002a890c2bd60: ff1f 0085 | ff0f 8426 

  0x000002a890c2bd68: ;   {metadata(method data for {method} {0x000002a8ad156248} 'guard_LI_V' '(Ljava/lang/invoke/VarHandle;Ljava/lang/Object;ILjava/lang/invoke/VarHandle$AccessDescriptor;)V' in 'java/lang/invoke/VarHandleGuards')}
  0x000002a890c2bd68: 1800 0049 | b8b8 2687 | efa8 0200 | 004d 8d80 | 4801 0000 

  0x000002a890c2bd7c: ;   {oop(a 'java/lang/invoke/VarHandle$AccessDescriptor'{0x0000000600f2c9f8})}
  0x000002a890c2bd7c: 48bf f8c9 | f200 0600 | 0000 4885 | ff75 0d41 | f640 0801 | 7506 f049 | 8348 0801 

  0x000002a890c2bd98: ;   {metadata(method data for {method} {0x000002a8ad156248} 'guard_LI_V' '(Ljava/lang/invoke/VarHandle;Ljava/lang/Object;ILjava/lang/invoke/VarHandle$AccessDescriptor;)V' in 'java/lang/invoke/VarHandleGuards')}
  0x000002a890c2bd98: 49b8 b826 | 87ef a802 | 0000 458b | 4908 49ba | 0000 00ad | a802 0000 | 4d03 ca4d | 3b88 2001 
  0x000002a890c2bdb8: 0000 750d | 4983 8028 | 0100 0001 | e960 0000 | 004d 3b88 | 3001 0000 | 750d 4983 | 8038 0100 
  0x000002a890c2bdd8: 0001 e94a | 0000 0049 | 83b8 2001 | 0000 0075 | 174d 8988 | 2001 0000 | 49c7 8028 | 0100 0001 
  0x000002a890c2bdf8: 0000 00e9 | 2900 0000 | 4983 b830 | 0100 0000 | 7517 4d89 | 8830 0100 | 0049 c780 | 3801 0000 
  0x000002a890c2be18: 0100 0000 | e908 0000 | 0049 8380 | 1001 0000 

  0x000002a890c2be28: ;   {metadata(method data for {method} {0x000002a8ad0936b8} 'checkAccessModeThenIsDirect' '(Ljava/lang/invoke/VarHandle$AccessDescriptor;)Z' in 'java/lang/invoke/VarHandle')}
  0x000002a890c2be28: 0149 b898 | f913 eea8 | 0200 0045 | 8b88 cc00 | 0000 4183 | c102 4589 | 88cc 0000 | 0041 81e1 
  0x000002a890c2be48: feff 1f00 | 4585 c90f | 845d 1700 

  0x000002a890c2be54: ;   {metadata(method data for {method} {0x000002a8ad0936b8} 'checkAccessModeThenIsDirect' '(Ljava/lang/invoke/VarHandle$AccessDescriptor;)Z' in 'java/lang/invoke/VarHandle')}
  0x000002a890c2be54: 0049 b898 | f913 eea8 | 0200 0041 | ff80 1001 

  0x000002a890c2be64: ;   {metadata(method data for {method} {0x000002a8ad156248} 'guard_LI_V' '(Ljava/lang/invoke/VarHandle;Ljava/lang/Object;ILjava/lang/invoke/VarHandle$AccessDescriptor;)V' in 'java/lang/invoke/VarHandleGuards')}
  0x000002a890c2be64: 0000 49b8 | b826 87ef | a802 0000 | 41ff 8070 

  0x000002a890c2be74: ;   {metadata(method data for {method} {0x000002a8ad156248} 'guard_LI_V' '(Ljava/lang/invoke/VarHandle;Ljava/lang/Object;ILjava/lang/invoke/VarHandle$AccessDescriptor;)V' in 'java/lang/invoke/VarHandleGuards')}
  0x000002a890c2be74: 0100 0049 | b8b8 2687 | efa8 0200 | 0041 ff80 | 9001 0000 

  0x000002a890c2be88: ;   {oop(a 'java/lang/invoke/VarForm'{0x0000000601111d20})}
  0x000002a890c2be88: 49b8 201d | 1101 0600 

  0x000002a890c2be90: ;   {metadata(method data for {method} {0x000002a8ad156248} 'guard_LI_V' '(Ljava/lang/invoke/VarHandle;Ljava/lang/Object;ILjava/lang/invoke/VarHandle$AccessDescriptor;)V' in 'java/lang/invoke/VarHandleGuards')}
  0x000002a890c2be90: 0000 49b9 | b826 87ef | a802 0000 | 4983 81a0 | 0100 0001 

  0x000002a890c2bea4: ;   {metadata(method data for {method} {0x000002a8ad1542f0} 'getMemberName' '(I)Ljava/lang/invoke/MemberName;' in 'java/lang/invoke/VarForm')}
  0x000002a890c2bea4: 49b8 a0fb | 13ee a802 | 0000 458b | 88cc 0000 | 0041 83c1 | 0245 8988 | cc00 0000 | 4181 e1fe 
  0x000002a890c2bec4: ff1f 0045 | 85c9 0f84 | 0317 0000 

  0x000002a890c2bed0: ;   {metadata(method data for {method} {0x000002a8ad1542f0} 'getMemberName' '(I)Ljava/lang/invoke/MemberName;' in 'java/lang/invoke/VarForm')}
  0x000002a890c2bed0: 49b8 a0fb | 13ee a802 | 0000 41ff | 8010 0100 

  0x000002a890c2bee0: ;   {metadata(method data for {method} {0x000002a8ad156248} 'guard_LI_V' '(Ljava/lang/invoke/VarHandle;Ljava/lang/Object;ILjava/lang/invoke/VarHandle$AccessDescriptor;)V' in 'java/lang/invoke/VarHandleGuards')}
  0x000002a890c2bee0: 0049 b8b8 | 2687 efa8 | 0200 004d | 8d80 d801 

  0x000002a890c2bef0: ;   {oop(a 'java/lang/invoke/MemberName'{0x0000000600f6abf8} = {method} {0x000002a8ee2cf7e8} 'setRelease' '(Ljava/lang/invoke/VarHandle;Ljava/lang/Object;I)V' in 'java/lang/invoke/VarHandleInts$FieldInstanceReadWrite')}
  0x000002a890c2bef0: 0000 49b9 | f8ab f600 | 0600 0000 | 4d85 c975 | 0b41 f600 | 0175 05f0 | 4983 0801 

  0x000002a890c2bf0c: ;   {metadata(method data for {method} {0x000002a8ad156248} 'guard_LI_V' '(Ljava/lang/invoke/VarHandle;Ljava/lang/Object;ILjava/lang/invoke/VarHandle$AccessDescriptor;)V' in 'java/lang/invoke/VarHandleGuards')}
  0x000002a890c2bf0c: 49b8 b826 | 87ef a802 | 0000 4d8d | 80f8 0100 

  0x000002a890c2bf1c: ;   {oop(a 'java/lang/invoke/VarHandleInts$FieldInstanceReadWrite'{0x0000000600f2b878})}
  0x000002a890c2bf1c: 0049 b978 | b8f2 0006 | 0000 004d | 85c9 750f | 41f6 4008 | 0175 4df0 | 4983 4808 

  0x000002a890c2bf38: ;   {metadata('java/lang/invoke/VarHandleInts$FieldInstanceReadWrite')}
  0x000002a890c2bf38: 01eb 4549 | b938 a007 | aea8 0200 | 004d 8bd1 | 4d33 4808 | 49f7 c1fc | ffff ff74 | 2b41 f6c1 
  0x000002a890c2bf58: 0275 2549 | f740 08fe | ffff ff74 | 174d 8bca | 4d33 4808 | 49f7 c1fc | ffff ff74 | 0b49 8348 
  0x000002a890c2bf78: 0802 eb04 | 4d89 4808 

  0x000002a890c2bf80: ;   {metadata('java/util/concurrent/FutureTask')}
  0x000002a890c2bf80: 49b9 0862 | 33ae a802 | 0000 4d8b | d14d 3348 | 1849 f7c1 | fcff ffff | 742b 41f6 | c102 7525 
  0x000002a890c2bfa0: 49f7 4018 | feff ffff | 7417 4d8b | ca4d 3348 | 1849 f7c1 | fcff ffff | 740b 4983 | 4818 02eb 
  0x000002a890c2bfc0: 044d 8948 

  0x000002a890c2bfc4: ;   {metadata(method data for {method} {0x000002a8ad156248} 'guard_LI_V' '(Ljava/lang/invoke/VarHandle;Ljava/lang/Object;ILjava/lang/invoke/VarHandle$AccessDescriptor;)V' in 'java/lang/invoke/VarHandleGuards')}
  0x000002a890c2bfc4: 1849 b8b8 | 2687 efa8 | 0200 0049 | 8380 e801 

  0x000002a890c2bfd4: ;   {metadata(method data for {method} {0x000002a8ee2cf7e8} 'setRelease' '(Ljava/lang/invoke/VarHandle;Ljava/lang/Object;I)V' in 'java/lang/invoke/VarHandleInts$FieldInstanceReadWrite')}
  0x000002a890c2bfd4: 0000 0149 | b8e8 2b87 | efa8 0200 | 0045 8b88 | cc00 0000 | 4183 c102 | 4589 88cc | 0000 0041 
  0x000002a890c2bff4: 81e1 feff | 1f00 4585 | c90f 84f1 

  0x000002a890c2c000: ;   {oop(a 'java/lang/Class'{0x0000000600f2b910} = 'java/util/concurrent/FutureTask')}
  0x000002a890c2c000: 1500 0049 | b810 b9f2 | 0006 0000 

  0x000002a890c2c00c: ;   {metadata(method data for {method} {0x000002a8ee2cf7e8} 'setRelease' '(Ljava/lang/invoke/VarHandle;Ljava/lang/Object;I)V' in 'java/lang/invoke/VarHandleInts$FieldInstanceReadWrite')}
  0x000002a890c2c00c: 0049 b9e8 | 2b87 efa8 | 0200 0049 | 8381 4801 

  0x000002a890c2c01c: ;   {metadata(method data for {method} {0x000002a8ad465068} 'cast' '(Ljava/lang/Object;)Ljava/lang/Object;' in 'java/lang/Class')}
  0x000002a890c2c01c: 0000 0149 | b8b0 7920 | eea8 0200 | 0045 8b88 | cc00 0000 | 4183 c102 | 4589 88cc | 0000 0041 
  0x000002a890c2c03c: 81e1 feff | 1f00 4585 | c90f 84ca 

  0x000002a890c2c048: ;   {metadata(method data for {method} {0x000002a8ad465068} 'cast' '(Ljava/lang/Object;)Ljava/lang/Object;' in 'java/lang/Class')}
  0x000002a890c2c048: 1500 0049 | b8b0 7920 | eea8 0200 | 0041 ff80 | 2001 0000 

  0x000002a890c2c05c: ;   {oop(a 'java/lang/Class'{0x0000000600f2b910} = 'java/util/concurrent/FutureTask')}
  0x000002a890c2c05c: 49b8 10b9 | f200 0600 

  0x000002a890c2c064: ;   {metadata(method data for {method} {0x000002a8ad465068} 'cast' '(Ljava/lang/Object;)Ljava/lang/Object;' in 'java/lang/Class')}
  0x000002a890c2c064: 0000 49b9 | b079 20ee | a802 0000 | 4983 8130 | 0100 0001 | 4885 d20f | 8429 0000 

  0x000002a890c2c080: ;   {metadata('java/util/concurrent/FutureTask')}
  0x000002a890c2c080: 0048 be08 | 6233 aea8 | 0200 008b | 7a08 49ba | 0000 00ad | a802 0000 | 4903 fa48 | 3b77 380f 
  0x000002a890c2c0a0: 8505 0000 | 00e9 0500 | 0000 4d33 | c0eb 0749 | c7c0 0100 | 0000 4585 

  0x000002a890c2c0b8: ;   {metadata(method data for {method} {0x000002a8ad465068} 'cast' '(Ljava/lang/Object;)Ljava/lang/Object;' in 'java/lang/Class')}
  0x000002a890c2c0b8: c049 b8b0 | 7920 eea8 | 0200 0049 | c7c1 7801 | 0000 7407 | 49c7 c168 | 0100 004b | 8b3c 0848 
  0x000002a890c2c0d8: 8d7f 014b | 893c 080f | 8409 0600 

  0x000002a890c2c0e4: ;   {metadata(method data for {method} {0x000002a8ee2cf7e8} 'setRelease' '(Ljava/lang/invoke/VarHandle;Ljava/lang/Object;I)V' in 'java/lang/invoke/VarHandleInts$FieldInstanceReadWrite')}
  0x000002a890c2c0e4: 0049 b8e8 | 2b87 efa8 | 0200 0049 | 8380 8001 

  0x000002a890c2c0f4: ;   {metadata(method data for {method} {0x000002a8ad056488} 'requireNonNull' '(Ljava/lang/Object;)Ljava/lang/Object;' in 'java/util/Objects')}
  0x000002a890c2c0f4: 0000 0149 | b810 f700 | eea8 0200 | 0045 8b88 | cc00 0000 | 4183 c102 | 4589 88cc | 0000 0041 
  0x000002a890c2c114: 81e1 feff | 1f00 4585 | c90f 8413 

  0x000002a890c2c120: ;   {metadata(method data for {method} {0x000002a8ad056488} 'requireNonNull' '(Ljava/lang/Object;)Ljava/lang/Object;' in 'java/util/Objects')}
  0x000002a890c2c120: 1500 0049 | b810 f700 | eea8 0200 | 0041 ff80 | 1001 0000 

  0x000002a890c2c134: ;   {metadata(method data for {method} {0x000002a8ee2cf7e8} 'setRelease' '(Ljava/lang/invoke/VarHandle;Ljava/lang/Object;I)V' in 'java/lang/invoke/VarHandleInts$FieldInstanceReadWrite')}
  0x000002a890c2c134: 49b8 e82b | 87ef a802 | 0000 4d8d | 80c8 0100 

  0x000002a890c2c144: ;   {metadata('java/util/concurrent/FutureTask')}
  0x000002a890c2c144: 0049 b908 | 6233 aea8 | 0200 004d | 8bd1 4d33 | 4808 49f7 | c1fc ffff | ff74 2b41 | f6c1 0275 
  0x000002a890c2c164: 2549 f740 | 08fe ffff | ff74 174d | 8bca 4d33 | 4808 49f7 | c1fc ffff | ff74 0b49 | 8348 0802 
  0x000002a890c2c184: eb04 4d89 

  0x000002a890c2c188: ;   {oop(a 'jdk/internal/misc/Unsafe'{0x0000000601001980})}
  0x000002a890c2c188: 4808 48be | 8019 0001 | 0600 0000 

  0x000002a890c2c194: ;   {metadata(method data for {method} {0x000002a8ee2cf7e8} 'setRelease' '(Ljava/lang/invoke/VarHandle;Ljava/lang/Object;I)V' in 'java/lang/invoke/VarHandleInts$FieldInstanceReadWrite')}
  0x000002a890c2c194: 4c8b c649 | b9e8 2b87 | efa8 0200 | 0049 8381 | 9001 0000 | 0149 c7c1 | 0c00 0000 | 4c8b c2bf 
  0x000002a890c2c1b4: 0200 0000 | 488b d60f 

  0x000002a890c2c1bc: ;   {optimized virtual_call}
  0x000002a890c2c1bc: 1f40 00e8 

  0x000002a890c2c1c0: ; ImmutableOopMap {[232]=Oop }
                      ;*invokevirtual putIntRelease {reexecute=0 rethrow=0 return_oop=0}
                      ; - java.lang.invoke.VarHandleInts$FieldInstanceReadWrite::setRelease@24 (line 170)
                      ; - java.lang.invoke.VarHandleGuards::guard_LI_V@45 (line 122)
                      ; - java.util.concurrent.FutureTask::set@22 (line 284)
                      ; - java.util.concurrent.FutureTask::run@68 (line 325)
  0x000002a890c2c1c0: 7c6b 2207 

  0x000002a890c2c1c4: ;   {other}
  0x000002a890c2c1c4: 0f1f 8400 | 3422 0003 

  0x000002a890c2c1cc: ;   {metadata(method data for {method} {0x000002a8ad156248} 'guard_LI_V' '(Ljava/lang/invoke/VarHandle;Ljava/lang/Object;ILjava/lang/invoke/VarHandle$AccessDescriptor;)V' in 'java/lang/invoke/VarHandleGuards')}
  0x000002a890c2c1cc: 48ba b826 | 87ef a802 | 0000 ff82 | 2002 0000 | 488b 9424 | e800 0000 

  0x000002a890c2c1e4: ;   {metadata(method data for {method} {0x000002a8ef80ff18} 'set' '(Ljava/lang/Object;)V' in 'java/util/concurrent/FutureTask')}
  0x000002a890c2c1e4: 48be 8032 | 87ef a802 | 0000 4883 | 86d0 0100 | 0001 488b | 9424 e800 

  0x000002a890c2c1fc: ;   {optimized virtual_call}
  0x000002a890c2c1fc: 0000 90e8 

  0x000002a890c2c200: ; ImmutableOopMap {[232]=Oop }
                      ;*invokevirtual finishCompletion {reexecute=0 rethrow=0 return_oop=0}
                      ; - java.util.concurrent.FutureTask::set@26 (line 285)
                      ; - java.util.concurrent.FutureTask::run@68 (line 325)
  0x000002a890c2c200: 1c33 0200 

  0x000002a890c2c204: ;   {other}
  0x000002a890c2c204: 0f1f 8400 | 7422 0004 | 488b 9424 | e800 0000 

  0x000002a890c2c214: ;   {oop(nullptr)}
  0x000002a890c2c214: 48be 0000 | 0000 0000 | 0000 410f | be7f 4085 | ff0f 852c | 1400 004c | 8bd6 49c1 | ea03 4489 
  0x000002a890c2c234: 5218 f083 | 4424 c000 | 488b fa48 | 33fe 48c1 | ef16 4883 | ff00 0f85 | 2614 0000 | 8b72 0c83 
  0x000002a890c2c254: ;   {metadata(method data for {method} {0x000002a8ef8101c8} 'run' '()V' in 'java/util/concurrent/FutureTask')}
  0x000002a890c2c254: fe05 48bf | f01d 87ef | a802 0000 | 48c7 c3e0 | 0200 007c | 0748 c7c3 | f002 0000 | 488b 041f 
  0x000002a890c2c274: 488d 4001 | 4889 041f | 0f8c 3004 | 0000 488b 

  0x000002a890c2c284: ;   {metadata(method data for {method} {0x000002a8ef8101c8} 'run' '()V' in 'java/util/concurrent/FutureTask')}
  0x000002a890c2c284: fa48 bbf0 | 1d87 efa8 | 0200 0048 | 8383 0003 

  0x000002a890c2c294: ;   {metadata(method data for {method} {0x000002a8ef810498} 'handlePossibleCancellationInterrupt' '(I)V' in 'java/util/concurrent/FutureTask')}
  0x000002a890c2c294: 0000 0148 | bfd0 3487 | efa8 0200 | 008b 9fcc | 0000 0083 | c302 899f | cc00 0000 | 81e3 feff 
  0x000002a890c2c2b4: 1f00 85db | 0f84 d013 | 0000 83fe 

  0x000002a890c2c2c0: ;   {metadata(method data for {method} {0x000002a8ef810498} 'handlePossibleCancellationInterrupt' '(I)V' in 'java/util/concurrent/FutureTask')}
  0x000002a890c2c2c0: 0548 bed0 | 3487 efa8 | 0200 0048 | c7c7 1001 | 0000 7507 | 48c7 c720 | 0100 0048 | 8b1c 3e48 
  0x000002a890c2c2e0: 8d5b 0148 | 891c 3e0f | 85c5 0300 | 0066 6690 | 8b72 0c83 

  0x000002a890c2c2f4: ;   {metadata(method data for {method} {0x000002a8ef810498} 'handlePossibleCancellationInterrupt' '(I)V' in 'java/util/concurrent/FutureTask')}
  0x000002a890c2c2f4: fe05 48be | d034 87ef | a802 0000 | 48c7 c730 | 0100 0075 | 0748 c7c7 | 4001 0000 | 488b 1c3e 
  0x000002a890c2c314: 488d 5b01 | 4889 1c3e | 0f85 9003 

  0x000002a890c2c320: ;   {metadata(method data for {method} {0x000002a8ef810498} 'handlePossibleCancellationInterrupt' '(I)V' in 'java/util/concurrent/FutureTask')}
  0x000002a890c2c320: 0000 48be | d034 87ef | a802 0000 | 4883 8650 | 0100 0001 

  0x000002a890c2c334: ;   {metadata(method data for {method} {0x000002a8ad429fc8} 'yield' '()V' in 'java/lang/Thread')}
  0x000002a890c2c334: 48be 30c0 | 39ee a802 | 0000 8bbe | cc00 0000 | 83c7 0289 | becc 0000 | 0081 e7fe | ff1f 0085 
  0x000002a890c2c354: ff0f 8454 

  0x000002a890c2c358: ;   {metadata(method data for {method} {0x000002a8ad429fc8} 'yield' '()V' in 'java/lang/Thread')}
  0x000002a890c2c358: 1300 0048 | be30 c039 | eea8 0200 | 0048 8386 | 1001 0000 | 0149 8bb7 | 8003 0000 | 488b 3648 
  0x000002a890c2c378: 85f6 7516 

  0x000002a890c2c37c: ;   {metadata(method data for {method} {0x000002a8ad429fc8} 'yield' '()V' in 'java/lang/Thread')}
  0x000002a890c2c37c: 48b8 30c0 | 39ee a802 | 0000 8088 | 1901 0000 | 01e9 cc00 

  0x000002a890c2c390: ;   {metadata('java/lang/VirtualThread')}
  0x000002a890c2c390: 0000 48b9 | 589d 02ad | a802 0000 | 8b5e 0849 | ba00 0000 | ada8 0200 | 0049 03da | 483b cb0f 
  0x000002a890c2c3b0: 858d 0000 

  0x000002a890c2c3b4: ;   {metadata(method data for {method} {0x000002a8ad429fc8} 'yield' '()V' in 'java/lang/Thread')}
  0x000002a890c2c3b4: 0048 b830 | c039 eea8 | 0200 008b | 4e08 49ba | 0000 00ad | a802 0000 | 4903 ca48 | 3b88 3001 
  0x000002a890c2c3d4: 0000 750d | 4883 8038 | 0100 0001 | e97e 0000 | 0048 3b88 | 4001 0000 | 750d 4883 | 8048 0100 
  0x000002a890c2c3f4: 0001 e968 | 0000 0048 | 83b8 3001 | 0000 0075 | 1748 8988 | 3001 0000 | 48c7 8038 | 0100 0001 
  0x000002a890c2c414: 0000 00e9 | 4700 0000 | 4883 b840 | 0100 0000 | 7517 4889 | 8840 0100 | 0048 c780 | 4801 0000 
  0x000002a890c2c434: 0100 0000 | e926 0000 | 00e9 2100 

  0x000002a890c2c440: ;   {metadata(method data for {method} {0x000002a8ad429fc8} 'yield' '()V' in 'java/lang/Thread')}
  0x000002a890c2c440: 0000 48b8 | 30c0 39ee | a802 0000 | 4883 a820 | 0100 0001 | e905 0000 | 00e9 0500 | 0000 4833 
  0x000002a890c2c460: ffeb 0748 | c7c7 0100 | 0000 85ff 

  0x000002a890c2c46c: ;   {metadata(method data for {method} {0x000002a8ad429fc8} 'yield' '()V' in 'java/lang/Thread')}
  0x000002a890c2c46c: 48bf 30c0 | 39ee a802 | 0000 48c7 | c358 0100 | 0074 0748 | c7c3 6801 | 0000 488b | 041f 488d 
  0x000002a890c2c48c: 4001 4889 | 041f 0f84 | a901 0000 | 4885 f675 

  0x000002a890c2c49c: ;   {metadata(method data for {method} {0x000002a8ad429fc8} 'yield' '()V' in 'java/lang/Thread')}
  0x000002a890c2c49c: 1648 bb30 | c039 eea8 | 0200 0080 | 8b71 0100 | 0001 e9cc 

  0x000002a890c2c4b0: ;   {metadata('java/lang/VirtualThread')}
  0x000002a890c2c4b0: 0000 0048 | b858 9d02 | ada8 0200 | 008b 7e08 | 49ba 0000 | 00ad a802 | 0000 4903 | fa48 3bc7 
  0x000002a890c2c4d0: 0f85 8d00 

  0x000002a890c2c4d4: ;   {metadata(method data for {method} {0x000002a8ad429fc8} 'yield' '()V' in 'java/lang/Thread')}
  0x000002a890c2c4d4: 0000 48bb | 30c0 39ee | a802 0000 | 8b46 0849 | ba00 0000 | ada8 0200 | 0049 03c2 | 483b 8388 
  0x000002a890c2c4f4: 0100 0075 | 0d48 8383 | 9001 0000 | 01e9 7900 | 0000 483b | 8398 0100 | 0075 0d48 | 8383 a001 
  0x000002a890c2c514: 0000 01e9 | 6300 0000 | 4883 bb88 | 0100 0000 | 7517 4889 | 8388 0100 | 0048 c783 | 9001 0000 
  0x000002a890c2c534: 0100 0000 | e942 0000 | 0048 83bb | 9801 0000 | 0075 1748 | 8983 9801 | 0000 48c7 | 83a0 0100 
  0x000002a890c2c554: 0001 0000 | 00e9 2100 | 0000 e91c 

  0x000002a890c2c560: ;   {metadata(method data for {method} {0x000002a8ad429fc8} 'yield' '()V' in 'java/lang/Thread')}
  0x000002a890c2c560: 0000 0048 | bb30 c039 | eea8 0200 | 0048 83ab | 7801 0000 | 01e9 5611 | 0000 e900 | 0000 0048 
  0x000002a890c2c580: 3b06 488b 

  0x000002a890c2c584: ;   {metadata(method data for {method} {0x000002a8ad429fc8} 'yield' '()V' in 'java/lang/Thread')}
  0x000002a890c2c584: fe48 bb30 | c039 eea8 | 0200 008b | 7f08 49ba | 0000 00ad | a802 0000 | 4903 fa48 | 3bbb c001 
  0x000002a890c2c5a4: 0000 750d | 4883 83c8 | 0100 0001 | e960 0000 | 0048 3bbb | d001 0000 | 750d 4883 | 83d8 0100 
  0x000002a890c2c5c4: 0001 e94a | 0000 0048 | 83bb c001 | 0000 0075 | 1748 89bb | c001 0000 | 48c7 83c8 | 0100 0001 
  0x000002a890c2c5e4: 0000 00e9 | 2900 0000 | 4883 bbd0 | 0100 0000 | 7517 4889 | bbd0 0100 | 0048 c783 | d801 0000 
  0x000002a890c2c604: 0100 0000 | e908 0000 | 0048 8383 | b001 0000 | 0148 8bd6 | 0f1f 8000 

  0x000002a890c2c61c: ;   {optimized virtual_call}
  0x000002a890c2c61c: 0000 00e8 

  0x000002a890c2c620: ; ImmutableOopMap {[232]=Oop }
                      ;*invokevirtual tryYield {reexecute=0 rethrow=0 return_oop=0}
                      ; - java.lang.Thread::yield@17 (line 443)
                      ; - java.util.concurrent.FutureTask::handlePossibleCancellationInterrupt@13 (line 386)
                      ; - java.util.concurrent.FutureTask::run@88 (line 335)
  0x000002a890c2c620: 5c24 9406 

  0x000002a890c2c624: ;   {other}
  0x000002a890c2c624: 0f1f 8400 | 9426 0005 

  0x000002a890c2c62c: ;   {metadata(method data for {method} {0x000002a8ad429fc8} 'yield' '()V' in 'java/lang/Thread')}
  0x000002a890c2c62c: 48be 30c0 | 39ee a802 | 0000 ff86 | e801 0000 | e923 0000 

  0x000002a890c2c640: ;   {metadata(method data for {method} {0x000002a8ad429fc8} 'yield' '()V' in 'java/lang/Thread')}
  0x000002a890c2c640: 0048 be30 | c039 eea8 | 0200 0048 | 8386 0002 | 0000 010f 

  0x000002a890c2c654: ;   {static_call}
  0x000002a890c2c654: 1f40 00e8 

  0x000002a890c2c658: ; ImmutableOopMap {[232]=Oop }
                      ;*invokestatic yield0 {reexecute=0 rethrow=0 return_oop=0}
                      ; - java.lang.Thread::yield@23 (line 445)
                      ; - java.util.concurrent.FutureTask::handlePossibleCancellationInterrupt@13 (line 386)
                      ; - java.util.concurrent.FutureTask::run@88 (line 335)
  0x000002a890c2c658: 242a 9406 

  0x000002a890c2c65c: ;   {other}
  0x000002a890c2c65c: 0f1f 8400 | cc26 0006 

  0x000002a890c2c664: ;   {metadata(method data for {method} {0x000002a8ef810498} 'handlePossibleCancellationInterrupt' '(I)V' in 'java/util/concurrent/FutureTask')}
  0x000002a890c2c664: 48ba d034 | 87ef a802 | 0000 8bb2 | d000 0000 | 83c6 0289 | b2d0 0000 | 0081 e6fe | 3f00 0085 
  0x000002a890c2c684: f60f 8453 | 1000 004d | 8b97 5004 

  0x000002a890c2c690: ; ImmutableOopMap {[232]=Oop }
                      ;*goto {reexecute=1 rethrow=0 return_oop=0}
                      ; - (reexecute) java.util.concurrent.FutureTask::handlePossibleCancellationInterrupt@16 (line 386)
                      ; - java.util.concurrent.FutureTask::run@88 (line 335)
                      ;   {poll}
  0x000002a890c2c690: 0000 4185 

  0x000002a890c2c694: ;   {metadata(method data for {method} {0x000002a8ef810498} 'handlePossibleCancellationInterrupt' '(I)V' in 'java/util/concurrent/FutureTask')}
  0x000002a890c2c694: 0248 bad0 | 3487 efa8 | 0200 00ff | 8260 0100 | 0048 8b94 | 24e8 0000 | 00e9 3efc 

  0x000002a890c2c6b0: ;   {metadata(method data for {method} {0x000002a8ef8101c8} 'run' '()V' in 'java/util/concurrent/FutureTask')}
  0x000002a890c2c6b0: ffff 48ba | f01d 87ef | a802 0000 | ff82 3803 | 0000 4881 | c450 0100 

  0x000002a890c2c6c8: ;   {poll_return}
  0x000002a890c2c6c8: 005d 493b | a748 0400 | 000f 8728 | 1000 00c3 | 4881 c450 | 0100 005d 

  0x000002a890c2c6e0: ;   {poll_return}
  0x000002a890c2c6e0: 493b a748 | 0400 000f | 8728 1000 

  0x000002a890c2c6ec: ;   {metadata('java/lang/ClassCastException')}
  0x000002a890c2c6ec: 00c3 48ba | 60ae 06ad | a802 0000 | 498b 87b8 | 0100 0048 | 8d78 2849 | 3bbf c801 | 0000 0f87 
  0x000002a890c2c70c: 1b10 0000 | 4989 bfb8 | 0100 0048 | c700 0100 | 0000 488b | ca49 ba00 | 0000 ada8 | 0200 0049 
  0x000002a890c2c72c: 2bca 8948 | 0848 33c9 | 8948 0c48 | 33c9 4889 | 4810 4889 | 4818 4889 

  0x000002a890c2c744: ;   {oop(a 'java/lang/Class'{0x0000000600f2b910} = 'java/util/concurrent/FutureTask')}
  0x000002a890c2c744: 4820 48ba | 10b9 f200 | 0600 0000 

  0x000002a890c2c750: ;   {metadata(method data for {method} {0x000002a8ad465068} 'cast' '(Ljava/lang/Object;)Ljava/lang/Object;' in 'java/lang/Class')}
  0x000002a890c2c750: 4c8b c248 | beb0 7920 | eea8 0200 | 0048 8386 | 8801 0000 | 014c 8b84 | 24e8 0000 | 0048 8984 
  0x000002a890c2c770: 24f0 0000 

  0x000002a890c2c774: ;   {optimized virtual_call}
  0x000002a890c2c774: 0066 90e8 

  0x000002a890c2c778: ; ImmutableOopMap {[232]=Oop [240]=Oop }
                      ;*invokevirtual cannotCastMsg {reexecute=0 rethrow=0 return_oop=0}
                      ; - java.lang.Class::cast@18 (line 4067)
                      ; - java.lang.invoke.VarHandleInts$FieldInstanceReadWrite::setRelease@13 (line 170)
                      ; - java.lang.invoke.VarHandleGuards::guard_LI_V@45 (line 122)
                      ; - java.util.concurrent.FutureTask::set@22 (line 284)
                      ; - java.util.concurrent.FutureTask::run@68 (line 325)
  0x000002a890c2c778: 0423 9406 

  0x000002a890c2c77c: ;   {other}
  0x000002a890c2c77c: 0f1f 8400 | ec27 0008 | 4c8b 8424 | f000 0000 

  0x000002a890c2c78c: ;   {metadata(method data for {method} {0x000002a8ad465068} 'cast' '(Ljava/lang/Object;)Ljava/lang/Object;' in 'java/lang/Class')}
  0x000002a890c2c78c: 48ba b079 | 20ee a802 | 0000 4883 | 82c0 0100 | 0001 4c8b | c048 8b94 | 24f0 0000 | 0066 0f1f 
  0x000002a890c2c7ac: ;   {optimized virtual_call}
  0x000002a890c2c7ac: 4400 00e8 

  0x000002a890c2c7b0: ; ImmutableOopMap {[232]=Oop [240]=Oop }
                      ;*invokespecial <init> {reexecute=0 rethrow=0 return_oop=0}
                      ; - java.lang.Class::cast@21 (line 4067)
                      ; - java.lang.invoke.VarHandleInts$FieldInstanceReadWrite::setRelease@13 (line 170)
                      ; - java.lang.invoke.VarHandleGuards::guard_LI_V@45 (line 122)
                      ; - java.util.concurrent.FutureTask::set@22 (line 284)
                      ; - java.util.concurrent.FutureTask::run@68 (line 325)
  0x000002a890c2c7b0: cc22 9406 

  0x000002a890c2c7b4: ;   {other}
  0x000002a890c2c7b4: 0f1f 8400 | 2428 0009 | 488b 8424 

  0x000002a890c2c7c0: ; ImmutableOopMap {rax=Oop [232]=Oop }
                      ;*athrow {reexecute=1 rethrow=0 return_oop=0}
                      ; - (reexecute) java.lang.Class::cast@24 (line 4067)
                      ; - java.lang.invoke.VarHandleInts$FieldInstanceReadWrite::setRelease@13 (line 170)
                      ; - java.lang.invoke.VarHandleGuards::guard_LI_V@45 (line 122)
                      ; - java.util.concurrent.FutureTask::set@22 (line 284)
                      ; - java.util.concurrent.FutureTask::run@68 (line 325)
  0x000002a890c2c7c0: f000 0000 

  0x000002a890c2c7c4: ;   {section_word}
  0x000002a890c2c7c4: 48ba c4c7 | c290 a802 

  0x000002a890c2c7cc: ;   {runtime_call handle_exception_nofpu Runtime1 stub}
  0x000002a890c2c7cc: 0000 e8ad | 5ba0 0690 | 4889 8424 | 0001 0000 

  0x000002a890c2c7dc: ;   {metadata('java/lang/ClassCastException')}
  0x000002a890c2c7dc: 48ba 60ae | 06ad a802 | 0000 498b | 87b8 0100 | 0048 8d78 | 2849 3bbf | c801 0000 | 0f87 3a0f 
  0x000002a890c2c7fc: 0000 4989 | bfb8 0100 | 0048 c700 | 0100 0000 | 488b ca49 | ba00 0000 | ada8 0200 | 0049 2bca 
  0x000002a890c2c81c: 8948 0848 | 33c9 8948 | 0c48 33c9 | 4889 4810 | 4889 4818 | 4889 4820 

  0x000002a890c2c834: ;   {oop(a 'java/lang/Class'{0x0000000600f2b910} = 'java/util/concurrent/FutureTask')}
  0x000002a890c2c834: 48ba 10b9 | f200 0600 | 0000 4c8b 

  0x000002a890c2c840: ;   {metadata(method data for {method} {0x000002a8ad465068} 'cast' '(Ljava/lang/Object;)Ljava/lang/Object;' in 'java/lang/Class')}
  0x000002a890c2c840: c248 beb0 | 7920 eea8 | 0200 0048 | 8386 8801 | 0000 014c | 8b84 24e8 | 0000 0048 | 8984 24f8 
  0x000002a890c2c860: 0000 000f 

  0x000002a890c2c864: ;   {optimized virtual_call}
  0x000002a890c2c864: 1f40 00e8 

  0x000002a890c2c868: ; ImmutableOopMap {[232]=Oop [248]=Oop [256]=Oop }
                      ;*invokevirtual cannotCastMsg {reexecute=0 rethrow=0 return_oop=0}
                      ; - java.lang.Class::cast@18 (line 4067)
                      ; - java.lang.invoke.VarHandleInts$FieldInstanceReadWrite::compareAndSet@15 (line 178)
                      ; - java.lang.invoke.VarHandleGuards::guard_LII_Z@50 (line 137)
                      ; - java.util.concurrent.FutureTask::set@6 (line 282)
                      ; - java.util.concurrent.FutureTask::run@68 (line 325)
  0x000002a890c2c868: 1422 9406 

  0x000002a890c2c86c: ;   {other}
  0x000002a890c2c86c: 0f1f 8400 | dc28 000b | 4c8b 8424 | f800 0000 

  0x000002a890c2c87c: ;   {metadata(method data for {method} {0x000002a8ad465068} 'cast' '(Ljava/lang/Object;)Ljava/lang/Object;' in 'java/lang/Class')}
  0x000002a890c2c87c: 48ba b079 | 20ee a802 | 0000 4883 | 82c0 0100 | 0001 4c8b | c048 8b94 | 24f8 0000 | 0066 0f1f 
  0x000002a890c2c89c: ;   {optimized virtual_call}
  0x000002a890c2c89c: 4400 00e8 

  0x000002a890c2c8a0: ; ImmutableOopMap {[232]=Oop [248]=Oop [256]=Oop }
                      ;*invokespecial <init> {reexecute=0 rethrow=0 return_oop=0}
                      ; - java.lang.Class::cast@21 (line 4067)
                      ; - java.lang.invoke.VarHandleInts$FieldInstanceReadWrite::compareAndSet@15 (line 178)
                      ; - java.lang.invoke.VarHandleGuards::guard_LII_Z@50 (line 137)
                      ; - java.util.concurrent.FutureTask::set@6 (line 282)
                      ; - java.util.concurrent.FutureTask::run@68 (line 325)
  0x000002a890c2c8a0: dc21 9406 

  0x000002a890c2c8a4: ;   {other}
  0x000002a890c2c8a4: 0f1f 8400 | 1429 000c | 488b 8424 

  0x000002a890c2c8b0: ; ImmutableOopMap {rax=Oop [232]=Oop [256]=Oop }
                      ;*athrow {reexecute=1 rethrow=0 return_oop=0}
                      ; - (reexecute) java.lang.Class::cast@24 (line 4067)
                      ; - java.lang.invoke.VarHandleInts$FieldInstanceReadWrite::compareAndSet@15 (line 178)
                      ; - java.lang.invoke.VarHandleGuards::guard_LII_Z@50 (line 137)
                      ; - java.util.concurrent.FutureTask::set@6 (line 282)
                      ; - java.util.concurrent.FutureTask::run@68 (line 325)
  0x000002a890c2c8b0: f800 0000 

  0x000002a890c2c8b4: ;   {section_word}
  0x000002a890c2c8b4: 48ba b4c8 | c290 a802 

  0x000002a890c2c8bc: ;   {runtime_call handle_exception_nofpu Runtime1 stub}
  0x000002a890c2c8bc: 0000 e8bd | 5aa0 0690 

  0x000002a890c2c8c4: ;   {metadata('java/lang/ClassCastException')}
  0x000002a890c2c8c4: 48ba 60ae | 06ad a802 | 0000 498b | 87b8 0100 | 0048 8d78 | 2849 3bbf | c801 0000 | 0f87 5f0e 
  0x000002a890c2c8e4: 0000 4989 | bfb8 0100 | 0048 c700 | 0100 0000 | 488b ca49 | ba00 0000 | ada8 0200 | 0049 2bca 
  0x000002a890c2c904: 8948 0848 | 33c9 8948 | 0c48 33c9 | 4889 4810 | 4889 4818 | 4889 4820 

  0x000002a890c2c91c: ;   {oop(a 'java/lang/Class'{0x0000000600f2b910} = 'java/util/concurrent/FutureTask')}
  0x000002a890c2c91c: 48ba 10b9 | f200 0600 | 0000 4c8b 

  0x000002a890c2c928: ;   {metadata(method data for {method} {0x000002a8ad465068} 'cast' '(Ljava/lang/Object;)Ljava/lang/Object;' in 'java/lang/Class')}
  0x000002a890c2c928: c248 beb0 | 7920 eea8 | 0200 0048 | 8386 8801 | 0000 014c | 8b84 24e8 | 0000 0048 | 8984 2408 
  0x000002a890c2c948: 0100 000f 

  0x000002a890c2c94c: ;   {optimized virtual_call}
  0x000002a890c2c94c: 1f40 00e8 

  0x000002a890c2c950: ; ImmutableOopMap {[232]=Oop [264]=Oop }
                      ;*invokevirtual cannotCastMsg {reexecute=0 rethrow=0 return_oop=0}
                      ; - java.lang.Class::cast@18 (line 4067)
                      ; - java.lang.invoke.VarHandleInts$FieldInstanceReadWrite::setRelease@13 (line 170)
                      ; - java.lang.invoke.VarHandleGuards::guard_LI_V@45 (line 122)
                      ; - java.util.concurrent.FutureTask::setException@22 (line 302)
                      ; - java.util.concurrent.FutureTask::run@59 (line 322)
  0x000002a890c2c950: 2c21 9406 

  0x000002a890c2c954: ;   {other}
  0x000002a890c2c954: 0f1f 8400 | c429 000e | 4c8b 8424 | 0801 0000 

  0x000002a890c2c964: ;   {metadata(method data for {method} {0x000002a8ad465068} 'cast' '(Ljava/lang/Object;)Ljava/lang/Object;' in 'java/lang/Class')}
  0x000002a890c2c964: 48ba b079 | 20ee a802 | 0000 4883 | 82c0 0100 | 0001 4c8b | c048 8b94 | 2408 0100 | 0066 0f1f 
  0x000002a890c2c984: ;   {optimized virtual_call}
  0x000002a890c2c984: 4400 00e8 

  0x000002a890c2c988: ; ImmutableOopMap {[232]=Oop [264]=Oop }
                      ;*invokespecial <init> {reexecute=0 rethrow=0 return_oop=0}
                      ; - java.lang.Class::cast@21 (line 4067)
                      ; - java.lang.invoke.VarHandleInts$FieldInstanceReadWrite::setRelease@13 (line 170)
                      ; - java.lang.invoke.VarHandleGuards::guard_LI_V@45 (line 122)
                      ; - java.util.concurrent.FutureTask::setException@22 (line 302)
                      ; - java.util.concurrent.FutureTask::run@59 (line 322)
  0x000002a890c2c988: f420 9406 

  0x000002a890c2c98c: ;   {other}
  0x000002a890c2c98c: 0f1f 8400 | fc29 000f | 488b 8424 

  0x000002a890c2c998: ; ImmutableOopMap {rax=Oop [232]=Oop }
                      ;*athrow {reexecute=1 rethrow=0 return_oop=0}
                      ; - (reexecute) java.lang.Class::cast@24 (line 4067)
                      ; - java.lang.invoke.VarHandleInts$FieldInstanceReadWrite::setRelease@13 (line 170)
                      ; - java.lang.invoke.VarHandleGuards::guard_LI_V@45 (line 122)
                      ; - java.util.concurrent.FutureTask::setException@22 (line 302)
                      ; - java.util.concurrent.FutureTask::run@59 (line 322)
  0x000002a890c2c998: 0801 0000 

  0x000002a890c2c99c: ;   {section_word}
  0x000002a890c2c99c: 48ba 9cc9 | c290 a802 

  0x000002a890c2c9a4: ;   {runtime_call handle_exception_nofpu Runtime1 stub}
  0x000002a890c2c9a4: 0000 e8d5 | 59a0 0690 | 4889 8424 | 1801 0000 

  0x000002a890c2c9b4: ;   {metadata('java/lang/ClassCastException')}
  0x000002a890c2c9b4: 48ba 60ae | 06ad a802 | 0000 498b | 87b8 0100 | 0048 8d78 | 2849 3bbf | c801 0000 | 0f87 7c0d 
  0x000002a890c2c9d4: 0000 4989 | bfb8 0100 | 0048 c700 | 0100 0000 | 488b ca49 | ba00 0000 | ada8 0200 | 0049 2bca 
  0x000002a890c2c9f4: 8948 0848 | 33c9 8948 | 0c48 33c9 | 4889 4810 | 4889 4818 | 4889 4820 

  0x000002a890c2ca0c: ;   {oop(a 'java/lang/Class'{0x0000000600f2b910} = 'java/util/concurrent/FutureTask')}
  0x000002a890c2ca0c: 48ba 10b9 | f200 0600 | 0000 4c8b 

  0x000002a890c2ca18: ;   {metadata(method data for {method} {0x000002a8ad465068} 'cast' '(Ljava/lang/Object;)Ljava/lang/Object;' in 'java/lang/Class')}
  0x000002a890c2ca18: c248 beb0 | 7920 eea8 | 0200 0048 | 8386 8801 | 0000 014c | 8b84 24e8 | 0000 0048 | 8984 2410 
  0x000002a890c2ca38: 0100 000f 

  0x000002a890c2ca3c: ;   {optimized virtual_call}
  0x000002a890c2ca3c: 1f40 00e8 

  0x000002a890c2ca40: ; ImmutableOopMap {[232]=Oop [272]=Oop [280]=Oop }
                      ;*invokevirtual cannotCastMsg {reexecute=0 rethrow=0 return_oop=0}
                      ; - java.lang.Class::cast@18 (line 4067)
                      ; - java.lang.invoke.VarHandleInts$FieldInstanceReadWrite::compareAndSet@15 (line 178)
                      ; - java.lang.invoke.VarHandleGuards::guard_LII_Z@50 (line 137)
                      ; - java.util.concurrent.FutureTask::setException@6 (line 300)
                      ; - java.util.concurrent.FutureTask::run@59 (line 322)
  0x000002a890c2ca40: 3c20 9406 

  0x000002a890c2ca44: ;   {other}
  0x000002a890c2ca44: 0f1f 8400 | b42a 0011 | 4c8b 8424 | 1001 0000 

  0x000002a890c2ca54: ;   {metadata(method data for {method} {0x000002a8ad465068} 'cast' '(Ljava/lang/Object;)Ljava/lang/Object;' in 'java/lang/Class')}
  0x000002a890c2ca54: 48ba b079 | 20ee a802 | 0000 4883 | 82c0 0100 | 0001 4c8b | c048 8b94 | 2410 0100 | 0066 0f1f 
  0x000002a890c2ca74: ;   {optimized virtual_call}
  0x000002a890c2ca74: 4400 00e8 

  0x000002a890c2ca78: ; ImmutableOopMap {[232]=Oop [272]=Oop [280]=Oop }
                      ;*invokespecial <init> {reexecute=0 rethrow=0 return_oop=0}
                      ; - java.lang.Class::cast@21 (line 4067)
                      ; - java.lang.invoke.VarHandleInts$FieldInstanceReadWrite::compareAndSet@15 (line 178)
                      ; - java.lang.invoke.VarHandleGuards::guard_LII_Z@50 (line 137)
                      ; - java.util.concurrent.FutureTask::setException@6 (line 300)
                      ; - java.util.concurrent.FutureTask::run@59 (line 322)
  0x000002a890c2ca78: 0420 9406 

  0x000002a890c2ca7c: ;   {other}
  0x000002a890c2ca7c: 0f1f 8400 | ec2a 0012 | 488b 8424 

  0x000002a890c2ca88: ; ImmutableOopMap {rax=Oop [232]=Oop [280]=Oop }
                      ;*athrow {reexecute=1 rethrow=0 return_oop=0}
                      ; - (reexecute) java.lang.Class::cast@24 (line 4067)
                      ; - java.lang.invoke.VarHandleInts$FieldInstanceReadWrite::compareAndSet@15 (line 178)
                      ; - java.lang.invoke.VarHandleGuards::guard_LII_Z@50 (line 137)
                      ; - java.util.concurrent.FutureTask::setException@6 (line 300)
                      ; - java.util.concurrent.FutureTask::run@59 (line 322)
  0x000002a890c2ca88: 1001 0000 

  0x000002a890c2ca8c: ;   {section_word}
  0x000002a890c2ca8c: 48ba 8cca | c290 a802 

  0x000002a890c2ca94: ;   {runtime_call handle_exception_nofpu Runtime1 stub}
  0x000002a890c2ca94: 0000 e8e5 | 58a0 0690 | 498b 87f8 | 0400 004d | 33d2 4d89 | 97f8 0400 | 004d 33d2 | 4d89 9700 
  0x000002a890c2cab4: 0500 0048 | 8984 2420 | 0100 0048 | 8b94 24e8 

  0x000002a890c2cac4: ;   {oop(nullptr)}
  0x000002a890c2cac4: 0000 0048 | be00 0000 | 0000 0000 | 0041 0fbe | 7f40 85ff | 0f85 810c | 0000 4c8b | d649 c1ea 
  0x000002a890c2cae4: 0344 8952 | 18f0 8344 | 24c0 0048 | 8bfa 4833 | fe48 c1ef | 1648 83ff | 000f 857b | 0c00 008b 
  0x000002a890c2cb04: 720c 83fe 

  0x000002a890c2cb08: ;   {metadata(method data for {method} {0x000002a8ef8101c8} 'run' '()V' in 'java/util/concurrent/FutureTask')}
  0x000002a890c2cb08: 0548 bff0 | 1d87 efa8 | 0200 0048 | c7c3 5003 | 0000 7c07 | 48c7 c360 | 0300 0048 | 8b0c 1f48 
  0x000002a890c2cb28: 8d49 0148 | 890c 1f0f | 8c35 0400 | 0048 8bfa 

  0x000002a890c2cb38: ;   {metadata(method data for {method} {0x000002a8ef8101c8} 'run' '()V' in 'java/util/concurrent/FutureTask')}
  0x000002a890c2cb38: 48bb f01d | 87ef a802 | 0000 4883 | 8370 0300 

  0x000002a890c2cb48: ;   {metadata(method data for {method} {0x000002a8ef810498} 'handlePossibleCancellationInterrupt' '(I)V' in 'java/util/concurrent/FutureTask')}
  0x000002a890c2cb48: 0001 48bf | d034 87ef | a802 0000 | 8b9f cc00 | 0000 83c3 | 0289 9fcc | 0000 0081 | e3fe ff1f 
  0x000002a890c2cb68: 0085 db0f | 8425 0c00 | 0083 fe05 

  0x000002a890c2cb74: ;   {metadata(method data for {method} {0x000002a8ef810498} 'handlePossibleCancellationInterrupt' '(I)V' in 'java/util/concurrent/FutureTask')}
  0x000002a890c2cb74: 48be d034 | 87ef a802 | 0000 48c7 | c710 0100 | 0075 0748 | c7c7 2001 | 0000 488b | 1c3e 488d 
  0x000002a890c2cb94: 5b01 4889 | 1c3e 0f85 | c203 0000 | 8b72 0c83 

  0x000002a890c2cba4: ;   {metadata(method data for {method} {0x000002a8ef810498} 'handlePossibleCancellationInterrupt' '(I)V' in 'java/util/concurrent/FutureTask')}
  0x000002a890c2cba4: fe05 48be | d034 87ef | a802 0000 | 48c7 c730 | 0100 0075 | 0748 c7c7 | 4001 0000 | 488b 1c3e 
  0x000002a890c2cbc4: 488d 5b01 | 4889 1c3e | 0f85 9003 

  0x000002a890c2cbd0: ;   {metadata(method data for {method} {0x000002a8ef810498} 'handlePossibleCancellationInterrupt' '(I)V' in 'java/util/concurrent/FutureTask')}
  0x000002a890c2cbd0: 0000 48be | d034 87ef | a802 0000 | 4883 8650 | 0100 0001 

  0x000002a890c2cbe4: ;   {metadata(method data for {method} {0x000002a8ad429fc8} 'yield' '()V' in 'java/lang/Thread')}
  0x000002a890c2cbe4: 48be 30c0 | 39ee a802 | 0000 8bbe | cc00 0000 | 83c7 0289 | becc 0000 | 0081 e7fe | ff1f 0085 
  0x000002a890c2cc04: ff0f 84ac 

  0x000002a890c2cc08: ;   {metadata(method data for {method} {0x000002a8ad429fc8} 'yield' '()V' in 'java/lang/Thread')}
  0x000002a890c2cc08: 0b00 0048 | be30 c039 | eea8 0200 | 0048 8386 | 1001 0000 | 0149 8bb7 | 8003 0000 | 488b 3648 
  0x000002a890c2cc28: 85f6 7516 

  0x000002a890c2cc2c: ;   {metadata(method data for {method} {0x000002a8ad429fc8} 'yield' '()V' in 'java/lang/Thread')}
  0x000002a890c2cc2c: 48b9 30c0 | 39ee a802 | 0000 8089 | 1901 0000 | 01e9 cd00 

  0x000002a890c2cc40: ;   {metadata('java/lang/VirtualThread')}
  0x000002a890c2cc40: 0000 49b8 | 589d 02ad | a802 0000 | 8b5e 0849 | ba00 0000 | ada8 0200 | 0049 03da | 4c3b c30f 
  0x000002a890c2cc60: 858e 0000 

  0x000002a890c2cc64: ;   {metadata(method data for {method} {0x000002a8ad429fc8} 'yield' '()V' in 'java/lang/Thread')}
  0x000002a890c2cc64: 0048 b930 | c039 eea8 | 0200 0044 | 8b46 0849 | ba00 0000 | ada8 0200 | 004d 03c2 | 4c3b 8130 
  0x000002a890c2cc84: 0100 0075 | 0d48 8381 | 3801 0000 | 01e9 7e00 | 0000 4c3b | 8140 0100 | 0075 0d48 | 8381 4801 
  0x000002a890c2cca4: 0000 01e9 | 6800 0000 | 4883 b930 | 0100 0000 | 7517 4c89 | 8130 0100 | 0048 c781 | 3801 0000 
  0x000002a890c2ccc4: 0100 0000 | e947 0000 | 0048 83b9 | 4001 0000 | 0075 174c | 8981 4001 | 0000 48c7 | 8148 0100 
  0x000002a890c2cce4: 0001 0000 | 00e9 2600 | 0000 e921 

  0x000002a890c2ccf0: ;   {metadata(method data for {method} {0x000002a8ad429fc8} 'yield' '()V' in 'java/lang/Thread')}
  0x000002a890c2ccf0: 0000 0048 | b930 c039 | eea8 0200 | 0048 83a9 | 2001 0000 | 01e9 0500 | 0000 e905 | 0000 0048 
  0x000002a890c2cd10: 33ff eb07 | 48c7 c701 | 0000 0085 

  0x000002a890c2cd1c: ;   {metadata(method data for {method} {0x000002a8ad429fc8} 'yield' '()V' in 'java/lang/Thread')}
  0x000002a890c2cd1c: ff48 bf30 | c039 eea8 | 0200 0048 | c7c3 5801 | 0000 7407 | 48c7 c368 | 0100 0048 | 8b0c 1f48 
  0x000002a890c2cd3c: 8d49 0148 | 890c 1f0f | 84a8 0100 | 0048 85f6 

  0x000002a890c2cd4c: ;   {metadata(method data for {method} {0x000002a8ad429fc8} 'yield' '()V' in 'java/lang/Thread')}
  0x000002a890c2cd4c: 7516 48bb | 30c0 39ee | a802 0000 | 808b 7101 | 0000 01e9 | cc00 0000 

  0x000002a890c2cd64: ;   {metadata('java/lang/VirtualThread')}
  0x000002a890c2cd64: 48b9 589d | 02ad a802 | 0000 8b7e | 0849 ba00 | 0000 ada8 | 0200 0049 | 03fa 483b | cf0f 858d 
  0x000002a890c2cd84: ;   {metadata(method data for {method} {0x000002a8ad429fc8} 'yield' '()V' in 'java/lang/Thread')}
  0x000002a890c2cd84: 0000 0048 | bb30 c039 | eea8 0200 | 008b 4e08 | 49ba 0000 | 00ad a802 | 0000 4903 | ca48 3b8b 
  0x000002a890c2cda4: 8801 0000 | 750d 4883 | 8390 0100 | 0001 e979 | 0000 0048 | 3b8b 9801 | 0000 750d | 4883 83a0 
  0x000002a890c2cdc4: 0100 0001 | e963 0000 | 0048 83bb | 8801 0000 | 0075 1748 | 898b 8801 | 0000 48c7 | 8390 0100 
  0x000002a890c2cde4: 0001 0000 | 00e9 4200 | 0000 4883 | bb98 0100 | 0000 7517 | 4889 8b98 | 0100 0048 | c783 a001 
  0x000002a890c2ce04: 0000 0100 | 0000 e921 | 0000 00e9 | 1c00 0000 

  0x000002a890c2ce14: ;   {metadata(method data for {method} {0x000002a8ad429fc8} 'yield' '()V' in 'java/lang/Thread')}
  0x000002a890c2ce14: 48bb 30c0 | 39ee a802 | 0000 4883 | ab78 0100 | 0001 e9ad | 0900 00e9 | 0000 0000 

  0x000002a890c2ce30: ; implicit exception: dispatches to 0x000002a890c2d7e1
  0x000002a890c2ce30: 483b 0648 

  0x000002a890c2ce34: ;   {metadata(method data for {method} {0x000002a8ad429fc8} 'yield' '()V' in 'java/lang/Thread')}
  0x000002a890c2ce34: 8bfe 48bb | 30c0 39ee | a802 0000 | 8b7f 0849 | ba00 0000 | ada8 0200 | 0049 03fa | 483b bbc0 
  0x000002a890c2ce54: 0100 0075 | 0d48 8383 | c801 0000 | 01e9 6000 | 0000 483b | bbd0 0100 | 0075 0d48 | 8383 d801 
  0x000002a890c2ce74: 0000 01e9 | 4a00 0000 | 4883 bbc0 | 0100 0000 | 7517 4889 | bbc0 0100 | 0048 c783 | c801 0000 
  0x000002a890c2ce94: 0100 0000 | e929 0000 | 0048 83bb | d001 0000 | 0075 1748 | 89bb d001 | 0000 48c7 | 83d8 0100 
  0x000002a890c2ceb4: 0001 0000 | 00e9 0800 | 0000 4883 | 83b0 0100 | 0001 488b | d666 0f1f 

  0x000002a890c2cecc: ;   {optimized virtual_call}
  0x000002a890c2cecc: 4400 00e8 

  0x000002a890c2ced0: ; ImmutableOopMap {[232]=Oop [288]=Oop }
                      ;*invokevirtual tryYield {reexecute=0 rethrow=0 return_oop=0}
                      ; - java.lang.Thread::yield@17 (line 443)
                      ; - java.util.concurrent.FutureTask::handlePossibleCancellationInterrupt@13 (line 386)
                      ; - java.util.concurrent.FutureTask::run@116 (line 335)
  0x000002a890c2ced0: ac1b 9406 

  0x000002a890c2ced4: ;   {other}
  0x000002a890c2ced4: 0f1f 8400 | 442f 0014 

  0x000002a890c2cedc: ;   {metadata(method data for {method} {0x000002a8ad429fc8} 'yield' '()V' in 'java/lang/Thread')}
  0x000002a890c2cedc: 48be 30c0 | 39ee a802 | 0000 ff86 | e801 0000 | e923 0000 

  0x000002a890c2cef0: ;   {metadata(method data for {method} {0x000002a8ad429fc8} 'yield' '()V' in 'java/lang/Thread')}
  0x000002a890c2cef0: 0048 be30 | c039 eea8 | 0200 0048 | 8386 0002 | 0000 010f 

  0x000002a890c2cf04: ;   {static_call}
  0x000002a890c2cf04: 1f40 00e8 

  0x000002a890c2cf08: ; ImmutableOopMap {[232]=Oop [288]=Oop }
                      ;*invokestatic yield0 {reexecute=0 rethrow=0 return_oop=0}
                      ; - java.lang.Thread::yield@23 (line 445)
                      ; - java.util.concurrent.FutureTask::handlePossibleCancellationInterrupt@13 (line 386)
                      ; - java.util.concurrent.FutureTask::run@116 (line 335)
  0x000002a890c2cf08: 7421 9406 

  0x000002a890c2cf0c: ;   {other}
  0x000002a890c2cf0c: 0f1f 8400 | 7c2f 0015 

  0x000002a890c2cf14: ;   {metadata(method data for {method} {0x000002a8ef810498} 'handlePossibleCancellationInterrupt' '(I)V' in 'java/util/concurrent/FutureTask')}
  0x000002a890c2cf14: 48b8 d034 | 87ef a802 | 0000 8b90 | d000 0000 | 83c2 0289 | 90d0 0000 | 0081 e2fe | 3f00 0085 
  0x000002a890c2cf34: d20f 84ab | 0800 004d | 8b97 5004 

  0x000002a890c2cf40: ; ImmutableOopMap {[232]=Oop [288]=Oop }
                      ;*goto {reexecute=1 rethrow=0 return_oop=0}
                      ; - (reexecute) java.util.concurrent.FutureTask::handlePossibleCancellationInterrupt@16 (line 386)
                      ; - java.util.concurrent.FutureTask::run@116 (line 335)
                      ;   {poll}
  0x000002a890c2cf40: 0000 4185 

  0x000002a890c2cf44: ;   {metadata(method data for {method} {0x000002a8ef810498} 'handlePossibleCancellationInterrupt' '(I)V' in 'java/util/concurrent/FutureTask')}
  0x000002a890c2cf44: 0248 b8d0 | 3487 efa8 | 0200 00ff | 8060 0100 | 0048 8b94 | 24e8 0000 | 00e9 3efc | ffff 488b 
  0x000002a890c2cf64: 8424 2001 | 0000 e9cf 

  0x000002a890c2cf6c: ;   {metadata('java/lang/ClassCastException')}
  0x000002a890c2cf6c: 0800 0048 | ba60 ae06 | ada8 0200 | 0049 8b87 | b801 0000 | 488d 7828 | 493b bfc8 | 0100 000f 
  0x000002a890c2cf8c: 8776 0800 | 0049 89bf | b801 0000 | 48c7 0001 | 0000 0048 | 8bca 49ba | 0000 00ad | a802 0000 
  0x000002a890c2cfac: 492b ca89 | 4808 4833 | c989 480c | 4833 c948 | 8948 1048 | 8948 1848 

  0x000002a890c2cfc4: ;   {oop(a 'java/lang/Class'{0x00000006010000f0} = 'java/lang/Thread')}
  0x000002a890c2cfc4: 8948 2048 | baf0 0000 | 0106 0000 | 004c 8bc2 

  0x000002a890c2cfd4: ;   {metadata(method data for {method} {0x000002a8ad465068} 'cast' '(Ljava/lang/Object;)Ljava/lang/Object;' in 'java/lang/Class')}
  0x000002a890c2cfd4: 48be b079 | 20ee a802 | 0000 4883 | 8688 0100 | 0001 4c8b | c348 8984 | 2428 0100 | 0066 0f1f 
  0x000002a890c2cff4: ;   {optimized virtual_call}
  0x000002a890c2cff4: 4400 00e8 

  0x000002a890c2cff8: ; ImmutableOopMap {[232]=Oop [296]=Oop }
                      ;*invokevirtual cannotCastMsg {reexecute=0 rethrow=0 return_oop=0}
                      ; - java.lang.Class::cast@18 (line 4067)
                      ; - java.lang.invoke.VarHandleReferences$FieldInstanceReadWrite::compareAndSet@41 (line 183)
                      ; - java.lang.invoke.VarHandleGuards::guard_LLL_Z@50 (line 68)
                      ; - java.util.concurrent.FutureTask::run@15 (line 309)
  0x000002a890c2cff8: 841a 9406 

  0x000002a890c2cffc: ;   {other}
  0x000002a890c2cffc: 0f1f 8400 | 6c30 0017 | 4c8b 8424 | 2801 0000 

  0x000002a890c2d00c: ;   {metadata(method data for {method} {0x000002a8ad465068} 'cast' '(Ljava/lang/Object;)Ljava/lang/Object;' in 'java/lang/Class')}
  0x000002a890c2d00c: 48ba b079 | 20ee a802 | 0000 4883 | 82c0 0100 | 0001 4c8b | c048 8b94 | 2428 0100 | 0066 0f1f 
  0x000002a890c2d02c: ;   {optimized virtual_call}
  0x000002a890c2d02c: 4400 00e8 

  0x000002a890c2d030: ; ImmutableOopMap {[232]=Oop [296]=Oop }
                      ;*invokespecial <init> {reexecute=0 rethrow=0 return_oop=0}
                      ; - java.lang.Class::cast@21 (line 4067)
                      ; - java.lang.invoke.VarHandleReferences$FieldInstanceReadWrite::compareAndSet@41 (line 183)
                      ; - java.lang.invoke.VarHandleGuards::guard_LLL_Z@50 (line 68)
                      ; - java.util.concurrent.FutureTask::run@15 (line 309)
  0x000002a890c2d030: 4c1a 9406 

  0x000002a890c2d034: ;   {other}
  0x000002a890c2d034: 0f1f 8400 | a430 0018 | 488b 8424 | 2801 0000 | e9f5 0700 | 0048 899c | 2438 0100 | 004c 8bca 
  0x000002a890c2d054: ;   {metadata('java/lang/ClassCastException')}
  0x000002a890c2d054: 48ba 60ae | 06ad a802 | 0000 498b | 87b8 0100 | 0048 8d78 | 2849 3bbf | c801 0000 | 0f87 9e07 
  0x000002a890c2d074: 0000 4989 | bfb8 0100 | 0048 c700 | 0100 0000 | 488b ca49 | ba00 0000 | ada8 0200 | 0049 2bca 
  0x000002a890c2d094: 8948 0848 | 33c9 8948 | 0c48 33c9 | 4889 4810 | 4889 4818 | 4889 4820 

  0x000002a890c2d0ac: ;   {oop(a 'java/lang/Class'{0x0000000600f2b910} = 'java/util/concurrent/FutureTask')}
  0x000002a890c2d0ac: 48ba 10b9 | f200 0600 | 0000 4c8b 

  0x000002a890c2d0b8: ;   {metadata(method data for {method} {0x000002a8ad465068} 'cast' '(Ljava/lang/Object;)Ljava/lang/Object;' in 'java/lang/Class')}
  0x000002a890c2d0b8: c248 beb0 | 7920 eea8 | 0200 0048 | 8386 8801 | 0000 014d | 8bc1 4889 | 8424 3001 

  0x000002a890c2d0d4: ;   {optimized virtual_call}
  0x000002a890c2d0d4: 0000 90e8 

  0x000002a890c2d0d8: ; ImmutableOopMap {[232]=Oop [304]=Oop [312]=Oop }
                      ;*invokevirtual cannotCastMsg {reexecute=0 rethrow=0 return_oop=0}
                      ; - java.lang.Class::cast@18 (line 4067)
                      ; - java.lang.invoke.VarHandleReferences$FieldInstanceReadWrite::compareAndSet@15 (line 180)
                      ; - java.lang.invoke.VarHandleGuards::guard_LLL_Z@50 (line 68)
                      ; - java.util.concurrent.FutureTask::run@15 (line 309)
  0x000002a890c2d0d8: a419 9406 

  0x000002a890c2d0dc: ;   {other}
  0x000002a890c2d0dc: 0f1f 8400 | 4c31 0019 | 4c8b 8424 | 3001 0000 

  0x000002a890c2d0ec: ;   {metadata(method data for {method} {0x000002a8ad465068} 'cast' '(Ljava/lang/Object;)Ljava/lang/Object;' in 'java/lang/Class')}
  0x000002a890c2d0ec: 48ba b079 | 20ee a802 | 0000 4883 | 82c0 0100 | 0001 4c8b | c048 8b94 | 2430 0100 | 0066 0f1f 
  0x000002a890c2d10c: ;   {optimized virtual_call}
  0x000002a890c2d10c: 4400 00e8 

  0x000002a890c2d110: ; ImmutableOopMap {[232]=Oop [304]=Oop [312]=Oop }
                      ;*invokespecial <init> {reexecute=0 rethrow=0 return_oop=0}
                      ; - java.lang.Class::cast@21 (line 4067)
                      ; - java.lang.invoke.VarHandleReferences$FieldInstanceReadWrite::compareAndSet@15 (line 180)
                      ; - java.lang.invoke.VarHandleGuards::guard_LLL_Z@50 (line 68)
                      ; - java.util.concurrent.FutureTask::run@15 (line 309)
  0x000002a890c2d110: 6c19 9406 

  0x000002a890c2d114: ;   {other}
  0x000002a890c2d114: 0f1f 8400 | 8431 001a | 488b 8424 | 3001 0000 | e915 0700 

  0x000002a890c2d128: ;   {metadata({method} {0x000002a8ef8101c8} 'run' '()V' in 'java/util/concurrent/FutureTask')}
  0x000002a890c2d128: 0049 bac0 | 0181 efa8 | 0200 004c | 8954 2408 | 48c7 0424 | ffff ffff 

  0x000002a890c2d140: ;   {runtime_call counter_overflow Runtime1 stub}
  0x000002a890c2d140: e83b 90a0 

  0x000002a890c2d144: ; ImmutableOopMap {rdx=Oop [232]=Oop }
                      ;*synchronization entry
                      ; - java.util.concurrent.FutureTask::run@-1 (line 308)
  0x000002a890c2d144: 06e9 84d4 

  0x000002a890c2d148: ;   {metadata({method} {0x000002a8ad1560e8} 'guard_LLL_Z' '(Ljava/lang/invoke/VarHandle;Ljava/lang/Object;Ljava/lang/Object;Ljava/lang/Object;Ljava/lang/invoke/VarHandle$AccessDescriptor;)Z' in 'java/lang/invoke/VarHandleGuards')}
  0x000002a890c2d148: ffff 49ba | e060 15ad | a802 0000 | 4c89 5424 | 0848 c704 | 24ff ffff 

  0x000002a890c2d160: ;   {runtime_call counter_overflow Runtime1 stub}
  0x000002a890c2d160: ffe8 1a90 

  0x000002a890c2d164: ; ImmutableOopMap {rdx=Oop rbx=Oop rsi=Oop [232]=Oop }
                      ;*synchronization entry
                      ; - java.lang.invoke.VarHandleGuards::guard_LLL_Z@-1 (line 66)
                      ; - java.util.concurrent.FutureTask::run@15 (line 309)
  0x000002a890c2d164: a006 e93f 

  0x000002a890c2d168: ;   {metadata({method} {0x000002a8ad0936b8} 'checkAccessModeThenIsDirect' '(Ljava/lang/invoke/VarHandle$AccessDescriptor;)Z' in 'java/lang/invoke/VarHandle')}
  0x000002a890c2d168: d5ff ff49 | bab0 3609 | ada8 0200 | 004c 8954 | 2408 48c7 | 0424 ffff 

  0x000002a890c2d180: ;   {runtime_call counter_overflow Runtime1 stub}
  0x000002a890c2d180: ffff e8f9 

  0x000002a890c2d184: ; ImmutableOopMap {rdx=Oop rbx=Oop [232]=Oop }
                      ;*synchronization entry
                      ; - java.lang.invoke.VarHandle::checkAccessModeThenIsDirect@-1 (line 2075)
                      ; - java.lang.invoke.VarHandleGuards::guard_LLL_Z@3 (line 66)
                      ; - java.util.concurrent.FutureTask::run@15 (line 309)
  0x000002a890c2d184: 8fa0 06e9 | 01d6 ffff 

  0x000002a890c2d18c: ;   {metadata({method} {0x000002a8ad1542f0} 'getMemberName' '(I)Ljava/lang/invoke/MemberName;' in 'java/lang/invoke/VarForm')}
  0x000002a890c2d18c: 49ba e842 | 15ad a802 | 0000 4c89 | 5424 0848 | c704 24ff 

  0x000002a890c2d1a0: ;   {runtime_call counter_overflow Runtime1 stub}
  0x000002a890c2d1a0: ffff ffe8 

  0x000002a890c2d1a4: ; ImmutableOopMap {rdx=Oop rbx=Oop [232]=Oop }
                      ;*synchronization entry
                      ; - java.lang.invoke.VarForm::getMemberName@-1 (line 114)
                      ; - java.lang.invoke.VarHandleGuards::guard_LLL_Z@47 (line 68)
                      ; - java.util.concurrent.FutureTask::run@15 (line 309)
  0x000002a890c2d1a4: d88f a006 | e953 d6ff 

  0x000002a890c2d1ac: ;   {metadata({method} {0x000002a8ad254370} 'compareAndSet' '(Ljava/lang/invoke/VarHandle;Ljava/lang/Object;Ljava/lang/Object;Ljava/lang/Object;)Z' in 'java/lang/invoke/VarHandleReferences$FieldInstanceReadWrite')}
  0x000002a890c2d1ac: ff49 ba68 | 4325 ada8 | 0200 004c | 8954 2408 | 48c7 0424 | ffff ffff 

  0x000002a890c2d1c4: ;   {runtime_call counter_overflow Runtime1 stub}
  0x000002a890c2d1c4: e8b7 8fa0 

  0x000002a890c2d1c8: ; ImmutableOopMap {rdx=Oop rbx=Oop [232]=Oop }
                      ;*synchronization entry
                      ; - java.lang.invoke.VarHandleReferences$FieldInstanceReadWrite::compareAndSet@-1 (line 179)
                      ; - java.lang.invoke.VarHandleGuards::guard_LLL_Z@50 (line 68)
                      ; - java.util.concurrent.FutureTask::run@15 (line 309)
  0x000002a890c2d1c8: 06e9 d1d6 

  0x000002a890c2d1cc: ;   {metadata({method} {0x000002a8ad465068} 'cast' '(Ljava/lang/Object;)Ljava/lang/Object;' in 'java/lang/Class')}
  0x000002a890c2d1cc: ffff 49ba | 6050 46ad | a802 0000 | 4c89 5424 | 0848 c704 | 24ff ffff 

  0x000002a890c2d1e4: ;   {runtime_call counter_overflow Runtime1 stub}
  0x000002a890c2d1e4: ffe8 968f 

  0x000002a890c2d1e8: ; ImmutableOopMap {rdx=Oop rbx=Oop [232]=Oop }
                      ;*synchronization entry
                      ; - java.lang.Class::cast@-1 (line 4066)
                      ; - java.lang.invoke.VarHandleReferences$FieldInstanceReadWrite::compareAndSet@15 (line 180)
                      ; - java.lang.invoke.VarHandleGuards::guard_LLL_Z@50 (line 68)
                      ; - java.util.concurrent.FutureTask::run@15 (line 309)
  0x000002a890c2d1e8: a006 e9f3 

  0x000002a890c2d1ec: ;   {metadata({method} {0x000002a8ad056488} 'requireNonNull' '(Ljava/lang/Object;)Ljava/lang/Object;' in 'java/util/Objects')}
  0x000002a890c2d1ec: d6ff ff49 | ba80 6405 | ada8 0200 | 004c 8954 | 2408 48c7 | 0424 ffff 

  0x000002a890c2d204: ;   {runtime_call counter_overflow Runtime1 stub}
  0x000002a890c2d204: ffff e875 

  0x000002a890c2d208: ; ImmutableOopMap {rdx=Oop rbx=Oop [232]=Oop }
                      ;*synchronization entry
                      ; - java.util.Objects::requireNonNull@-1 (line 232)
                      ; - java.lang.invoke.VarHandleReferences$FieldInstanceReadWrite::compareAndSet@18 (line 180)
                      ; - java.lang.invoke.VarHandleGuards::guard_LLL_Z@50 (line 68)
                      ; - java.util.concurrent.FutureTask::run@15 (line 309)
  0x000002a890c2d208: 8fa0 06e9 | a3d7 ffff 

  0x000002a890c2d210: ;   {metadata({method} {0x000002a8ad465068} 'cast' '(Ljava/lang/Object;)Ljava/lang/Object;' in 'java/lang/Class')}
  0x000002a890c2d210: 49ba 6050 | 46ad a802 | 0000 4c89 | 5424 0848 | c704 24ff 

  0x000002a890c2d224: ;   {runtime_call counter_overflow Runtime1 stub}
  0x000002a890c2d224: ffff ffe8 

  0x000002a890c2d228: ; ImmutableOopMap {rdx=Oop rbx=Oop [232]=Oop }
                      ;*synchronization entry
                      ; - java.lang.Class::cast@-1 (line 4066)
                      ; - java.lang.invoke.VarHandleReferences$FieldInstanceReadWrite::compareAndSet@32 (line 182)
                      ; - java.lang.invoke.VarHandleGuards::guard_LLL_Z@50 (line 68)
                      ; - java.util.concurrent.FutureTask::run@15 (line 309)
  0x000002a890c2d228: 548f a006 | e9d5 d7ff 

  0x000002a890c2d230: ;   {metadata({method} {0x000002a8ad465068} 'cast' '(Ljava/lang/Object;)Ljava/lang/Object;' in 'java/lang/Class')}
  0x000002a890c2d230: ff49 ba60 | 5046 ada8 | 0200 004c | 8954 2408 | 48c7 0424 | ffff ffff 

  0x000002a890c2d248: ;   {runtime_call counter_overflow Runtime1 stub}
  0x000002a890c2d248: e833 8fa0 

  0x000002a890c2d24c: ; ImmutableOopMap {rdx=Oop rbx=Oop [232]=Oop }
                      ;*synchronization entry
                      ; - java.lang.Class::cast@-1 (line 4066)
                      ; - java.lang.invoke.VarHandleReferences$FieldInstanceReadWrite::compareAndSet@41 (line 183)
                      ; - java.lang.invoke.VarHandleGuards::guard_LLL_Z@50 (line 68)
                      ; - java.util.concurrent.FutureTask::run@15 (line 309)
  0x000002a890c2d24c: 06e9 07d8 | ffff 8b06 | 48c1 e003 | 4883 f800 | 0f84 c6d8 | ffff 4889 

  0x000002a890c2d264: ;   {runtime_call g1_pre_barrier_slow}
  0x000002a890c2d264: 0424 e895 | 99a0 06e9 | b8d8 ffff | 4883 fb00 | 0f84 e8d8 | ffff 4889 

  0x000002a890c2d27c: ;   {runtime_call g1_post_barrier_slow}
  0x000002a890c2d27c: 3424 e87d | 9ca0 06e9 | dad8 ffff 

  0x000002a890c2d288: ;   {runtime_call throw_null_pointer_exception Runtime1 stub}
  0x000002a890c2d288: e8f3 38a0 

  0x000002a890c2d28c: ; ImmutableOopMap {rsi=Oop [232]=Oop }
                      ;*invokeinterface call {reexecute=0 rethrow=0 return_oop=0}
                      ; - java.util.concurrent.FutureTask::run@39 (line 317)
                      ;   {metadata({method} {0x000002a8ef810000} 'setException' '(Ljava/lang/Throwable;)V' in 'java/util/concurrent/FutureTask')}
  0x000002a890c2d28c: 0649 baf8 | ff80 efa8 | 0200 004c | 8954 2408 | 48c7 0424 | ffff ffff 

  0x000002a890c2d2a4: ;   {runtime_call counter_overflow Runtime1 stub}
  0x000002a890c2d2a4: e8d7 8ea0 

  0x000002a890c2d2a8: ; ImmutableOopMap {rdx=Oop rax=Oop [232]=Oop }
                      ;*synchronization entry
                      ; - java.util.concurrent.FutureTask::setException@-1 (line 300)
                      ; - java.util.concurrent.FutureTask::run@59 (line 322)
  0x000002a890c2d2a8: 06e9 96da 

  0x000002a890c2d2ac: ;   {metadata({method} {0x000002a8ad1562a0} 'guard_LII_Z' '(Ljava/lang/invoke/VarHandle;Ljava/lang/Object;IILjava/lang/invoke/VarHandle$AccessDescriptor;)Z' in 'java/lang/invoke/VarHandleGuards')}
  0x000002a890c2d2ac: ffff 49ba | 9862 15ad | a802 0000 | 4c89 5424 | 0848 c704 | 24ff ffff 

  0x000002a890c2d2c4: ;   {runtime_call counter_overflow Runtime1 stub}
  0x000002a890c2d2c4: ffe8 b68e 

  0x000002a890c2d2c8: ; ImmutableOopMap {rdx=Oop rax=Oop r9=Oop [232]=Oop }
                      ;*synchronization entry
                      ; - java.lang.invoke.VarHandleGuards::guard_LII_Z@-1 (line 135)
                      ; - java.util.concurrent.FutureTask::setException@6 (line 300)
                      ; - java.util.concurrent.FutureTask::run@59 (line 322)
  0x000002a890c2d2c8: a006 e907 

  0x000002a890c2d2cc: ;   {metadata({method} {0x000002a8ad0936b8} 'checkAccessModeThenIsDirect' '(Ljava/lang/invoke/VarHandle$AccessDescriptor;)Z' in 'java/lang/invoke/VarHandle')}
  0x000002a890c2d2cc: dbff ff49 | bab0 3609 | ada8 0200 | 004c 8954 | 2408 48c7 | 0424 ffff 

  0x000002a890c2d2e4: ;   {runtime_call counter_overflow Runtime1 stub}
  0x000002a890c2d2e4: ffff e895 

  0x000002a890c2d2e8: ; ImmutableOopMap {rdx=Oop rax=Oop [232]=Oop }
                      ;*synchronization entry
                      ; - java.lang.invoke.VarHandle::checkAccessModeThenIsDirect@-1 (line 2075)
                      ; - java.lang.invoke.VarHandleGuards::guard_LII_Z@3 (line 135)
                      ; - java.util.concurrent.FutureTask::setException@6 (line 300)
                      ; - java.util.concurrent.FutureTask::run@59 (line 322)
  0x000002a890c2d2e8: 8ea0 06e9 | d0db ffff 

  0x000002a890c2d2f0: ;   {metadata({method} {0x000002a8ad1542f0} 'getMemberName' '(I)Ljava/lang/invoke/MemberName;' in 'java/lang/invoke/VarForm')}
  0x000002a890c2d2f0: 49ba e842 | 15ad a802 | 0000 4c89 | 5424 0848 | c704 24ff 

  0x000002a890c2d304: ;   {runtime_call counter_overflow Runtime1 stub}
  0x000002a890c2d304: ffff ffe8 

  0x000002a890c2d308: ; ImmutableOopMap {rdx=Oop rax=Oop [232]=Oop }
                      ;*synchronization entry
                      ; - java.lang.invoke.VarForm::getMemberName@-1 (line 114)
                      ; - java.lang.invoke.VarHandleGuards::guard_LII_Z@47 (line 137)
                      ; - java.util.concurrent.FutureTask::setException@6 (line 300)
                      ; - java.util.concurrent.FutureTask::run@59 (line 322)
  0x000002a890c2d308: 748e a006 | e92a dcff 

  0x000002a890c2d310: ;   {metadata({method} {0x000002a8ee2cf8f8} 'compareAndSet' '(Ljava/lang/invoke/VarHandle;Ljava/lang/Object;II)Z' in 'java/lang/invoke/VarHandleInts$FieldInstanceReadWrite')}
  0x000002a890c2d310: ff49 baf0 | f82c eea8 | 0200 004c | 8954 2408 | 48c7 0424 | ffff ffff 

  0x000002a890c2d328: ;   {runtime_call counter_overflow Runtime1 stub}
  0x000002a890c2d328: e853 8ea0 

  0x000002a890c2d32c: ; ImmutableOopMap {rdx=Oop rax=Oop [232]=Oop }
                      ;*synchronization entry
                      ; - java.lang.invoke.VarHandleInts$FieldInstanceReadWrite::compareAndSet@-1 (line 177)
                      ; - java.lang.invoke.VarHandleGuards::guard_LII_Z@50 (line 137)
                      ; - java.util.concurrent.FutureTask::setException@6 (line 300)
                      ; - java.util.concurrent.FutureTask::run@59 (line 322)
  0x000002a890c2d32c: 06e9 b0dc 

  0x000002a890c2d330: ;   {metadata({method} {0x000002a8ad465068} 'cast' '(Ljava/lang/Object;)Ljava/lang/Object;' in 'java/lang/Class')}
  0x000002a890c2d330: ffff 49ba | 6050 46ad | a802 0000 | 4c89 5424 | 0848 c704 | 24ff ffff 

  0x000002a890c2d348: ;   {runtime_call counter_overflow Runtime1 stub}
  0x000002a890c2d348: ffe8 328e 

  0x000002a890c2d34c: ; ImmutableOopMap {rdx=Oop rax=Oop [232]=Oop }
                      ;*synchronization entry
                      ; - java.lang.Class::cast@-1 (line 4066)
                      ; - java.lang.invoke.VarHandleInts$FieldInstanceReadWrite::compareAndSet@15 (line 178)
                      ; - java.lang.invoke.VarHandleGuards::guard_LII_Z@50 (line 137)
                      ; - java.util.concurrent.FutureTask::setException@6 (line 300)
                      ; - java.util.concurrent.FutureTask::run@59 (line 322)
  0x000002a890c2d34c: a006 e9d7 

  0x000002a890c2d350: ;   {metadata({method} {0x000002a8ad056488} 'requireNonNull' '(Ljava/lang/Object;)Ljava/lang/Object;' in 'java/util/Objects')}
  0x000002a890c2d350: dcff ff49 | ba80 6405 | ada8 0200 | 004c 8954 | 2408 48c7 | 0424 ffff 

  0x000002a890c2d368: ;   {runtime_call counter_overflow Runtime1 stub}
  0x000002a890c2d368: ffff e811 

  0x000002a890c2d36c: ; ImmutableOopMap {rdx=Oop rax=Oop [232]=Oop }
                      ;*synchronization entry
                      ; - java.util.Objects::requireNonNull@-1 (line 232)
                      ; - java.lang.invoke.VarHandleInts$FieldInstanceReadWrite::compareAndSet@18 (line 178)
                      ; - java.lang.invoke.VarHandleGuards::guard_LII_Z@50 (line 137)
                      ; - java.util.concurrent.FutureTask::setException@6 (line 300)
                      ; - java.util.concurrent.FutureTask::run@59 (line 322)
  0x000002a890c2d36c: 8ea0 06e9 | 8edd ffff | 448b 4214 | 49c1 e003 | 4983 f800 | 0f84 fedd | ffff 4c89 

  0x000002a890c2d388: ;   {runtime_call g1_pre_barrier_slow}
  0x000002a890c2d388: 0424 e871 | 98a0 06e9 | f0dd ffff | 4883 fb00 | 0f84 05de | ffff 4889 

  0x000002a890c2d3a0: ;   {runtime_call g1_post_barrier_slow}
  0x000002a890c2d3a0: 1424 e859 | 9ba0 06e9 | f7dd ffff 

  0x000002a890c2d3ac: ;   {metadata({method} {0x000002a8ad156248} 'guard_LI_V' '(Ljava/lang/invoke/VarHandle;Ljava/lang/Object;ILjava/lang/invoke/VarHandle$AccessDescriptor;)V' in 'java/lang/invoke/VarHandleGuards')}
  0x000002a890c2d3ac: 49ba 4062 | 15ad a802 | 0000 4c89 | 5424 0848 | c704 24ff 

  0x000002a890c2d3c0: ;   {runtime_call counter_overflow Runtime1 stub}
  0x000002a890c2d3c0: ffff ffe8 

  0x000002a890c2d3c4: ; ImmutableOopMap {rdx=Oop r9=Oop [232]=Oop }
                      ;*synchronization entry
                      ; - java.lang.invoke.VarHandleGuards::guard_LI_V@-1 (line 120)
                      ; - java.util.concurrent.FutureTask::setException@22 (line 302)
                      ; - java.util.concurrent.FutureTask::run@59 (line 322)
  0x000002a890c2d3c4: b88d a006 | e9ef deff 

  0x000002a890c2d3cc: ;   {metadata({method} {0x000002a8ad0936b8} 'checkAccessModeThenIsDirect' '(Ljava/lang/invoke/VarHandle$AccessDescriptor;)Z' in 'java/lang/invoke/VarHandle')}
  0x000002a890c2d3cc: ff49 bab0 | 3609 ada8 | 0200 004c | 8954 2408 | 48c7 0424 | ffff ffff 

  0x000002a890c2d3e4: ;   {runtime_call counter_overflow Runtime1 stub}
  0x000002a890c2d3e4: e897 8da0 

  0x000002a890c2d3e8: ; ImmutableOopMap {rdx=Oop [232]=Oop }
                      ;*synchronization entry
                      ; - java.lang.invoke.VarHandle::checkAccessModeThenIsDirect@-1 (line 2075)
                      ; - java.lang.invoke.VarHandleGuards::guard_LI_V@2 (line 120)
                      ; - java.util.concurrent.FutureTask::setException@22 (line 302)
                      ; - java.util.concurrent.FutureTask::run@59 (line 322)
  0x000002a890c2d3e8: 06e9 b8df 

  0x000002a890c2d3ec: ;   {metadata({method} {0x000002a8ad1542f0} 'getMemberName' '(I)Ljava/lang/invoke/MemberName;' in 'java/lang/invoke/VarForm')}
  0x000002a890c2d3ec: ffff 49ba | e842 15ad | a802 0000 | 4c89 5424 | 0848 c704 | 24ff ffff 

  0x000002a890c2d404: ;   {runtime_call counter_overflow Runtime1 stub}
  0x000002a890c2d404: ffe8 768d 

  0x000002a890c2d408: ; ImmutableOopMap {rdx=Oop [232]=Oop }
                      ;*synchronization entry
                      ; - java.lang.invoke.VarForm::getMemberName@-1 (line 114)
                      ; - java.lang.invoke.VarHandleGuards::guard_LI_V@42 (line 122)
                      ; - java.util.concurrent.FutureTask::setException@22 (line 302)
                      ; - java.util.concurrent.FutureTask::run@59 (line 322)
  0x000002a890c2d408: a006 e912 

  0x000002a890c2d40c: ;   {metadata({method} {0x000002a8ee2cf7e8} 'setRelease' '(Ljava/lang/invoke/VarHandle;Ljava/lang/Object;I)V' in 'java/lang/invoke/VarHandleInts$FieldInstanceReadWrite')}
  0x000002a890c2d40c: e0ff ff49 | bae0 f72c | eea8 0200 | 004c 8954 | 2408 48c7 | 0424 ffff 

  0x000002a890c2d424: ;   {runtime_call counter_overflow Runtime1 stub}
  0x000002a890c2d424: ffff e855 

  0x000002a890c2d428: ; ImmutableOopMap {rdx=Oop [232]=Oop }
                      ;*synchronization entry
                      ; - java.lang.invoke.VarHandleInts$FieldInstanceReadWrite::setRelease@-1 (line 169)
                      ; - java.lang.invoke.VarHandleGuards::guard_LI_V@45 (line 122)
                      ; - java.util.concurrent.FutureTask::setException@22 (line 302)
                      ; - java.util.concurrent.FutureTask::run@59 (line 322)
  0x000002a890c2d428: 8da0 06e9 | 24e1 ffff 

  0x000002a890c2d430: ;   {metadata({method} {0x000002a8ad465068} 'cast' '(Ljava/lang/Object;)Ljava/lang/Object;' in 'java/lang/Class')}
  0x000002a890c2d430: 49ba 6050 | 46ad a802 | 0000 4c89 | 5424 0848 | c704 24ff 

  0x000002a890c2d444: ;   {runtime_call counter_overflow Runtime1 stub}
  0x000002a890c2d444: ffff ffe8 

  0x000002a890c2d448: ; ImmutableOopMap {rdx=Oop [232]=Oop }
                      ;*synchronization entry
                      ; - java.lang.Class::cast@-1 (line 4066)
                      ; - java.lang.invoke.VarHandleInts$FieldInstanceReadWrite::setRelease@13 (line 170)
                      ; - java.lang.invoke.VarHandleGuards::guard_LI_V@45 (line 122)
                      ; - java.util.concurrent.FutureTask::setException@22 (line 302)
                      ; - java.util.concurrent.FutureTask::run@59 (line 322)
  0x000002a890c2d448: 348d a006 | e94b e1ff 

  0x000002a890c2d450: ;   {metadata({method} {0x000002a8ad056488} 'requireNonNull' '(Ljava/lang/Object;)Ljava/lang/Object;' in 'java/util/Objects')}
  0x000002a890c2d450: ff49 ba80 | 6405 ada8 | 0200 004c | 8954 2408 | 48c7 0424 | ffff ffff 

  0x000002a890c2d468: ;   {runtime_call counter_overflow Runtime1 stub}
  0x000002a890c2d468: e813 8da0 

  0x000002a890c2d46c: ; ImmutableOopMap {rdx=Oop [232]=Oop }
                      ;*synchronization entry
                      ; - java.util.Objects::requireNonNull@-1 (line 232)
                      ; - java.lang.invoke.VarHandleInts$FieldInstanceReadWrite::setRelease@16 (line 170)
                      ; - java.lang.invoke.VarHandleGuards::guard_LI_V@45 (line 122)
                      ; - java.util.concurrent.FutureTask::setException@22 (line 302)
                      ; - java.util.concurrent.FutureTask::run@59 (line 322)
  0x000002a890c2d46c: 06e9 02e2 

  0x000002a890c2d470: ;   {metadata({method} {0x000002a8ef80ff18} 'set' '(Ljava/lang/Object;)V' in 'java/util/concurrent/FutureTask')}
  0x000002a890c2d470: ffff 49ba | 10ff 80ef | a802 0000 | 4c89 5424 | 0848 c704 | 24ff ffff 

  0x000002a890c2d488: ;   {runtime_call counter_overflow Runtime1 stub}
  0x000002a890c2d488: ffe8 f28c 

  0x000002a890c2d48c: ; ImmutableOopMap {rdx=Oop rax=Oop [232]=Oop }
                      ;*synchronization entry
                      ; - java.util.concurrent.FutureTask::set@-1 (line 282)
                      ; - java.util.concurrent.FutureTask::run@68 (line 325)
  0x000002a890c2d48c: a006 e960 

  0x000002a890c2d490: ;   {metadata({method} {0x000002a8ad1562a0} 'guard_LII_Z' '(Ljava/lang/invoke/VarHandle;Ljava/lang/Object;IILjava/lang/invoke/VarHandle$AccessDescriptor;)Z' in 'java/lang/invoke/VarHandleGuards')}
  0x000002a890c2d490: e3ff ff49 | ba98 6215 | ada8 0200 | 004c 8954 | 2408 48c7 | 0424 ffff 

  0x000002a890c2d4a8: ;   {runtime_call counter_overflow Runtime1 stub}
  0x000002a890c2d4a8: ffff e8d1 

  0x000002a890c2d4ac: ; ImmutableOopMap {rdx=Oop rax=Oop r9=Oop [232]=Oop }
                      ;*synchronization entry
                      ; - java.lang.invoke.VarHandleGuards::guard_LII_Z@-1 (line 135)
                      ; - java.util.concurrent.FutureTask::set@6 (line 282)
                      ; - java.util.concurrent.FutureTask::run@68 (line 325)
  0x000002a890c2d4ac: 8ca0 06e9 | d1e3 ffff 

  0x000002a890c2d4b4: ;   {metadata({method} {0x000002a8ad0936b8} 'checkAccessModeThenIsDirect' '(Ljava/lang/invoke/VarHandle$AccessDescriptor;)Z' in 'java/lang/invoke/VarHandle')}
  0x000002a890c2d4b4: 49ba b036 | 09ad a802 | 0000 4c89 | 5424 0848 | c704 24ff 

  0x000002a890c2d4c8: ;   {runtime_call counter_overflow Runtime1 stub}
  0x000002a890c2d4c8: ffff ffe8 

  0x000002a890c2d4cc: ; ImmutableOopMap {rdx=Oop rax=Oop [232]=Oop }
                      ;*synchronization entry
                      ; - java.lang.invoke.VarHandle::checkAccessModeThenIsDirect@-1 (line 2075)
                      ; - java.lang.invoke.VarHandleGuards::guard_LII_Z@3 (line 135)
                      ; - java.util.concurrent.FutureTask::set@6 (line 282)
                      ; - java.util.concurrent.FutureTask::run@68 (line 325)
  0x000002a890c2d4cc: b08c a006 | e99a e4ff 

  0x000002a890c2d4d4: ;   {metadata({method} {0x000002a8ad1542f0} 'getMemberName' '(I)Ljava/lang/invoke/MemberName;' in 'java/lang/invoke/VarForm')}
  0x000002a890c2d4d4: ff49 bae8 | 4215 ada8 | 0200 004c | 8954 2408 | 48c7 0424 | ffff ffff 

  0x000002a890c2d4ec: ;   {runtime_call counter_overflow Runtime1 stub}
  0x000002a890c2d4ec: e88f 8ca0 

  0x000002a890c2d4f0: ; ImmutableOopMap {rdx=Oop rax=Oop [232]=Oop }
                      ;*synchronization entry
                      ; - java.lang.invoke.VarForm::getMemberName@-1 (line 114)
                      ; - java.lang.invoke.VarHandleGuards::guard_LII_Z@47 (line 137)
                      ; - java.util.concurrent.FutureTask::set@6 (line 282)
                      ; - java.util.concurrent.FutureTask::run@68 (line 325)
  0x000002a890c2d4f0: 06e9 f4e4 

  0x000002a890c2d4f4: ;   {metadata({method} {0x000002a8ee2cf8f8} 'compareAndSet' '(Ljava/lang/invoke/VarHandle;Ljava/lang/Object;II)Z' in 'java/lang/invoke/VarHandleInts$FieldInstanceReadWrite')}
  0x000002a890c2d4f4: ffff 49ba | f0f8 2cee | a802 0000 | 4c89 5424 | 0848 c704 | 24ff ffff 

  0x000002a890c2d50c: ;   {runtime_call counter_overflow Runtime1 stub}
  0x000002a890c2d50c: ffe8 6e8c 

  0x000002a890c2d510: ; ImmutableOopMap {rdx=Oop rax=Oop [232]=Oop }
                      ;*synchronization entry
                      ; - java.lang.invoke.VarHandleInts$FieldInstanceReadWrite::compareAndSet@-1 (line 177)
                      ; - java.lang.invoke.VarHandleGuards::guard_LII_Z@50 (line 137)
                      ; - java.util.concurrent.FutureTask::set@6 (line 282)
                      ; - java.util.concurrent.FutureTask::run@68 (line 325)
  0x000002a890c2d510: a006 e97a 

  0x000002a890c2d514: ;   {metadata({method} {0x000002a8ad465068} 'cast' '(Ljava/lang/Object;)Ljava/lang/Object;' in 'java/lang/Class')}
  0x000002a890c2d514: e5ff ff49 | ba60 5046 | ada8 0200 | 004c 8954 | 2408 48c7 | 0424 ffff 

  0x000002a890c2d52c: ;   {runtime_call counter_overflow Runtime1 stub}
  0x000002a890c2d52c: ffff e84d 

  0x000002a890c2d530: ; ImmutableOopMap {rdx=Oop rax=Oop [232]=Oop }
                      ;*synchronization entry
                      ; - java.lang.Class::cast@-1 (line 4066)
                      ; - java.lang.invoke.VarHandleInts$FieldInstanceReadWrite::compareAndSet@15 (line 178)
                      ; - java.lang.invoke.VarHandleGuards::guard_LII_Z@50 (line 137)
                      ; - java.util.concurrent.FutureTask::set@6 (line 282)
                      ; - java.util.concurrent.FutureTask::run@68 (line 325)
  0x000002a890c2d530: 8ca0 06e9 | a1e5 ffff 

  0x000002a890c2d538: ;   {metadata({method} {0x000002a8ad056488} 'requireNonNull' '(Ljava/lang/Object;)Ljava/lang/Object;' in 'java/util/Objects')}
  0x000002a890c2d538: 49ba 8064 | 05ad a802 | 0000 4c89 | 5424 0848 | c704 24ff 

  0x000002a890c2d54c: ;   {runtime_call counter_overflow Runtime1 stub}
  0x000002a890c2d54c: ffff ffe8 

  0x000002a890c2d550: ; ImmutableOopMap {rdx=Oop rax=Oop [232]=Oop }
                      ;*synchronization entry
                      ; - java.util.Objects::requireNonNull@-1 (line 232)
                      ; - java.lang.invoke.VarHandleInts$FieldInstanceReadWrite::compareAndSet@18 (line 178)
                      ; - java.lang.invoke.VarHandleGuards::guard_LII_Z@50 (line 137)
                      ; - java.util.concurrent.FutureTask::set@6 (line 282)
                      ; - java.util.concurrent.FutureTask::run@68 (line 325)
  0x000002a890c2d550: 2c8c a006 | e958 e6ff | ff44 8b42 | 1449 c1e0 | 0349 83f8 | 000f 84c8 | e6ff ff4c 

  0x000002a890c2d56c: ;   {runtime_call g1_pre_barrier_slow}
  0x000002a890c2d56c: 8904 24e8 | 8c96 a006 | e9ba e6ff | ff48 83fb | 000f 84cf | e6ff ff48 

  0x000002a890c2d584: ;   {runtime_call g1_post_barrier_slow}
  0x000002a890c2d584: 8914 24e8 | 7499 a006 | e9c1 e6ff 

  0x000002a890c2d590: ;   {metadata({method} {0x000002a8ad156248} 'guard_LI_V' '(Ljava/lang/invoke/VarHandle;Ljava/lang/Object;ILjava/lang/invoke/VarHandle$AccessDescriptor;)V' in 'java/lang/invoke/VarHandleGuards')}
  0x000002a890c2d590: ff49 ba40 | 6215 ada8 | 0200 004c | 8954 2408 | 48c7 0424 | ffff ffff 

  0x000002a890c2d5a8: ;   {runtime_call counter_overflow Runtime1 stub}
  0x000002a890c2d5a8: e8d3 8ba0 

  0x000002a890c2d5ac: ; ImmutableOopMap {rdx=Oop r9=Oop [232]=Oop }
                      ;*synchronization entry
                      ; - java.lang.invoke.VarHandleGuards::guard_LI_V@-1 (line 120)
                      ; - java.util.concurrent.FutureTask::set@22 (line 284)
                      ; - java.util.concurrent.FutureTask::run@68 (line 325)
  0x000002a890c2d5ac: 06e9 b9e7 

  0x000002a890c2d5b0: ;   {metadata({method} {0x000002a8ad0936b8} 'checkAccessModeThenIsDirect' '(Ljava/lang/invoke/VarHandle$AccessDescriptor;)Z' in 'java/lang/invoke/VarHandle')}
  0x000002a890c2d5b0: ffff 49ba | b036 09ad | a802 0000 | 4c89 5424 | 0848 c704 | 24ff ffff 

  0x000002a890c2d5c8: ;   {runtime_call counter_overflow Runtime1 stub}
  0x000002a890c2d5c8: ffe8 b28b 

  0x000002a890c2d5cc: ; ImmutableOopMap {rdx=Oop [232]=Oop }
                      ;*synchronization entry
                      ; - java.lang.invoke.VarHandle::checkAccessModeThenIsDirect@-1 (line 2075)
                      ; - java.lang.invoke.VarHandleGuards::guard_LI_V@2 (line 120)
                      ; - java.util.concurrent.FutureTask::set@22 (line 284)
                      ; - java.util.concurrent.FutureTask::run@68 (line 325)
  0x000002a890c2d5cc: a006 e982 

  0x000002a890c2d5d0: ;   {metadata({method} {0x000002a8ad1542f0} 'getMemberName' '(I)Ljava/lang/invoke/MemberName;' in 'java/lang/invoke/VarForm')}
  0x000002a890c2d5d0: e8ff ff49 | bae8 4215 | ada8 0200 | 004c 8954 | 2408 48c7 | 0424 ffff 

  0x000002a890c2d5e8: ;   {runtime_call counter_overflow Runtime1 stub}
  0x000002a890c2d5e8: ffff e891 

  0x000002a890c2d5ec: ; ImmutableOopMap {rdx=Oop [232]=Oop }
                      ;*synchronization entry
                      ; - java.lang.invoke.VarForm::getMemberName@-1 (line 114)
                      ; - java.lang.invoke.VarHandleGuards::guard_LI_V@42 (line 122)
                      ; - java.util.concurrent.FutureTask::set@22 (line 284)
                      ; - java.util.concurrent.FutureTask::run@68 (line 325)
  0x000002a890c2d5ec: 8ba0 06e9 | dce8 ffff 

  0x000002a890c2d5f4: ;   {metadata({method} {0x000002a8ee2cf7e8} 'setRelease' '(Ljava/lang/invoke/VarHandle;Ljava/lang/Object;I)V' in 'java/lang/invoke/VarHandleInts$FieldInstanceReadWrite')}
  0x000002a890c2d5f4: 49ba e0f7 | 2cee a802 | 0000 4c89 | 5424 0848 | c704 24ff 

  0x000002a890c2d608: ;   {runtime_call counter_overflow Runtime1 stub}
  0x000002a890c2d608: ffff ffe8 

  0x000002a890c2d60c: ; ImmutableOopMap {rdx=Oop [232]=Oop }
                      ;*synchronization entry
                      ; - java.lang.invoke.VarHandleInts$FieldInstanceReadWrite::setRelease@-1 (line 169)
                      ; - java.lang.invoke.VarHandleGuards::guard_LI_V@45 (line 122)
                      ; - java.util.concurrent.FutureTask::set@22 (line 284)
                      ; - java.util.concurrent.FutureTask::run@68 (line 325)
  0x000002a890c2d60c: 708b a006 | e9ee e9ff 

  0x000002a890c2d614: ;   {metadata({method} {0x000002a8ad465068} 'cast' '(Ljava/lang/Object;)Ljava/lang/Object;' in 'java/lang/Class')}
  0x000002a890c2d614: ff49 ba60 | 5046 ada8 | 0200 004c | 8954 2408 | 48c7 0424 | ffff ffff 

  0x000002a890c2d62c: ;   {runtime_call counter_overflow Runtime1 stub}
  0x000002a890c2d62c: e84f 8ba0 

  0x000002a890c2d630: ; ImmutableOopMap {rdx=Oop [232]=Oop }
                      ;*synchronization entry
                      ; - java.lang.Class::cast@-1 (line 4066)
                      ; - java.lang.invoke.VarHandleInts$FieldInstanceReadWrite::setRelease@13 (line 170)
                      ; - java.lang.invoke.VarHandleGuards::guard_LI_V@45 (line 122)
                      ; - java.util.concurrent.FutureTask::set@22 (line 284)
                      ; - java.util.concurrent.FutureTask::run@68 (line 325)
  0x000002a890c2d630: 06e9 15ea 

  0x000002a890c2d634: ;   {metadata({method} {0x000002a8ad056488} 'requireNonNull' '(Ljava/lang/Object;)Ljava/lang/Object;' in 'java/util/Objects')}
  0x000002a890c2d634: ffff 49ba | 8064 05ad | a802 0000 | 4c89 5424 | 0848 c704 | 24ff ffff 

  0x000002a890c2d64c: ;   {runtime_call counter_overflow Runtime1 stub}
  0x000002a890c2d64c: ffe8 2e8b 

  0x000002a890c2d650: ; ImmutableOopMap {rdx=Oop [232]=Oop }
                      ;*synchronization entry
                      ; - java.util.Objects::requireNonNull@-1 (line 232)
                      ; - java.lang.invoke.VarHandleInts$FieldInstanceReadWrite::setRelease@16 (line 170)
                      ; - java.lang.invoke.VarHandleGuards::guard_LI_V@45 (line 122)
                      ; - java.util.concurrent.FutureTask::set@22 (line 284)
                      ; - java.util.concurrent.FutureTask::run@68 (line 325)
  0x000002a890c2d650: a006 e9cc | eaff ff8b | 7a18 48c1 | e703 4883 | ff00 0f84 | c3eb ffff | 4889 3c24 

  0x000002a890c2d66c: ;   {runtime_call g1_pre_barrier_slow}
  0x000002a890c2d66c: e88f 95a0 | 06e9 b5eb | ffff 4883 | fe00 0f84 | d0eb ffff | 4889 1424 

  0x000002a890c2d684: ;   {runtime_call g1_post_barrier_slow}
  0x000002a890c2d684: e877 98a0 | 06e9 c2eb 

  0x000002a890c2d68c: ;   {metadata({method} {0x000002a8ef810498} 'handlePossibleCancellationInterrupt' '(I)V' in 'java/util/concurrent/FutureTask')}
  0x000002a890c2d68c: ffff 49ba | 9004 81ef | a802 0000 | 4c89 5424 | 0848 c704 | 24ff ffff 

  0x000002a890c2d6a4: ;   {runtime_call counter_overflow Runtime1 stub}
  0x000002a890c2d6a4: ffe8 d68a 

  0x000002a890c2d6a8: ; ImmutableOopMap {rdx=Oop [232]=Oop }
                      ;*synchronization entry
                      ; - java.util.concurrent.FutureTask::handlePossibleCancellationInterrupt@-1 (line 384)
                      ; - java.util.concurrent.FutureTask::run@88 (line 335)
  0x000002a890c2d6a8: a006 e90f 

  0x000002a890c2d6ac: ;   {metadata({method} {0x000002a8ad429fc8} 'yield' '()V' in 'java/lang/Thread')}
  0x000002a890c2d6ac: ecff ff49 | bac0 9f42 | ada8 0200 | 004c 8954 | 2408 48c7 | 0424 ffff 

  0x000002a890c2d6c4: ;   {runtime_call counter_overflow Runtime1 stub}
  0x000002a890c2d6c4: ffff e8b5 

  0x000002a890c2d6c8: ; ImmutableOopMap {rdx=Oop [232]=Oop }
                      ;*synchronization entry
                      ; - java.lang.Thread::yield@-1 (line 442)
                      ; - java.util.concurrent.FutureTask::handlePossibleCancellationInterrupt@13 (line 386)
                      ; - java.util.concurrent.FutureTask::run@88 (line 335)
  0x000002a890c2d6c8: 8aa0 06e9 | 8bec ffff | 4889 3424 

  0x000002a890c2d6d4: ;   {runtime_call throw_class_cast_exception Runtime1 stub}
  0x000002a890c2d6d4: e8a7 58a0 

  0x000002a890c2d6d8: ; ImmutableOopMap {[232]=Oop }
                      ;*checkcast {reexecute=0 rethrow=0 return_oop=0}
                      ; - java.lang.Thread::yield@12 (line 442)
                      ; - java.util.concurrent.FutureTask::handlePossibleCancellationInterrupt@13 (line 386)
                      ; - java.util.concurrent.FutureTask::run@88 (line 335)
                      ;   {runtime_call throw_null_pointer_exception Runtime1 stub}
  0x000002a890c2d6d8: 06e8 a234 

  0x000002a890c2d6dc: ; ImmutableOopMap {rsi=Oop [232]=Oop }
                      ;*invokevirtual tryYield {reexecute=0 rethrow=0 return_oop=0}
                      ; - java.lang.Thread::yield@17 (line 443)
                      ; - java.util.concurrent.FutureTask::handlePossibleCancellationInterrupt@13 (line 386)
                      ; - java.util.concurrent.FutureTask::run@88 (line 335)
                      ;   {metadata({method} {0x000002a8ef810498} 'handlePossibleCancellationInterrupt' '(I)V' in 'java/util/concurrent/FutureTask')}
  0x000002a890c2d6dc: a006 49ba | 9004 81ef | a802 0000 | 4c89 5424 | 0848 c704 | 2410 0000 

  0x000002a890c2d6f4: ;   {runtime_call counter_overflow Runtime1 stub}
  0x000002a890c2d6f4: 00e8 868a 

  0x000002a890c2d6f8: ; ImmutableOopMap {[232]=Oop }
                      ;*goto {reexecute=1 rethrow=0 return_oop=0}
                      ; - (reexecute) java.util.concurrent.FutureTask::handlePossibleCancellationInterrupt@16 (line 386)
                      ; - java.util.concurrent.FutureTask::run@88 (line 335)
  0x000002a890c2d6f8: a006 e98c 

  0x000002a890c2d6fc: ;   {internal_word}
  0x000002a890c2d6fc: efff ff49 | baca c6c2 | 90a8 0200 | 004d 8997 | 6004 0000 

  0x000002a890c2d710: ;   {runtime_call SafepointBlob}
  0x000002a890c2d710: e9eb 7f94 

  0x000002a890c2d714: ;   {internal_word}
  0x000002a890c2d714: 0649 bae0 | c6c2 90a8 | 0200 004d | 8997 6004 

  0x000002a890c2d724: ;   {runtime_call SafepointBlob}
  0x000002a890c2d724: 0000 e9d5 | 7f94 0648 

  0x000002a890c2d72c: ;   {runtime_call fast_new_instance Runtime1 stub}
  0x000002a890c2d72c: 8bd2 e84d 

  0x000002a890c2d730: ; ImmutableOopMap {[232]=Oop }
                      ;*new {reexecute=0 rethrow=0 return_oop=0}
                      ; - java.lang.Class::cast@12 (line 4067)
                      ; - java.lang.invoke.VarHandleInts$FieldInstanceReadWrite::setRelease@13 (line 170)
                      ; - java.lang.invoke.VarHandleGuards::guard_LI_V@45 (line 122)
                      ; - java.util.concurrent.FutureTask::set@22 (line 284)
                      ; - java.util.concurrent.FutureTask::run@68 (line 325)
  0x000002a890c2d730: 3da0 06e9 | 0ef0 ffff 

  0x000002a890c2d738: ;   {runtime_call fast_new_instance Runtime1 stub}
  0x000002a890c2d738: 488b d2e8 

  0x000002a890c2d73c: ; ImmutableOopMap {[232]=Oop [256]=Oop }
                      ;*new {reexecute=0 rethrow=0 return_oop=0}
                      ; - java.lang.Class::cast@12 (line 4067)
                      ; - java.lang.invoke.VarHandleInts$FieldInstanceReadWrite::compareAndSet@15 (line 178)
                      ; - java.lang.invoke.VarHandleGuards::guard_LII_Z@50 (line 137)
                      ; - java.util.concurrent.FutureTask::set@6 (line 282)
                      ; - java.util.concurrent.FutureTask::run@68 (line 325)
  0x000002a890c2d73c: 403d a006 | e9ef f0ff | ff48 8bd2 

  0x000002a890c2d748: ;   {runtime_call fast_new_instance Runtime1 stub}
  0x000002a890c2d748: e833 3da0 

  0x000002a890c2d74c: ; ImmutableOopMap {[232]=Oop }
                      ;*new {reexecute=0 rethrow=0 return_oop=0}
                      ; - java.lang.Class::cast@12 (line 4067)
                      ; - java.lang.invoke.VarHandleInts$FieldInstanceReadWrite::setRelease@13 (line 170)
                      ; - java.lang.invoke.VarHandleGuards::guard_LI_V@45 (line 122)
                      ; - java.util.concurrent.FutureTask::setException@22 (line 302)
                      ; - java.util.concurrent.FutureTask::run@59 (line 322)
  0x000002a890c2d74c: 06e9 caf1 | ffff 488b 

  0x000002a890c2d754: ;   {runtime_call fast_new_instance Runtime1 stub}
  0x000002a890c2d754: d2e8 263d 

  0x000002a890c2d758: ; ImmutableOopMap {[232]=Oop [280]=Oop }
                      ;*new {reexecute=0 rethrow=0 return_oop=0}
                      ; - java.lang.Class::cast@12 (line 4067)
                      ; - java.lang.invoke.VarHandleInts$FieldInstanceReadWrite::compareAndSet@15 (line 178)
                      ; - java.lang.invoke.VarHandleGuards::guard_LII_Z@50 (line 137)
                      ; - java.util.concurrent.FutureTask::setException@6 (line 300)
                      ; - java.util.concurrent.FutureTask::run@59 (line 322)
  0x000002a890c2d758: a006 e9ad | f2ff ff8b | 7a18 48c1 | e703 4883 | ff00 0f84 | 6ef3 ffff | 4889 3c24 

  0x000002a890c2d774: ;   {runtime_call g1_pre_barrier_slow}
  0x000002a890c2d774: e887 94a0 | 06e9 60f3 | ffff 4883 | fe00 0f84 | 7bf3 ffff | 4889 1424 

  0x000002a890c2d78c: ;   {runtime_call g1_post_barrier_slow}
  0x000002a890c2d78c: e86f 97a0 | 06e9 6df3 

  0x000002a890c2d794: ;   {metadata({method} {0x000002a8ef810498} 'handlePossibleCancellationInterrupt' '(I)V' in 'java/util/concurrent/FutureTask')}
  0x000002a890c2d794: ffff 49ba | 9004 81ef | a802 0000 | 4c89 5424 | 0848 c704 | 24ff ffff 

  0x000002a890c2d7ac: ;   {runtime_call counter_overflow Runtime1 stub}
  0x000002a890c2d7ac: ffe8 ce89 

  0x000002a890c2d7b0: ; ImmutableOopMap {rax=Oop rdx=Oop [232]=Oop [288]=Oop }
                      ;*synchronization entry
                      ; - java.util.concurrent.FutureTask::handlePossibleCancellationInterrupt@-1 (line 384)
                      ; - java.util.concurrent.FutureTask::run@116 (line 335)
  0x000002a890c2d7b0: a006 e9ba 

  0x000002a890c2d7b4: ;   {metadata({method} {0x000002a8ad429fc8} 'yield' '()V' in 'java/lang/Thread')}
  0x000002a890c2d7b4: f3ff ff49 | bac0 9f42 | ada8 0200 | 004c 8954 | 2408 48c7 | 0424 ffff 

  0x000002a890c2d7cc: ;   {runtime_call counter_overflow Runtime1 stub}
  0x000002a890c2d7cc: ffff e8ad 

  0x000002a890c2d7d0: ; ImmutableOopMap {rdx=Oop [232]=Oop [288]=Oop }
                      ;*synchronization entry
                      ; - java.lang.Thread::yield@-1 (line 442)
                      ; - java.util.concurrent.FutureTask::handlePossibleCancellationInterrupt@13 (line 386)
                      ; - java.util.concurrent.FutureTask::run@116 (line 335)
  0x000002a890c2d7d0: 89a0 06e9 | 33f4 ffff | 4889 3424 

  0x000002a890c2d7dc: ;   {runtime_call throw_class_cast_exception Runtime1 stub}
  0x000002a890c2d7dc: e89f 57a0 

  0x000002a890c2d7e0: ; ImmutableOopMap {[232]=Oop [288]=Oop }
                      ;*checkcast {reexecute=0 rethrow=0 return_oop=0}
                      ; - java.lang.Thread::yield@12 (line 442)
                      ; - java.util.concurrent.FutureTask::handlePossibleCancellationInterrupt@13 (line 386)
                      ; - java.util.concurrent.FutureTask::run@116 (line 335)
                      ;   {runtime_call throw_null_pointer_exception Runtime1 stub}
  0x000002a890c2d7e0: 06e8 9a33 

  0x000002a890c2d7e4: ; ImmutableOopMap {rsi=Oop [232]=Oop [288]=Oop }
                      ;*invokevirtual tryYield {reexecute=0 rethrow=0 return_oop=0}
                      ; - java.lang.Thread::yield@17 (line 443)
                      ; - java.util.concurrent.FutureTask::handlePossibleCancellationInterrupt@13 (line 386)
                      ; - java.util.concurrent.FutureTask::run@116 (line 335)
                      ;   {metadata({method} {0x000002a8ef810498} 'handlePossibleCancellationInterrupt' '(I)V' in 'java/util/concurrent/FutureTask')}
  0x000002a890c2d7e4: a006 49ba | 9004 81ef | a802 0000 | 4c89 5424 | 0848 c704 | 2410 0000 

  0x000002a890c2d7fc: ;   {runtime_call counter_overflow Runtime1 stub}
  0x000002a890c2d7fc: 00e8 7e89 

  0x000002a890c2d800: ; ImmutableOopMap {[232]=Oop [288]=Oop }
                      ;*goto {reexecute=1 rethrow=0 return_oop=0}
                      ; - (reexecute) java.util.concurrent.FutureTask::handlePossibleCancellationInterrupt@16 (line 386)
                      ; - java.util.concurrent.FutureTask::run@116 (line 335)
  0x000002a890c2d800: a006 e934 | f7ff ff48 

  0x000002a890c2d808: ;   {runtime_call fast_new_instance Runtime1 stub}
  0x000002a890c2d808: 8bd2 e871 

  0x000002a890c2d80c: ; ImmutableOopMap {rbx=Oop [232]=Oop }
                      ;*new {reexecute=0 rethrow=0 return_oop=0}
                      ; - java.lang.Class::cast@12 (line 4067)
                      ; - java.lang.invoke.VarHandleReferences$FieldInstanceReadWrite::compareAndSet@41 (line 183)
                      ; - java.lang.invoke.VarHandleGuards::guard_LLL_Z@50 (line 68)
                      ; - java.util.concurrent.FutureTask::run@15 (line 309)
  0x000002a890c2d80c: 3ca0 06e9 | b3f7 ffff 

  0x000002a890c2d814: ;   {runtime_call fast_new_instance Runtime1 stub}
  0x000002a890c2d814: 488b d2e8 

  0x000002a890c2d818: ; ImmutableOopMap {r9=Oop [232]=Oop [312]=Oop }
                      ;*new {reexecute=0 rethrow=0 return_oop=0}
                      ; - java.lang.Class::cast@12 (line 4067)
                      ; - java.lang.invoke.VarHandleReferences$FieldInstanceReadWrite::compareAndSet@15 (line 180)
                      ; - java.lang.invoke.VarHandleGuards::guard_LLL_Z@50 (line 68)
                      ; - java.util.concurrent.FutureTask::run@15 (line 309)
  0x000002a890c2d818: 643c a006 | e98b f8ff | ff49 8b87 | f804 0000 | 49c7 87f8 | 0400 0000 | 0000 0049 | c787 0005 
  0x000002a890c2d838: 0000 0000 | 0000 4881 | c450 0100 

  0x000002a890c2d844: ;   {runtime_call unwind_exception Runtime1 stub}
  0x000002a890c2d844: 005d e935 | 24a0 06f4 | f4f4 f4f4 
[Stub Code]
  0x000002a890c2d850: ;   {no_reloc}
  0x000002a890c2d850: 0f1f 4400 

  0x000002a890c2d854: ;   {static_stub}
  0x000002a890c2d854: 0048 bb00 | 0000 0000 

  0x000002a890c2d85c: ;   {runtime_call nmethod}
  0x000002a890c2d85c: 0000 00e9 | fbff ffff 

  0x000002a890c2d864: ;   {static_stub}
  0x000002a890c2d864: 9048 bb00 | 0000 0000 

  0x000002a890c2d86c: ;   {runtime_call nmethod}
  0x000002a890c2d86c: 0000 00e9 | fbff ffff 

  0x000002a890c2d874: ;   {static_stub}
  0x000002a890c2d874: 9048 bb00 | 0000 0000 

  0x000002a890c2d87c: ;   {runtime_call nmethod}
  0x000002a890c2d87c: 0000 00e9 | fbff ffff 

  0x000002a890c2d884: ;   {static_stub}
  0x000002a890c2d884: 48bb 0000 | 0000 0000 

  0x000002a890c2d88c: ;   {runtime_call nmethod}
  0x000002a890c2d88c: 0000 e9fb 

  0x000002a890c2d890: ;   {static_stub}
  0x000002a890c2d890: ffff ff48 | bb00 0000 | 0000 0000 

  0x000002a890c2d89c: ;   {runtime_call nmethod}
  0x000002a890c2d89c: 00e9 fbff 

  0x000002a890c2d8a0: ;   {static_stub}
  0x000002a890c2d8a0: ffff 48bb | 78ce 43ad | a802 0000 

  0x000002a890c2d8ac: ;   {runtime_call I2C/C2I adapters}
  0x000002a890c2d8ac: e9bd b993 

  0x000002a890c2d8b0: ;   {static_stub}
  0x000002a890c2d8b0: 0648 bbc0 | 0581 efa8 

  0x000002a890c2d8b8: ;   {runtime_call I2C/C2I adapters}
  0x000002a890c2d8b8: 0200 00e9 | a35b 9406 

  0x000002a890c2d8c0: ;   {static_stub}
  0x000002a890c2d8c0: 48bb 0000 | 0000 0000 

  0x000002a890c2d8c8: ;   {runtime_call nmethod}
  0x000002a890c2d8c8: 0000 e9fb 

  0x000002a890c2d8cc: ;   {runtime_call handle_exception_from_callee Runtime1 stub}
  0x000002a890c2d8cc: ffff ffe8 | ac50 a006 

  0x000002a890c2d8d4: ;   {external_word}
  0x000002a890c2d8d4: 48b9 506f | cbe4 fc7f | 0000 4883 

  0x000002a890c2d8e0: ;   {runtime_call}
  0x000002a890c2d8e0: e4f0 48b8 | d040 8ee4 | fc7f 0000 

  0x000002a890c2d8ec: ;   {section_word}
  0x000002a890c2d8ec: ffd0 f449 | baef d8c2 | 90a8 0200 

  0x000002a890c2d8f8: ;   {runtime_call DeoptimizationBlob}
  0x000002a890c2d8f8: 0041 52e9 | a070 9406 
[/MachCode]


---------------  P R O C E S S  ---------------

Threads class SMR info:
_java_thread_list=0x000002a8f56fc8f0, length=29, elements={
0x000002a88573e060, 0x000002a8ac1e0c20, 0x000002a8ac1e2880, 0x000002a8ac1e4690,
0x000002a8ac1e70f0, 0x000002a8ac1e82e0, 0x000002a8ac1e94d0, 0x000002a8ac1eff00,
0x000002a8ac1f3140, 0x000002a8ac3539f0, 0x000002a8ac35a230, 0x000002a8f2c91cf0,
0x000002a8f2bafb50, 0x000002a8f369dc10, 0x000002a8f4519c40, 0x000002a8f4635fc0,
0x000002a8f451a2a0, 0x000002a8f47e9150, 0x000002a8f47e7da0, 0x000002a8f47e8430,
0x000002a8f47e7080, 0x000002a8f47e9e70, 0x000002a8ac56b930, 0x000002a880f35b70,
0x000002a880f3b750, 0x000002a880f36f20, 0x000002a880f347c0, 0x000002a880f36200,
0x000002a880f34e50
}

Java Threads: ( => current thread )
  0x000002a88573e060 JavaThread "main"                              [_thread_blocked, id=9544, stack(0x000000f523000000,0x000000f523100000) (1024K)]
  0x000002a8ac1e0c20 JavaThread "Reference Handler"          daemon [_thread_blocked, id=23732, stack(0x000000f523800000,0x000000f523900000) (1024K)]
  0x000002a8ac1e2880 JavaThread "Finalizer"                  daemon [_thread_blocked, id=19660, stack(0x000000f523900000,0x000000f523a00000) (1024K)]
  0x000002a8ac1e4690 JavaThread "Signal Dispatcher"          daemon [_thread_blocked, id=3804, stack(0x000000f523a00000,0x000000f523b00000) (1024K)]
  0x000002a8ac1e70f0 JavaThread "Attach Listener"            daemon [_thread_blocked, id=6608, stack(0x000000f523b00000,0x000000f523c00000) (1024K)]
  0x000002a8ac1e82e0 JavaThread "Service Thread"             daemon [_thread_blocked, id=26272, stack(0x000000f523c00000,0x000000f523d00000) (1024K)]
  0x000002a8ac1e94d0 JavaThread "Monitor Deflation Thread"   daemon [_thread_blocked, id=9764, stack(0x000000f523d00000,0x000000f523e00000) (1024K)]
  0x000002a8ac1eff00 JavaThread "C2 CompilerThread0"         daemon [_thread_blocked, id=25684, stack(0x000000f523e00000,0x000000f523f00000) (1024K)]
  0x000002a8ac1f3140 JavaThread "C1 CompilerThread0"         daemon [_thread_blocked, id=7428, stack(0x000000f523f00000,0x000000f524000000) (1024K)]
  0x000002a8ac3539f0 JavaThread "Notification Thread"        daemon [_thread_blocked, id=7292, stack(0x000000f524000000,0x000000f524100000) (1024K)]
  0x000002a8ac35a230 JavaThread "Common-Cleaner"             daemon [_thread_blocked, id=26136, stack(0x000000f524100000,0x000000f524200000) (1024K)]
  0x000002a8f2c91cf0 JavaThread "Thread-1"                   daemon [_thread_blocked, id=20852, stack(0x000000f524300000,0x000000f524400000) (1024K)]
  0x000002a8f2bafb50 JavaThread "ForkJoinPool.commonPool-worker-1" daemon [_thread_blocked, id=2604, stack(0x000000f524e00000,0x000000f524f00000) (1024K)]
  0x000002a8f369dc10 JavaThread "ForkJoinPool.commonPool-worker-2" daemon [_thread_blocked, id=3088, stack(0x000000f524f00000,0x000000f525000000) (1024K)]
  0x000002a8f4519c40 JavaThread "Java2D Disposer"            daemon [_thread_blocked, id=24560, stack(0x000000f525100000,0x000000f525200000) (1024K)]
  0x000002a8f4635fc0 JavaThread "AWT-Shutdown"                      [_thread_blocked, id=18888, stack(0x000000f525200000,0x000000f525300000) (1024K)]
  0x000002a8f451a2a0 JavaThread "AWT-Windows"                daemon [_thread_in_native, id=22732, stack(0x000000f525300000,0x000000f525400000) (1024K)]
  0x000002a8f47e9150 JavaThread "AWT-EventQueue-0"                  [_thread_blocked, id=26288, stack(0x000000f525400000,0x000000f525500000) (1024K)]
  0x000002a8f47e7da0 JavaThread "D3D Screen Updater"         daemon [_thread_blocked, id=168, stack(0x000000f525700000,0x000000f525800000) (1024K)]
  0x000002a8f47e8430 JavaThread "TimerQueue"                 daemon [_thread_blocked, id=772, stack(0x000000f524200000,0x000000f524300000) (1024K)]
  0x000002a8f47e7080 JavaThread "Swing-Shell"                daemon [_thread_blocked, id=20604, stack(0x000000f525940000,0x000000f525a40000) (1024K)]
  0x000002a8f47e9e70 JavaThread "SwingWorker-pool-2-thread-1" daemon [_thread_blocked, id=9132, stack(0x000000f525e50000,0x000000f525f50000) (1024K)]
  0x000002a8ac56b930 JavaThread "JavaCPP Deallocator"        daemon [_thread_blocked, id=21184, stack(0x000000f526050000,0x000000f526150000) (1024K)]
  0x000002a880f35b70 JavaThread "SwingWorker-pool-2-thread-2" daemon [_thread_blocked, id=5048, stack(0x000000f525840000,0x000000f525940000) (1024K)]
  0x000002a880f3b750 JavaThread "SwingWorker-pool-2-thread-3" daemon [_thread_blocked, id=19328, stack(0x000000f528650000,0x000000f528750000) (1024K)]
  0x000002a880f36f20 JavaThread "SwingWorker-pool-2-thread-4" daemon [_thread_blocked, id=3808, stack(0x000000f528750000,0x000000f528850000) (1024K)]
  0x000002a880f347c0 JavaThread "SwingWorker-pool-2-thread-5" daemon [_thread_blocked, id=588, stack(0x000000f528850000,0x000000f528950000) (1024K)]
=>0x000002a880f36200 JavaThread "SwingWorker-pool-2-thread-6" daemon [_thread_in_native, id=26228, stack(0x000000f528950000,0x000000f528a50000) (1024K)]
  0x000002a880f34e50 JavaThread "SwingWorker-pool-2-thread-7" daemon [_thread_in_native, id=3768, stack(0x000000f528b50000,0x000000f528c50000) (1024K)]
Total: 29

Other Threads:
  0x000002a8ab93e160 VMThread "VM Thread"                           [id=11848, stack(0x000000f523700000,0x000000f523800000) (1024K)]
  0x000002a8ab92c8a0 WatcherThread "VM Periodic Task Thread"        [id=6900, stack(0x000000f523600000,0x000000f523700000) (1024K)]
  0x000002a8879a9760 WorkerThread "GC Thread#0"                     [id=15920, stack(0x000000f523100000,0x000000f523200000) (1024K)]
  0x000002a8f21445e0 WorkerThread "GC Thread#1"                     [id=25892, stack(0x000000f524400000,0x000000f524500000) (1024K)]
  0x000002a8f2934bd0 WorkerThread "GC Thread#2"                     [id=3304, stack(0x000000f524500000,0x000000f524600000) (1024K)]
  0x000002a8f2144b70 WorkerThread "GC Thread#3"                     [id=17680, stack(0x000000f524600000,0x000000f524700000) (1024K)]
  0x000002a8f2144f10 WorkerThread "GC Thread#4"                     [id=26164, stack(0x000000f524700000,0x000000f524800000) (1024K)]
  0x000002a8f21452b0 WorkerThread "GC Thread#5"                     [id=26176, stack(0x000000f524800000,0x000000f524900000) (1024K)]
  0x000002a8f2383740 WorkerThread "GC Thread#6"                     [id=22632, stack(0x000000f524900000,0x000000f524a00000) (1024K)]
  0x000002a8f2383ae0 WorkerThread "GC Thread#7"                     [id=3012, stack(0x000000f524a00000,0x000000f524b00000) (1024K)]
  0x000002a8f2383e80 WorkerThread "GC Thread#8"                     [id=9360, stack(0x000000f524b00000,0x000000f524c00000) (1024K)]
  0x000002a8f2384220 WorkerThread "GC Thread#9"                     [id=4164, stack(0x000000f524c00000,0x000000f524d00000) (1024K)]
  0x000002a8879bafd0 ConcurrentGCThread "G1 Main Marker"            [id=3348, stack(0x000000f523200000,0x000000f523300000) (1024K)]
  0x000002a8879bc180 WorkerThread "G1 Conc#0"                       [id=18048, stack(0x000000f523300000,0x000000f523400000) (1024K)]
  0x000002a8f3885790 WorkerThread "G1 Conc#1"                       [id=24376, stack(0x000000f525500000,0x000000f525600000) (1024K)]
  0x000002a8f3883350 WorkerThread "G1 Conc#2"                       [id=21588, stack(0x000000f525600000,0x000000f525700000) (1024K)]
  0x000002a8ab7ecd70 ConcurrentGCThread "G1 Refine#0"               [id=11792, stack(0x000000f523400000,0x000000f523500000) (1024K)]
  0x000002a8ab7ef700 ConcurrentGCThread "G1 Service"                [id=1892, stack(0x000000f523500000,0x000000f523600000) (1024K)]
Total: 18

Threads with active compile tasks:
Total: 0

VM state: not at safepoint (normal execution)

VM Mutex/Monitor currently owned by a thread: None

Heap address: 0x0000000600c00000, size: 8180 MB, Compressed Oops mode: Zero based, Oop shift amount: 3

CDS archive(s) mapped at: [0x000002a8ad000000-0x000002a8adc80000-0x000002a8adc80000), size 13107200, SharedBaseAddress: 0x000002a8ad000000, ArchiveRelocationMode: 1.
Compressed class space mapped at: 0x000002a8ae000000-0x000002a8ee000000, reserved size: 1073741824
Narrow klass base: 0x000002a8ad000000, Narrow klass shift: 0, Narrow klass range: 0x100000000

GC Precious Log:
 CardTable entry size: 512
 Card Set container configuration: InlinePtr #cards 4 size 8 Array Of Cards #cards 32 size 80 Howl #buckets 8 coarsen threshold 7372 Howl Bitmap #cards 1024 size 144 coarsen threshold 921 Card regions per heap region 1 cards per card region 8192
 CPUs: 12 total, 12 available
 Memory: 32719M
 Large Page Support: Disabled
 NUMA Support: Disabled
 Compressed Oops: Enabled (Zero based)
 Heap Region Size: 4M
 Heap Min Capacity: 8M
 Heap Initial Capacity: 512M
 Heap Max Capacity: 8180M
 Pre-touch: Disabled
 Parallel Workers: 10
 Concurrent Workers: 3
 Concurrent Refinement Workers: 10
 Periodic GC: Disabled

Heap:
 garbage-first heap   total 69632K, used 24072K [0x0000000600c00000, 0x0000000800000000)
  region size 4096K, 1 young (4096K), 0 survivors (0K)
 Metaspace       used 38717K, committed 39104K, reserved 1114112K
  class space    used 3923K, committed 4096K, reserved 1048576K

Heap Regions: E=young(eden), S=young(survivor), O=old, HS=humongous(starts), HC=humongous(continues), CS=collection set, F=free, TAMS=top-at-mark-start, PB=parsable bottom
|   0|0x0000000600c00000, 0x0000000600fffff0, 0x0000000601000000| 99%| O|  |TAMS 0x0000000600c00000| PB 0x0000000600c00000| Untracked 
|   1|0x0000000601000000, 0x0000000601400000, 0x0000000601400000|100%| O|  |TAMS 0x0000000601000000| PB 0x0000000601000000| Untracked 
|   2|0x0000000601400000, 0x0000000601800000, 0x0000000601800000|100%| O|  |TAMS 0x0000000601400000| PB 0x0000000601400000| Untracked 
|   3|0x0000000601800000, 0x0000000601c00000, 0x0000000601c00000|100%| O|  |TAMS 0x0000000601800000| PB 0x0000000601800000| Untracked 
|   4|0x0000000601c00000, 0x0000000601fffff8, 0x0000000602000000| 99%| O|  |TAMS 0x0000000601c00000| PB 0x0000000601c00000| Untracked 
|   5|0x0000000602000000, 0x0000000602382198, 0x0000000602400000| 87%| O|  |TAMS 0x0000000602000000| PB 0x0000000602000000| Untracked 
|   6|0x0000000602400000, 0x0000000602400000, 0x0000000602800000|  0%| F|  |TAMS 0x0000000602400000| PB 0x0000000602400000| Untracked 
|   7|0x0000000602800000, 0x0000000602800000, 0x0000000602c00000|  0%| F|  |TAMS 0x0000000602800000| PB 0x0000000602800000| Untracked 
|   8|0x0000000602c00000, 0x0000000602c00000, 0x0000000603000000|  0%| F|  |TAMS 0x0000000602c00000| PB 0x0000000602c00000| Untracked 
|   9|0x0000000603000000, 0x0000000603000000, 0x0000000603400000|  0%| F|  |TAMS 0x0000000603000000| PB 0x0000000603000000| Untracked 
|  10|0x0000000603400000, 0x0000000603400000, 0x0000000603800000|  0%| F|  |TAMS 0x0000000603400000| PB 0x0000000603400000| Untracked 
|  11|0x0000000603800000, 0x0000000603800000, 0x0000000603c00000|  0%| F|  |TAMS 0x0000000603800000| PB 0x0000000603800000| Untracked 
|  12|0x0000000603c00000, 0x0000000603c00000, 0x0000000604000000|  0%| F|  |TAMS 0x0000000603c00000| PB 0x0000000603c00000| Untracked 
|  13|0x0000000604000000, 0x0000000604000000, 0x0000000604400000|  0%| F|  |TAMS 0x0000000604000000| PB 0x0000000604000000| Untracked 
|  14|0x0000000604400000, 0x0000000604400000, 0x0000000604800000|  0%| F|  |TAMS 0x0000000604400000| PB 0x0000000604400000| Untracked 
| 115|0x000000061d800000, 0x000000061d800000, 0x000000061dc00000|  0%| F|  |TAMS 0x000000061d800000| PB 0x000000061d800000| Untracked 
| 127|0x0000000620800000, 0x00000006208b83c0, 0x0000000620c00000| 17%| E|  |TAMS 0x0000000620800000| PB 0x0000000620800000| Complete 

Card table byte_map: [0x000002a8a0540000,0x000002a8a1540000] _byte_map_base: 0x000002a89d53a000

Marking Bits: (CMBitMap*) 0x000002a8879aa580
 Bits: [0x000002a8a1540000, 0x000002a8a9510000)

Polling page: 0x000002a8856f0000

Metaspace:

Usage:
  Non-class:     33.98 MB used.
      Class:      3.83 MB used.
       Both:     37.81 MB used.

Virtual space:
  Non-class space:       64.00 MB reserved,      34.19 MB ( 53%) committed,  1 nodes.
      Class space:        1.00 GB reserved,       4.00 MB ( <1%) committed,  1 nodes.
             Both:        1.06 GB reserved,      38.19 MB (  4%) committed. 

Chunk freelists:
   Non-Class:  13.67 MB
       Class:  12.03 MB
        Both:  25.70 MB

MaxMetaspaceSize: unlimited
CompressedClassSpaceSize: 1.00 GB
Initial GC threshold: 21.00 MB
Current GC threshold: 63.69 MB
CDS: on
 - commit_granule_bytes: 65536.
 - commit_granule_words: 8192.
 - virtual_space_node_default_size: 8388608.
 - enlarge_chunks_in_place: 1.
 - use_allocation_guard: 0.


Internal statistics:

num_allocs_failed_limit: 6.
num_arena_births: 372.
num_arena_deaths: 0.
num_vsnodes_births: 2.
num_vsnodes_deaths: 0.
num_space_committed: 609.
num_space_uncommitted: 0.
num_chunks_returned_to_freelist: 6.
num_chunks_taken_from_freelist: 1324.
num_chunk_merges: 3.
num_chunk_splits: 960.
num_chunks_enlarged: 755.
num_inconsistent_stats: 0.

CodeHeap 'non-profiled nmethods': size=120000Kb used=3813Kb max_used=4120Kb free=116186Kb
 bounds [0x000002a897ac0000, 0x000002a897ed0000, 0x000002a89eff0000]
CodeHeap 'profiled nmethods': size=120000Kb used=12663Kb max_used=14957Kb free=107337Kb
 bounds [0x000002a88fff0000, 0x000002a890e90000, 0x000002a897520000]
CodeHeap 'non-nmethods': size=5760Kb used=2559Kb max_used=2597Kb free=3200Kb
 bounds [0x000002a897520000, 0x000002a8977b0000, 0x000002a897ac0000]
 total_blobs=7606 nmethods=6231 adapters=1279
 compilation: enabled
              stopped_count=0, restarted_count=0
 full_count=0

Compilation events (20 events):
Event: 29.824 Thread 0x000002a8ac1eff00 7385       4       java.nio.CharBuffer::hasArray (20 bytes)
Event: 29.825 Thread 0x000002a8ac1eff00 nmethod 7385 0x000002a897c21690 code [0x000002a897c21820, 0x000002a897c218e8]
Event: 29.825 Thread 0x000002a8ac1eff00 7386       4       java.nio.ByteBuffer::hasArray (20 bytes)
Event: 29.825 Thread 0x000002a8ac1eff00 nmethod 7386 0x000002a897d3b790 code [0x000002a897d3b920, 0x000002a897d3b9e8]
Event: 29.825 Thread 0x000002a8ac1eff00 7387       4       org.fusesource.jansi.io.FastBufferedOutputStream::write (35 bytes)
Event: 29.825 Thread 0x000002a8ac1eff00 nmethod 7387 0x000002a897d3b410 code [0x000002a897d3b5a0, 0x000002a897d3b6a8]
Event: 29.826 Thread 0x000002a8ac1f3140 7395       1       sun.awt.Win32GraphicsConfig::getDevice (5 bytes)
Event: 29.826 Thread 0x000002a8ac1f3140 nmethod 7395 0x000002a897d3b110 code [0x000002a897d3b2a0, 0x000002a897d3b370]
Event: 29.837 Thread 0x000002a8ac1f3140 7396       3       sun.font.FileFontStrike::setCachedGlyphPtrInternal (269 bytes)
Event: 29.838 Thread 0x000002a8ac1f3140 nmethod 7396 0x000002a8900c1e10 code [0x000002a8900c20c0, 0x000002a8900c2dc0]
Event: 29.839 Thread 0x000002a8ac1f3140 7397       3       javax.swing.plaf.basic.BasicLabelUI::getPreferredSize (399 bytes)
Event: 29.839 Thread 0x000002a8ac1eff00 7398       4       java.awt.Component::getFont (5 bytes)
Event: 29.839 Thread 0x000002a8ac1eff00 nmethod 7398 0x000002a897d3ad90 code [0x000002a897d3af20, 0x000002a897d3b008]
Event: 29.840 Thread 0x000002a8ac1f3140 nmethod 7397 0x000002a890378f10 code [0x000002a890379260, 0x000002a89037aaf0]
Event: 29.843 Thread 0x000002a8ac1f3140 7399       3       java.awt.Component::repaintParentIfNeeded (41 bytes)
Event: 29.844 Thread 0x000002a8ac1f3140 nmethod 7399 0x000002a890a98b10 code [0x000002a890a98d00, 0x000002a890a99238]
Event: 29.844 Thread 0x000002a8ac1f3140 7400       3       java.awt.Component::notifyNewBounds (129 bytes)
Event: 29.844 Thread 0x000002a8ac1f3140 nmethod 7400 0x000002a890023c90 code [0x000002a890024040, 0x000002a8900259c0]
Event: 29.844 Thread 0x000002a8ac1f3140 7401       3       sun.awt.NullComponentPeer::layout (1 bytes)
Event: 29.844 Thread 0x000002a8ac1f3140 nmethod 7401 0x000002a89080e690 code [0x000002a89080e820, 0x000002a89080e928]

GC Heap History (20 events):
Event: 13.804 GC heap before
{Heap before GC invocations=9 (full 0):
 garbage-first heap   total 86016K, used 65277K [0x0000000600c00000, 0x0000000800000000)
  region size 4096K, 12 young (49152K), 1 survivors (4096K)
 Metaspace       used 35581K, committed 35904K, reserved 1114112K
  class space    used 3575K, committed 3712K, reserved 1048576K
}
Event: 13.807 GC heap after
{Heap after GC invocations=10 (full 0):
 garbage-first heap   total 86016K, used 20098K [0x0000000600c00000, 0x0000000800000000)
  region size 4096K, 1 young (4096K), 1 survivors (4096K)
 Metaspace       used 35581K, committed 35904K, reserved 1114112K
  class space    used 3575K, committed 3712K, reserved 1048576K
}
Event: 13.976 GC heap before
{Heap before GC invocations=10 (full 0):
 garbage-first heap   total 86016K, used 65154K [0x0000000600c00000, 0x0000000800000000)
  region size 4096K, 12 young (49152K), 1 survivors (4096K)
 Metaspace       used 35582K, committed 35904K, reserved 1114112K
  class space    used 3575K, committed 3712K, reserved 1048576K
}
Event: 13.980 GC heap after
{Heap after GC invocations=11 (full 0):
 garbage-first heap   total 307200K, used 20162K [0x0000000600c00000, 0x0000000800000000)
  region size 4096K, 1 young (4096K), 1 survivors (4096K)
 Metaspace       used 35582K, committed 35904K, reserved 1114112K
  class space    used 3575K, committed 3712K, reserved 1048576K
}
Event: 14.018 GC heap before
{Heap before GC invocations=11 (full 0):
 garbage-first heap   total 307200K, used 28354K [0x0000000600c00000, 0x0000000800000000)
  region size 4096K, 4 young (16384K), 1 survivors (4096K)
 Metaspace       used 35654K, committed 35968K, reserved 1114112K
  class space    used 3580K, committed 3712K, reserved 1048576K
}
Event: 14.021 GC heap after
{Heap after GC invocations=12 (full 0):
 garbage-first heap   total 307200K, used 20202K [0x0000000600c00000, 0x0000000800000000)
  region size 4096K, 1 young (4096K), 1 survivors (4096K)
 Metaspace       used 35654K, committed 35968K, reserved 1114112K
  class space    used 3580K, committed 3712K, reserved 1048576K
}
Event: 15.461 GC heap before
{Heap before GC invocations=13 (full 0):
 garbage-first heap   total 69632K, used 61162K [0x0000000600c00000, 0x0000000800000000)
  region size 4096K, 13 young (53248K), 1 survivors (4096K)
 Metaspace       used 37256K, committed 37632K, reserved 1114112K
  class space    used 3814K, committed 3968K, reserved 1048576K
}
Event: 15.520 GC heap after
{Heap after GC invocations=14 (full 1):
 garbage-first heap   total 69632K, used 22806K [0x0000000600c00000, 0x0000000800000000)
  region size 4096K, 0 young (0K), 0 survivors (0K)
 Metaspace       used 37256K, committed 37632K, reserved 1114112K
  class space    used 3814K, committed 3968K, reserved 1048576K
}
Event: 18.551 GC heap before
{Heap before GC invocations=14 (full 1):
 garbage-first heap   total 69632K, used 22806K [0x0000000600c00000, 0x0000000800000000)
  region size 4096K, 1 young (4096K), 0 survivors (0K)
 Metaspace       used 37337K, committed 37696K, reserved 1114112K
  class space    used 3818K, committed 3968K, reserved 1048576K
}
Event: 18.607 GC heap after
{Heap after GC invocations=15 (full 2):
 garbage-first heap   total 69632K, used 22691K [0x0000000600c00000, 0x0000000800000000)
  region size 4096K, 0 young (0K), 0 survivors (0K)
 Metaspace       used 37337K, committed 37696K, reserved 1114112K
  class space    used 3818K, committed 3968K, reserved 1048576K
}
Event: 18.644 GC heap before
{Heap before GC invocations=15 (full 2):
 garbage-first heap   total 69632K, used 22691K [0x0000000600c00000, 0x0000000800000000)
  region size 4096K, 1 young (4096K), 0 survivors (0K)
 Metaspace       used 37348K, committed 37696K, reserved 1114112K
  class space    used 3820K, committed 3968K, reserved 1048576K
}
Event: 18.695 GC heap after
{Heap after GC invocations=16 (full 3):
 garbage-first heap   total 69632K, used 22696K [0x0000000600c00000, 0x0000000800000000)
  region size 4096K, 0 young (0K), 0 survivors (0K)
 Metaspace       used 37348K, committed 37696K, reserved 1114112K
  class space    used 3820K, committed 3968K, reserved 1048576K
}
Event: 21.507 GC heap before
{Heap before GC invocations=16 (full 3):
 garbage-first heap   total 69632K, used 63656K [0x0000000600c00000, 0x0000000800000000)
  region size 4096K, 10 young (40960K), 0 survivors (0K)
 Metaspace       used 37920K, committed 38336K, reserved 1114112K
  class space    used 3856K, committed 4032K, reserved 1048576K
}
Event: 21.508 GC heap after
{Heap after GC invocations=17 (full 3):
 garbage-first heap   total 69632K, used 23186K [0x0000000600c00000, 0x0000000800000000)
  region size 4096K, 1 young (4096K), 1 survivors (4096K)
 Metaspace       used 37920K, committed 38336K, reserved 1114112K
  class space    used 3856K, committed 4032K, reserved 1048576K
}
Event: 28.333 GC heap before
{Heap before GC invocations=17 (full 3):
 garbage-first heap   total 69632K, used 51858K [0x0000000600c00000, 0x0000000800000000)
  region size 4096K, 9 young (36864K), 1 survivors (4096K)
 Metaspace       used 38670K, committed 39104K, reserved 1114112K
  class space    used 3922K, committed 4096K, reserved 1048576K
}
Event: 28.335 GC heap after
{Heap after GC invocations=18 (full 3):
 garbage-first heap   total 69632K, used 25246K [0x0000000600c00000, 0x0000000800000000)
  region size 4096K, 1 young (4096K), 1 survivors (4096K)
 Metaspace       used 38670K, committed 39104K, reserved 1114112K
  class space    used 3922K, committed 4096K, reserved 1048576K
}
Event: 29.577 GC heap before
{Heap before GC invocations=18 (full 3):
 garbage-first heap   total 69632K, used 58014K [0x0000000600c00000, 0x0000000800000000)
  region size 4096K, 9 young (36864K), 1 survivors (4096K)
 Metaspace       used 38693K, committed 39104K, reserved 1114112K
  class space    used 3922K, committed 4096K, reserved 1048576K
}
Event: 29.579 GC heap after
{Heap after GC invocations=19 (full 3):
 garbage-first heap   total 69632K, used 25179K [0x0000000600c00000, 0x0000000800000000)
  region size 4096K, 1 young (4096K), 1 survivors (4096K)
 Metaspace       used 38693K, committed 39104K, reserved 1114112K
  class space    used 3922K, committed 4096K, reserved 1048576K
}
Event: 29.730 GC heap before
{Heap before GC invocations=19 (full 3):
 garbage-first heap   total 69632K, used 41563K [0x0000000600c00000, 0x0000000800000000)
  region size 4096K, 6 young (24576K), 1 survivors (4096K)
 Metaspace       used 38698K, committed 39104K, reserved 1114112K
  class space    used 3922K, committed 4096K, reserved 1048576K
}
Event: 29.798 GC heap after
{Heap after GC invocations=20 (full 4):
 garbage-first heap   total 69632K, used 24072K [0x0000000600c00000, 0x0000000800000000)
  region size 4096K, 0 young (0K), 0 survivors (0K)
 Metaspace       used 38698K, committed 39104K, reserved 1114112K
  class space    used 3922K, committed 4096K, reserved 1048576K
}

Dll operation events (20 events):
Event: 13.003 Loaded shared library C:\Users\ethan\.javacpp\cache\ffmpeg-6.0-1.5.9-windows-x86_64.jar\org\bytedeco\ffmpeg\windows-x86_64\swresample-4.dll
Event: 13.016 Loaded shared library C:\Users\ethan\.javacpp\cache\ffmpeg-6.0-1.5.9-windows-x86_64.jar\org\bytedeco\ffmpeg\windows-x86_64\jniswresample.dll
Event: 13.051 Loaded shared library C:\Users\ethan\.javacpp\cache\ffmpeg-6.0-1.5.9-windows-x86_64.jar\org\bytedeco\ffmpeg\windows-x86_64\avcodec-60.dll
Event: 13.063 Loaded shared library C:\Users\ethan\.javacpp\cache\ffmpeg-6.0-1.5.9-windows-x86_64.jar\org\bytedeco\ffmpeg\windows-x86_64\jniavcodec.dll
Event: 13.118 Loaded shared library C:\Users\ethan\.javacpp\cache\ffmpeg-6.0-1.5.9-windows-x86_64.jar\org\bytedeco\ffmpeg\windows-x86_64\avformat-60.dll
Event: 13.131 Loaded shared library C:\Users\ethan\.javacpp\cache\ffmpeg-6.0-1.5.9-windows-x86_64.jar\org\bytedeco\ffmpeg\windows-x86_64\jniavformat.dll
Event: 13.166 Loaded shared library C:\Users\ethan\.javacpp\cache\ffmpeg-6.0-1.5.9-windows-x86_64.jar\org\bytedeco\ffmpeg\windows-x86_64\swscale-7.dll
Event: 13.178 Loaded shared library C:\Users\ethan\.javacpp\cache\ffmpeg-6.0-1.5.9-windows-x86_64.jar\org\bytedeco\ffmpeg\windows-x86_64\jniswscale.dll
Event: 13.234 Loaded shared library C:\Users\ethan\.javacpp\cache\ffmpeg-6.0-1.5.9-windows-x86_64.jar\org\bytedeco\ffmpeg\windows-x86_64\avfilter-9.dll
Event: 13.247 Loaded shared library C:\Users\ethan\.javacpp\cache\ffmpeg-6.0-1.5.9-windows-x86_64.jar\org\bytedeco\ffmpeg\windows-x86_64\jniavfilter.dll
Event: 13.269 Loaded shared library C:\Users\ethan\.javacpp\cache\ffmpeg-6.0-1.5.9-windows-x86_64.jar\org\bytedeco\ffmpeg\windows-x86_64\avdevice-60.dll
Event: 13.281 Loaded shared library C:\Users\ethan\.javacpp\cache\ffmpeg-6.0-1.5.9-windows-x86_64.jar\org\bytedeco\ffmpeg\windows-x86_64\jniavdevice.dll
Event: 13.522 Loaded shared library C:\Users\ethan\.javacpp\cache\openblas-0.3.23-1.5.9-windows-x86_64.jar\org\bytedeco\openblas\windows-x86_64\libopenblas_nolapack.dll
Event: 13.531 Loaded shared library C:\Users\ethan\.javacpp\cache\openblas-0.3.23-1.5.9-windows-x86_64.jar\org\bytedeco\openblas\windows-x86_64\jniopenblas_nolapack.dll
Event: 13.594 Loaded shared library C:\Users\ethan\.javacpp\cache\openblas-0.3.23-1.5.9-windows-x86_64.jar\org\bytedeco\openblas\windows-x86_64\libopenblas.dll
Event: 13.607 Loaded shared library C:\Users\ethan\.javacpp\cache\openblas-0.3.23-1.5.9-windows-x86_64.jar\org\bytedeco\openblas\windows-x86_64\jniopenblas.dll
Event: 13.971 Loaded shared library C:\Users\ethan\.javacpp\cache\opencv-4.9.0-1.5.10-windows-x86_64.jar\org\bytedeco\opencv\windows-x86_64\opencv_core490.dll
Event: 13.995 Loaded shared library C:\Users\ethan\.javacpp\cache\opencv-4.9.0-1.5.10-windows-x86_64.jar\org\bytedeco\opencv\windows-x86_64\opencv_imgproc490.dll
Event: 14.014 Loaded shared library C:\Users\ethan\.javacpp\cache\opencv-4.9.0-1.5.10-windows-x86_64.jar\org\bytedeco\opencv\windows-x86_64\jniopencv_core.dll
Event: 18.810 Loaded shared library C:\Users\ethan\.javacpp\cache\opencv-4.9.0-1.5.10-windows-x86_64.jar\org\bytedeco\opencv\windows-x86_64\jniopencv_imgproc.dll

Deoptimization events (20 events):
Event: 23.168 Thread 0x000002a8f47e9150 DEOPT PACKING pc=0x000002a897b436c4 sp=0x000000f5254fcb60
Event: 23.168 Thread 0x000002a8f47e9150 DEOPT UNPACKING pc=0x000002a8975746a2 sp=0x000000f5254fc908 mode 2
Event: 23.168 Thread 0x000002a8f47e9150 Uncommon trap: trap_request=0xffffff6e fr.pc=0x000002a897b209f4 relative=0x00000000000045b4
Event: 23.168 Thread 0x000002a8f47e9150 Uncommon trap: reason=loop_limit_check action=maybe_recompile pc=0x000002a897b209f4 method=sun.java2d.marlin.Renderer._endRendering(II)V @ 1137 c2
Event: 23.168 Thread 0x000002a8f47e9150 DEOPT PACKING pc=0x000002a897b209f4 sp=0x000000f5254fca90
Event: 23.168 Thread 0x000002a8f47e9150 DEOPT UNPACKING pc=0x000002a8975746a2 sp=0x000000f5254fc908 mode 2
Event: 23.194 Thread 0x000002a8f47e9150 Uncommon trap: trap_request=0xffffff6e fr.pc=0x000002a897b4e3bc relative=0x000000000000363c
Event: 23.194 Thread 0x000002a8f47e9150 Uncommon trap: reason=loop_limit_check action=maybe_recompile pc=0x000002a897b4e3bc method=sun.java2d.marlin.Renderer._endRendering(II)V @ 1137 c2
Event: 23.194 Thread 0x000002a8f47e9150 DEOPT PACKING pc=0x000002a897b4e3bc sp=0x000000f5254fca80
Event: 23.194 Thread 0x000002a8f47e9150 DEOPT UNPACKING pc=0x000002a8975746a2 sp=0x000000f5254fc908 mode 2
Event: 28.363 Thread 0x000002a8f47e9150 Uncommon trap: trap_request=0xffffff45 fr.pc=0x000002a897c305d4 relative=0x0000000000000a14
Event: 28.363 Thread 0x000002a8f47e9150 Uncommon trap: reason=unstable_if action=reinterpret pc=0x000002a897c305d4 method=com.editor.BackgroundRemover.createMaskVisualization()Lorg/bytedeco/javacv/Frame; @ 82 c2
Event: 28.363 Thread 0x000002a8f47e9150 DEOPT PACKING pc=0x000002a897c305d4 sp=0x000000f5254fd900
Event: 28.363 Thread 0x000002a8f47e9150 DEOPT UNPACKING pc=0x000002a8975746a2 sp=0x000000f5254fd8b8 mode 2
Event: 28.666 Thread 0x000002a8f47e9150 Uncommon trap: trap_request=0xffffff66 fr.pc=0x000002a897b9ee64 relative=0x0000000000000704
Event: 28.666 Thread 0x000002a8f47e9150 Uncommon trap: reason=speculate_class_check action=maybe_recompile pc=0x000002a897b9ee64 method=sun.java2d.pipe.BufferedContext.validateContext(Lsun/java2d/pipe/hw/AccelSurface;Lsun/java2d/pipe/hw/AccelSurface;Lsun/java2d/pipe/Region;Ljava/awt/Composite;L
Event: 28.666 Thread 0x000002a8f47e9150 DEOPT PACKING pc=0x000002a897b9ee64 sp=0x000000f5254fbec0
Event: 28.666 Thread 0x000002a8f47e9150 DEOPT UNPACKING pc=0x000002a8975746a2 sp=0x000000f5254fbd00 mode 2
Event: 29.563 Thread 0x000002a8f47e9150 DEOPT PACKING pc=0x000002a890259cc4 sp=0x000000f5254fc2e0
Event: 29.563 Thread 0x000002a8f47e9150 DEOPT UNPACKING pc=0x000002a897574e42 sp=0x000000f5254fb868 mode 0

Classes loaded (20 events):
Event: 21.619 Loading class sun/java2d/marlin/Helpers
Event: 21.619 Loading class sun/java2d/marlin/Helpers done
Event: 21.619 Loading class java/lang/FdLibm$Cbrt
Event: 21.619 Loading class java/lang/FdLibm$Cbrt done
Event: 21.619 Loading class java/lang/FdLibm
Event: 21.619 Loading class java/lang/FdLibm done
Event: 21.620 Loading class java/lang/FdLibm$Acos
Event: 21.620 Loading class java/lang/FdLibm$Acos done
Event: 21.620 Loading class sun/java2d/marlin/ArrayCacheConst
Event: 21.620 Loading class sun/java2d/marlin/ArrayCacheConst done
Event: 21.633 Loading class java/util/Vector$1
Event: 21.633 Loading class java/util/Vector$1 done
Event: 21.634 Loading class javax/swing/JToggleButton$1
Event: 21.635 Loading class javax/swing/JToggleButton$1 done
Event: 26.107 Loading class java/security/DomainCombiner
Event: 26.108 Loading class java/security/DomainCombiner done
Event: 29.798 Loading class java/lang/Throwable$WrappedPrintStream
Event: 29.798 Loading class java/lang/Throwable$PrintStreamOrWriter
Event: 29.798 Loading class java/lang/Throwable$PrintStreamOrWriter done
Event: 29.798 Loading class java/lang/Throwable$WrappedPrintStream done

Classes unloaded (0 events):
No events

Classes redefined (0 events):
No events

Internal exceptions (20 events):
Event: 3.615 Thread 0x000002a88573e060 Exception <a 'java/lang/NoSuchMethodError'{0x000000061fb38640}: 'void java.lang.invoke.DelegatingMethodHandle$Holder.reinvoke_L(java.lang.Object, java.lang.Object, long)'> (0x000000061fb38640) 
thrown [s\src\hotspot\share\interpreter\linkResolver.cpp, line 773]
Event: 3.736 Thread 0x000002a8f369efe0 Exception <a 'java/lang/NoSuchMethodError'{0x000000061ee9be98}: 'void java.lang.invoke.Invokers$Holder.invoke_MT(java.lang.Object, java.lang.Object, java.lang.Object)'> (0x000000061ee9be98) 
thrown [s\src\hotspot\share\interpreter\linkResolver.cpp, line 773]
Event: 3.745 Thread 0x000002a8f369efe0 Exception <a 'java/lang/ClassNotFoundException'{0x000000061eed5e80}: sun/awt/resources/spi/awtProvider> (0x000000061eed5e80) 
thrown [s\src\hotspot\share\classfile\systemDictionary.cpp, line 312]
Event: 3.754 Thread 0x000002a8f369efe0 Exception <a 'java/io/FileNotFoundException'{0x000000061ef106f8}> (0x000000061ef106f8) 
thrown [s\src\hotspot\share\prims\jni.cpp, line 520]
Event: 3.757 Thread 0x000002a8f369efe0 Exception <a 'java/io/FileNotFoundException'{0x000000061ef3adb0}> (0x000000061ef3adb0) 
thrown [s\src\hotspot\share\prims\jni.cpp, line 520]
Event: 3.838 Thread 0x000002a8f369efe0 Exception <a 'java/lang/NoSuchMethodError'{0x000000061efab810}: 'void java.lang.invoke.DirectMethodHandle$Holder.invokeStaticInit(java.lang.Object)'> (0x000000061efab810) 
thrown [s\src\hotspot\share\interpreter\linkResolver.cpp, line 773]
Event: 3.846 Thread 0x000002a8f369efe0 Exception <a 'java/lang/NoSuchMethodError'{0x000000061eff4ff0}: 'java.lang.Object java.lang.invoke.DirectMethodHandle$Holder.invokeStatic(java.lang.Object, int, java.lang.Object)'> (0x000000061eff4ff0) 
thrown [s\src\hotspot\share\interpreter\linkResolver.cpp, line 773]
Event: 3.860 Thread 0x000002a8f369efe0 Exception <a 'java/lang/ClassNotFoundException'{0x000000061eb52448}: com/sun/java/swing/plaf/windows/resources/spi/windowsProvider> (0x000000061eb52448) 
thrown [s\src\hotspot\share\classfile\systemDictionary.cpp, line 312]
Event: 3.861 Thread 0x000002a8f369efe0 Exception <a 'java/lang/ClassNotFoundException'{0x000000061eb56600}: com/sun/swing/internal/plaf/basic/resources/spi/basicProvider> (0x000000061eb56600) 
thrown [s\src\hotspot\share\classfile\systemDictionary.cpp, line 312]
Event: 3.866 Thread 0x000002a8f369efe0 Exception <a 'java/lang/NoSuchMethodError'{0x000000061eb640d8}: 'java.lang.Object java.lang.invoke.DirectMethodHandle$Holder.invokeStatic(java.lang.Object, java.lang.Object, int, java.lang.Object)'> (0x000000061eb640d8) 
thrown [s\src\hotspot\share\interpreter\linkResolver.cpp, line 773]
Event: 3.866 Thread 0x000002a8f369efe0 Exception <a 'java/lang/NoSuchMethodError'{0x000000061eb6a2e0}: 'java.lang.Object java.lang.invoke.DirectMethodHandle$Holder.newInvokeSpecial(java.lang.Object, java.lang.Object, int)'> (0x000000061eb6a2e0) 
thrown [s\src\hotspot\share\interpreter\linkResolver.cpp, line 773]
Event: 4.166 Thread 0x000002a8f47e9150 Exception <a 'java/lang/NoSuchMethodError'{0x000000062084e528}: 'int java.lang.invoke.Invokers$Holder.invokeExact_MT(java.lang.Object, java.lang.Object)'> (0x000000062084e528) 
thrown [s\src\hotspot\share\interpreter\linkResolver.cpp, line 773]
Event: 8.441 Thread 0x000002a8f47e9150 Exception <a 'java/lang/NoSuchMethodError'{0x0000000603491e68}: 'int java.lang.invoke.DirectMethodHandle$Holder.invokeStatic(java.lang.Object)'> (0x0000000603491e68) 
thrown [s\src\hotspot\share\interpreter\linkResolver.cpp, line 773]
Event: 8.451 Thread 0x000002a8f47e9150 Exception <a 'java/lang/NoSuchMethodError'{0x00000006034ac4b8}: 'java.lang.Object java.lang.invoke.DirectMethodHandle$Holder.newInvokeSpecial(java.lang.Object, int, java.lang.Object)'> (0x00000006034ac4b8) 
thrown [s\src\hotspot\share\interpreter\linkResolver.cpp, line 773]
Event: 9.363 Thread 0x000002a8f47e9150 Implicit null exception at 0x000002a897df77be to 0x000002a897df7a14
Event: 9.808 Thread 0x000002a8f47e9150 Implicit null exception at 0x000002a897ce7776 to 0x000002a897ce7a33
Event: 9.814 Thread 0x000002a8f47ea500 Exception <a 'java/lang/NoSuchMethodError'{0x00000006036edf10}: 'java.lang.Object java.lang.invoke.DirectMethodHandle$Holder.newInvokeSpecial(java.lang.Object, java.lang.Object, java.lang.Object, int, int, int, int, int)'> (0x00000006036edf10) 
thrown [s\src\hotspot\share\interpreter\linkResolver.cpp, line 773]
Event: 12.642 Thread 0x000002a8f47e9e70 Exception <a 'java/lang/NoSuchMethodError'{0x000000060246d920}: 'int java.lang.invoke.DirectMethodHandle$Holder.invokeStaticInit(java.lang.Object, java.lang.Object, java.lang.Object, java.lang.Object)'> (0x000000060246d920) 
thrown [s\src\hotspot\share\interpreter\linkResolver.cpp, line 773]
Event: 12.643 Thread 0x000002a8f47e9e70 Exception <a 'java/lang/IncompatibleClassChangeError'{0x0000000602475cf0}: Found class java.lang.Object, but interface was expected> (0x0000000602475cf0) 
thrown [s\src\hotspot\share\interpreter\linkResolver.cpp, line 840]
Event: 29.798 Thread 0x000002a8f47e9150 Exception <a 'java/lang/NullPointerException'{0x000000062080bb00}: This pointer address is NULL.> (0x000000062080bb00) 
thrown [s\src\hotspot\share\prims\jni.cpp, line 539]

ZGC Phase Switch (0 events):
No events

VM Operations (20 events):
Event: 21.611 Executing VM operation: HandshakeAllThreads (Deoptimize)
Event: 21.611 Executing VM operation: HandshakeAllThreads (Deoptimize) done
Event: 22.620 Executing VM operation: Cleanup
Event: 22.620 Executing VM operation: Cleanup done
Event: 23.633 Executing VM operation: Cleanup
Event: 23.633 Executing VM operation: Cleanup done
Event: 24.647 Executing VM operation: Cleanup
Event: 24.647 Executing VM operation: Cleanup done
Event: 25.660 Executing VM operation: Cleanup
Event: 25.660 Executing VM operation: Cleanup done
Event: 26.673 Executing VM operation: Cleanup
Event: 26.674 Executing VM operation: Cleanup done
Event: 28.333 Executing VM operation: G1CollectForAllocation (G1 Evacuation Pause)
Event: 28.335 Executing VM operation: G1CollectForAllocation (G1 Evacuation Pause) done
Event: 29.335 Executing VM operation: Cleanup
Event: 29.335 Executing VM operation: Cleanup done
Event: 29.577 Executing VM operation: G1CollectForAllocation (G1 Evacuation Pause)
Event: 29.579 Executing VM operation: G1CollectForAllocation (G1 Evacuation Pause) done
Event: 29.730 Executing VM operation: G1CollectFull (System.gc())
Event: 29.798 Executing VM operation: G1CollectFull (System.gc()) done

Memory protections (0 events):
No events

Nmethod flushes (20 events):
Event: 18.675 Thread 0x000002a8ab93e160 flushing  nmethod 0x000002a890a93c10
Event: 18.675 Thread 0x000002a8ab93e160 flushing  nmethod 0x000002a890a98610
Event: 18.675 Thread 0x000002a8ab93e160 flushing  nmethod 0x000002a890a9e310
Event: 18.675 Thread 0x000002a8ab93e160 flushing  nmethod 0x000002a890a9f590
Event: 18.675 Thread 0x000002a8ab93e160 flushing  nmethod 0x000002a890abcb10
Event: 18.675 Thread 0x000002a8ab93e160 flushing  nmethod 0x000002a890abec90
Event: 18.675 Thread 0x000002a8ab93e160 flushing  nmethod 0x000002a890ac1910
Event: 18.675 Thread 0x000002a8ab93e160 flushing  nmethod 0x000002a890ac4010
Event: 18.675 Thread 0x000002a8ab93e160 flushing  nmethod 0x000002a890ad0290
Event: 18.675 Thread 0x000002a8ab93e160 flushing  nmethod 0x000002a890af2090
Event: 18.675 Thread 0x000002a8ab93e160 flushing  nmethod 0x000002a890af9510
Event: 18.675 Thread 0x000002a8ab93e160 flushing  nmethod 0x000002a890ba7510
Event: 18.675 Thread 0x000002a8ab93e160 flushing  nmethod 0x000002a890ba7890
Event: 29.776 Thread 0x000002a8ab93e160 flushing  nmethod 0x000002a897cf7710
Event: 29.776 Thread 0x000002a8ab93e160 flushing  nmethod 0x000002a897d2cc10
Event: 29.776 Thread 0x000002a8ab93e160 flushing  nmethod 0x000002a897d3a990
Event: 29.776 Thread 0x000002a8ab93e160 flushing  nmethod 0x000002a897d3ed90
Event: 29.776 Thread 0x000002a8ab93e160 flushing  nmethod 0x000002a897d50290
Event: 29.776 Thread 0x000002a8ab93e160 flushing  nmethod 0x000002a8907cb910
Event: 29.776 Thread 0x000002a8ab93e160 flushing  nmethod 0x000002a89080e690

Events (20 events):
Event: 10.383 Thread 0x000002a8f47e97e0 Thread exited: 0x000002a8f47e97e0
Event: 10.418 Thread 0x000002a8f47e9150 Thread added: 0x000002a8f47e97e0
Event: 10.420 Thread 0x000002a8f47e97e0 Thread exited: 0x000002a8f47e97e0
Event: 11.881 Thread 0x000002a8f47e9150 Thread added: 0x000002a8f47e8ac0
Event: 11.883 Thread 0x000002a8f47e8ac0 Thread exited: 0x000002a8f47e8ac0
Event: 12.611 Thread 0x000002a8f47e9150 Thread added: 0x000002a8f47e9e70
Event: 12.861 Thread 0x000002a8ac1f3140 Thread added: 0x000002a8f4f662e0
Event: 12.874 Thread 0x000002a8f47e9e70 Thread added: 0x000002a8ac56b930
Event: 14.201 Thread 0x000002a8ac1eff00 Thread added: 0x000002a8f25c6f60
Event: 14.425 Thread 0x000002a8f25c6f60 Thread exited: 0x000002a8f25c6f60
Event: 14.472 Thread 0x000002a8f4f662e0 Thread exited: 0x000002a8f4f662e0
Event: 14.822 Thread 0x000002a8f47ea500 Thread exited: 0x000002a8f47ea500
Event: 18.628 Thread 0x000002a8f47e9150 Thread added: 0x000002a880f35b70
Event: 22.827 Thread 0x000002a8ac1f3140 Thread added: 0x000002a8f427fdc0
Event: 23.401 Thread 0x000002a8f427fdc0 Thread exited: 0x000002a8f427fdc0
Event: 25.204 Thread 0x000002a8f47e9150 Thread added: 0x000002a880f3b750
Event: 25.743 Thread 0x000002a8f47e9150 Thread added: 0x000002a880f36f20
Event: 26.126 Thread 0x000002a8f47e9150 Thread added: 0x000002a880f347c0
Event: 27.072 Thread 0x000002a8f47e9150 Thread added: 0x000002a880f36200
Event: 27.763 Thread 0x000002a8f47e9150 Thread added: 0x000002a880f34e50


Dynamic libraries:
0x00007ff615360000 - 0x00007ff61536e000 	C:\Program Files\Eclipse Adoptium\jdk-21.0.5.11-hotspot\bin\java.exe
0x00007ffd78890000 - 0x00007ffd78a88000 	C:\WINDOWS\SYSTEM32\ntdll.dll
0x00007ffd77e60000 - 0x00007ffd77f22000 	C:\WINDOWS\System32\KERNEL32.DLL
0x00007ffd76450000 - 0x00007ffd7674f000 	C:\WINDOWS\System32\KERNELBASE.dll
0x00007ffd76100000 - 0x00007ffd76200000 	C:\WINDOWS\System32\ucrtbase.dll
0x00007ffd6c9d0000 - 0x00007ffd6c9e8000 	C:\Program Files\Eclipse Adoptium\jdk-21.0.5.11-hotspot\bin\jli.dll
0x00007ffd6ca10000 - 0x00007ffd6ca2e000 	C:\Program Files\Eclipse Adoptium\jdk-21.0.5.11-hotspot\bin\VCRUNTIME140.dll
0x00007ffd786b0000 - 0x00007ffd7884d000 	C:\WINDOWS\System32\USER32.dll
0x00007ffd64580000 - 0x00007ffd6481a000 	C:\WINDOWS\WinSxS\amd64_microsoft.windows.common-controls_6595b64144ccf1df_6.0.19041.4355_none_60b8b9eb71f62e16\COMCTL32.dll
0x00007ffd76880000 - 0x00007ffd768a2000 	C:\WINDOWS\System32\win32u.dll
0x00007ffd777d0000 - 0x00007ffd7786e000 	C:\WINDOWS\System32\msvcrt.dll
0x00007ffd768b0000 - 0x00007ffd768db000 	C:\WINDOWS\System32\GDI32.dll
0x00007ffd76280000 - 0x00007ffd7639a000 	C:\WINDOWS\System32\gdi32full.dll
0x00007ffd76750000 - 0x00007ffd767ed000 	C:\WINDOWS\System32\msvcp_win.dll
0x00007ffd77b70000 - 0x00007ffd77b9f000 	C:\WINDOWS\System32\IMM32.DLL
0x00007ffd726a0000 - 0x00007ffd726ac000 	C:\Program Files\Eclipse Adoptium\jdk-21.0.5.11-hotspot\bin\vcruntime140_1.dll
0x00007ffd6b4d0000 - 0x00007ffd6b55d000 	C:\Program Files\Eclipse Adoptium\jdk-21.0.5.11-hotspot\bin\msvcp140.dll
0x00007ffce42c0000 - 0x00007ffce504f000 	C:\Program Files\Eclipse Adoptium\jdk-21.0.5.11-hotspot\bin\server\jvm.dll
0x00007ffd77950000 - 0x00007ffd779ff000 	C:\WINDOWS\System32\ADVAPI32.dll
0x00007ffd77db0000 - 0x00007ffd77e4f000 	C:\WINDOWS\System32\sechost.dll
0x00007ffd76bd0000 - 0x00007ffd76cf3000 	C:\WINDOWS\System32\RPCRT4.dll
0x00007ffd76250000 - 0x00007ffd76277000 	C:\WINDOWS\System32\bcrypt.dll
0x00007ffd77400000 - 0x00007ffd7746b000 	C:\WINDOWS\System32\WS2_32.dll
0x00007ffd75ac0000 - 0x00007ffd75b0b000 	C:\WINDOWS\SYSTEM32\POWRPROF.dll
0x00007ffd72cf0000 - 0x00007ffd72cfa000 	C:\WINDOWS\SYSTEM32\VERSION.dll
0x00007ffd6b0c0000 - 0x00007ffd6b0e7000 	C:\WINDOWS\SYSTEM32\WINMM.dll
0x00007ffd75a80000 - 0x00007ffd75a92000 	C:\WINDOWS\SYSTEM32\UMPDC.dll
0x00007ffd73cf0000 - 0x00007ffd73d02000 	C:\WINDOWS\SYSTEM32\kernel.appcore.dll
0x00007ffd70290000 - 0x00007ffd7029a000 	C:\Program Files\Eclipse Adoptium\jdk-21.0.5.11-hotspot\bin\jimage.dll
0x00007ffd68fc0000 - 0x00007ffd691a4000 	C:\WINDOWS\SYSTEM32\DBGHELP.DLL
0x00007ffd57380000 - 0x00007ffd573b4000 	C:\WINDOWS\SYSTEM32\dbgcore.DLL
0x00007ffd767f0000 - 0x00007ffd76872000 	C:\WINDOWS\System32\bcryptPrimitives.dll
0x00007ffd6c9b0000 - 0x00007ffd6c9cf000 	C:\Program Files\Eclipse Adoptium\jdk-21.0.5.11-hotspot\bin\java.dll
0x00007ffd77f40000 - 0x00007ffd786ad000 	C:\WINDOWS\System32\SHELL32.dll
0x00007ffd73fd0000 - 0x00007ffd74774000 	C:\WINDOWS\SYSTEM32\windows.storage.dll
0x00007ffd77470000 - 0x00007ffd777c5000 	C:\WINDOWS\System32\combase.dll
0x00007ffd75890000 - 0x00007ffd758bb000 	C:\WINDOWS\SYSTEM32\Wldp.dll
0x00007ffd77870000 - 0x00007ffd7793d000 	C:\WINDOWS\System32\OLEAUT32.dll
0x00007ffd77a00000 - 0x00007ffd77aad000 	C:\WINDOWS\System32\SHCORE.dll
0x00007ffd77ab0000 - 0x00007ffd77b05000 	C:\WINDOWS\System32\shlwapi.dll
0x00007ffd75e60000 - 0x00007ffd75e85000 	C:\WINDOWS\SYSTEM32\profapi.dll
0x00007ffd64d70000 - 0x00007ffd64e47000 	C:\Program Files\Eclipse Adoptium\jdk-21.0.5.11-hotspot\bin\jsvml.dll
0x00007ffd70270000 - 0x00007ffd70280000 	C:\Program Files\Eclipse Adoptium\jdk-21.0.5.11-hotspot\bin\net.dll
0x00007ffd6ed30000 - 0x00007ffd6ee3a000 	C:\WINDOWS\SYSTEM32\WINHTTP.dll
0x00007ffd755f0000 - 0x00007ffd7565c000 	C:\WINDOWS\system32\mswsock.dll
0x00007ffd6b4b0000 - 0x00007ffd6b4c6000 	C:\Program Files\Eclipse Adoptium\jdk-21.0.5.11-hotspot\bin\nio.dll
0x00007ffd6b490000 - 0x00007ffd6b4a8000 	C:\Program Files\Eclipse Adoptium\jdk-21.0.5.11-hotspot\bin\zip.dll
0x00007ffd69250000 - 0x00007ffd69274000 	C:\ProgramData\chocolatey\lib\maven\apache-maven-3.9.9\lib\jansi-native\Windows\x86_64\jansi.dll
0x00007ffd6caf0000 - 0x00007ffd6cb00000 	C:\Program Files\Eclipse Adoptium\jdk-21.0.5.11-hotspot\bin\verify.dll
0x00007ffd41e80000 - 0x00007ffd4200e000 	C:\Program Files\Eclipse Adoptium\jdk-21.0.5.11-hotspot\bin\awt.dll
0x00007ffd72bf0000 - 0x00007ffd72c84000 	C:\WINDOWS\SYSTEM32\apphelp.dll
0x00007ffd738e0000 - 0x00007ffd7397e000 	C:\WINDOWS\system32\uxtheme.dll
0x00007ffd77c30000 - 0x00007ffd77d45000 	C:\WINDOWS\System32\MSCTF.dll
0x00007ffd768e0000 - 0x00007ffd76a0b000 	C:\WINDOWS\System32\ole32.dll
0x00007ffd73cc0000 - 0x00007ffd73cef000 	C:\WINDOWS\system32\DWMAPI.DLL
0x00007ffd41d50000 - 0x00007ffd41e78000 	C:\WINDOWS\system32\opengl32.dll
0x00007ffd64d00000 - 0x00007ffd64d2c000 	C:\WINDOWS\SYSTEM32\GLU32.dll
0x00007ffd6e580000 - 0x00007ffd6e751000 	C:\WINDOWS\system32\d3d9.dll
0x00007ffd3c160000 - 0x00007ffd3c222000 	C:\WINDOWS\System32\DriverStore\FileRepository\nv_dispi.inf_amd64_9d15b9aa9e1c885b\nvldumdx.dll
0x00007ffd75aa0000 - 0x00007ffd75ab2000 	C:\WINDOWS\SYSTEM32\msasn1.dll
0x00007ffd6dde0000 - 0x00007ffd6de11000 	C:\WINDOWS\SYSTEM32\cryptnet.dll
0x00007ffd75fa0000 - 0x00007ffd760fc000 	C:\WINDOWS\System32\CRYPT32.dll
0x00007ffd75800000 - 0x00007ffd7580c000 	C:\WINDOWS\SYSTEM32\cryptbase.dll
0x00007ffd6d970000 - 0x00007ffd6dab7000 	C:\WINDOWS\SYSTEM32\drvstore.dll
0x00007ffd75cc0000 - 0x00007ffd75cf3000 	C:\WINDOWS\SYSTEM32\devobj.dll
0x00007ffd76200000 - 0x00007ffd7624e000 	C:\WINDOWS\System32\cfgmgr32.dll
0x00007ffd75f30000 - 0x00007ffd75f98000 	C:\WINDOWS\System32\wintrust.dll
0x00007ffd773e0000 - 0x00007ffd773fd000 	C:\WINDOWS\System32\imagehlp.dll
0x00007ffd757e0000 - 0x00007ffd757f8000 	C:\WINDOWS\SYSTEM32\CRYPTSP.dll
0x00007ffd74f10000 - 0x00007ffd74f48000 	C:\WINDOWS\system32\rsaenh.dll
0x00007ffca53e0000 - 0x00007ffca8b7a000 	C:\WINDOWS\System32\DriverStore\FileRepository\nv_dispi.inf_amd64_9d15b9aa9e1c885b\nvgpucomp64.dll
0x00007ffd22990000 - 0x00007ffd22a67000 	C:\WINDOWS\System32\DriverStore\FileRepository\nv_dispi.inf_amd64_9d15b9aa9e1c885b\NvMemMapStoragex.dll
0x00007ffce21f0000 - 0x00007ffce42b7000 	C:\WINDOWS\System32\DriverStore\FileRepository\nv_dispi.inf_amd64_9d15b9aa9e1c885b\nvd3dumx.dll
0x00007ffd6e870000 - 0x00007ffd6eb40000 	C:\WINDOWS\system32\nvspcap64.dll
0x00007ffd75160000 - 0x00007ffd75193000 	C:\WINDOWS\SYSTEM32\ntmarta.dll
0x00007ffd74790000 - 0x00007ffd747b3000 	C:\WINDOWS\SYSTEM32\gpapi.dll
0x00007ffd1a570000 - 0x00007ffd1a724000 	C:\WINDOWS\System32\DriverStore\FileRepository\nv_dispi.inf_amd64_9d15b9aa9e1c885b\nvppex.dll
0x00007ffd6b1d0000 - 0x00007ffd6b20b000 	C:\WINDOWS\SYSTEM32\dxcore.dll
0x00007ffd64c70000 - 0x00007ffd64cf7000 	C:\Program Files\Eclipse Adoptium\jdk-21.0.5.11-hotspot\bin\freetype.dll
0x00007ffd3ff40000 - 0x00007ffd4001b000 	C:\Program Files\Eclipse Adoptium\jdk-21.0.5.11-hotspot\bin\fontmanager.dll
0x00007ffd581e0000 - 0x00007ffd582d9000 	C:\WINDOWS\SYSTEM32\textinputframework.dll
0x00007ffd721e0000 - 0x00007ffd722d2000 	C:\WINDOWS\System32\CoreMessaging.dll
0x00007ffd71e40000 - 0x00007ffd7219b000 	C:\WINDOWS\System32\CoreUIComponents.dll
0x00007ffd730b0000 - 0x00007ffd73207000 	C:\WINDOWS\SYSTEM32\wintypes.dll
0x00007ffd644b0000 - 0x00007ffd64516000 	C:\WINDOWS\system32\Oleacc.dll
0x00007ffd5ff30000 - 0x00007ffd5ffe0000 	C:\WINDOWS\WinSxS\amd64_microsoft.windows.common-controls_6595b64144ccf1df_5.82.19041.4355_none_792ecafd2442822f\comctl32.dll
0x00007ffd76d00000 - 0x00007ffd76da9000 	C:\WINDOWS\System32\clbcatq.dll
0x00007ffd72d00000 - 0x00007ffd72df6000 	C:\WINDOWS\system32\propsys.dll
0x00007ffd58960000 - 0x00007ffd58977000 	C:\WINDOWS\system32\NetworkExplorer.dll
0x00007ffd736a0000 - 0x00007ffd73854000 	C:\WINDOWS\SYSTEM32\WindowsCodecs.dll
0x00007ffd528a0000 - 0x00007ffd52906000 	C:\Windows\System32\thumbcache.dll
0x00007ffd624a0000 - 0x00007ffd62691000 	C:\Windows\System32\urlmon.dll
0x00007ffd61c70000 - 0x00007ffd61f2f000 	C:\Windows\System32\iertutil.dll
0x00007ffd753e0000 - 0x00007ffd753ec000 	C:\Windows\System32\netutils.dll
0x00007ffd63a70000 - 0x00007ffd63a98000 	C:\Windows\System32\srvcli.dll
0x00007ffd75de0000 - 0x00007ffd75e12000 	C:\Windows\System32\SspiCli.dll
0x00007ffd626d0000 - 0x00007ffd626ed000 	C:\WINDOWS\SYSTEM32\MPR.dll
0x00007ffd4f5d0000 - 0x00007ffd4f5db000 	C:\WINDOWS\System32\drprov.dll
0x00007ffd75900000 - 0x00007ffd7595b000 	C:\WINDOWS\System32\WINSTA.dll
0x00007ffd4f270000 - 0x00007ffd4f28f000 	C:\WINDOWS\System32\ntlanman.dll
0x00007ffd4f090000 - 0x00007ffd4f0ae000 	C:\WINDOWS\System32\davclnt.dll
0x00007ffd4f080000 - 0x00007ffd4f08d000 	C:\WINDOWS\System32\DAVHLPR.dll
0x00007ffd75030000 - 0x00007ffd75049000 	C:\WINDOWS\System32\wkscli.dll
0x00007ffd51c30000 - 0x00007ffd51c42000 	C:\WINDOWS\SYSTEM32\cscapi.dll
0x00007ffd61b90000 - 0x00007ffd61be6000 	C:\Windows\System32\dlnashext.dll
0x00007ffd5fca0000 - 0x00007ffd5fd04000 	C:\Windows\System32\PlayToDevice.dll
0x00007ffd54710000 - 0x00007ffd54730000 	C:\Windows\System32\DevDispItemProvider.dll
0x00007ffd6f630000 - 0x00007ffd6f6b9000 	C:\WINDOWS\System32\MMDevApi.dll
0x00007ffd4edc0000 - 0x00007ffd4ee61000 	C:\WINDOWS\system32\wpdshext.dll
0x00007ffd64820000 - 0x00007ffd649c8000 	C:\WINDOWS\WinSxS\amd64_microsoft.windows.gdiplus_6595b64144ccf1df_1.1.19041.5369_none_91a453e0cc8824e6\gdiplus.dll
0x00007ffd725d0000 - 0x00007ffd72673000 	C:\Windows\System32\PortableDeviceApi.dll
0x00007ffd76f60000 - 0x00007ffd773d1000 	C:\WINDOWS\System32\SETUPAPI.dll
0x00007ffd61ab0000 - 0x00007ffd61ae7000 	C:\Windows\System32\EhStorShell.dll
0x00007ffd57fd0000 - 0x00007ffd57ff6000 	C:\Windows\System32\EhStorAPI.dll
0x00007ffd72cd0000 - 0x00007ffd72ce4000 	C:\Windows\System32\WTSAPI32.dll
0x00007ffd51be0000 - 0x00007ffd51bed000 	C:\WINDOWS\SYSTEM32\LINKINFO.dll
0x00007ffd60450000 - 0x00007ffd6045c000 	C:\WINDOWS\SYSTEM32\Secur32.dll
0x00007ffd52910000 - 0x00007ffd5294e000 	C:\WINDOWS\system32\dataexchange.dll
0x00007ffd718b0000 - 0x00007ffd71a94000 	C:\WINDOWS\system32\dcomp.dll
0x00007ffd71060000 - 0x00007ffd712c3000 	C:\WINDOWS\system32\d3d11.dll
0x00007ffd747c0000 - 0x00007ffd748b6000 	C:\WINDOWS\system32\dxgi.dll
0x00007ffd6e110000 - 0x00007ffd6e313000 	C:\WINDOWS\system32\twinapi.appcore.dll
0x00007ffd60880000 - 0x00007ffd60978000 	C:\Windows\System32\MrmCoreR.dll
0x00007ffd61850000 - 0x00007ffd61861000 	C:\WINDOWS\SYSTEM32\windows.staterepositorycore.dll
0x000002a8801d0000 - 0x000002a8801d4000 	C:\Users\ethan\.javacpp\cache\javacpp-1.5.9-windows-x86_64.jar\org\bytedeco\javacpp\windows-x86_64\api-ms-win-crt-locale-l1-1-0.dll
0x000002a8801e0000 - 0x000002a8801e5000 	C:\Users\ethan\.javacpp\cache\javacpp-1.5.9-windows-x86_64.jar\org\bytedeco\javacpp\windows-x86_64\api-ms-win-crt-string-l1-1-0.dll
0x000002a8801f0000 - 0x000002a8801f5000 	C:\Users\ethan\.javacpp\cache\javacpp-1.5.9-windows-x86_64.jar\org\bytedeco\javacpp\windows-x86_64\api-ms-win-crt-stdio-l1-1-0.dll
0x000002a880200000 - 0x000002a880206000 	C:\Users\ethan\.javacpp\cache\javacpp-1.5.9-windows-x86_64.jar\org\bytedeco\javacpp\windows-x86_64\api-ms-win-crt-math-l1-1-0.dll

dbghelp: loaded successfully - version: 4.0.5 - missing functions: none
symbol engine: initialized successfully - sym options: 0x614 - pdb path: .;C:\Program Files\Eclipse Adoptium\jdk-21.0.5.11-hotspot\bin;C:\WINDOWS\SYSTEM32;C:\WINDOWS\WinSxS\amd64_microsoft.windows.common-controls_6595b64144ccf1df_6.0.19041.4355_none_60b8b9eb71f62e16;C:\Program Files\Eclipse Adoptium\jdk-21.0.5.11-hotspot\bin\server;C:\ProgramData\chocolatey\lib\maven\apache-maven-3.9.9\lib\jansi-native\Windows\x86_64;C:\WINDOWS\System32\DriverStore\FileRepository\nv_dispi.inf_amd64_9d15b9aa9e1c885b;C:\WINDOWS\WinSxS\amd64_microsoft.windows.common-controls_6595b64144ccf1df_5.82.19041.4355_none_792ecafd2442822f;C:\WINDOWS\WinSxS\amd64_microsoft.windows.gdiplus_6595b64144ccf1df_1.1.19041.5369_none_91a453e0cc8824e6;C:\Users\ethan\.javacpp\cache\javacpp-1.5.9-windows-x86_64.jar\org\bytedeco\javacpp\windows-x86_64;C:\Users\ethan\.javacpp\cache\ffmpeg-6.0-1.5.9-windows-x86_64.jar\org\bytedeco\ffmpeg\windows-x86_64;C:\Users\ethan\.javacpp\cache\openblas-0.3.23-1.5.9-windows-x86_64.jar\org\bytedeco\openblas\windows-x86_64;C:\Users\ethan\.javacpp\cache\opencv-4.9.0-1.5.10-windows-x86_64.jar\org\bytedeco\opencv\windows-x86_64

VM Arguments:
jvm_args: -Dclassworlds.conf=C:\ProgramData\chocolatey\lib\maven\apache-maven-3.9.9\bin\m2.conf -Dmaven.home=C:\ProgramData\chocolatey\lib\maven\apache-maven-3.9.9 -Dlibrary.jansi.path=C:\ProgramData\chocolatey\lib\maven\apache-maven-3.9.9\lib\jansi-native -Dmaven.multiModuleProjectDirectory=A:\Kinoui\SMU\COURSE WORK\year 2 sem 2\OOP\proj\OOPs 
java_command: org.codehaus.plexus.classworlds.launcher.Launcher exec:java -Dexec.mainClass=com.main.MainApplication
java_class_path (initial): C:\ProgramData\chocolatey\lib\maven\apache-maven-3.9.9\boot\plexus-classworlds-2.8.0.jar
Launcher Type: SUN_STANDARD

[Global flags]
     intx CICompilerCount                          = 4                                         {product} {ergonomic}
     uint ConcGCThreads                            = 3                                         {product} {ergonomic}
     uint G1ConcRefinementThreads                  = 10                                        {product} {ergonomic}
   size_t G1HeapRegionSize                         = 4194304                                   {product} {ergonomic}
    uintx GCDrainStackTargetSize                   = 64                                        {product} {ergonomic}
   size_t InitialHeapSize                          = 536870912                                 {product} {ergonomic}
   size_t MarkStackSize                            = 4194304                                   {product} {ergonomic}
   size_t MaxHeapSize                              = 8577351680                                {product} {ergonomic}
   size_t MaxNewSize                               = 5146411008                                {product} {ergonomic}
   size_t MinHeapDeltaBytes                        = 4194304                                   {product} {ergonomic}
   size_t MinHeapSize                              = 8388608                                   {product} {ergonomic}
    uintx NonNMethodCodeHeapSize                   = 5839372                                {pd product} {ergonomic}
    uintx NonProfiledCodeHeapSize                  = 122909434                              {pd product} {ergonomic}
    uintx ProfiledCodeHeapSize                     = 122909434                              {pd product} {ergonomic}
    uintx ReservedCodeCacheSize                    = 251658240                              {pd product} {ergonomic}
     bool SegmentedCodeCache                       = true                                      {product} {ergonomic}
   size_t SoftMaxHeapSize                          = 8577351680                             {manageable} {ergonomic}
     bool UseCompressedOops                        = true                           {product lp64_product} {ergonomic}
     bool UseG1GC                                  = true                                      {product} {ergonomic}
     bool UseLargePagesIndividualAllocation        = false                                  {pd product} {ergonomic}

Logging:
Log output configuration:
 #0: stdout all=warning uptime,level,tags foldmultilines=false
 #1: stderr all=off uptime,level,tags foldmultilines=false

Environment Variables:
JAVA_HOME=C:\Program Files\Eclipse Adoptium\jdk-21.0.5.11-hotspot
PATH=C:\Program Files\Eclipse Adoptium\jdk-21.0.5.11-hotspot\bin;C:\Users\ethan\AppData\Local\Programs\Eclipse Adoptium\jdk-21.0.6.7-hotspot\bin;C:\Program Files (x86)\Common Files\Oracle\Java\javapath;C:\Windows\system32;C:\Windows;C:\Windows\System32\Wbem;C:\Windows\System32\WindowsPowerShell\v1.0\;C:\Windows\System32\OpenSSH\;C:\Program Files (x86)\NVIDIA Corporation\PhysX\Common;C:\Program Files\NVIDIA Corporation\NVIDIA NvDLISR;C:\Program Files\Calibre2\;C:\WINDOWS\system32;C:\WINDOWS;C:\WINDOWS\System32\Wbem;C:\WINDOWS\System32\WindowsPowerShell\v1.0\;C:\WINDOWS\System32\OpenSSH\;C:\Program Files\dotnet\;A:\Kinoui\servers\remoteit\resources\x64;A:\Kinoui\[a]ss\app\remoteit\resources\x64;A:\Kinoui\[a]ss\app\remoteit\resources\x64;C:\Users\ethan\AppData\Roaming\nvm;C:\Program Files\nodejs;C:\ProgramData\chocolatey\bin;C:\ProgramData\chocolatey\lib\maven\apache-maven-3.9.9\bin;C:\Program Files\Eclipse Adoptium\jdk-21.0.5.11-hotspot\bin;C:\Program Files (x86)\Common Files\Oracle\Java\javapath;C:\Windows\system32;C:\Windows;C:\Windows\System32\Wbem;C:\Windows\System32\WindowsPowerShell\v1.0\;C:\Windows\System32\OpenSSH\;C:\Program Files (x86)\NVIDIA Corporation\PhysX\Common;C:\Program Files\NVIDIA Corporation\NVIDIA NvDLISR;C:\Program Files\Calibre2\;C:\WINDOWS\system32;C:\WINDOWS;C:\WINDOWS\System32\Wbem;C:\WINDOWS\System32\WindowsPowerShell\v1.0\;C:\WINDOWS\System32\OpenSSH\;C:\Program Files\dotnet\;A:\Kinoui\servers\remoteit\resources\x64;A:\Kinoui\[a]ss\app\remoteit\resources\x64;A:\Kinoui\[a]ss\app\remoteit\resources\x64;C:\Users\ethan\AppData\Roaming\nvm;C:\Program Files\nodejs;C:\ProgramData\chocolatey\bin;C:\ProgramData\chocolatey\lib\maven\apache-maven-3.9.9\bin;C:\Users\ethan\AppData\Local\Programs\Eclipse Adoptium\jdk-21.0.6.7-hotspot\bin;C:\Users\ethan\AppData\Local\Microsoft\WindowsApps;G:\Coding\Coding software\Microsoft VS Code\bin;C:\Users\ethan\AppData\Local\GitHubDesktop\bin;C:\Users\ethan\AppData\;C:\Program Files\Eclipse Adoptium\jre-17.0.13.11-hotspot;C:\Program Files\Eclipse Adoptium\jdk-21.0.5.11-hotspot;
USERNAME=ethan
OS=Windows_NT
PROCESSOR_IDENTIFIER=AMD64 Family 23 Model 8 Stepping 2, AuthenticAMD
TMP=C:\Users\ethan\AppData\Local\Temp
TEMP=C:\Users\ethan\AppData\Local\Temp




Periodic native trim disabled

---------------  S Y S T E M  ---------------

OS:
 Windows 10 , 64 bit Build 19041 (10.0.19041.5438)
OS uptime: 2 days 8:48 hours

CPU: total 12 (initial active 12) (12 cores per cpu, 2 threads per core) family 23 model 8 stepping 2 microcode 0x0, cx8, cmov, fxsr, ht, mmx, 3dnowpref, sse, sse2, sse3, ssse3, sse4a, sse4.1, sse4.2, popcnt, lzcnt, tsc, tscinvbit, avx, avx2, aes, clmul, bmi1, bmi2, adx, sha, fma, vzeroupper, clflush, clflushopt, rdtscp, f16c
Processor Information for all 12 processors :
  Max Mhz: 3400, Current Mhz: 3400, Mhz Limit: 3400

Memory: 4k page, system-wide physical 32719M (16256M free)
TotalPageFile size 37583M (AvailPageFile size 6692M)
current process WorkingSet (physical memory assigned to process): 329M, peak: 761M
current process commit charge ("private bytes"): 3238M, peak: 3780M

vm_info: OpenJDK 64-Bit Server VM (21.0.5+11-LTS) for windows-amd64 JRE (21.0.5+11-LTS), built on 2024-10-15T00:00:00Z by "admin" with MS VC++ 17.7 (VS2022)

END.
