#
# A fatal error has been detected by the Java Runtime Environment:
#
#  EXCEPTION_ACCESS_VIOLATION (0xc0000005) at pc=0x00007ffccbf18615, pid=26100, tid=21300
#
# JRE version: OpenJDK Runtime Environment Temurin-21.0.5+11 (21.0.5+11) (build 21.0.5+11-LTS)
# Java VM: OpenJDK 64-Bit Server VM Temurin-21.0.5+11 (21.0.5+11-LTS, mixed mode, sharing, tiered, compressed oops, compressed class ptrs, g1 gc, windows-amd64)
# Problematic frame:
# C  0x00007ffccbf18615
#
# No core dump will be written. Minidumps are not enabled by default on client versions of Windows
#
# If you would like to submit a bug report, please visit:
#   https://github.com/adoptium/adoptium-support/issues
# The crash happened outside the Java Virtual Machine in native code.
# See problematic frame for where to report the bug.
#

---------------  S U M M A R Y ------------

Command Line: -Dclassworlds.conf=C:\ProgramData\chocolatey\lib\maven\apache-maven-3.9.9\bin\m2.conf -Dmaven.home=C:\ProgramData\chocolatey\lib\maven\apache-maven-3.9.9 -Dlibrary.jansi.path=C:\ProgramData\chocolatey\lib\maven\apache-maven-3.9.9\lib\jansi-native -Dmaven.multiModuleProjectDirectory=A:\Kinoui\SMU\COURSE WORK\year 2 sem 2\OOP\proj\OOPs org.codehaus.plexus.classworlds.launcher.Launcher exec:java -Dexec.mainClass=com.main.MainApplication

Host: AMD Ryzen 5 2600 Six-Core Processor            , 12 cores, 31G,  Windows 10 , 64 bit Build 19041 (10.0.19041.5438)
Time: Mon Mar 24 05:10:38 2025 Malay Peninsula Standard Time elapsed time: 30.121169 seconds (0d 0h 0m 30s)

---------------  T H R E A D  ---------------

Current thread (0x000001efcd87b9d0):  JavaThread "SwingWorker-pool-2-thread-7" daemon [_thread_in_native, id=21300, stack(0x0000007f00700000,0x0000007f00800000) (1024K)]

Stack: [0x0000007f00700000,0x0000007f00800000],  sp=0x0000007f007fe3a0,  free space=1016k
Native frames: (J=compiled Java code, j=interpreted, Vv=VM code, C=native code)
C  0x00007ffccbf18615

Java frames: (J=compiled Java code, j=interpreted, Vv=VM code)
j  org.bytedeco.opencv.global.opencv_imgproc.grabCut(Lorg/bytedeco/opencv/opencv_core/Mat;Lorg/bytedeco/opencv/opencv_core/Mat;Lorg/bytedeco/opencv/opencv_core/Rect;Lorg/bytedeco/opencv/opencv_core/Mat;Lorg/bytedeco/opencv/opencv_core/Mat;II)V+0
j  com.editor.BackgroundRemover.refineSegmentation(Ljava/util/List;Ljava/util/List;I)Lorg/bytedeco/javacv/Frame;+82
j  com.ui.handlers.ForegroundRefinementHandler$3.doInBackground()Lorg/bytedeco/javacv/Frame;+19
j  com.ui.handlers.ForegroundRefinementHandler$3.doInBackground()Ljava/lang/Object;+1
j  javax.swing.SwingWorker$1.call()Ljava/lang/Object;+14 java.desktop@21.0.5
J 5697 c1 java.util.concurrent.FutureTask.run()V java.base@21.0.5 (123 bytes) @ 0x000001efe7ef53ac [0x000001efe7ef4c60+0x000000000000074c]
j  javax.swing.SwingWorker.run()V+4 java.desktop@21.0.5
j  java.util.concurrent.ThreadPoolExecutor.runWorker(Ljava/util/concurrent/ThreadPoolExecutor$Worker;)V+92 java.base@21.0.5
j  java.util.concurrent.ThreadPoolExecutor$Worker.run()V+5 java.base@21.0.5
j  java.lang.Thread.runWith(Ljava/lang/Object;Ljava/lang/Runnable;)V+5 java.base@21.0.5
j  java.lang.Thread.run()V+19 java.base@21.0.5
v  ~StubRoutines::call_stub 0x000001efee8d100d

siginfo: EXCEPTION_ACCESS_VIOLATION (0xc0000005), reading address 0x00000000000264eb


Registers:
RAX=0x0000000000000000, RBX=0x0000007f007fe600, RCX=0x00000000000264eb, RDX=0x000001efd575a5a0
RSP=0x0000007f007fe3a0, RBP=0x0000007f007fe5a0, RSI=0x00000000000000eb, RDI=0x00000000000264eb
R8 =0x000000000000002c, R9 =0x000000000000002b, R10=0x0000000000000034, R11=0x0000007f007fe390
R12=0x00000000000264ec, R13=0x0000000000000099, R14=0x00000000000000eb, R15=0x0000000000000099
RIP=0x00007ffccbf18615, EFLAGS=0x0000000000010206


Register to memory mapping:

RAX=0x0 is null
RBX=0x0000007f007fe600 is pointing into the stack for thread: 0x000001efcd87b9d0
RCX=0x00000000000264eb is an unknown value
RDX=0x000001efd575a5a0 points into unknown readable memory: 0x0000000242ff4000 | 00 40 ff 42 02 00 00 00
RSP=0x0000007f007fe3a0 is pointing into the stack for thread: 0x000001efcd87b9d0
RBP=0x0000007f007fe5a0 is pointing into the stack for thread: 0x000001efcd87b9d0
RSI=0x00000000000000eb is an unknown value
RDI=0x00000000000264eb is an unknown value
R8 =0x000000000000002c is an unknown value
R9 =0x000000000000002b is an unknown value
R10=0x0000000000000034 is an unknown value
R11=0x0000007f007fe390 is pointing into the stack for thread: 0x000001efcd87b9d0
R12=0x00000000000264ec is an unknown value
R13=0x0000000000000099 is an unknown value
R14=0x00000000000000eb is an unknown value
R15=0x0000000000000099 is an unknown value

Top of Stack: (sp=0x0000007f007fe3a0)
0x0000007f007fe3a0:   0000007f007fe600 0000007f007fe5a0
0x0000007f007fe3b0:   00000000000000ea 0000007f007fe600
0x0000007f007fe3c0:   4041ad7bc526cd71 0000000000000000
0x0000007f007fe3d0:   000001efd575a5a0 0000007f007fec40
0x0000007f007fe3e0:   0000007f007fe840 0000000000000000
0x0000007f007fe3f0:   0000000000000000 0000000000000000
0x0000007f007fe400:   0000000000000000 0000000000000000
0x0000007f007fe410:   00007ea1d35ef09e 00007ffccbf18d46
0x0000007f007fe420:   0000000000000000 0000000000000000
0x0000007f007fe430:   0000000000000000 0000000000000000
0x0000007f007fe440:   0000000000000000 0000000000000000
0x0000007f007fe450:   0000000000000000 0000000000000000
0x0000007f007fe460:   0000000000000000 0000000000000000
0x0000007f007fe470:   0000000000000000 0000000000000000
0x0000007f007fe480:   407c200000000000 0000000000000000
0x0000007f007fe490:   000001efd575a5a0 0000000000000249
0x0000007f007fe4a0:   0000000000000001 0000000000000004
0x0000007f007fe4b0:   0000000000000005 0000000000000249
0x0000007f007fe4c0:   0000007f007fe5d0 00007ffccbf19593
0x0000007f007fe4d0:   00000000000003ff 0000000000000000
0x0000007f007fe4e0:   0000007f007fe5d0 0000000000000249
0x0000007f007fe4f0:   407c200000000000 0000007f007fe7e0
0x0000007f007fe500:   0000007f007fe780 0000007f007fe720
0x0000007f007fe510:   0000007f007fe6c0 0000007f007fe600
0x0000007f007fe520:   0000024900000005 4040800000000000
0x0000007f007fe530:   402c000000000000 4022000000000000
0x0000007f007fe540:   000001ef00000000 00007ffce491e3f4
0x0000007f007fe550:   4048000000000000 4039000000000000
0x0000007f007fe560:   4037000000000000 0000000000000001
0x0000007f007fe570:   0000000000000000 000001ef00000000
0x0000007f007fe580:   0000007f007fe5b0 0000000000000000
0x0000007f007fe590:   0000000000000000 000001efcd87b900 

Instructions: (pc=0x00007ffccbf18615)
0x00007ffccbf18515:   48 8b 41 10 48 2b 01 48 c1 f8 04 48 3b d0 76 05
0x00007ffccbf18525:   e8 46 e3 ff ff 48 c7 43 30 00 00 00 00 45 33 ff
0x00007ffccbf18535:   44 39 7d 08 0f 8e 06 03 00 00 f2 44 0f 10 9c 24
0x00007ffccbf18545:   50 01 00 00 f2 44 0f 10 25 ae 53 39 00 45 0f 57
0x00007ffccbf18555:   d2 66 66 0f 1f 84 00 00 00 00 00 33 f6 39 75 0c
0x00007ffccbf18565:   0f 8e cd 02 00 00 4d 63 ef 66 90 0f 57 c0 33 c0
0x00007ffccbf18575:   0f 11 44 24 48 0f 11 44 24 58 48 89 44 24 68 48
0x00007ffccbf18585:   8b 53 08 48 3b 53 10 74 19 0f 11 02 0f 11 42 10
0x00007ffccbf18595:   f2 0f 10 44 24 68 f2 0f 11 42 20 48 83 43 08 28
0x00007ffccbf185a5:   eb 0d 4c 8d 44 24 48 48 8b cb e8 dc c4 ff ff 48
0x00007ffccbf185b5:   8b 4b 08 48 2b 0b 49 8b c6 48 f7 e9 4c 8b e2 49
0x00007ffccbf185c5:   c1 fc 04 49 8b c4 48 c1 e8 3f 4c 03 e0 41 8d 7c
0x00007ffccbf185d5:   24 ff 4c 63 f6 48 8b 45 48 49 8b cd 48 0f af 08
0x00007ffccbf185e5:   4b 8d 04 76 48 03 c8 48 03 4d 10 44 0f b6 01 44
0x00007ffccbf185f5:   0f b6 49 01 44 0f b6 51 02 48 8b 54 24 30 48 8b
0x00007ffccbf18605:   42 48 49 8b cd 48 0f af 08 49 03 ce 48 8b 42 10
0x00007ffccbf18615:   0f b6 14 01 8d 42 fe 3c 01 76 1b 84 d2 75 0d 45
0x00007ffccbf18625:   0f 28 ca 41 0f 28 cb e9 83 00 00 00 45 0f 28 cb
0x00007ffccbf18635:   41 0f 28 ca eb 79 66 45 0f 6e c0 f3 45 0f e6 c0
0x00007ffccbf18645:   f2 44 0f 11 44 24 48 66 41 0f 6e f9 f3 0f e6 ff
0x00007ffccbf18655:   f2 0f 11 7c 24 50 66 41 0f 6e f2 f3 0f e6 f6 f2
0x00007ffccbf18665:   0f 11 74 24 58 48 8d 54 24 48 48 8b 4c 24 38 e8
0x00007ffccbf18675:   47 da ff ff e8 56 46 30 00 44 0f 28 c8 45 0f 57
0x00007ffccbf18685:   cc f2 44 0f 11 44 24 48 f2 0f 11 7c 24 50 f2 0f
0x00007ffccbf18695:   11 74 24 58 48 8d 54 24 48 48 8b 4c 24 40 e8 18
0x00007ffccbf186a5:   da ff ff e8 27 46 30 00 0f 28 c8 41 0f 57 cc 85
0x00007ffccbf186b5:   ff 0f 88 d4 01 00 00 4c 8b 03 48 8b 4b 08 49 2b
0x00007ffccbf186c5:   c8 48 b8 67 66 66 66 66 66 66 66 48 f7 e9 48 c1
0x00007ffccbf186d5:   fa 04 48 8b c2 48 c1 e8 3f 48 03 d0 3b fa 0f 8d
0x00007ffccbf186e5:   a7 01 00 00 49 63 c4 48 8d 0c 80 f2 41 0f 10 44
0x00007ffccbf186f5:   c8 f0 66 41 0f 2f c2 76 07 f2 44 0f 58 c8 eb 04
0x00007ffccbf18705:   f2 0f 5c c8 41 0f 28 c1 f2 0f 5d c1 f2 0f 58 43 


Stack slot to memory mapping:

stack at sp + 0 slots: 0x0000007f007fe600 is pointing into the stack for thread: 0x000001efcd87b9d0
stack at sp + 1 slots: 0x0000007f007fe5a0 is pointing into the stack for thread: 0x000001efcd87b9d0
stack at sp + 2 slots: 0x00000000000000ea is an unknown value
stack at sp + 3 slots: 0x0000007f007fe600 is pointing into the stack for thread: 0x000001efcd87b9d0
stack at sp + 4 slots: 0x4041ad7bc526cd71 is an unknown value
stack at sp + 5 slots: 0x0 is null
stack at sp + 6 slots: 0x000001efd575a5a0 points into unknown readable memory: 0x0000000242ff4000 | 00 40 ff 42 02 00 00 00
stack at sp + 7 slots: 0x0000007f007fec40 is pointing into the stack for thread: 0x000001efcd87b9d0


Compiled method (c1) 30194 5697   !   3       java.util.concurrent.FutureTask::run (123 bytes)
 total in heap  [0x000001efe7ef4690,0x000001efe7ef8e80] = 18416
 relocation     [0x000001efe7ef47f0,0x000001efe7ef4c58] = 1128
 main code      [0x000001efe7ef4c60,0x000001efe7ef7f50] = 13040
 stub code      [0x000001efe7ef7f50,0x000001efe7ef8000] = 176
 oops           [0x000001efe7ef8000,0x000001efe7ef8050] = 80
 metadata       [0x000001efe7ef8050,0x000001efe7ef80d0] = 128
 scopes data    [0x000001efe7ef80d0,0x000001efe7ef8720] = 1616
 scopes pcs     [0x000001efe7ef8720,0x000001efe7ef8c30] = 1296
 dependencies   [0x000001efe7ef8c30,0x000001efe7ef8c38] = 8
 handler table  [0x000001efe7ef8c38,0x000001efe7ef8e60] = 552
 nul chk table  [0x000001efe7ef8e60,0x000001efe7ef8e80] = 32

[Constant Pool (empty)]

[MachCode]
[Entry Point]
  # {method} {0x000001efca6caae0} 'run' '()V' in 'java/util/concurrent/FutureTask'
  #           [sp+0x160]  (sp of caller)
  0x000001efe7ef4c60: 448b 5208 | 49bb 0000 | 0088 ef01 | 0000 4d03 | d34c 3bd0 

  0x000001efe7ef4c74: ;   {runtime_call ic_miss_stub}
  0x000001efe7ef4c74: 0f85 069b | a206 660f | 1f44 0000 
[Verified Entry Point]
  0x000001efe7ef4c80: 8984 2400 | 80ff ff55 | 4881 ec50 | 0100 0090 | 4181 7f20 | 0a00 0000 

  0x000001efe7ef4c98: ;   {runtime_call StubRoutines (final stubs)}
  0x000001efe7ef4c98: 7405 e8c1 | 00a1 0648 | 8994 24e8 

  0x000001efe7ef4ca4: ;   {metadata(method data for {method} {0x000001efca6caae0} 'run' '()V' in 'java/util/concurrent/FutureTask')}
  0x000001efe7ef4ca4: 0000 0048 | b858 9167 | caef 0100 | 008b b0cc | 0000 0083 | c602 89b0 | cc00 0000 | 81e6 fe07 
  0x000001efe7ef4cc4: 0000 85f6 | 0f84 5b2b | 0000 8b42 

  0x000001efe7ef4cd0: ;   {metadata(method data for {method} {0x000001efca6caae0} 'run' '()V' in 'java/util/concurrent/FutureTask')}
  0x000001efe7ef4cd0: 0c85 c048 | b858 9167 | caef 0100 | 0048 c7c6 | 1001 0000 | 7507 48c7 | c620 0100 | 0048 8b3c 
  0x000001efe7ef4cf0: 3048 8d7f | 0148 893c | 300f 85d9 

  0x000001efe7ef4cfc: ;   {metadata(method data for {method} {0x000001efca6caae0} 'run' '()V' in 'java/util/concurrent/FutureTask')}
  0x000001efe7ef4cfc: 2000 0048 | b858 9167 | caef 0100 | 0048 8380 | 3001 0000 | 0149 8b87 | 8003 0000 

  0x000001efe7ef4d18: ;   {metadata(method data for {method} {0x000001efca6caae0} 'run' '()V' in 'java/util/concurrent/FutureTask')}
  0x000001efe7ef4d18: 488b 1848 | b858 9167 | caef 0100 | 0048 8d80 | 7801 0000 

  0x000001efe7ef4d2c: ;   {metadata('java/util/concurrent/FutureTask')}
  0x000001efe7ef4d2c: 48be d866 | 3289 ef01 | 0000 4833 | 7008 48f7 | c6fc ffff | ff74 0448 

  0x000001efe7ef4d44: ;   {metadata(method data for {method} {0x000001ef881560e8} 'guard_LLL_Z' '(Ljava/lang/invoke/VarHandle;Ljava/lang/Object;Ljava/lang/Object;Ljava/lang/Object;Ljava/lang/invoke/VarHandle$AccessDescriptor;)Z' in 'java/lang/invoke/VarHandleGuards')}
  0x000001efe7ef4d44: 8970 0848 | b8f0 8866 | caef 0100 | 0048 8d80 | e003 0000 

  0x000001efe7ef4d58: ;   {oop(a 'java/lang/invoke/VarHandleReferences$FieldInstanceReadWrite'{0x0000000600fbbf08})}
  0x000001efe7ef4d58: 48be 08bf | fb00 0600 | 0000 4885 | f675 0af6 | 0001 7505 | f048 8308 

  0x000001efe7ef4d70: ;   {metadata(method data for {method} {0x000001efca6caae0} 'run' '()V' in 'java/util/concurrent/FutureTask')}
  0x000001efe7ef4d70: 0148 b858 | 9167 caef | 0100 0048 | 8380 4001 

  0x000001efe7ef4d80: ;   {metadata(method data for {method} {0x000001ef881560e8} 'guard_LLL_Z' '(Ljava/lang/invoke/VarHandle;Ljava/lang/Object;Ljava/lang/Object;Ljava/lang/Object;Ljava/lang/invoke/VarHandle$AccessDescriptor;)Z' in 'java/lang/invoke/VarHandleGuards')}
  0x000001efe7ef4d80: 0000 0148 | b8f0 8866 | caef 0100 | 008b b8cc | 0000 0083 | c702 89b8 | cc00 0000 | 81e7 feff 
  0x000001efe7ef4da0: 1f00 85ff | 0f84 a02a 

  0x000001efe7ef4da8: ;   {metadata(method data for {method} {0x000001ef881560e8} 'guard_LLL_Z' '(Ljava/lang/invoke/VarHandle;Ljava/lang/Object;Ljava/lang/Object;Ljava/lang/Object;Ljava/lang/invoke/VarHandle$AccessDescriptor;)Z' in 'java/lang/invoke/VarHandleGuards')}
  0x000001efe7ef4da8: 0000 48b8 | f088 66ca | ef01 0000 | 488d 8048 

  0x000001efe7ef4db8: ;   {oop(a 'java/lang/invoke/VarHandle$AccessDescriptor'{0x0000000600fbbc60})}
  0x000001efe7ef4db8: 0100 0048 | bf60 bcfb | 0006 0000 | 0048 85ff | 750c f640 | 0801 7506 | f048 8348 

  0x000001efe7ef4dd4: ;   {metadata(method data for {method} {0x000001ef881560e8} 'guard_LLL_Z' '(Ljava/lang/invoke/VarHandle;Ljava/lang/Object;Ljava/lang/Object;Ljava/lang/Object;Ljava/lang/invoke/VarHandle$AccessDescriptor;)Z' in 'java/lang/invoke/VarHandleGuards')}
  0x000001efe7ef4dd4: 0801 48b8 | f088 66ca | ef01 0000 | 8b76 0849 | ba00 0000 | 88ef 0100 | 0049 03f2 | 483b b020 
  0x000001efe7ef4df4: 0100 0075 | 0d48 8380 | 2801 0000 | 01e9 6000 | 0000 483b | b030 0100 | 0075 0d48 | 8380 3801 
  0x000001efe7ef4e14: 0000 01e9 | 4a00 0000 | 4883 b820 | 0100 0000 | 7517 4889 | b020 0100 | 0048 c780 | 2801 0000 
  0x000001efe7ef4e34: 0100 0000 | e929 0000 | 0048 83b8 | 3001 0000 | 0075 1748 | 89b0 3001 | 0000 48c7 | 8038 0100 
  0x000001efe7ef4e54: 0001 0000 | 00e9 0800 | 0000 4883 | 8010 0100 

  0x000001efe7ef4e64: ;   {metadata(method data for {method} {0x000001ef880936b8} 'checkAccessModeThenIsDirect' '(Ljava/lang/invoke/VarHandle$AccessDescriptor;)Z' in 'java/lang/invoke/VarHandle')}
  0x000001efe7ef4e64: 0001 48b8 | e89b 13c9 | ef01 0000 | 8bb0 cc00 | 0000 83c6 | 0289 b0cc | 0000 0081 | e6fe ff1f 
  0x000001efe7ef4e84: 0085 f60f | 84de 2900 

  0x000001efe7ef4e8c: ;   {metadata(method data for {method} {0x000001ef880936b8} 'checkAccessModeThenIsDirect' '(Ljava/lang/invoke/VarHandle$AccessDescriptor;)Z' in 'java/lang/invoke/VarHandle')}
  0x000001efe7ef4e8c: 0048 b8e8 | 9b13 c9ef | 0100 00ff | 8010 0100 

  0x000001efe7ef4e9c: ;   {metadata(method data for {method} {0x000001ef881560e8} 'guard_LLL_Z' '(Ljava/lang/invoke/VarHandle;Ljava/lang/Object;Ljava/lang/Object;Ljava/lang/Object;Ljava/lang/invoke/VarHandle$AccessDescriptor;)Z' in 'java/lang/invoke/VarHandleGuards')}
  0x000001efe7ef4e9c: 0048 b8f0 | 8866 caef | 0100 00ff | 8070 0100 

  0x000001efe7ef4eac: ;   {metadata(method data for {method} {0x000001ef881560e8} 'guard_LLL_Z' '(Ljava/lang/invoke/VarHandle;Ljava/lang/Object;Ljava/lang/Object;Ljava/lang/Object;Ljava/lang/invoke/VarHandle$AccessDescriptor;)Z' in 'java/lang/invoke/VarHandleGuards')}
  0x000001efe7ef4eac: 0048 b8f0 | 8866 caef | 0100 00ff | 8090 0100 

  0x000001efe7ef4ebc: ;   {oop(a 'java/lang/invoke/VarForm'{0x00000006016a95c8})}
  0x000001efe7ef4ebc: 0048 b8c8 | 956a 0106 

  0x000001efe7ef4ec4: ;   {metadata(method data for {method} {0x000001ef881560e8} 'guard_LLL_Z' '(Ljava/lang/invoke/VarHandle;Ljava/lang/Object;Ljava/lang/Object;Ljava/lang/Object;Ljava/lang/invoke/VarHandle$AccessDescriptor;)Z' in 'java/lang/invoke/VarHandleGuards')}
  0x000001efe7ef4ec4: 0000 0048 | bef0 8866 | caef 0100 | 0048 8386 | a001 0000 

  0x000001efe7ef4ed8: ;   {metadata(method data for {method} {0x000001ef881542f0} 'getMemberName' '(I)Ljava/lang/invoke/MemberName;' in 'java/lang/invoke/VarForm')}
  0x000001efe7ef4ed8: 0148 b8f0 | 9d13 c9ef | 0100 008b | b0cc 0000 | 0083 c602 | 89b0 cc00 | 0000 81e6 | feff 1f00 
  0x000001efe7ef4ef8: 85f6 0f84 | 8c29 0000 

  0x000001efe7ef4f00: ;   {metadata(method data for {method} {0x000001ef881542f0} 'getMemberName' '(I)Ljava/lang/invoke/MemberName;' in 'java/lang/invoke/VarForm')}
  0x000001efe7ef4f00: 48b8 f09d | 13c9 ef01 | 0000 ff80 | 1001 0000 

  0x000001efe7ef4f10: ;   {metadata(method data for {method} {0x000001ef881560e8} 'guard_LLL_Z' '(Ljava/lang/invoke/VarHandle;Ljava/lang/Object;Ljava/lang/Object;Ljava/lang/Object;Ljava/lang/invoke/VarHandle$AccessDescriptor;)Z' in 'java/lang/invoke/VarHandleGuards')}
  0x000001efe7ef4f10: 48b8 f088 | 66ca ef01 | 0000 488d | 80d8 0100 

  0x000001efe7ef4f20: ;   {oop(a 'java/lang/invoke/MemberName'{0x0000000600f8ebc8} = {method} {0x000001ef88254370} 'compareAndSet' '(Ljava/lang/invoke/VarHandle;Ljava/lang/Object;Ljava/lang/Object;Ljava/lang/Object;)Z' in 'java/lang/invoke/VarHandleReferences$FieldInstanceReadWrite')}
  0x000001efe7ef4f20: 0048 bec8 | ebf8 0006 | 0000 0048 | 85f6 750a | f600 0175 | 05f0 4883 

  0x000001efe7ef4f38: ;   {metadata(method data for {method} {0x000001ef881560e8} 'guard_LLL_Z' '(Ljava/lang/invoke/VarHandle;Ljava/lang/Object;Ljava/lang/Object;Ljava/lang/Object;Ljava/lang/invoke/VarHandle$AccessDescriptor;)Z' in 'java/lang/invoke/VarHandleGuards')}
  0x000001efe7ef4f38: 0801 48b8 | f088 66ca | ef01 0000 | 488d 80f8 

  0x000001efe7ef4f48: ;   {oop(a 'java/lang/invoke/VarHandleReferences$FieldInstanceReadWrite'{0x0000000600fbbf08})}
  0x000001efe7ef4f48: 0100 0048 | be08 bffb | 0006 0000 | 0048 85f6 | 750c f640 | 0801 7506 | f048 8348 

  0x000001efe7ef4f64: ;   {metadata(method data for {method} {0x000001ef881560e8} 'guard_LLL_Z' '(Ljava/lang/invoke/VarHandle;Ljava/lang/Object;Ljava/lang/Object;Ljava/lang/Object;Ljava/lang/invoke/VarHandle$AccessDescriptor;)Z' in 'java/lang/invoke/VarHandleGuards')}
  0x000001efe7ef4f64: 0801 48b8 | f088 66ca | ef01 0000 | 4883 80e8 | 0100 0001 

  0x000001efe7ef4f78: ;   {metadata(method data for {method} {0x000001ef88254370} 'compareAndSet' '(Ljava/lang/invoke/VarHandle;Ljava/lang/Object;Ljava/lang/Object;Ljava/lang/Object;)Z' in 'java/lang/invoke/VarHandleReferences$FieldInstanceReadWrite')}
  0x000001efe7ef4f78: 48b8 4095 | 67ca ef01 | 0000 8bb0 | cc00 0000 | 83c6 0289 | b0cc 0000 | 0081 e6fe | ff1f 0085 
  0x000001efe7ef4f98: f60f 840e 

  0x000001efe7ef4f9c: ;   {oop(a 'java/lang/Class'{0x0000000600fbb988} = 'java/util/concurrent/FutureTask')}
  0x000001efe7ef4f9c: 2900 0048 | b888 b9fb | 0006 0000 

  0x000001efe7ef4fa8: ;   {metadata(method data for {method} {0x000001ef88254370} 'compareAndSet' '(Ljava/lang/invoke/VarHandle;Ljava/lang/Object;Ljava/lang/Object;Ljava/lang/Object;)Z' in 'java/lang/invoke/VarHandleReferences$FieldInstanceReadWrite')}
  0x000001efe7ef4fa8: 0048 be40 | 9567 caef | 0100 0048 | 8386 4801 

  0x000001efe7ef4fb8: ;   {metadata(method data for {method} {0x000001ef88465068} 'cast' '(Ljava/lang/Object;)Ljava/lang/Object;' in 'java/lang/Class')}
  0x000001efe7ef4fb8: 0000 0148 | b8c0 7420 | c9ef 0100 | 008b b0cc | 0000 0083 | c602 89b0 | cc00 0000 | 81e6 feff 
  0x000001efe7ef4fd8: 1f00 85f6 | 0f84 ec28 

  0x000001efe7ef4fe0: ;   {metadata(method data for {method} {0x000001ef88465068} 'cast' '(Ljava/lang/Object;)Ljava/lang/Object;' in 'java/lang/Class')}
  0x000001efe7ef4fe0: 0000 48b8 | c074 20c9 | ef01 0000 | ff80 2001 

  0x000001efe7ef4ff0: ;   {oop(a 'java/lang/Class'{0x0000000600fbb988} = 'java/util/concurrent/FutureTask')}
  0x000001efe7ef4ff0: 0000 48b8 | 88b9 fb00 | 0600 0000 

  0x000001efe7ef4ffc: ;   {metadata(method data for {method} {0x000001ef88465068} 'cast' '(Ljava/lang/Object;)Ljava/lang/Object;' in 'java/lang/Class')}
  0x000001efe7ef4ffc: 48be c074 | 20c9 ef01 | 0000 4883 | 8630 0100 | 0001 4885 | d20f 8429 

  0x000001efe7ef5014: ;   {metadata('java/util/concurrent/FutureTask')}
  0x000001efe7ef5014: 0000 0048 | b9d8 6632 | 89ef 0100 | 008b 7a08 | 49ba 0000 | 0088 ef01 | 0000 4903 | fa48 3b4f 
  0x000001efe7ef5034: 380f 8505 | 0000 00e9 | 0500 0000 | 4833 c0eb | 0748 c7c0 | 0100 0000 

  0x000001efe7ef504c: ;   {metadata(method data for {method} {0x000001ef88465068} 'cast' '(Ljava/lang/Object;)Ljava/lang/Object;' in 'java/lang/Class')}
  0x000001efe7ef504c: 85c0 48b8 | c074 20c9 | ef01 0000 | 48c7 c678 | 0100 0074 | 0748 c7c6 | 6801 0000 | 488b 3c30 
  0x000001efe7ef506c: 488d 7f01 | 4889 3c30 | 0f84 cf26 

  0x000001efe7ef5078: ;   {metadata(method data for {method} {0x000001ef88254370} 'compareAndSet' '(Ljava/lang/invoke/VarHandle;Ljava/lang/Object;Ljava/lang/Object;Ljava/lang/Object;)Z' in 'java/lang/invoke/VarHandleReferences$FieldInstanceReadWrite')}
  0x000001efe7ef5078: 0000 48b8 | 4095 67ca | ef01 0000 | 4883 8080 | 0100 0001 

  0x000001efe7ef508c: ;   {metadata(method data for {method} {0x000001ef88056488} 'requireNonNull' '(Ljava/lang/Object;)Ljava/lang/Object;' in 'java/util/Objects')}
  0x000001efe7ef508c: 48b8 40f4 | 00c9 ef01 | 0000 8bb0 | cc00 0000 | 83c6 0289 | b0cc 0000 | 0081 e6fe | ff1f 0085 
  0x000001efe7ef50ac: f60f 843c 

  0x000001efe7ef50b0: ;   {metadata(method data for {method} {0x000001ef88056488} 'requireNonNull' '(Ljava/lang/Object;)Ljava/lang/Object;' in 'java/util/Objects')}
  0x000001efe7ef50b0: 2800 0048 | b840 f400 | c9ef 0100 | 00ff 8010 

  0x000001efe7ef50c0: ;   {oop(a 'java/lang/Class'{0x00000006010000f0} = 'java/lang/Thread')}
  0x000001efe7ef50c0: 0100 0048 | b8f0 0000 | 0106 0000 

  0x000001efe7ef50cc: ;   {metadata(method data for {method} {0x000001ef88254370} 'compareAndSet' '(Ljava/lang/invoke/VarHandle;Ljava/lang/Object;Ljava/lang/Object;Ljava/lang/Object;)Z' in 'java/lang/invoke/VarHandleReferences$FieldInstanceReadWrite')}
  0x000001efe7ef50cc: 0048 be40 | 9567 caef | 0100 0048 | 8386 9001 

  0x000001efe7ef50dc: ;   {metadata(method data for {method} {0x000001ef88465068} 'cast' '(Ljava/lang/Object;)Ljava/lang/Object;' in 'java/lang/Class')}
  0x000001efe7ef50dc: 0000 0148 | b8c0 7420 | c9ef 0100 | 008b b0cc | 0000 0083 | c602 89b0 | cc00 0000 | 81e6 feff 
  0x000001efe7ef50fc: 1f00 85f6 | 0f84 0a28 

  0x000001efe7ef5104: ;   {metadata(method data for {method} {0x000001ef88465068} 'cast' '(Ljava/lang/Object;)Ljava/lang/Object;' in 'java/lang/Class')}
  0x000001efe7ef5104: 0000 48b8 | c074 20c9 | ef01 0000 | ff80 1001 

  0x000001efe7ef5114: ;   {oop(a 'java/lang/Class'{0x00000006010000f0} = 'java/lang/Thread')}
  0x000001efe7ef5114: 0000 48b8 | f000 0001 | 0600 0000 

  0x000001efe7ef5120: ;   {metadata(method data for {method} {0x000001ef88254370} 'compareAndSet' '(Ljava/lang/invoke/VarHandle;Ljava/lang/Object;Ljava/lang/Object;Ljava/lang/Object;)Z' in 'java/lang/invoke/VarHandleReferences$FieldInstanceReadWrite')}
  0x000001efe7ef5120: 48be 4095 | 67ca ef01 | 0000 4883 | 86c8 0100 

  0x000001efe7ef5130: ;   {metadata(method data for {method} {0x000001ef88465068} 'cast' '(Ljava/lang/Object;)Ljava/lang/Object;' in 'java/lang/Class')}
  0x000001efe7ef5130: 0001 48b8 | c074 20c9 | ef01 0000 | 8bb0 cc00 | 0000 83c6 | 0289 b0cc | 0000 0081 | e6fe ff1f 
  0x000001efe7ef5150: 0085 f60f | 84d8 2700 | 0048 85db 

  0x000001efe7ef515c: ;   {metadata(method data for {method} {0x000001ef88465068} 'cast' '(Ljava/lang/Object;)Ljava/lang/Object;' in 'java/lang/Class')}
  0x000001efe7ef515c: 48b8 c074 | 20c9 ef01 | 0000 48c7 | c610 0100 | 0074 0748 | c7c6 2001 | 0000 488b | 3c30 488d 
  0x000001efe7ef517c: 7f01 4889 | 3c30 0f84 | 8800 0000 

  0x000001efe7ef5188: ;   {oop(a 'java/lang/Class'{0x00000006010000f0} = 'java/lang/Thread')}
  0x000001efe7ef5188: 48b8 f000 | 0001 0600 

  0x000001efe7ef5190: ;   {metadata(method data for {method} {0x000001ef88465068} 'cast' '(Ljava/lang/Object;)Ljava/lang/Object;' in 'java/lang/Class')}
  0x000001efe7ef5190: 0000 48be | c074 20c9 | ef01 0000 | 4883 8630 | 0100 0001 | 4885 db0f | 8429 0000 

  0x000001efe7ef51ac: ;   {metadata('java/lang/Thread')}
  0x000001efe7ef51ac: 0048 b998 | 6e01 88ef | 0100 008b | 7b08 49ba | 0000 0088 | ef01 0000 | 4903 fa48 | 3b4f 380f 
  0x000001efe7ef51cc: 8505 0000 | 00e9 0500 | 0000 4833 | c0eb 0748 | c7c0 0100 | 0000 85c0 

  0x000001efe7ef51e4: ;   {metadata(method data for {method} {0x000001ef88465068} 'cast' '(Ljava/lang/Object;)Ljava/lang/Object;' in 'java/lang/Class')}
  0x000001efe7ef51e4: 48b8 c074 | 20c9 ef01 | 0000 48c7 | c678 0100 | 0074 0748 | c7c6 6801 | 0000 488b | 3c30 488d 
  0x000001efe7ef5204: 7f01 4889 | 3c30 0f84 | 5f24 0000 | 48c7 c018 | 0000 0048 | 8d34 0241 | 0fbe 4740 | 85c0 0f85 
  0x000001efe7ef5224: 2a27 0000 

  0x000001efe7ef5228: ;   {oop(nullptr)}
  0x000001efe7ef5228: 48b8 0000 | 0000 0000 | 0000 48c1 | e803 4c8b | d349 c1ea | 03f0 440f | b116 bf01 | 0000 0074 
  0x000001efe7ef5248: 05bf 0000 | 0000 488b | c648 33c3 | 48c1 e816 | 4883 f800 | 0f85 0e27 | 0000 83e7 | 0183 e701 
  0x000001efe7ef5268: ;   {metadata(method data for {method} {0x000001efca6caae0} 'run' '()V' in 'java/util/concurrent/FutureTask')}
  0x000001efe7ef5268: 85ff 48be | 5891 67ca | ef01 0000 | 48c7 c7b0 | 0100 0074 | 0748 c7c7 | a001 0000 | 488b 1c3e 
  0x000001efe7ef5288: 488d 5b01 | 4889 1c3e | 0f84 421b | 0000 8b72 | 1048 c1e6 | 0348 85f6 

  0x000001efe7ef52a0: ;   {metadata(method data for {method} {0x000001efca6caae0} 'run' '()V' in 'java/util/concurrent/FutureTask')}
  0x000001efe7ef52a0: 48bf 5891 | 67ca ef01 | 0000 48c7 | c3c0 0100 | 0074 0748 | c7c3 d001 | 0000 488b | 041f 488d 
  0x000001efe7ef52c0: 4001 4889 | 041f 0f84 | 4816 0000 | 8b7a 0c85 

  0x000001efe7ef52d0: ;   {metadata(method data for {method} {0x000001efca6caae0} 'run' '()V' in 'java/util/concurrent/FutureTask')}
  0x000001efe7ef52d0: ff48 bf58 | 9167 caef | 0100 0048 | c7c3 e001 | 0000 7507 | 48c7 c3f0 | 0100 0048 | 8b04 1f48 
  0x000001efe7ef52f0: 8d40 0148 | 8904 1f0f | 8517 1600 | 0048 3b06 

  0x000001efe7ef5300: ;   {metadata(method data for {method} {0x000001efca6caae0} 'run' '()V' in 'java/util/concurrent/FutureTask')}
  0x000001efe7ef5300: 488b fe48 | bb58 9167 | caef 0100 | 008b 7f08 | 49ba 0000 | 0088 ef01 | 0000 4903 | fa48 3bbb 
  0x000001efe7ef5320: 1002 0000 | 750d 4883 | 8318 0200 | 0001 e960 | 0000 0048 | 3bbb 2002 | 0000 750d | 4883 8328 
  0x000001efe7ef5340: 0200 0001 | e94a 0000 | 0048 83bb | 1002 0000 | 0075 1748 | 89bb 1002 | 0000 48c7 | 8318 0200 
  0x000001efe7ef5360: 0001 0000 | 00e9 2900 | 0000 4883 | bb20 0200 | 0000 7517 | 4889 bb20 | 0200 0048 | c783 2802 
  0x000001efe7ef5380: 0000 0100 | 0000 e908 | 0000 0048 | 8383 0002 | 0000 0148 | 8bd6 0f1f | 8000 0000 | 0048 b860 
  0x000001efe7ef53a0: 8d0e d5ef 

  0x000001efe7ef53a4: ;   {virtual_call}
  0x000001efe7ef53a4: 0100 00e8 

  0x000001efe7ef53a8: ; ImmutableOopMap {[232]=Oop }
                      ;*invokeinterface call {reexecute=0 rethrow=0 return_oop=0}
                      ; - java.util.concurrent.FutureTask::run@39 (line 317)
  0x000001efe7ef53a8: 6480 af06 

  0x000001efe7ef53ac: ;   {other}
  0x000001efe7ef53ac: 0f1f 8400 | 1c0d 0000 

  0x000001efe7ef53b4: ;   {metadata(method data for {method} {0x000001efca6caae0} 'run' '()V' in 'java/util/concurrent/FutureTask')}
  0x000001efe7ef53b4: 49b8 5891 | 67ca ef01 | 0000 41ff | 8038 0200 | 00be 0100 | 0000 e99c | 0a00 0048 | 8b94 24e8 
  0x000001efe7ef53d4: 0000 0049 | 8b87 f804 | 0000 4d33 | d24d 8997 | f804 0000 | 4d33 d24d | 8997 0005 | 0000 4c8b 
  0x000001efe7ef53f4: ;   {metadata(method data for {method} {0x000001efca6caae0} 'run' '()V' in 'java/util/concurrent/FutureTask')}
  0x000001efe7ef53f4: c249 b958 | 9167 caef 

  0x000001efe7ef53fc: ;   {metadata('java/util/concurrent/FutureTask')}
  0x000001efe7ef53fc: 0100 0049 | bad8 6632 | 89ef 0100 | 004d 8991 | 6002 0000 | 4983 8168 | 0200 0001 

  0x000001efe7ef5418: ;   {metadata(method data for {method} {0x000001efca6ca918} 'setException' '(Ljava/lang/Throwable;)V' in 'java/util/concurrent/FutureTask')}
  0x000001efe7ef5418: 49b8 d097 | 67ca ef01 | 0000 458b | 88cc 0000 | 0041 83c1 | 0245 8988 | cc00 0000 | 4181 e1fe 
  0x000001efe7ef5438: ff1f 0045 | 85c9 0f84 | 4925 0000 

  0x000001efe7ef5444: ;   {metadata(method data for {method} {0x000001efca6ca918} 'setException' '(Ljava/lang/Throwable;)V' in 'java/util/concurrent/FutureTask')}
  0x000001efe7ef5444: 49b8 d097 | 67ca ef01 | 0000 4d8d | 8048 0100 

  0x000001efe7ef5454: ;   {metadata('java/util/concurrent/FutureTask')}
  0x000001efe7ef5454: 0049 b9d8 | 6632 89ef | 0100 004d | 3348 0849 | f7c1 fcff | ffff 7404 | 4d89 4808 

  0x000001efe7ef5470: ;   {metadata(method data for {method} {0x000001ef881562a0} 'guard_LII_Z' '(Ljava/lang/invoke/VarHandle;Ljava/lang/Object;IILjava/lang/invoke/VarHandle$AccessDescriptor;)Z' in 'java/lang/invoke/VarHandleGuards')}
  0x000001efe7ef5470: 49b8 08b9 | 66ca ef01 | 0000 4d8d | 80e0 0300 

  0x000001efe7ef5480: ;   {oop(a 'java/lang/invoke/VarHandleInts$FieldInstanceReadWrite'{0x0000000600fbbf38})}
  0x000001efe7ef5480: 0049 b938 | bffb 0006 | 0000 004d | 85c9 750b | 41f6 0001 | 7505 f049 

  0x000001efe7ef5498: ;   {metadata(method data for {method} {0x000001efca6ca918} 'setException' '(Ljava/lang/Throwable;)V' in 'java/util/concurrent/FutureTask')}
  0x000001efe7ef5498: 8308 0149 | b8d0 9767 | caef 0100 | 0049 8380 | 1001 0000 

  0x000001efe7ef54ac: ;   {metadata(method data for {method} {0x000001ef881562a0} 'guard_LII_Z' '(Ljava/lang/invoke/VarHandle;Ljava/lang/Object;IILjava/lang/invoke/VarHandle$AccessDescriptor;)Z' in 'java/lang/invoke/VarHandleGuards')}
  0x000001efe7ef54ac: 0149 b808 | b966 caef | 0100 0041 | 8bb8 cc00 | 0000 83c7 | 0241 89b8 | cc00 0000 | 81e7 feff 
  0x000001efe7ef54cc: 1f00 85ff | 0f84 d824 

  0x000001efe7ef54d4: ;   {metadata(method data for {method} {0x000001ef881562a0} 'guard_LII_Z' '(Ljava/lang/invoke/VarHandle;Ljava/lang/Object;IILjava/lang/invoke/VarHandle$AccessDescriptor;)Z' in 'java/lang/invoke/VarHandleGuards')}
  0x000001efe7ef54d4: 0000 49b8 | 08b9 66ca | ef01 0000 | 4d8d 8048 

  0x000001efe7ef54e4: ;   {oop(a 'java/lang/invoke/VarHandle$AccessDescriptor'{0x0000000600fbbdc8})}
  0x000001efe7ef54e4: 0100 0048 | bfc8 bdfb | 0006 0000 | 0048 85ff | 750d 41f6 | 4008 0175 | 06f0 4983 

  0x000001efe7ef5500: ;   {metadata(method data for {method} {0x000001ef881562a0} 'guard_LII_Z' '(Ljava/lang/invoke/VarHandle;Ljava/lang/Object;IILjava/lang/invoke/VarHandle$AccessDescriptor;)Z' in 'java/lang/invoke/VarHandleGuards')}
  0x000001efe7ef5500: 4808 0149 | b808 b966 | caef 0100 | 0045 8b49 | 0849 ba00 | 0000 88ef | 0100 004d | 03ca 4d3b 
  0x000001efe7ef5520: 8820 0100 | 0075 0d49 | 8380 2801 | 0000 01e9 | 6000 0000 | 4d3b 8830 | 0100 0075 | 0d49 8380 
  0x000001efe7ef5540: 3801 0000 | 01e9 4a00 | 0000 4983 | b820 0100 | 0000 7517 | 4d89 8820 | 0100 0049 | c780 2801 
  0x000001efe7ef5560: 0000 0100 | 0000 e929 | 0000 0049 | 83b8 3001 | 0000 0075 | 174d 8988 | 3001 0000 | 49c7 8038 
  0x000001efe7ef5580: 0100 0001 | 0000 00e9 | 0800 0000 | 4983 8010 | 0100 0001 

  0x000001efe7ef5594: ;   {metadata(method data for {method} {0x000001ef880936b8} 'checkAccessModeThenIsDirect' '(Ljava/lang/invoke/VarHandle$AccessDescriptor;)Z' in 'java/lang/invoke/VarHandle')}
  0x000001efe7ef5594: 49b8 e89b | 13c9 ef01 | 0000 458b | 88cc 0000 | 0041 83c1 | 0245 8988 | cc00 0000 | 4181 e1fe 
  0x000001efe7ef55b4: ff1f 0045 | 85c9 0f84 | 0f24 0000 

  0x000001efe7ef55c0: ;   {metadata(method data for {method} {0x000001ef880936b8} 'checkAccessModeThenIsDirect' '(Ljava/lang/invoke/VarHandle$AccessDescriptor;)Z' in 'java/lang/invoke/VarHandle')}
  0x000001efe7ef55c0: 49b8 e89b | 13c9 ef01 | 0000 41ff | 8010 0100 

  0x000001efe7ef55d0: ;   {metadata(method data for {method} {0x000001ef881562a0} 'guard_LII_Z' '(Ljava/lang/invoke/VarHandle;Ljava/lang/Object;IILjava/lang/invoke/VarHandle$AccessDescriptor;)Z' in 'java/lang/invoke/VarHandleGuards')}
  0x000001efe7ef55d0: 0049 b808 | b966 caef | 0100 0041 | ff80 7001 

  0x000001efe7ef55e0: ;   {metadata(method data for {method} {0x000001ef881562a0} 'guard_LII_Z' '(Ljava/lang/invoke/VarHandle;Ljava/lang/Object;IILjava/lang/invoke/VarHandle$AccessDescriptor;)Z' in 'java/lang/invoke/VarHandleGuards')}
  0x000001efe7ef55e0: 0000 49b8 | 08b9 66ca | ef01 0000 | 41ff 8090 

  0x000001efe7ef55f0: ;   {oop(a 'java/lang/invoke/VarForm'{0x00000006015992a0})}
  0x000001efe7ef55f0: 0100 0049 | b8a0 9259 | 0106 0000 

  0x000001efe7ef55fc: ;   {metadata(method data for {method} {0x000001ef881562a0} 'guard_LII_Z' '(Ljava/lang/invoke/VarHandle;Ljava/lang/Object;IILjava/lang/invoke/VarHandle$AccessDescriptor;)Z' in 'java/lang/invoke/VarHandleGuards')}
  0x000001efe7ef55fc: 0049 b908 | b966 caef | 0100 0049 | 8381 a001 

  0x000001efe7ef560c: ;   {metadata(method data for {method} {0x000001ef881542f0} 'getMemberName' '(I)Ljava/lang/invoke/MemberName;' in 'java/lang/invoke/VarForm')}
  0x000001efe7ef560c: 0000 0149 | b8f0 9d13 | c9ef 0100 | 0045 8b88 | cc00 0000 | 4183 c102 | 4589 88cc | 0000 0041 
  0x000001efe7ef562c: 81e1 feff | 1f00 4585 | c90f 84b5 

  0x000001efe7ef5638: ;   {metadata(method data for {method} {0x000001ef881542f0} 'getMemberName' '(I)Ljava/lang/invoke/MemberName;' in 'java/lang/invoke/VarForm')}
  0x000001efe7ef5638: 2300 0049 | b8f0 9d13 | c9ef 0100 | 0041 ff80 | 1001 0000 

  0x000001efe7ef564c: ;   {metadata(method data for {method} {0x000001ef881562a0} 'guard_LII_Z' '(Ljava/lang/invoke/VarHandle;Ljava/lang/Object;IILjava/lang/invoke/VarHandle$AccessDescriptor;)Z' in 'java/lang/invoke/VarHandleGuards')}
  0x000001efe7ef564c: 49b8 08b9 | 66ca ef01 | 0000 4d8d | 80d8 0100 

  0x000001efe7ef565c: ;   {oop(a 'java/lang/invoke/MemberName'{0x0000000600f59fb0} = {method} {0x000001efc92d2980} 'compareAndSet' '(Ljava/lang/invoke/VarHandle;Ljava/lang/Object;II)Z' in 'java/lang/invoke/VarHandleInts$FieldInstanceReadWrite')}
  0x000001efe7ef565c: 0049 b9b0 | 9ff5 0006 | 0000 004d | 85c9 750b | 41f6 0001 | 7505 f049 

  0x000001efe7ef5674: ;   {metadata(method data for {method} {0x000001ef881562a0} 'guard_LII_Z' '(Ljava/lang/invoke/VarHandle;Ljava/lang/Object;IILjava/lang/invoke/VarHandle$AccessDescriptor;)Z' in 'java/lang/invoke/VarHandleGuards')}
  0x000001efe7ef5674: 8308 0149 | b808 b966 | caef 0100 | 004d 8d80 | f801 0000 

  0x000001efe7ef5688: ;   {oop(a 'java/lang/invoke/VarHandleInts$FieldInstanceReadWrite'{0x0000000600fbbf38})}
  0x000001efe7ef5688: 49b9 38bf | fb00 0600 | 0000 4d85 | c975 0d41 | f640 0801 | 7506 f049 | 8348 0801 

  0x000001efe7ef56a4: ;   {metadata(method data for {method} {0x000001ef881562a0} 'guard_LII_Z' '(Ljava/lang/invoke/VarHandle;Ljava/lang/Object;IILjava/lang/invoke/VarHandle$AccessDescriptor;)Z' in 'java/lang/invoke/VarHandleGuards')}
  0x000001efe7ef56a4: 49b8 08b9 | 66ca ef01 | 0000 4983 | 80e8 0100 

  0x000001efe7ef56b4: ;   {metadata(method data for {method} {0x000001efc92d2980} 'compareAndSet' '(Ljava/lang/invoke/VarHandle;Ljava/lang/Object;II)Z' in 'java/lang/invoke/VarHandleInts$FieldInstanceReadWrite')}
  0x000001efe7ef56b4: 0001 49b8 | 18be 66ca | ef01 0000 | 458b 88cc | 0000 0041 | 83c1 0245 | 8988 cc00 | 0000 4181 
  0x000001efe7ef56d4: e1fe ff1f | 0045 85c9 | 0f84 2f23 

  0x000001efe7ef56e0: ;   {oop(a 'java/lang/Class'{0x0000000600fbb988} = 'java/util/concurrent/FutureTask')}
  0x000001efe7ef56e0: 0000 49b8 | 88b9 fb00 | 0600 0000 

  0x000001efe7ef56ec: ;   {metadata(method data for {method} {0x000001efc92d2980} 'compareAndSet' '(Ljava/lang/invoke/VarHandle;Ljava/lang/Object;II)Z' in 'java/lang/invoke/VarHandleInts$FieldInstanceReadWrite')}
  0x000001efe7ef56ec: 49b9 18be | 66ca ef01 | 0000 4983 | 8148 0100 

  0x000001efe7ef56fc: ;   {metadata(method data for {method} {0x000001ef88465068} 'cast' '(Ljava/lang/Object;)Ljava/lang/Object;' in 'java/lang/Class')}
  0x000001efe7ef56fc: 0001 49b8 | c074 20c9 | ef01 0000 | 458b 88cc | 0000 0041 | 83c1 0245 | 8988 cc00 | 0000 4181 
  0x000001efe7ef571c: e1fe ff1f | 0045 85c9 | 0f84 0823 

  0x000001efe7ef5728: ;   {metadata(method data for {method} {0x000001ef88465068} 'cast' '(Ljava/lang/Object;)Ljava/lang/Object;' in 'java/lang/Class')}
  0x000001efe7ef5728: 0000 49b8 | c074 20c9 | ef01 0000 | 41ff 8020 

  0x000001efe7ef5738: ;   {oop(a 'java/lang/Class'{0x0000000600fbb988} = 'java/util/concurrent/FutureTask')}
  0x000001efe7ef5738: 0100 0049 | b888 b9fb | 0006 0000 

  0x000001efe7ef5744: ;   {metadata(method data for {method} {0x000001ef88465068} 'cast' '(Ljava/lang/Object;)Ljava/lang/Object;' in 'java/lang/Class')}
  0x000001efe7ef5744: 0049 b9c0 | 7420 c9ef | 0100 0049 | 8381 3001 | 0000 0148 | 85d2 0f84 | 2900 0000 

  0x000001efe7ef5760: ;   {metadata('java/util/concurrent/FutureTask')}
  0x000001efe7ef5760: 48be d866 | 3289 ef01 | 0000 8b7a | 0849 ba00 | 0000 88ef | 0100 0049 | 03fa 483b | 7738 0f85 
  0x000001efe7ef5780: 0500 0000 | e905 0000 | 004d 33c0 | eb07 49c7 | c001 0000 | 0045 85c0 

  0x000001efe7ef5798: ;   {metadata(method data for {method} {0x000001ef88465068} 'cast' '(Ljava/lang/Object;)Ljava/lang/Object;' in 'java/lang/Class')}
  0x000001efe7ef5798: 49b8 c074 | 20c9 ef01 | 0000 49c7 | c178 0100 | 0074 0749 | c7c1 6801 | 0000 4b8b | 3c08 488d 
  0x000001efe7ef57b8: 7f01 4b89 | 3c08 0f84 | e818 0000 

  0x000001efe7ef57c4: ;   {metadata(method data for {method} {0x000001efc92d2980} 'compareAndSet' '(Ljava/lang/invoke/VarHandle;Ljava/lang/Object;II)Z' in 'java/lang/invoke/VarHandleInts$FieldInstanceReadWrite')}
  0x000001efe7ef57c4: 49b8 18be | 66ca ef01 | 0000 4983 | 8080 0100 

  0x000001efe7ef57d4: ;   {metadata(method data for {method} {0x000001ef88056488} 'requireNonNull' '(Ljava/lang/Object;)Ljava/lang/Object;' in 'java/util/Objects')}
  0x000001efe7ef57d4: 0001 49b8 | 40f4 00c9 | ef01 0000 | 458b 88cc | 0000 0041 | 83c1 0245 | 8988 cc00 | 0000 4181 
  0x000001efe7ef57f4: e1fe ff1f | 0045 85c9 | 0f84 5122 

  0x000001efe7ef5800: ;   {metadata(method data for {method} {0x000001ef88056488} 'requireNonNull' '(Ljava/lang/Object;)Ljava/lang/Object;' in 'java/util/Objects')}
  0x000001efe7ef5800: 0000 49b8 | 40f4 00c9 | ef01 0000 | 41ff 8010 | 0100 0049 | c7c0 0c00 | 0000 4e8d | 0402 488b 
  0x000001efe7ef5820: d8b8 0000 | 0000 41b9 | 0100 0000 | f045 0fb1 | 0841 b801 | 0000 0074 | 0641 b800 | 0000 0041 
  0x000001efe7ef5840: 83e0 0141 | 83e0 0145 

  0x000001efe7ef5848: ;   {metadata(method data for {method} {0x000001efca6ca918} 'setException' '(Ljava/lang/Throwable;)V' in 'java/util/concurrent/FutureTask')}
  0x000001efe7ef5848: 85c0 49b8 | d097 67ca | ef01 0000 | 49c7 c160 | 0100 0074 | 0749 c7c1 | 7001 0000 | 4b8b 3c08 
  0x000001efe7ef5868: 488d 7f01 | 4b89 3c08 | 0f84 e605 | 0000 450f | be47 4045 | 85c0 0f85 | f021 0000 | 4c8b d349 
  0x000001efe7ef5888: c1ea 0344 | 8952 144c | 8bc2 4c33 | c349 c1e8 | 1649 83f8 | 000f 85f1 

  0x000001efe7ef58a0: ;   {metadata(method data for {method} {0x000001efca6ca918} 'setException' '(Ljava/lang/Throwable;)V' in 'java/util/concurrent/FutureTask')}
  0x000001efe7ef58a0: 2100 0049 | b8d0 9767 | caef 0100 | 004d 8d80 | b801 0000 

  0x000001efe7ef58b4: ;   {metadata('java/util/concurrent/FutureTask')}
  0x000001efe7ef58b4: 49b9 d866 | 3289 ef01 | 0000 4d33 | 4808 49f7 | c1fc ffff | ff74 044d 

  0x000001efe7ef58cc: ;   {metadata(method data for {method} {0x000001ef88156248} 'guard_LI_V' '(Ljava/lang/invoke/VarHandle;Ljava/lang/Object;ILjava/lang/invoke/VarHandle$AccessDescriptor;)V' in 'java/lang/invoke/VarHandleGuards')}
  0x000001efe7ef58cc: 8948 0849 | b820 9a67 | caef 0100 | 004d 8d80 | 1805 0000 

  0x000001efe7ef58e0: ;   {oop(a 'java/lang/invoke/VarHandleInts$FieldInstanceReadWrite'{0x0000000600fbbf38})}
  0x000001efe7ef58e0: 49b9 38bf | fb00 0600 | 0000 4d85 | c975 0d41 | f600 0175 | 47f0 4983 | 0801 eb40 

  0x000001efe7ef58fc: ;   {metadata('java/lang/invoke/VarHandleInts$FieldInstanceReadWrite')}
  0x000001efe7ef58fc: 48bf 38a0 | 0789 ef01 | 0000 4c8b | d749 3338 | 48f7 c7fc | ffff ff74 | 2740 f6c7 | 0275 2149 
  0x000001efe7ef591c: f700 feff | ffff 7415 | 498b fa49 | 3338 48f7 | c7fc ffff | ff74 0949 | 8308 02eb | 0349 8938 
  0x000001efe7ef593c: ;   {metadata('java/util/concurrent/FutureTask')}
  0x000001efe7ef593c: 48bf d866 | 3289 ef01 | 0000 4c8b | d749 3378 | 1048 f7c7 | fcff ffff | 742b 40f6 | c702 7525 
  0x000001efe7ef595c: 49f7 4010 | feff ffff | 7417 498b | fa49 3378 | 1048 f7c7 | fcff ffff | 740b 4983 | 4810 02eb 
  0x000001efe7ef597c: 0449 8978 

  0x000001efe7ef5980: ;   {metadata(method data for {method} {0x000001efca6ca918} 'setException' '(Ljava/lang/Throwable;)V' in 'java/util/concurrent/FutureTask')}
  0x000001efe7ef5980: 1049 b8d0 | 9767 caef | 0100 0049 | 8380 8001 

  0x000001efe7ef5990: ;   {metadata(method data for {method} {0x000001ef88156248} 'guard_LI_V' '(Ljava/lang/invoke/VarHandle;Ljava/lang/Object;ILjava/lang/invoke/VarHandle$AccessDescriptor;)V' in 'java/lang/invoke/VarHandleGuards')}
  0x000001efe7ef5990: 0000 0149 | b820 9a67 | caef 0100 | 0041 8bb8 | cc00 0000 | 83c7 0241 | 89b8 cc00 | 0000 81e7 
  0x000001efe7ef59b0: feff 1f00 | 85ff 0f84 | f020 0000 

  0x000001efe7ef59bc: ;   {metadata(method data for {method} {0x000001ef88156248} 'guard_LI_V' '(Ljava/lang/invoke/VarHandle;Ljava/lang/Object;ILjava/lang/invoke/VarHandle$AccessDescriptor;)V' in 'java/lang/invoke/VarHandleGuards')}
  0x000001efe7ef59bc: 49b8 209a | 67ca ef01 | 0000 4d8d | 8048 0100 

  0x000001efe7ef59cc: ;   {oop(a 'java/lang/invoke/VarHandle$AccessDescriptor'{0x0000000600fbbd18})}
  0x000001efe7ef59cc: 0048 bf18 | bdfb 0006 | 0000 0048 | 85ff 750d | 41f6 4008 | 0175 06f0 | 4983 4808 

  0x000001efe7ef59e8: ;   {metadata(method data for {method} {0x000001ef88156248} 'guard_LI_V' '(Ljava/lang/invoke/VarHandle;Ljava/lang/Object;ILjava/lang/invoke/VarHandle$AccessDescriptor;)V' in 'java/lang/invoke/VarHandleGuards')}
  0x000001efe7ef59e8: 0149 b820 | 9a67 caef | 0100 0045 | 8b49 0849 | ba00 0000 | 88ef 0100 | 004d 03ca | 4d3b 8820 
  0x000001efe7ef5a08: 0100 0075 | 0d49 8380 | 2801 0000 | 01e9 6000 | 0000 4d3b | 8830 0100 | 0075 0d49 | 8380 3801 
  0x000001efe7ef5a28: 0000 01e9 | 4a00 0000 | 4983 b820 | 0100 0000 | 7517 4d89 | 8820 0100 | 0049 c780 | 2801 0000 
  0x000001efe7ef5a48: 0100 0000 | e929 0000 | 0049 83b8 | 3001 0000 | 0075 174d | 8988 3001 | 0000 49c7 | 8038 0100 
  0x000001efe7ef5a68: 0001 0000 | 00e9 0800 | 0000 4983 | 8010 0100 

  0x000001efe7ef5a78: ;   {metadata(method data for {method} {0x000001ef880936b8} 'checkAccessModeThenIsDirect' '(Ljava/lang/invoke/VarHandle$AccessDescriptor;)Z' in 'java/lang/invoke/VarHandle')}
  0x000001efe7ef5a78: 0001 49b8 | e89b 13c9 | ef01 0000 | 458b 88cc | 0000 0041 | 83c1 0245 | 8988 cc00 | 0000 4181 
  0x000001efe7ef5a98: e1fe ff1f | 0045 85c9 | 0f84 2720 

  0x000001efe7ef5aa4: ;   {metadata(method data for {method} {0x000001ef880936b8} 'checkAccessModeThenIsDirect' '(Ljava/lang/invoke/VarHandle$AccessDescriptor;)Z' in 'java/lang/invoke/VarHandle')}
  0x000001efe7ef5aa4: 0000 49b8 | e89b 13c9 | ef01 0000 | 41ff 8010 

  0x000001efe7ef5ab4: ;   {metadata(method data for {method} {0x000001ef88156248} 'guard_LI_V' '(Ljava/lang/invoke/VarHandle;Ljava/lang/Object;ILjava/lang/invoke/VarHandle$AccessDescriptor;)V' in 'java/lang/invoke/VarHandleGuards')}
  0x000001efe7ef5ab4: 0100 0049 | b820 9a67 | caef 0100 | 0041 ff80 | 7001 0000 

  0x000001efe7ef5ac8: ;   {metadata(method data for {method} {0x000001ef88156248} 'guard_LI_V' '(Ljava/lang/invoke/VarHandle;Ljava/lang/Object;ILjava/lang/invoke/VarHandle$AccessDescriptor;)V' in 'java/lang/invoke/VarHandleGuards')}
  0x000001efe7ef5ac8: 49b8 209a | 67ca ef01 | 0000 41ff | 8090 0100 

  0x000001efe7ef5ad8: ;   {oop(a 'java/lang/invoke/VarForm'{0x00000006015992a0})}
  0x000001efe7ef5ad8: 0049 b8a0 | 9259 0106 

  0x000001efe7ef5ae0: ;   {metadata(method data for {method} {0x000001ef88156248} 'guard_LI_V' '(Ljava/lang/invoke/VarHandle;Ljava/lang/Object;ILjava/lang/invoke/VarHandle$AccessDescriptor;)V' in 'java/lang/invoke/VarHandleGuards')}
  0x000001efe7ef5ae0: 0000 0049 | b920 9a67 | caef 0100 | 0049 8381 | a001 0000 

  0x000001efe7ef5af4: ;   {metadata(method data for {method} {0x000001ef881542f0} 'getMemberName' '(I)Ljava/lang/invoke/MemberName;' in 'java/lang/invoke/VarForm')}
  0x000001efe7ef5af4: 0149 b8f0 | 9d13 c9ef | 0100 0045 | 8b88 cc00 | 0000 4183 | c102 4589 | 88cc 0000 | 0041 81e1 
  0x000001efe7ef5b14: feff 1f00 | 4585 c90f | 84cd 1f00 

  0x000001efe7ef5b20: ;   {metadata(method data for {method} {0x000001ef881542f0} 'getMemberName' '(I)Ljava/lang/invoke/MemberName;' in 'java/lang/invoke/VarForm')}
  0x000001efe7ef5b20: 0049 b8f0 | 9d13 c9ef | 0100 0041 | ff80 1001 

  0x000001efe7ef5b30: ;   {metadata(method data for {method} {0x000001ef88156248} 'guard_LI_V' '(Ljava/lang/invoke/VarHandle;Ljava/lang/Object;ILjava/lang/invoke/VarHandle$AccessDescriptor;)V' in 'java/lang/invoke/VarHandleGuards')}
  0x000001efe7ef5b30: 0000 49b8 | 209a 67ca | ef01 0000 | 4d8d 80d8 

  0x000001efe7ef5b40: ;   {oop(a 'java/lang/invoke/MemberName'{0x0000000600f5a188} = {method} {0x000001efc92d2870} 'setRelease' '(Ljava/lang/invoke/VarHandle;Ljava/lang/Object;I)V' in 'java/lang/invoke/VarHandleInts$FieldInstanceReadWrite')}
  0x000001efe7ef5b40: 0100 0049 | b988 a1f5 | 0006 0000 | 004d 85c9 | 750b 41f6 | 0001 7505 | f049 8308 

  0x000001efe7ef5b5c: ;   {metadata(method data for {method} {0x000001ef88156248} 'guard_LI_V' '(Ljava/lang/invoke/VarHandle;Ljava/lang/Object;ILjava/lang/invoke/VarHandle$AccessDescriptor;)V' in 'java/lang/invoke/VarHandleGuards')}
  0x000001efe7ef5b5c: 0149 b820 | 9a67 caef | 0100 004d | 8d80 f801 

  0x000001efe7ef5b6c: ;   {oop(a 'java/lang/invoke/VarHandleInts$FieldInstanceReadWrite'{0x0000000600fbbf38})}
  0x000001efe7ef5b6c: 0000 49b9 | 38bf fb00 | 0600 0000 | 4d85 c975 | 0f41 f640 | 0801 754d | f049 8348 | 0801 eb45 
  0x000001efe7ef5b8c: ;   {metadata('java/lang/invoke/VarHandleInts$FieldInstanceReadWrite')}
  0x000001efe7ef5b8c: 49b9 38a0 | 0789 ef01 | 0000 4d8b | d14d 3348 | 0849 f7c1 | fcff ffff | 742b 41f6 | c102 7525 
  0x000001efe7ef5bac: 49f7 4008 | feff ffff | 7417 4d8b | ca4d 3348 | 0849 f7c1 | fcff ffff | 740b 4983 | 4808 02eb 
  0x000001efe7ef5bcc: 044d 8948 

  0x000001efe7ef5bd0: ;   {metadata('java/util/concurrent/FutureTask')}
  0x000001efe7ef5bd0: 0849 b9d8 | 6632 89ef | 0100 004d | 8bd1 4d33 | 4818 49f7 | c1fc ffff | ff74 2b41 | f6c1 0275 
  0x000001efe7ef5bf0: 2549 f740 | 18fe ffff | ff74 174d | 8bca 4d33 | 4818 49f7 | c1fc ffff | ff74 0b49 | 8348 1802 
  0x000001efe7ef5c10: eb04 4d89 

  0x000001efe7ef5c14: ;   {metadata(method data for {method} {0x000001ef88156248} 'guard_LI_V' '(Ljava/lang/invoke/VarHandle;Ljava/lang/Object;ILjava/lang/invoke/VarHandle$AccessDescriptor;)V' in 'java/lang/invoke/VarHandleGuards')}
  0x000001efe7ef5c14: 4818 49b8 | 209a 67ca | ef01 0000 | 4983 80e8 | 0100 0001 

  0x000001efe7ef5c28: ;   {metadata(method data for {method} {0x000001efc92d2870} 'setRelease' '(Ljava/lang/invoke/VarHandle;Ljava/lang/Object;I)V' in 'java/lang/invoke/VarHandleInts$FieldInstanceReadWrite')}
  0x000001efe7ef5c28: 49b8 509f | 67ca ef01 | 0000 458b | 88cc 0000 | 0041 83c1 | 0245 8988 | cc00 0000 | 4181 e1fe 
  0x000001efe7ef5c48: ff1f 0045 | 85c9 0f84 | bb1e 0000 

  0x000001efe7ef5c54: ;   {oop(a 'java/lang/Class'{0x0000000600fbb988} = 'java/util/concurrent/FutureTask')}
  0x000001efe7ef5c54: 49b8 88b9 | fb00 0600 

  0x000001efe7ef5c5c: ;   {metadata(method data for {method} {0x000001efc92d2870} 'setRelease' '(Ljava/lang/invoke/VarHandle;Ljava/lang/Object;I)V' in 'java/lang/invoke/VarHandleInts$FieldInstanceReadWrite')}
  0x000001efe7ef5c5c: 0000 49b9 | 509f 67ca | ef01 0000 | 4983 8148 | 0100 0001 

  0x000001efe7ef5c70: ;   {metadata(method data for {method} {0x000001ef88465068} 'cast' '(Ljava/lang/Object;)Ljava/lang/Object;' in 'java/lang/Class')}
  0x000001efe7ef5c70: 49b8 c074 | 20c9 ef01 | 0000 458b | 88cc 0000 | 0041 83c1 | 0245 8988 | cc00 0000 | 4181 e1fe 
  0x000001efe7ef5c90: ff1f 0045 | 85c9 0f84 | 941e 0000 

  0x000001efe7ef5c9c: ;   {metadata(method data for {method} {0x000001ef88465068} 'cast' '(Ljava/lang/Object;)Ljava/lang/Object;' in 'java/lang/Class')}
  0x000001efe7ef5c9c: 49b8 c074 | 20c9 ef01 | 0000 41ff | 8020 0100 

  0x000001efe7ef5cac: ;   {oop(a 'java/lang/Class'{0x0000000600fbb988} = 'java/util/concurrent/FutureTask')}
  0x000001efe7ef5cac: 0049 b888 | b9fb 0006 

  0x000001efe7ef5cb4: ;   {metadata(method data for {method} {0x000001ef88465068} 'cast' '(Ljava/lang/Object;)Ljava/lang/Object;' in 'java/lang/Class')}
  0x000001efe7ef5cb4: 0000 0049 | b9c0 7420 | c9ef 0100 | 0049 8381 | 3001 0000 | 0148 85d2 | 0f84 2900 

  0x000001efe7ef5cd0: ;   {metadata('java/util/concurrent/FutureTask')}
  0x000001efe7ef5cd0: 0000 48be | d866 3289 | ef01 0000 | 8b7a 0849 | ba00 0000 | 88ef 0100 | 0049 03fa | 483b 7738 
  0x000001efe7ef5cf0: 0f85 0500 | 0000 e905 | 0000 004d | 33c0 eb07 | 49c7 c001 | 0000 0045 

  0x000001efe7ef5d08: ;   {metadata(method data for {method} {0x000001ef88465068} 'cast' '(Ljava/lang/Object;)Ljava/lang/Object;' in 'java/lang/Class')}
  0x000001efe7ef5d08: 85c0 49b8 | c074 20c9 | ef01 0000 | 49c7 c178 | 0100 0074 | 0749 c7c1 | 6801 0000 | 4b8b 3c08 
  0x000001efe7ef5d28: 488d 7f01 | 4b89 3c08 | 0f84 8e12 

  0x000001efe7ef5d34: ;   {metadata(method data for {method} {0x000001efc92d2870} 'setRelease' '(Ljava/lang/invoke/VarHandle;Ljava/lang/Object;I)V' in 'java/lang/invoke/VarHandleInts$FieldInstanceReadWrite')}
  0x000001efe7ef5d34: 0000 49b8 | 509f 67ca | ef01 0000 | 4983 8080 | 0100 0001 

  0x000001efe7ef5d48: ;   {metadata(method data for {method} {0x000001ef88056488} 'requireNonNull' '(Ljava/lang/Object;)Ljava/lang/Object;' in 'java/util/Objects')}
  0x000001efe7ef5d48: 49b8 40f4 | 00c9 ef01 | 0000 458b | 88cc 0000 | 0041 83c1 | 0245 8988 | cc00 0000 | 4181 e1fe 
  0x000001efe7ef5d68: ff1f 0045 | 85c9 0f84 | dd1d 0000 

  0x000001efe7ef5d74: ;   {metadata(method data for {method} {0x000001ef88056488} 'requireNonNull' '(Ljava/lang/Object;)Ljava/lang/Object;' in 'java/util/Objects')}
  0x000001efe7ef5d74: 49b8 40f4 | 00c9 ef01 | 0000 41ff | 8010 0100 

  0x000001efe7ef5d84: ;   {metadata(method data for {method} {0x000001efc92d2870} 'setRelease' '(Ljava/lang/invoke/VarHandle;Ljava/lang/Object;I)V' in 'java/lang/invoke/VarHandleInts$FieldInstanceReadWrite')}
  0x000001efe7ef5d84: 0049 b850 | 9f67 caef | 0100 004d | 8d80 c801 

  0x000001efe7ef5d94: ;   {metadata('java/util/concurrent/FutureTask')}
  0x000001efe7ef5d94: 0000 49b9 | d866 3289 | ef01 0000 | 4d8b d14d | 3348 0849 | f7c1 fcff | ffff 742b | 41f6 c102 
  0x000001efe7ef5db4: 7525 49f7 | 4008 feff | ffff 7417 | 4d8b ca4d | 3348 0849 | f7c1 fcff | ffff 740b | 4983 4808 
  0x000001efe7ef5dd4: 02eb 044d 

  0x000001efe7ef5dd8: ;   {oop(a 'jdk/internal/misc/Unsafe'{0x0000000601000d30})}
  0x000001efe7ef5dd8: 8948 0848 | be30 0d00 | 0106 0000 | 004c 8bc6 

  0x000001efe7ef5de8: ;   {metadata(method data for {method} {0x000001efc92d2870} 'setRelease' '(Ljava/lang/invoke/VarHandle;Ljava/lang/Object;I)V' in 'java/lang/invoke/VarHandleInts$FieldInstanceReadWrite')}
  0x000001efe7ef5de8: 49b9 509f | 67ca ef01 | 0000 4983 | 8190 0100 | 0001 49c7 | c10c 0000 | 004c 8bc2 | bf03 0000 
  0x000001efe7ef5e08: 0048 8bd6 

  0x000001efe7ef5e0c: ;   {optimized virtual_call}
  0x000001efe7ef5e0c: 6666 90e8 

  0x000001efe7ef5e10: ; ImmutableOopMap {[232]=Oop }
                      ;*invokevirtual putIntRelease {reexecute=0 rethrow=0 return_oop=0}
                      ; - java.lang.invoke.VarHandleInts$FieldInstanceReadWrite::setRelease@24 (line 170)
                      ; - java.lang.invoke.VarHandleGuards::guard_LI_V@45 (line 122)
                      ; - java.util.concurrent.FutureTask::setException@22 (line 302)
                      ; - java.util.concurrent.FutureTask::run@59 (line 322)
  0x000001efe7ef5e10: 6c8c a206 

  0x000001efe7ef5e14: ;   {other}
  0x000001efe7ef5e14: 0f1f 8400 | 8417 0001 

  0x000001efe7ef5e1c: ;   {metadata(method data for {method} {0x000001ef88156248} 'guard_LI_V' '(Ljava/lang/invoke/VarHandle;Ljava/lang/Object;ILjava/lang/invoke/VarHandle$AccessDescriptor;)V' in 'java/lang/invoke/VarHandleGuards')}
  0x000001efe7ef5e1c: 48ba 209a | 67ca ef01 | 0000 ff82 | 2002 0000 | 488b 9424 | e800 0000 

  0x000001efe7ef5e34: ;   {metadata(method data for {method} {0x000001efca6ca918} 'setException' '(Ljava/lang/Throwable;)V' in 'java/util/concurrent/FutureTask')}
  0x000001efe7ef5e34: 48be d097 | 67ca ef01 | 0000 4883 | 86d0 0100 | 0001 488b | 9424 e800 

  0x000001efe7ef5e4c: ;   {optimized virtual_call}
  0x000001efe7ef5e4c: 0000 90e8 

  0x000001efe7ef5e50: ; ImmutableOopMap {[232]=Oop }
                      ;*invokevirtual finishCompletion {reexecute=0 rethrow=0 return_oop=0}
                      ; - java.util.concurrent.FutureTask::setException@26 (line 303)
                      ; - java.util.concurrent.FutureTask::run@59 (line 322)
  0x000001efe7ef5e50: 2c8c a206 

  0x000001efe7ef5e54: ;   {other}
  0x000001efe7ef5e54: 0f1f 8400 | c417 0002 | be00 0000 

  0x000001efe7ef5e60: ;   {oop(nullptr)}
  0x000001efe7ef5e60: 0048 b800 | 0000 0000 | 0000 0085 

  0x000001efe7ef5e6c: ;   {metadata(method data for {method} {0x000001efca6caae0} 'run' '()V' in 'java/util/concurrent/FutureTask')}
  0x000001efe7ef5e6c: f649 b858 | 9167 caef | 0100 0049 | c7c1 8802 | 0000 7407 | 49c7 c198 | 0200 004b | 8b3c 0848 
  0x000001efe7ef5e8c: 8d7f 014b | 893c 0848 | 8b94 24e8 | 0000 000f | 8473 0a00 | 004c 8bc2 

  0x000001efe7ef5ea4: ;   {metadata(method data for {method} {0x000001efca6caae0} 'run' '()V' in 'java/util/concurrent/FutureTask')}
  0x000001efe7ef5ea4: 49b9 5891 | 67ca ef01 

  0x000001efe7ef5eac: ;   {metadata('java/util/concurrent/FutureTask')}
  0x000001efe7ef5eac: 0000 49ba | d866 3289 | ef01 0000 | 4d89 91b8 | 0200 0049 | 8381 c002 

  0x000001efe7ef5ec4: ;   {metadata(method data for {method} {0x000001efca6ca830} 'set' '(Ljava/lang/Object;)V' in 'java/util/concurrent/FutureTask')}
  0x000001efe7ef5ec4: 0000 0149 | b8e8 a567 | caef 0100 | 0045 8b88 | cc00 0000 | 4183 c102 | 4589 88cc | 0000 0041 
  0x000001efe7ef5ee4: 81e1 feff | 1f00 4585 | c90f 847f 

  0x000001efe7ef5ef0: ;   {metadata(method data for {method} {0x000001efca6ca830} 'set' '(Ljava/lang/Object;)V' in 'java/util/concurrent/FutureTask')}
  0x000001efe7ef5ef0: 1c00 0049 | b8e8 a567 | caef 0100 | 004d 8d80 | 4801 0000 

  0x000001efe7ef5f04: ;   {metadata('java/util/concurrent/FutureTask')}
  0x000001efe7ef5f04: 49b9 d866 | 3289 ef01 | 0000 4d33 | 4808 49f7 | c1fc ffff | ff74 044d 

  0x000001efe7ef5f1c: ;   {metadata(method data for {method} {0x000001ef881562a0} 'guard_LII_Z' '(Ljava/lang/invoke/VarHandle;Ljava/lang/Object;IILjava/lang/invoke/VarHandle$AccessDescriptor;)Z' in 'java/lang/invoke/VarHandleGuards')}
  0x000001efe7ef5f1c: 8948 0849 | b808 b966 | caef 0100 | 004d 8d80 | e003 0000 

  0x000001efe7ef5f30: ;   {oop(a 'java/lang/invoke/VarHandleInts$FieldInstanceReadWrite'{0x0000000600fbbf38})}
  0x000001efe7ef5f30: 49b9 38bf | fb00 0600 | 0000 4d85 | c975 0b41 | f600 0175 | 05f0 4983 

  0x000001efe7ef5f48: ;   {metadata(method data for {method} {0x000001efca6ca830} 'set' '(Ljava/lang/Object;)V' in 'java/util/concurrent/FutureTask')}
  0x000001efe7ef5f48: 0801 49b8 | e8a5 67ca | ef01 0000 | 4983 8010 | 0100 0001 

  0x000001efe7ef5f5c: ;   {metadata(method data for {method} {0x000001ef881562a0} 'guard_LII_Z' '(Ljava/lang/invoke/VarHandle;Ljava/lang/Object;IILjava/lang/invoke/VarHandle$AccessDescriptor;)Z' in 'java/lang/invoke/VarHandleGuards')}
  0x000001efe7ef5f5c: 49b8 08b9 | 66ca ef01 | 0000 418b | b8cc 0000 | 0083 c702 | 4189 b8cc | 0000 0081 | e7fe ff1f 
  0x000001efe7ef5f7c: 0085 ff0f | 840e 1c00 

  0x000001efe7ef5f84: ;   {metadata(method data for {method} {0x000001ef881562a0} 'guard_LII_Z' '(Ljava/lang/invoke/VarHandle;Ljava/lang/Object;IILjava/lang/invoke/VarHandle$AccessDescriptor;)Z' in 'java/lang/invoke/VarHandleGuards')}
  0x000001efe7ef5f84: 0049 b808 | b966 caef | 0100 004d | 8d80 4801 

  0x000001efe7ef5f94: ;   {oop(a 'java/lang/invoke/VarHandle$AccessDescriptor'{0x0000000600fbbdc8})}
  0x000001efe7ef5f94: 0000 48bf | c8bd fb00 | 0600 0000 | 4885 ff75 | 0d41 f640 | 0801 7506 | f049 8348 

  0x000001efe7ef5fb0: ;   {metadata(method data for {method} {0x000001ef881562a0} 'guard_LII_Z' '(Ljava/lang/invoke/VarHandle;Ljava/lang/Object;IILjava/lang/invoke/VarHandle$AccessDescriptor;)Z' in 'java/lang/invoke/VarHandleGuards')}
  0x000001efe7ef5fb0: 0801 49b8 | 08b9 66ca | ef01 0000 | 458b 4908 | 49ba 0000 | 0088 ef01 | 0000 4d03 | ca4d 3b88 
  0x000001efe7ef5fd0: 2001 0000 | 750d 4983 | 8028 0100 | 0001 e960 | 0000 004d | 3b88 3001 | 0000 750d | 4983 8038 
  0x000001efe7ef5ff0: 0100 0001 | e94a 0000 | 0049 83b8 | 2001 0000 | 0075 174d | 8988 2001 | 0000 49c7 | 8028 0100 
  0x000001efe7ef6010: 0001 0000 | 00e9 2900 | 0000 4983 | b830 0100 | 0000 7517 | 4d89 8830 | 0100 0049 | c780 3801 
  0x000001efe7ef6030: 0000 0100 | 0000 e908 | 0000 0049 | 8380 1001 

  0x000001efe7ef6040: ;   {metadata(method data for {method} {0x000001ef880936b8} 'checkAccessModeThenIsDirect' '(Ljava/lang/invoke/VarHandle$AccessDescriptor;)Z' in 'java/lang/invoke/VarHandle')}
  0x000001efe7ef6040: 0000 0149 | b8e8 9b13 | c9ef 0100 | 0045 8b88 | cc00 0000 | 4183 c102 | 4589 88cc | 0000 0041 
  0x000001efe7ef6060: 81e1 feff | 1f00 4585 | c90f 8445 

  0x000001efe7ef606c: ;   {metadata(method data for {method} {0x000001ef880936b8} 'checkAccessModeThenIsDirect' '(Ljava/lang/invoke/VarHandle$AccessDescriptor;)Z' in 'java/lang/invoke/VarHandle')}
  0x000001efe7ef606c: 1b00 0049 | b8e8 9b13 | c9ef 0100 | 0041 ff80 | 1001 0000 

  0x000001efe7ef6080: ;   {metadata(method data for {method} {0x000001ef881562a0} 'guard_LII_Z' '(Ljava/lang/invoke/VarHandle;Ljava/lang/Object;IILjava/lang/invoke/VarHandle$AccessDescriptor;)Z' in 'java/lang/invoke/VarHandleGuards')}
  0x000001efe7ef6080: 49b8 08b9 | 66ca ef01 | 0000 41ff | 8070 0100 

  0x000001efe7ef6090: ;   {metadata(method data for {method} {0x000001ef881562a0} 'guard_LII_Z' '(Ljava/lang/invoke/VarHandle;Ljava/lang/Object;IILjava/lang/invoke/VarHandle$AccessDescriptor;)Z' in 'java/lang/invoke/VarHandleGuards')}
  0x000001efe7ef6090: 0049 b808 | b966 caef | 0100 0041 | ff80 9001 

  0x000001efe7ef60a0: ;   {oop(a 'java/lang/invoke/VarForm'{0x00000006015992a0})}
  0x000001efe7ef60a0: 0000 49b8 | a092 5901 | 0600 0000 

  0x000001efe7ef60ac: ;   {metadata(method data for {method} {0x000001ef881562a0} 'guard_LII_Z' '(Ljava/lang/invoke/VarHandle;Ljava/lang/Object;IILjava/lang/invoke/VarHandle$AccessDescriptor;)Z' in 'java/lang/invoke/VarHandleGuards')}
  0x000001efe7ef60ac: 49b9 08b9 | 66ca ef01 | 0000 4983 | 81a0 0100 

  0x000001efe7ef60bc: ;   {metadata(method data for {method} {0x000001ef881542f0} 'getMemberName' '(I)Ljava/lang/invoke/MemberName;' in 'java/lang/invoke/VarForm')}
  0x000001efe7ef60bc: 0001 49b8 | f09d 13c9 | ef01 0000 | 458b 88cc | 0000 0041 | 83c1 0245 | 8988 cc00 | 0000 4181 
  0x000001efe7ef60dc: e1fe ff1f | 0045 85c9 | 0f84 eb1a 

  0x000001efe7ef60e8: ;   {metadata(method data for {method} {0x000001ef881542f0} 'getMemberName' '(I)Ljava/lang/invoke/MemberName;' in 'java/lang/invoke/VarForm')}
  0x000001efe7ef60e8: 0000 49b8 | f09d 13c9 | ef01 0000 | 41ff 8010 

  0x000001efe7ef60f8: ;   {metadata(method data for {method} {0x000001ef881562a0} 'guard_LII_Z' '(Ljava/lang/invoke/VarHandle;Ljava/lang/Object;IILjava/lang/invoke/VarHandle$AccessDescriptor;)Z' in 'java/lang/invoke/VarHandleGuards')}
  0x000001efe7ef60f8: 0100 0049 | b808 b966 | caef 0100 | 004d 8d80 | d801 0000 

  0x000001efe7ef610c: ;   {oop(a 'java/lang/invoke/MemberName'{0x0000000600f59fb0} = {method} {0x000001efc92d2980} 'compareAndSet' '(Ljava/lang/invoke/VarHandle;Ljava/lang/Object;II)Z' in 'java/lang/invoke/VarHandleInts$FieldInstanceReadWrite')}
  0x000001efe7ef610c: 49b9 b09f | f500 0600 | 0000 4d85 | c975 0b41 | f600 0175 | 05f0 4983 

  0x000001efe7ef6124: ;   {metadata(method data for {method} {0x000001ef881562a0} 'guard_LII_Z' '(Ljava/lang/invoke/VarHandle;Ljava/lang/Object;IILjava/lang/invoke/VarHandle$AccessDescriptor;)Z' in 'java/lang/invoke/VarHandleGuards')}
  0x000001efe7ef6124: 0801 49b8 | 08b9 66ca | ef01 0000 | 4d8d 80f8 

  0x000001efe7ef6134: ;   {oop(a 'java/lang/invoke/VarHandleInts$FieldInstanceReadWrite'{0x0000000600fbbf38})}
  0x000001efe7ef6134: 0100 0049 | b938 bffb | 0006 0000 | 004d 85c9 | 750d 41f6 | 4008 0175 | 06f0 4983 

  0x000001efe7ef6150: ;   {metadata(method data for {method} {0x000001ef881562a0} 'guard_LII_Z' '(Ljava/lang/invoke/VarHandle;Ljava/lang/Object;IILjava/lang/invoke/VarHandle$AccessDescriptor;)Z' in 'java/lang/invoke/VarHandleGuards')}
  0x000001efe7ef6150: 4808 0149 | b808 b966 | caef 0100 | 0049 8380 | e801 0000 

  0x000001efe7ef6164: ;   {metadata(method data for {method} {0x000001efc92d2980} 'compareAndSet' '(Ljava/lang/invoke/VarHandle;Ljava/lang/Object;II)Z' in 'java/lang/invoke/VarHandleInts$FieldInstanceReadWrite')}
  0x000001efe7ef6164: 0149 b818 | be66 caef | 0100 0045 | 8b88 cc00 | 0000 4183 | c102 4589 | 88cc 0000 | 0041 81e1 
  0x000001efe7ef6184: feff 1f00 | 4585 c90f | 8465 1a00 

  0x000001efe7ef6190: ;   {oop(a 'java/lang/Class'{0x0000000600fbb988} = 'java/util/concurrent/FutureTask')}
  0x000001efe7ef6190: 0049 b888 | b9fb 0006 

  0x000001efe7ef6198: ;   {metadata(method data for {method} {0x000001efc92d2980} 'compareAndSet' '(Ljava/lang/invoke/VarHandle;Ljava/lang/Object;II)Z' in 'java/lang/invoke/VarHandleInts$FieldInstanceReadWrite')}
  0x000001efe7ef6198: 0000 0049 | b918 be66 | caef 0100 | 0049 8381 | 4801 0000 

  0x000001efe7ef61ac: ;   {metadata(method data for {method} {0x000001ef88465068} 'cast' '(Ljava/lang/Object;)Ljava/lang/Object;' in 'java/lang/Class')}
  0x000001efe7ef61ac: 0149 b8c0 | 7420 c9ef | 0100 0045 | 8b88 cc00 | 0000 4183 | c102 4589 | 88cc 0000 | 0041 81e1 
  0x000001efe7ef61cc: feff 1f00 | 4585 c90f | 843e 1a00 

  0x000001efe7ef61d8: ;   {metadata(method data for {method} {0x000001ef88465068} 'cast' '(Ljava/lang/Object;)Ljava/lang/Object;' in 'java/lang/Class')}
  0x000001efe7ef61d8: 0049 b8c0 | 7420 c9ef | 0100 0041 | ff80 2001 

  0x000001efe7ef61e8: ;   {oop(a 'java/lang/Class'{0x0000000600fbb988} = 'java/util/concurrent/FutureTask')}
  0x000001efe7ef61e8: 0000 49b8 | 88b9 fb00 | 0600 0000 

  0x000001efe7ef61f4: ;   {metadata(method data for {method} {0x000001ef88465068} 'cast' '(Ljava/lang/Object;)Ljava/lang/Object;' in 'java/lang/Class')}
  0x000001efe7ef61f4: 49b9 c074 | 20c9 ef01 | 0000 4983 | 8130 0100 | 0001 4885 | d20f 8429 

  0x000001efe7ef620c: ;   {metadata('java/util/concurrent/FutureTask')}
  0x000001efe7ef620c: 0000 0048 | bed8 6632 | 89ef 0100 | 008b 7a08 | 49ba 0000 | 0088 ef01 | 0000 4903 | fa48 3b77 
  0x000001efe7ef622c: 380f 8505 | 0000 00e9 | 0500 0000 | 4d33 c0eb | 0749 c7c0 | 0100 0000 

  0x000001efe7ef6244: ;   {metadata(method data for {method} {0x000001ef88465068} 'cast' '(Ljava/lang/Object;)Ljava/lang/Object;' in 'java/lang/Class')}
  0x000001efe7ef6244: 4585 c049 | b8c0 7420 | c9ef 0100 | 0049 c7c1 | 7801 0000 | 7407 49c7 | c168 0100 | 004b 8b3c 
  0x000001efe7ef6264: 0848 8d7f | 014b 893c | 080f 8461 

  0x000001efe7ef6270: ;   {metadata(method data for {method} {0x000001efc92d2980} 'compareAndSet' '(Ljava/lang/invoke/VarHandle;Ljava/lang/Object;II)Z' in 'java/lang/invoke/VarHandleInts$FieldInstanceReadWrite')}
  0x000001efe7ef6270: 0c00 0049 | b818 be66 | caef 0100 | 0049 8380 | 8001 0000 

  0x000001efe7ef6284: ;   {metadata(method data for {method} {0x000001ef88056488} 'requireNonNull' '(Ljava/lang/Object;)Ljava/lang/Object;' in 'java/util/Objects')}
  0x000001efe7ef6284: 0149 b840 | f400 c9ef | 0100 0045 | 8b88 cc00 | 0000 4183 | c102 4589 | 88cc 0000 | 0041 81e1 
  0x000001efe7ef62a4: feff 1f00 | 4585 c90f | 8487 1900 

  0x000001efe7ef62b0: ;   {metadata(method data for {method} {0x000001ef88056488} 'requireNonNull' '(Ljava/lang/Object;)Ljava/lang/Object;' in 'java/util/Objects')}
  0x000001efe7ef62b0: 0049 b840 | f400 c9ef | 0100 0041 | ff80 1001 | 0000 49c7 | c00c 0000 | 004e 8d04 | 0248 8bd8 
  0x000001efe7ef62d0: b800 0000 | 0041 b901 | 0000 00f0 | 450f b108 | 41b8 0100 | 0000 7406 | 41b8 0000 | 0000 4183 
  0x000001efe7ef62f0: e001 4183 | e001 4585 

  0x000001efe7ef62f8: ;   {metadata(method data for {method} {0x000001efca6ca830} 'set' '(Ljava/lang/Object;)V' in 'java/util/concurrent/FutureTask')}
  0x000001efe7ef62f8: c049 b8e8 | a567 caef | 0100 0049 | c7c1 6001 | 0000 7407 | 49c7 c170 | 0100 004b | 8b3c 0848 
  0x000001efe7ef6318: 8d7f 014b | 893c 080f | 84e7 0500 | 0045 0fbe | 4740 4585 | c00f 8526 | 1900 004c | 8bd3 49c1 
  0x000001efe7ef6338: ea03 4489 | 5214 4c8b | c24c 33c3 | 49c1 e816 | 4983 f800 | 0f85 2719 

  0x000001efe7ef6350: ;   {metadata(method data for {method} {0x000001efca6ca830} 'set' '(Ljava/lang/Object;)V' in 'java/util/concurrent/FutureTask')}
  0x000001efe7ef6350: 0000 49b8 | e8a5 67ca | ef01 0000 | 4d8d 80b8 

  0x000001efe7ef6360: ;   {metadata('java/util/concurrent/FutureTask')}
  0x000001efe7ef6360: 0100 0049 | b9d8 6632 | 89ef 0100 | 004d 3348 | 0849 f7c1 | fcff ffff | 7404 4d89 

  0x000001efe7ef637c: ;   {metadata(method data for {method} {0x000001ef88156248} 'guard_LI_V' '(Ljava/lang/invoke/VarHandle;Ljava/lang/Object;ILjava/lang/invoke/VarHandle$AccessDescriptor;)V' in 'java/lang/invoke/VarHandleGuards')}
  0x000001efe7ef637c: 4808 49b8 | 209a 67ca | ef01 0000 | 4d8d 8018 

  0x000001efe7ef638c: ;   {oop(a 'java/lang/invoke/VarHandleInts$FieldInstanceReadWrite'{0x0000000600fbbf38})}
  0x000001efe7ef638c: 0500 0049 | b938 bffb | 0006 0000 | 004d 85c9 | 750d 41f6 | 0001 7547 | f049 8308 

  0x000001efe7ef63a8: ;   {metadata('java/lang/invoke/VarHandleInts$FieldInstanceReadWrite')}
  0x000001efe7ef63a8: 01eb 4048 | bf38 a007 | 89ef 0100 | 004c 8bd7 | 4933 3848 | f7c7 fcff | ffff 7427 | 40f6 c702 
  0x000001efe7ef63c8: 7521 49f7 | 00fe ffff | ff74 1549 | 8bfa 4933 | 3848 f7c7 | fcff ffff | 7409 4983 | 0802 eb03 
  0x000001efe7ef63e8: ;   {metadata('java/util/concurrent/FutureTask')}
  0x000001efe7ef63e8: 4989 3848 | bfd8 6632 | 89ef 0100 | 004c 8bd7 | 4933 7810 | 48f7 c7fc | ffff ff74 | 2b40 f6c7 
  0x000001efe7ef6408: 0275 2549 | f740 10fe | ffff ff74 | 1749 8bfa | 4933 7810 | 48f7 c7fc | ffff ff74 | 0b49 8348 
  0x000001efe7ef6428: 1002 eb04 | 4989 7810 

  0x000001efe7ef6430: ;   {metadata(method data for {method} {0x000001efca6ca830} 'set' '(Ljava/lang/Object;)V' in 'java/util/concurrent/FutureTask')}
  0x000001efe7ef6430: 49b8 e8a5 | 67ca ef01 | 0000 4983 | 8080 0100 

  0x000001efe7ef6440: ;   {metadata(method data for {method} {0x000001ef88156248} 'guard_LI_V' '(Ljava/lang/invoke/VarHandle;Ljava/lang/Object;ILjava/lang/invoke/VarHandle$AccessDescriptor;)V' in 'java/lang/invoke/VarHandleGuards')}
  0x000001efe7ef6440: 0001 49b8 | 209a 67ca | ef01 0000 | 418b b8cc | 0000 0083 | c702 4189 | b8cc 0000 | 0081 e7fe 
  0x000001efe7ef6460: ff1f 0085 | ff0f 8426 

  0x000001efe7ef6468: ;   {metadata(method data for {method} {0x000001ef88156248} 'guard_LI_V' '(Ljava/lang/invoke/VarHandle;Ljava/lang/Object;ILjava/lang/invoke/VarHandle$AccessDescriptor;)V' in 'java/lang/invoke/VarHandleGuards')}
  0x000001efe7ef6468: 1800 0049 | b820 9a67 | caef 0100 | 004d 8d80 | 4801 0000 

  0x000001efe7ef647c: ;   {oop(a 'java/lang/invoke/VarHandle$AccessDescriptor'{0x0000000600fbbd18})}
  0x000001efe7ef647c: 48bf 18bd | fb00 0600 | 0000 4885 | ff75 0d41 | f640 0801 | 7506 f049 | 8348 0801 

  0x000001efe7ef6498: ;   {metadata(method data for {method} {0x000001ef88156248} 'guard_LI_V' '(Ljava/lang/invoke/VarHandle;Ljava/lang/Object;ILjava/lang/invoke/VarHandle$AccessDescriptor;)V' in 'java/lang/invoke/VarHandleGuards')}
  0x000001efe7ef6498: 49b8 209a | 67ca ef01 | 0000 458b | 4908 49ba | 0000 0088 | ef01 0000 | 4d03 ca4d | 3b88 2001 
  0x000001efe7ef64b8: 0000 750d | 4983 8028 | 0100 0001 | e960 0000 | 004d 3b88 | 3001 0000 | 750d 4983 | 8038 0100 
  0x000001efe7ef64d8: 0001 e94a | 0000 0049 | 83b8 2001 | 0000 0075 | 174d 8988 | 2001 0000 | 49c7 8028 | 0100 0001 
  0x000001efe7ef64f8: 0000 00e9 | 2900 0000 | 4983 b830 | 0100 0000 | 7517 4d89 | 8830 0100 | 0049 c780 | 3801 0000 
  0x000001efe7ef6518: 0100 0000 | e908 0000 | 0049 8380 | 1001 0000 

  0x000001efe7ef6528: ;   {metadata(method data for {method} {0x000001ef880936b8} 'checkAccessModeThenIsDirect' '(Ljava/lang/invoke/VarHandle$AccessDescriptor;)Z' in 'java/lang/invoke/VarHandle')}
  0x000001efe7ef6528: 0149 b8e8 | 9b13 c9ef | 0100 0045 | 8b88 cc00 | 0000 4183 | c102 4589 | 88cc 0000 | 0041 81e1 
  0x000001efe7ef6548: feff 1f00 | 4585 c90f | 845d 1700 

  0x000001efe7ef6554: ;   {metadata(method data for {method} {0x000001ef880936b8} 'checkAccessModeThenIsDirect' '(Ljava/lang/invoke/VarHandle$AccessDescriptor;)Z' in 'java/lang/invoke/VarHandle')}
  0x000001efe7ef6554: 0049 b8e8 | 9b13 c9ef | 0100 0041 | ff80 1001 

  0x000001efe7ef6564: ;   {metadata(method data for {method} {0x000001ef88156248} 'guard_LI_V' '(Ljava/lang/invoke/VarHandle;Ljava/lang/Object;ILjava/lang/invoke/VarHandle$AccessDescriptor;)V' in 'java/lang/invoke/VarHandleGuards')}
  0x000001efe7ef6564: 0000 49b8 | 209a 67ca | ef01 0000 | 41ff 8070 

  0x000001efe7ef6574: ;   {metadata(method data for {method} {0x000001ef88156248} 'guard_LI_V' '(Ljava/lang/invoke/VarHandle;Ljava/lang/Object;ILjava/lang/invoke/VarHandle$AccessDescriptor;)V' in 'java/lang/invoke/VarHandleGuards')}
  0x000001efe7ef6574: 0100 0049 | b820 9a67 | caef 0100 | 0041 ff80 | 9001 0000 

  0x000001efe7ef6588: ;   {oop(a 'java/lang/invoke/VarForm'{0x00000006015992a0})}
  0x000001efe7ef6588: 49b8 a092 | 5901 0600 

  0x000001efe7ef6590: ;   {metadata(method data for {method} {0x000001ef88156248} 'guard_LI_V' '(Ljava/lang/invoke/VarHandle;Ljava/lang/Object;ILjava/lang/invoke/VarHandle$AccessDescriptor;)V' in 'java/lang/invoke/VarHandleGuards')}
  0x000001efe7ef6590: 0000 49b9 | 209a 67ca | ef01 0000 | 4983 81a0 | 0100 0001 

  0x000001efe7ef65a4: ;   {metadata(method data for {method} {0x000001ef881542f0} 'getMemberName' '(I)Ljava/lang/invoke/MemberName;' in 'java/lang/invoke/VarForm')}
  0x000001efe7ef65a4: 49b8 f09d | 13c9 ef01 | 0000 458b | 88cc 0000 | 0041 83c1 | 0245 8988 | cc00 0000 | 4181 e1fe 
  0x000001efe7ef65c4: ff1f 0045 | 85c9 0f84 | 0317 0000 

  0x000001efe7ef65d0: ;   {metadata(method data for {method} {0x000001ef881542f0} 'getMemberName' '(I)Ljava/lang/invoke/MemberName;' in 'java/lang/invoke/VarForm')}
  0x000001efe7ef65d0: 49b8 f09d | 13c9 ef01 | 0000 41ff | 8010 0100 

  0x000001efe7ef65e0: ;   {metadata(method data for {method} {0x000001ef88156248} 'guard_LI_V' '(Ljava/lang/invoke/VarHandle;Ljava/lang/Object;ILjava/lang/invoke/VarHandle$AccessDescriptor;)V' in 'java/lang/invoke/VarHandleGuards')}
  0x000001efe7ef65e0: 0049 b820 | 9a67 caef | 0100 004d | 8d80 d801 

  0x000001efe7ef65f0: ;   {oop(a 'java/lang/invoke/MemberName'{0x0000000600f5a188} = {method} {0x000001efc92d2870} 'setRelease' '(Ljava/lang/invoke/VarHandle;Ljava/lang/Object;I)V' in 'java/lang/invoke/VarHandleInts$FieldInstanceReadWrite')}
  0x000001efe7ef65f0: 0000 49b9 | 88a1 f500 | 0600 0000 | 4d85 c975 | 0b41 f600 | 0175 05f0 | 4983 0801 

  0x000001efe7ef660c: ;   {metadata(method data for {method} {0x000001ef88156248} 'guard_LI_V' '(Ljava/lang/invoke/VarHandle;Ljava/lang/Object;ILjava/lang/invoke/VarHandle$AccessDescriptor;)V' in 'java/lang/invoke/VarHandleGuards')}
  0x000001efe7ef660c: 49b8 209a | 67ca ef01 | 0000 4d8d | 80f8 0100 

  0x000001efe7ef661c: ;   {oop(a 'java/lang/invoke/VarHandleInts$FieldInstanceReadWrite'{0x0000000600fbbf38})}
  0x000001efe7ef661c: 0049 b938 | bffb 0006 | 0000 004d | 85c9 750f | 41f6 4008 | 0175 4df0 | 4983 4808 

  0x000001efe7ef6638: ;   {metadata('java/lang/invoke/VarHandleInts$FieldInstanceReadWrite')}
  0x000001efe7ef6638: 01eb 4549 | b938 a007 | 89ef 0100 | 004d 8bd1 | 4d33 4808 | 49f7 c1fc | ffff ff74 | 2b41 f6c1 
  0x000001efe7ef6658: 0275 2549 | f740 08fe | ffff ff74 | 174d 8bca | 4d33 4808 | 49f7 c1fc | ffff ff74 | 0b49 8348 
  0x000001efe7ef6678: 0802 eb04 | 4d89 4808 

  0x000001efe7ef6680: ;   {metadata('java/util/concurrent/FutureTask')}
  0x000001efe7ef6680: 49b9 d866 | 3289 ef01 | 0000 4d8b | d14d 3348 | 1849 f7c1 | fcff ffff | 742b 41f6 | c102 7525 
  0x000001efe7ef66a0: 49f7 4018 | feff ffff | 7417 4d8b | ca4d 3348 | 1849 f7c1 | fcff ffff | 740b 4983 | 4818 02eb 
  0x000001efe7ef66c0: 044d 8948 

  0x000001efe7ef66c4: ;   {metadata(method data for {method} {0x000001ef88156248} 'guard_LI_V' '(Ljava/lang/invoke/VarHandle;Ljava/lang/Object;ILjava/lang/invoke/VarHandle$AccessDescriptor;)V' in 'java/lang/invoke/VarHandleGuards')}
  0x000001efe7ef66c4: 1849 b820 | 9a67 caef | 0100 0049 | 8380 e801 

  0x000001efe7ef66d4: ;   {metadata(method data for {method} {0x000001efc92d2870} 'setRelease' '(Ljava/lang/invoke/VarHandle;Ljava/lang/Object;I)V' in 'java/lang/invoke/VarHandleInts$FieldInstanceReadWrite')}
  0x000001efe7ef66d4: 0000 0149 | b850 9f67 | caef 0100 | 0045 8b88 | cc00 0000 | 4183 c102 | 4589 88cc | 0000 0041 
  0x000001efe7ef66f4: 81e1 feff | 1f00 4585 | c90f 84f1 

  0x000001efe7ef6700: ;   {oop(a 'java/lang/Class'{0x0000000600fbb988} = 'java/util/concurrent/FutureTask')}
  0x000001efe7ef6700: 1500 0049 | b888 b9fb | 0006 0000 

  0x000001efe7ef670c: ;   {metadata(method data for {method} {0x000001efc92d2870} 'setRelease' '(Ljava/lang/invoke/VarHandle;Ljava/lang/Object;I)V' in 'java/lang/invoke/VarHandleInts$FieldInstanceReadWrite')}
  0x000001efe7ef670c: 0049 b950 | 9f67 caef | 0100 0049 | 8381 4801 

  0x000001efe7ef671c: ;   {metadata(method data for {method} {0x000001ef88465068} 'cast' '(Ljava/lang/Object;)Ljava/lang/Object;' in 'java/lang/Class')}
  0x000001efe7ef671c: 0000 0149 | b8c0 7420 | c9ef 0100 | 0045 8b88 | cc00 0000 | 4183 c102 | 4589 88cc | 0000 0041 
  0x000001efe7ef673c: 81e1 feff | 1f00 4585 | c90f 84ca 

  0x000001efe7ef6748: ;   {metadata(method data for {method} {0x000001ef88465068} 'cast' '(Ljava/lang/Object;)Ljava/lang/Object;' in 'java/lang/Class')}
  0x000001efe7ef6748: 1500 0049 | b8c0 7420 | c9ef 0100 | 0041 ff80 | 2001 0000 

  0x000001efe7ef675c: ;   {oop(a 'java/lang/Class'{0x0000000600fbb988} = 'java/util/concurrent/FutureTask')}
  0x000001efe7ef675c: 49b8 88b9 | fb00 0600 

  0x000001efe7ef6764: ;   {metadata(method data for {method} {0x000001ef88465068} 'cast' '(Ljava/lang/Object;)Ljava/lang/Object;' in 'java/lang/Class')}
  0x000001efe7ef6764: 0000 49b9 | c074 20c9 | ef01 0000 | 4983 8130 | 0100 0001 | 4885 d20f | 8429 0000 

  0x000001efe7ef6780: ;   {metadata('java/util/concurrent/FutureTask')}
  0x000001efe7ef6780: 0048 bed8 | 6632 89ef | 0100 008b | 7a08 49ba | 0000 0088 | ef01 0000 | 4903 fa48 | 3b77 380f 
  0x000001efe7ef67a0: 8505 0000 | 00e9 0500 | 0000 4d33 | c0eb 0749 | c7c0 0100 | 0000 4585 

  0x000001efe7ef67b8: ;   {metadata(method data for {method} {0x000001ef88465068} 'cast' '(Ljava/lang/Object;)Ljava/lang/Object;' in 'java/lang/Class')}
  0x000001efe7ef67b8: c049 b8c0 | 7420 c9ef | 0100 0049 | c7c1 7801 | 0000 7407 | 49c7 c168 | 0100 004b | 8b3c 0848 
  0x000001efe7ef67d8: 8d7f 014b | 893c 080f | 8409 0600 

  0x000001efe7ef67e4: ;   {metadata(method data for {method} {0x000001efc92d2870} 'setRelease' '(Ljava/lang/invoke/VarHandle;Ljava/lang/Object;I)V' in 'java/lang/invoke/VarHandleInts$FieldInstanceReadWrite')}
  0x000001efe7ef67e4: 0049 b850 | 9f67 caef | 0100 0049 | 8380 8001 

  0x000001efe7ef67f4: ;   {metadata(method data for {method} {0x000001ef88056488} 'requireNonNull' '(Ljava/lang/Object;)Ljava/lang/Object;' in 'java/util/Objects')}
  0x000001efe7ef67f4: 0000 0149 | b840 f400 | c9ef 0100 | 0045 8b88 | cc00 0000 | 4183 c102 | 4589 88cc | 0000 0041 
  0x000001efe7ef6814: 81e1 feff | 1f00 4585 | c90f 8413 

  0x000001efe7ef6820: ;   {metadata(method data for {method} {0x000001ef88056488} 'requireNonNull' '(Ljava/lang/Object;)Ljava/lang/Object;' in 'java/util/Objects')}
  0x000001efe7ef6820: 1500 0049 | b840 f400 | c9ef 0100 | 0041 ff80 | 1001 0000 

  0x000001efe7ef6834: ;   {metadata(method data for {method} {0x000001efc92d2870} 'setRelease' '(Ljava/lang/invoke/VarHandle;Ljava/lang/Object;I)V' in 'java/lang/invoke/VarHandleInts$FieldInstanceReadWrite')}
  0x000001efe7ef6834: 49b8 509f | 67ca ef01 | 0000 4d8d | 80c8 0100 

  0x000001efe7ef6844: ;   {metadata('java/util/concurrent/FutureTask')}
  0x000001efe7ef6844: 0049 b9d8 | 6632 89ef | 0100 004d | 8bd1 4d33 | 4808 49f7 | c1fc ffff | ff74 2b41 | f6c1 0275 
  0x000001efe7ef6864: 2549 f740 | 08fe ffff | ff74 174d | 8bca 4d33 | 4808 49f7 | c1fc ffff | ff74 0b49 | 8348 0802 
  0x000001efe7ef6884: eb04 4d89 

  0x000001efe7ef6888: ;   {oop(a 'jdk/internal/misc/Unsafe'{0x0000000601000d30})}
  0x000001efe7ef6888: 4808 48be | 300d 0001 | 0600 0000 

  0x000001efe7ef6894: ;   {metadata(method data for {method} {0x000001efc92d2870} 'setRelease' '(Ljava/lang/invoke/VarHandle;Ljava/lang/Object;I)V' in 'java/lang/invoke/VarHandleInts$FieldInstanceReadWrite')}
  0x000001efe7ef6894: 4c8b c649 | b950 9f67 | caef 0100 | 0049 8381 | 9001 0000 | 0149 c7c1 | 0c00 0000 | 4c8b c2bf 
  0x000001efe7ef68b4: 0200 0000 | 488b d60f 

  0x000001efe7ef68bc: ;   {optimized virtual_call}
  0x000001efe7ef68bc: 1f40 00e8 

  0x000001efe7ef68c0: ; ImmutableOopMap {[232]=Oop }
                      ;*invokevirtual putIntRelease {reexecute=0 rethrow=0 return_oop=0}
                      ; - java.lang.invoke.VarHandleInts$FieldInstanceReadWrite::setRelease@24 (line 170)
                      ; - java.lang.invoke.VarHandleGuards::guard_LI_V@45 (line 122)
                      ; - java.util.concurrent.FutureTask::set@22 (line 284)
                      ; - java.util.concurrent.FutureTask::run@68 (line 325)
  0x000001efe7ef68c0: fc21 3207 

  0x000001efe7ef68c4: ;   {other}
  0x000001efe7ef68c4: 0f1f 8400 | 3422 0003 

  0x000001efe7ef68cc: ;   {metadata(method data for {method} {0x000001ef88156248} 'guard_LI_V' '(Ljava/lang/invoke/VarHandle;Ljava/lang/Object;ILjava/lang/invoke/VarHandle$AccessDescriptor;)V' in 'java/lang/invoke/VarHandleGuards')}
  0x000001efe7ef68cc: 48ba 209a | 67ca ef01 | 0000 ff82 | 2002 0000 | 488b 9424 | e800 0000 

  0x000001efe7ef68e4: ;   {metadata(method data for {method} {0x000001efca6ca830} 'set' '(Ljava/lang/Object;)V' in 'java/util/concurrent/FutureTask')}
  0x000001efe7ef68e4: 48be e8a5 | 67ca ef01 | 0000 4883 | 86d0 0100 | 0001 488b | 9424 e800 

  0x000001efe7ef68fc: ;   {optimized virtual_call}
  0x000001efe7ef68fc: 0000 90e8 

  0x000001efe7ef6900: ; ImmutableOopMap {[232]=Oop }
                      ;*invokevirtual finishCompletion {reexecute=0 rethrow=0 return_oop=0}
                      ; - java.util.concurrent.FutureTask::set@26 (line 285)
                      ; - java.util.concurrent.FutureTask::run@68 (line 325)
  0x000001efe7ef6900: 9c1a 0200 

  0x000001efe7ef6904: ;   {other}
  0x000001efe7ef6904: 0f1f 8400 | 7422 0004 | 488b 9424 | e800 0000 

  0x000001efe7ef6914: ;   {oop(nullptr)}
  0x000001efe7ef6914: 48be 0000 | 0000 0000 | 0000 410f | be7f 4085 | ff0f 852c | 1400 004c | 8bd6 49c1 | ea03 4489 
  0x000001efe7ef6934: 5218 f083 | 4424 c000 | 488b fa48 | 33fe 48c1 | ef16 4883 | ff00 0f85 | 2614 0000 | 8b72 0c83 
  0x000001efe7ef6954: ;   {metadata(method data for {method} {0x000001efca6caae0} 'run' '()V' in 'java/util/concurrent/FutureTask')}
  0x000001efe7ef6954: fe05 48bf | 5891 67ca | ef01 0000 | 48c7 c3e0 | 0200 007c | 0748 c7c3 | f002 0000 | 488b 041f 
  0x000001efe7ef6974: 488d 4001 | 4889 041f | 0f8c 3004 | 0000 488b 

  0x000001efe7ef6984: ;   {metadata(method data for {method} {0x000001efca6caae0} 'run' '()V' in 'java/util/concurrent/FutureTask')}
  0x000001efe7ef6984: fa48 bb58 | 9167 caef | 0100 0048 | 8383 0003 

  0x000001efe7ef6994: ;   {metadata(method data for {method} {0x000001efca6cadb0} 'handlePossibleCancellationInterrupt' '(I)V' in 'java/util/concurrent/FutureTask')}
  0x000001efe7ef6994: 0000 0148 | bf38 a867 | caef 0100 | 008b 9fcc | 0000 0083 | c302 899f | cc00 0000 | 81e3 feff 
  0x000001efe7ef69b4: 1f00 85db | 0f84 d013 | 0000 83fe 

  0x000001efe7ef69c0: ;   {metadata(method data for {method} {0x000001efca6cadb0} 'handlePossibleCancellationInterrupt' '(I)V' in 'java/util/concurrent/FutureTask')}
  0x000001efe7ef69c0: 0548 be38 | a867 caef | 0100 0048 | c7c7 1001 | 0000 7507 | 48c7 c720 | 0100 0048 | 8b1c 3e48 
  0x000001efe7ef69e0: 8d5b 0148 | 891c 3e0f | 85c5 0300 | 0066 6690 | 8b72 0c83 

  0x000001efe7ef69f4: ;   {metadata(method data for {method} {0x000001efca6cadb0} 'handlePossibleCancellationInterrupt' '(I)V' in 'java/util/concurrent/FutureTask')}
  0x000001efe7ef69f4: fe05 48be | 38a8 67ca | ef01 0000 | 48c7 c730 | 0100 0075 | 0748 c7c7 | 4001 0000 | 488b 1c3e 
  0x000001efe7ef6a14: 488d 5b01 | 4889 1c3e | 0f85 9003 

  0x000001efe7ef6a20: ;   {metadata(method data for {method} {0x000001efca6cadb0} 'handlePossibleCancellationInterrupt' '(I)V' in 'java/util/concurrent/FutureTask')}
  0x000001efe7ef6a20: 0000 48be | 38a8 67ca | ef01 0000 | 4883 8650 | 0100 0001 

  0x000001efe7ef6a34: ;   {metadata(method data for {method} {0x000001ef88429fc8} 'yield' '()V' in 'java/lang/Thread')}
  0x000001efe7ef6a34: 48be e879 | 39c9 ef01 | 0000 8bbe | cc00 0000 | 83c7 0289 | becc 0000 | 0081 e7fe | ff1f 0085 
  0x000001efe7ef6a54: ff0f 8454 

  0x000001efe7ef6a58: ;   {metadata(method data for {method} {0x000001ef88429fc8} 'yield' '()V' in 'java/lang/Thread')}
  0x000001efe7ef6a58: 1300 0048 | bee8 7939 | c9ef 0100 | 0048 8386 | 1001 0000 | 0149 8bb7 | 8003 0000 | 488b 3648 
  0x000001efe7ef6a78: 85f6 7516 

  0x000001efe7ef6a7c: ;   {metadata(method data for {method} {0x000001ef88429fc8} 'yield' '()V' in 'java/lang/Thread')}
  0x000001efe7ef6a7c: 48b8 e879 | 39c9 ef01 | 0000 8088 | 1901 0000 | 01e9 cc00 

  0x000001efe7ef6a90: ;   {metadata('java/lang/VirtualThread')}
  0x000001efe7ef6a90: 0000 48b9 | 589d 0288 | ef01 0000 | 8b5e 0849 | ba00 0000 | 88ef 0100 | 0049 03da | 483b cb0f 
  0x000001efe7ef6ab0: 858d 0000 

  0x000001efe7ef6ab4: ;   {metadata(method data for {method} {0x000001ef88429fc8} 'yield' '()V' in 'java/lang/Thread')}
  0x000001efe7ef6ab4: 0048 b8e8 | 7939 c9ef | 0100 008b | 4e08 49ba | 0000 0088 | ef01 0000 | 4903 ca48 | 3b88 3001 
  0x000001efe7ef6ad4: 0000 750d | 4883 8038 | 0100 0001 | e97e 0000 | 0048 3b88 | 4001 0000 | 750d 4883 | 8048 0100 
  0x000001efe7ef6af4: 0001 e968 | 0000 0048 | 83b8 3001 | 0000 0075 | 1748 8988 | 3001 0000 | 48c7 8038 | 0100 0001 
  0x000001efe7ef6b14: 0000 00e9 | 4700 0000 | 4883 b840 | 0100 0000 | 7517 4889 | 8840 0100 | 0048 c780 | 4801 0000 
  0x000001efe7ef6b34: 0100 0000 | e926 0000 | 00e9 2100 

  0x000001efe7ef6b40: ;   {metadata(method data for {method} {0x000001ef88429fc8} 'yield' '()V' in 'java/lang/Thread')}
  0x000001efe7ef6b40: 0000 48b8 | e879 39c9 | ef01 0000 | 4883 a820 | 0100 0001 | e905 0000 | 00e9 0500 | 0000 4833 
  0x000001efe7ef6b60: ffeb 0748 | c7c7 0100 | 0000 85ff 

  0x000001efe7ef6b6c: ;   {metadata(method data for {method} {0x000001ef88429fc8} 'yield' '()V' in 'java/lang/Thread')}
  0x000001efe7ef6b6c: 48bf e879 | 39c9 ef01 | 0000 48c7 | c358 0100 | 0074 0748 | c7c3 6801 | 0000 488b | 041f 488d 
  0x000001efe7ef6b8c: 4001 4889 | 041f 0f84 | a901 0000 | 4885 f675 

  0x000001efe7ef6b9c: ;   {metadata(method data for {method} {0x000001ef88429fc8} 'yield' '()V' in 'java/lang/Thread')}
  0x000001efe7ef6b9c: 1648 bbe8 | 7939 c9ef | 0100 0080 | 8b71 0100 | 0001 e9cc 

  0x000001efe7ef6bb0: ;   {metadata('java/lang/VirtualThread')}
  0x000001efe7ef6bb0: 0000 0048 | b858 9d02 | 88ef 0100 | 008b 7e08 | 49ba 0000 | 0088 ef01 | 0000 4903 | fa48 3bc7 
  0x000001efe7ef6bd0: 0f85 8d00 

  0x000001efe7ef6bd4: ;   {metadata(method data for {method} {0x000001ef88429fc8} 'yield' '()V' in 'java/lang/Thread')}
  0x000001efe7ef6bd4: 0000 48bb | e879 39c9 | ef01 0000 | 8b46 0849 | ba00 0000 | 88ef 0100 | 0049 03c2 | 483b 8388 
  0x000001efe7ef6bf4: 0100 0075 | 0d48 8383 | 9001 0000 | 01e9 7900 | 0000 483b | 8398 0100 | 0075 0d48 | 8383 a001 
  0x000001efe7ef6c14: 0000 01e9 | 6300 0000 | 4883 bb88 | 0100 0000 | 7517 4889 | 8388 0100 | 0048 c783 | 9001 0000 
  0x000001efe7ef6c34: 0100 0000 | e942 0000 | 0048 83bb | 9801 0000 | 0075 1748 | 8983 9801 | 0000 48c7 | 83a0 0100 
  0x000001efe7ef6c54: 0001 0000 | 00e9 2100 | 0000 e91c 

  0x000001efe7ef6c60: ;   {metadata(method data for {method} {0x000001ef88429fc8} 'yield' '()V' in 'java/lang/Thread')}
  0x000001efe7ef6c60: 0000 0048 | bbe8 7939 | c9ef 0100 | 0048 83ab | 7801 0000 | 01e9 5611 | 0000 e900 | 0000 0048 
  0x000001efe7ef6c80: 3b06 488b 

  0x000001efe7ef6c84: ;   {metadata(method data for {method} {0x000001ef88429fc8} 'yield' '()V' in 'java/lang/Thread')}
  0x000001efe7ef6c84: fe48 bbe8 | 7939 c9ef | 0100 008b | 7f08 49ba | 0000 0088 | ef01 0000 | 4903 fa48 | 3bbb c001 
  0x000001efe7ef6ca4: 0000 750d | 4883 83c8 | 0100 0001 | e960 0000 | 0048 3bbb | d001 0000 | 750d 4883 | 83d8 0100 
  0x000001efe7ef6cc4: 0001 e94a | 0000 0048 | 83bb c001 | 0000 0075 | 1748 89bb | c001 0000 | 48c7 83c8 | 0100 0001 
  0x000001efe7ef6ce4: 0000 00e9 | 2900 0000 | 4883 bbd0 | 0100 0000 | 7517 4889 | bbd0 0100 | 0048 c783 | d801 0000 
  0x000001efe7ef6d04: 0100 0000 | e908 0000 | 0048 8383 | b001 0000 | 0148 8bd6 | 0f1f 8000 

  0x000001efe7ef6d1c: ;   {optimized virtual_call}
  0x000001efe7ef6d1c: 0000 00e8 

  0x000001efe7ef6d20: ; ImmutableOopMap {[232]=Oop }
                      ;*invokevirtual tryYield {reexecute=0 rethrow=0 return_oop=0}
                      ; - java.lang.Thread::yield@17 (line 443)
                      ; - java.util.concurrent.FutureTask::handlePossibleCancellationInterrupt@13 (line 386)
                      ; - java.util.concurrent.FutureTask::run@88 (line 335)
  0x000001efe7ef6d20: 5c7d a206 

  0x000001efe7ef6d24: ;   {other}
  0x000001efe7ef6d24: 0f1f 8400 | 9426 0005 

  0x000001efe7ef6d2c: ;   {metadata(method data for {method} {0x000001ef88429fc8} 'yield' '()V' in 'java/lang/Thread')}
  0x000001efe7ef6d2c: 48be e879 | 39c9 ef01 | 0000 ff86 | e801 0000 | e923 0000 

  0x000001efe7ef6d40: ;   {metadata(method data for {method} {0x000001ef88429fc8} 'yield' '()V' in 'java/lang/Thread')}
  0x000001efe7ef6d40: 0048 bee8 | 7939 c9ef | 0100 0048 | 8386 0002 | 0000 010f 

  0x000001efe7ef6d54: ;   {static_call}
  0x000001efe7ef6d54: 1f40 00e8 

  0x000001efe7ef6d58: ; ImmutableOopMap {[232]=Oop }
                      ;*invokestatic yield0 {reexecute=0 rethrow=0 return_oop=0}
                      ; - java.lang.Thread::yield@23 (line 445)
                      ; - java.util.concurrent.FutureTask::handlePossibleCancellationInterrupt@13 (line 386)
                      ; - java.util.concurrent.FutureTask::run@88 (line 335)
  0x000001efe7ef6d58: 2483 a206 

  0x000001efe7ef6d5c: ;   {other}
  0x000001efe7ef6d5c: 0f1f 8400 | cc26 0006 

  0x000001efe7ef6d64: ;   {metadata(method data for {method} {0x000001efca6cadb0} 'handlePossibleCancellationInterrupt' '(I)V' in 'java/util/concurrent/FutureTask')}
  0x000001efe7ef6d64: 48ba 38a8 | 67ca ef01 | 0000 8bb2 | d000 0000 | 83c6 0289 | b2d0 0000 | 0081 e6fe | 3f00 0085 
  0x000001efe7ef6d84: f60f 8453 | 1000 004d | 8b97 5004 

  0x000001efe7ef6d90: ; ImmutableOopMap {[232]=Oop }
                      ;*goto {reexecute=1 rethrow=0 return_oop=0}
                      ; - (reexecute) java.util.concurrent.FutureTask::handlePossibleCancellationInterrupt@16 (line 386)
                      ; - java.util.concurrent.FutureTask::run@88 (line 335)
                      ;   {poll}
  0x000001efe7ef6d90: 0000 4185 

  0x000001efe7ef6d94: ;   {metadata(method data for {method} {0x000001efca6cadb0} 'handlePossibleCancellationInterrupt' '(I)V' in 'java/util/concurrent/FutureTask')}
  0x000001efe7ef6d94: 0248 ba38 | a867 caef | 0100 00ff | 8260 0100 | 0048 8b94 | 24e8 0000 | 00e9 3efc 

  0x000001efe7ef6db0: ;   {metadata(method data for {method} {0x000001efca6caae0} 'run' '()V' in 'java/util/concurrent/FutureTask')}
  0x000001efe7ef6db0: ffff 48ba | 5891 67ca | ef01 0000 | ff82 3803 | 0000 4881 | c450 0100 

  0x000001efe7ef6dc8: ;   {poll_return}
  0x000001efe7ef6dc8: 005d 493b | a748 0400 | 000f 8728 | 1000 00c3 | 4881 c450 | 0100 005d 

  0x000001efe7ef6de0: ;   {poll_return}
  0x000001efe7ef6de0: 493b a748 | 0400 000f | 8728 1000 

  0x000001efe7ef6dec: ;   {metadata('java/lang/ClassCastException')}
  0x000001efe7ef6dec: 00c3 48ba | 60ae 0688 | ef01 0000 | 498b 87b8 | 0100 0048 | 8d78 2849 | 3bbf c801 | 0000 0f87 
  0x000001efe7ef6e0c: 1b10 0000 | 4989 bfb8 | 0100 0048 | c700 0100 | 0000 488b | ca49 ba00 | 0000 88ef | 0100 0049 
  0x000001efe7ef6e2c: 2bca 8948 | 0848 33c9 | 8948 0c48 | 33c9 4889 | 4810 4889 | 4818 4889 

  0x000001efe7ef6e44: ;   {oop(a 'java/lang/Class'{0x0000000600fbb988} = 'java/util/concurrent/FutureTask')}
  0x000001efe7ef6e44: 4820 48ba | 88b9 fb00 | 0600 0000 

  0x000001efe7ef6e50: ;   {metadata(method data for {method} {0x000001ef88465068} 'cast' '(Ljava/lang/Object;)Ljava/lang/Object;' in 'java/lang/Class')}
  0x000001efe7ef6e50: 4c8b c248 | bec0 7420 | c9ef 0100 | 0048 8386 | 8801 0000 | 014c 8b84 | 24e8 0000 | 0048 8984 
  0x000001efe7ef6e70: 24f0 0000 

  0x000001efe7ef6e74: ;   {optimized virtual_call}
  0x000001efe7ef6e74: 0066 90e8 

  0x000001efe7ef6e78: ; ImmutableOopMap {[232]=Oop [240]=Oop }
                      ;*invokevirtual cannotCastMsg {reexecute=0 rethrow=0 return_oop=0}
                      ; - java.lang.Class::cast@18 (line 4067)
                      ; - java.lang.invoke.VarHandleInts$FieldInstanceReadWrite::setRelease@13 (line 170)
                      ; - java.lang.invoke.VarHandleGuards::guard_LI_V@45 (line 122)
                      ; - java.util.concurrent.FutureTask::set@22 (line 284)
                      ; - java.util.concurrent.FutureTask::run@68 (line 325)
  0x000001efe7ef6e78: 047c a206 

  0x000001efe7ef6e7c: ;   {other}
  0x000001efe7ef6e7c: 0f1f 8400 | ec27 0008 | 4c8b 8424 | f000 0000 

  0x000001efe7ef6e8c: ;   {metadata(method data for {method} {0x000001ef88465068} 'cast' '(Ljava/lang/Object;)Ljava/lang/Object;' in 'java/lang/Class')}
  0x000001efe7ef6e8c: 48ba c074 | 20c9 ef01 | 0000 4883 | 82c0 0100 | 0001 4c8b | c048 8b94 | 24f0 0000 | 0066 0f1f 
  0x000001efe7ef6eac: ;   {optimized virtual_call}
  0x000001efe7ef6eac: 4400 00e8 

  0x000001efe7ef6eb0: ; ImmutableOopMap {[232]=Oop [240]=Oop }
                      ;*invokespecial <init> {reexecute=0 rethrow=0 return_oop=0}
                      ; - java.lang.Class::cast@21 (line 4067)
                      ; - java.lang.invoke.VarHandleInts$FieldInstanceReadWrite::setRelease@13 (line 170)
                      ; - java.lang.invoke.VarHandleGuards::guard_LI_V@45 (line 122)
                      ; - java.util.concurrent.FutureTask::set@22 (line 284)
                      ; - java.util.concurrent.FutureTask::run@68 (line 325)
  0x000001efe7ef6eb0: cc7b a206 

  0x000001efe7ef6eb4: ;   {other}
  0x000001efe7ef6eb4: 0f1f 8400 | 2428 0009 | 488b 8424 

  0x000001efe7ef6ec0: ; ImmutableOopMap {rax=Oop [232]=Oop }
                      ;*athrow {reexecute=1 rethrow=0 return_oop=0}
                      ; - (reexecute) java.lang.Class::cast@24 (line 4067)
                      ; - java.lang.invoke.VarHandleInts$FieldInstanceReadWrite::setRelease@13 (line 170)
                      ; - java.lang.invoke.VarHandleGuards::guard_LI_V@45 (line 122)
                      ; - java.util.concurrent.FutureTask::set@22 (line 284)
                      ; - java.util.concurrent.FutureTask::run@68 (line 325)
  0x000001efe7ef6ec0: f000 0000 

  0x000001efe7ef6ec4: ;   {section_word}
  0x000001efe7ef6ec4: 48ba c46e | efe7 ef01 

  0x000001efe7ef6ecc: ;   {runtime_call handle_exception_nofpu Runtime1 stub}
  0x000001efe7ef6ecc: 0000 e8ad | b4ae 0690 | 4889 8424 | 0001 0000 

  0x000001efe7ef6edc: ;   {metadata('java/lang/ClassCastException')}
  0x000001efe7ef6edc: 48ba 60ae | 0688 ef01 | 0000 498b | 87b8 0100 | 0048 8d78 | 2849 3bbf | c801 0000 | 0f87 3a0f 
  0x000001efe7ef6efc: 0000 4989 | bfb8 0100 | 0048 c700 | 0100 0000 | 488b ca49 | ba00 0000 | 88ef 0100 | 0049 2bca 
  0x000001efe7ef6f1c: 8948 0848 | 33c9 8948 | 0c48 33c9 | 4889 4810 | 4889 4818 | 4889 4820 

  0x000001efe7ef6f34: ;   {oop(a 'java/lang/Class'{0x0000000600fbb988} = 'java/util/concurrent/FutureTask')}
  0x000001efe7ef6f34: 48ba 88b9 | fb00 0600 | 0000 4c8b 

  0x000001efe7ef6f40: ;   {metadata(method data for {method} {0x000001ef88465068} 'cast' '(Ljava/lang/Object;)Ljava/lang/Object;' in 'java/lang/Class')}
  0x000001efe7ef6f40: c248 bec0 | 7420 c9ef | 0100 0048 | 8386 8801 | 0000 014c | 8b84 24e8 | 0000 0048 | 8984 24f8 
  0x000001efe7ef6f60: 0000 000f 

  0x000001efe7ef6f64: ;   {optimized virtual_call}
  0x000001efe7ef6f64: 1f40 00e8 

  0x000001efe7ef6f68: ; ImmutableOopMap {[232]=Oop [248]=Oop [256]=Oop }
                      ;*invokevirtual cannotCastMsg {reexecute=0 rethrow=0 return_oop=0}
                      ; - java.lang.Class::cast@18 (line 4067)
                      ; - java.lang.invoke.VarHandleInts$FieldInstanceReadWrite::compareAndSet@15 (line 178)
                      ; - java.lang.invoke.VarHandleGuards::guard_LII_Z@50 (line 137)
                      ; - java.util.concurrent.FutureTask::set@6 (line 282)
                      ; - java.util.concurrent.FutureTask::run@68 (line 325)
  0x000001efe7ef6f68: 147b a206 

  0x000001efe7ef6f6c: ;   {other}
  0x000001efe7ef6f6c: 0f1f 8400 | dc28 000b | 4c8b 8424 | f800 0000 

  0x000001efe7ef6f7c: ;   {metadata(method data for {method} {0x000001ef88465068} 'cast' '(Ljava/lang/Object;)Ljava/lang/Object;' in 'java/lang/Class')}
  0x000001efe7ef6f7c: 48ba c074 | 20c9 ef01 | 0000 4883 | 82c0 0100 | 0001 4c8b | c048 8b94 | 24f8 0000 | 0066 0f1f 
  0x000001efe7ef6f9c: ;   {optimized virtual_call}
  0x000001efe7ef6f9c: 4400 00e8 

  0x000001efe7ef6fa0: ; ImmutableOopMap {[232]=Oop [248]=Oop [256]=Oop }
                      ;*invokespecial <init> {reexecute=0 rethrow=0 return_oop=0}
                      ; - java.lang.Class::cast@21 (line 4067)
                      ; - java.lang.invoke.VarHandleInts$FieldInstanceReadWrite::compareAndSet@15 (line 178)
                      ; - java.lang.invoke.VarHandleGuards::guard_LII_Z@50 (line 137)
                      ; - java.util.concurrent.FutureTask::set@6 (line 282)
                      ; - java.util.concurrent.FutureTask::run@68 (line 325)
  0x000001efe7ef6fa0: dc7a a206 

  0x000001efe7ef6fa4: ;   {other}
  0x000001efe7ef6fa4: 0f1f 8400 | 1429 000c | 488b 8424 

  0x000001efe7ef6fb0: ; ImmutableOopMap {rax=Oop [232]=Oop [256]=Oop }
                      ;*athrow {reexecute=1 rethrow=0 return_oop=0}
                      ; - (reexecute) java.lang.Class::cast@24 (line 4067)
                      ; - java.lang.invoke.VarHandleInts$FieldInstanceReadWrite::compareAndSet@15 (line 178)
                      ; - java.lang.invoke.VarHandleGuards::guard_LII_Z@50 (line 137)
                      ; - java.util.concurrent.FutureTask::set@6 (line 282)
                      ; - java.util.concurrent.FutureTask::run@68 (line 325)
  0x000001efe7ef6fb0: f800 0000 

  0x000001efe7ef6fb4: ;   {section_word}
  0x000001efe7ef6fb4: 48ba b46f | efe7 ef01 

  0x000001efe7ef6fbc: ;   {runtime_call handle_exception_nofpu Runtime1 stub}
  0x000001efe7ef6fbc: 0000 e8bd | b3ae 0690 

  0x000001efe7ef6fc4: ;   {metadata('java/lang/ClassCastException')}
  0x000001efe7ef6fc4: 48ba 60ae | 0688 ef01 | 0000 498b | 87b8 0100 | 0048 8d78 | 2849 3bbf | c801 0000 | 0f87 5f0e 
  0x000001efe7ef6fe4: 0000 4989 | bfb8 0100 | 0048 c700 | 0100 0000 | 488b ca49 | ba00 0000 | 88ef 0100 | 0049 2bca 
  0x000001efe7ef7004: 8948 0848 | 33c9 8948 | 0c48 33c9 | 4889 4810 | 4889 4818 | 4889 4820 

  0x000001efe7ef701c: ;   {oop(a 'java/lang/Class'{0x0000000600fbb988} = 'java/util/concurrent/FutureTask')}
  0x000001efe7ef701c: 48ba 88b9 | fb00 0600 | 0000 4c8b 

  0x000001efe7ef7028: ;   {metadata(method data for {method} {0x000001ef88465068} 'cast' '(Ljava/lang/Object;)Ljava/lang/Object;' in 'java/lang/Class')}
  0x000001efe7ef7028: c248 bec0 | 7420 c9ef | 0100 0048 | 8386 8801 | 0000 014c | 8b84 24e8 | 0000 0048 | 8984 2408 
  0x000001efe7ef7048: 0100 000f 

  0x000001efe7ef704c: ;   {optimized virtual_call}
  0x000001efe7ef704c: 1f40 00e8 

  0x000001efe7ef7050: ; ImmutableOopMap {[232]=Oop [264]=Oop }
                      ;*invokevirtual cannotCastMsg {reexecute=0 rethrow=0 return_oop=0}
                      ; - java.lang.Class::cast@18 (line 4067)
                      ; - java.lang.invoke.VarHandleInts$FieldInstanceReadWrite::setRelease@13 (line 170)
                      ; - java.lang.invoke.VarHandleGuards::guard_LI_V@45 (line 122)
                      ; - java.util.concurrent.FutureTask::setException@22 (line 302)
                      ; - java.util.concurrent.FutureTask::run@59 (line 322)
  0x000001efe7ef7050: 2c7a a206 

  0x000001efe7ef7054: ;   {other}
  0x000001efe7ef7054: 0f1f 8400 | c429 000e | 4c8b 8424 | 0801 0000 

  0x000001efe7ef7064: ;   {metadata(method data for {method} {0x000001ef88465068} 'cast' '(Ljava/lang/Object;)Ljava/lang/Object;' in 'java/lang/Class')}
  0x000001efe7ef7064: 48ba c074 | 20c9 ef01 | 0000 4883 | 82c0 0100 | 0001 4c8b | c048 8b94 | 2408 0100 | 0066 0f1f 
  0x000001efe7ef7084: ;   {optimized virtual_call}
  0x000001efe7ef7084: 4400 00e8 

  0x000001efe7ef7088: ; ImmutableOopMap {[232]=Oop [264]=Oop }
                      ;*invokespecial <init> {reexecute=0 rethrow=0 return_oop=0}
                      ; - java.lang.Class::cast@21 (line 4067)
                      ; - java.lang.invoke.VarHandleInts$FieldInstanceReadWrite::setRelease@13 (line 170)
                      ; - java.lang.invoke.VarHandleGuards::guard_LI_V@45 (line 122)
                      ; - java.util.concurrent.FutureTask::setException@22 (line 302)
                      ; - java.util.concurrent.FutureTask::run@59 (line 322)
  0x000001efe7ef7088: f479 a206 

  0x000001efe7ef708c: ;   {other}
  0x000001efe7ef708c: 0f1f 8400 | fc29 000f | 488b 8424 

  0x000001efe7ef7098: ; ImmutableOopMap {rax=Oop [232]=Oop }
                      ;*athrow {reexecute=1 rethrow=0 return_oop=0}
                      ; - (reexecute) java.lang.Class::cast@24 (line 4067)
                      ; - java.lang.invoke.VarHandleInts$FieldInstanceReadWrite::setRelease@13 (line 170)
                      ; - java.lang.invoke.VarHandleGuards::guard_LI_V@45 (line 122)
                      ; - java.util.concurrent.FutureTask::setException@22 (line 302)
                      ; - java.util.concurrent.FutureTask::run@59 (line 322)
  0x000001efe7ef7098: 0801 0000 

  0x000001efe7ef709c: ;   {section_word}
  0x000001efe7ef709c: 48ba 9c70 | efe7 ef01 

  0x000001efe7ef70a4: ;   {runtime_call handle_exception_nofpu Runtime1 stub}
  0x000001efe7ef70a4: 0000 e8d5 | b2ae 0690 | 4889 8424 | 1801 0000 

  0x000001efe7ef70b4: ;   {metadata('java/lang/ClassCastException')}
  0x000001efe7ef70b4: 48ba 60ae | 0688 ef01 | 0000 498b | 87b8 0100 | 0048 8d78 | 2849 3bbf | c801 0000 | 0f87 7c0d 
  0x000001efe7ef70d4: 0000 4989 | bfb8 0100 | 0048 c700 | 0100 0000 | 488b ca49 | ba00 0000 | 88ef 0100 | 0049 2bca 
  0x000001efe7ef70f4: 8948 0848 | 33c9 8948 | 0c48 33c9 | 4889 4810 | 4889 4818 | 4889 4820 

  0x000001efe7ef710c: ;   {oop(a 'java/lang/Class'{0x0000000600fbb988} = 'java/util/concurrent/FutureTask')}
  0x000001efe7ef710c: 48ba 88b9 | fb00 0600 | 0000 4c8b 

  0x000001efe7ef7118: ;   {metadata(method data for {method} {0x000001ef88465068} 'cast' '(Ljava/lang/Object;)Ljava/lang/Object;' in 'java/lang/Class')}
  0x000001efe7ef7118: c248 bec0 | 7420 c9ef | 0100 0048 | 8386 8801 | 0000 014c | 8b84 24e8 | 0000 0048 | 8984 2410 
  0x000001efe7ef7138: 0100 000f 

  0x000001efe7ef713c: ;   {optimized virtual_call}
  0x000001efe7ef713c: 1f40 00e8 

  0x000001efe7ef7140: ; ImmutableOopMap {[232]=Oop [272]=Oop [280]=Oop }
                      ;*invokevirtual cannotCastMsg {reexecute=0 rethrow=0 return_oop=0}
                      ; - java.lang.Class::cast@18 (line 4067)
                      ; - java.lang.invoke.VarHandleInts$FieldInstanceReadWrite::compareAndSet@15 (line 178)
                      ; - java.lang.invoke.VarHandleGuards::guard_LII_Z@50 (line 137)
                      ; - java.util.concurrent.FutureTask::setException@6 (line 300)
                      ; - java.util.concurrent.FutureTask::run@59 (line 322)
  0x000001efe7ef7140: 3c79 a206 

  0x000001efe7ef7144: ;   {other}
  0x000001efe7ef7144: 0f1f 8400 | b42a 0011 | 4c8b 8424 | 1001 0000 

  0x000001efe7ef7154: ;   {metadata(method data for {method} {0x000001ef88465068} 'cast' '(Ljava/lang/Object;)Ljava/lang/Object;' in 'java/lang/Class')}
  0x000001efe7ef7154: 48ba c074 | 20c9 ef01 | 0000 4883 | 82c0 0100 | 0001 4c8b | c048 8b94 | 2410 0100 | 0066 0f1f 
  0x000001efe7ef7174: ;   {optimized virtual_call}
  0x000001efe7ef7174: 4400 00e8 

  0x000001efe7ef7178: ; ImmutableOopMap {[232]=Oop [272]=Oop [280]=Oop }
                      ;*invokespecial <init> {reexecute=0 rethrow=0 return_oop=0}
                      ; - java.lang.Class::cast@21 (line 4067)
                      ; - java.lang.invoke.VarHandleInts$FieldInstanceReadWrite::compareAndSet@15 (line 178)
                      ; - java.lang.invoke.VarHandleGuards::guard_LII_Z@50 (line 137)
                      ; - java.util.concurrent.FutureTask::setException@6 (line 300)
                      ; - java.util.concurrent.FutureTask::run@59 (line 322)
  0x000001efe7ef7178: 0479 a206 

  0x000001efe7ef717c: ;   {other}
  0x000001efe7ef717c: 0f1f 8400 | ec2a 0012 | 488b 8424 

  0x000001efe7ef7188: ; ImmutableOopMap {rax=Oop [232]=Oop [280]=Oop }
                      ;*athrow {reexecute=1 rethrow=0 return_oop=0}
                      ; - (reexecute) java.lang.Class::cast@24 (line 4067)
                      ; - java.lang.invoke.VarHandleInts$FieldInstanceReadWrite::compareAndSet@15 (line 178)
                      ; - java.lang.invoke.VarHandleGuards::guard_LII_Z@50 (line 137)
                      ; - java.util.concurrent.FutureTask::setException@6 (line 300)
                      ; - java.util.concurrent.FutureTask::run@59 (line 322)
  0x000001efe7ef7188: 1001 0000 

  0x000001efe7ef718c: ;   {section_word}
  0x000001efe7ef718c: 48ba 8c71 | efe7 ef01 

  0x000001efe7ef7194: ;   {runtime_call handle_exception_nofpu Runtime1 stub}
  0x000001efe7ef7194: 0000 e8e5 | b1ae 0690 | 498b 87f8 | 0400 004d | 33d2 4d89 | 97f8 0400 | 004d 33d2 | 4d89 9700 
  0x000001efe7ef71b4: 0500 0048 | 8984 2420 | 0100 0048 | 8b94 24e8 

  0x000001efe7ef71c4: ;   {oop(nullptr)}
  0x000001efe7ef71c4: 0000 0048 | be00 0000 | 0000 0000 | 0041 0fbe | 7f40 85ff | 0f85 810c | 0000 4c8b | d649 c1ea 
  0x000001efe7ef71e4: 0344 8952 | 18f0 8344 | 24c0 0048 | 8bfa 4833 | fe48 c1ef | 1648 83ff | 000f 857b | 0c00 008b 
  0x000001efe7ef7204: 720c 83fe 

  0x000001efe7ef7208: ;   {metadata(method data for {method} {0x000001efca6caae0} 'run' '()V' in 'java/util/concurrent/FutureTask')}
  0x000001efe7ef7208: 0548 bf58 | 9167 caef | 0100 0048 | c7c3 5003 | 0000 7c07 | 48c7 c360 | 0300 0048 | 8b0c 1f48 
  0x000001efe7ef7228: 8d49 0148 | 890c 1f0f | 8c35 0400 | 0048 8bfa 

  0x000001efe7ef7238: ;   {metadata(method data for {method} {0x000001efca6caae0} 'run' '()V' in 'java/util/concurrent/FutureTask')}
  0x000001efe7ef7238: 48bb 5891 | 67ca ef01 | 0000 4883 | 8370 0300 

  0x000001efe7ef7248: ;   {metadata(method data for {method} {0x000001efca6cadb0} 'handlePossibleCancellationInterrupt' '(I)V' in 'java/util/concurrent/FutureTask')}
  0x000001efe7ef7248: 0001 48bf | 38a8 67ca | ef01 0000 | 8b9f cc00 | 0000 83c3 | 0289 9fcc | 0000 0081 | e3fe ff1f 
  0x000001efe7ef7268: 0085 db0f | 8425 0c00 | 0083 fe05 

  0x000001efe7ef7274: ;   {metadata(method data for {method} {0x000001efca6cadb0} 'handlePossibleCancellationInterrupt' '(I)V' in 'java/util/concurrent/FutureTask')}
  0x000001efe7ef7274: 48be 38a8 | 67ca ef01 | 0000 48c7 | c710 0100 | 0075 0748 | c7c7 2001 | 0000 488b | 1c3e 488d 
  0x000001efe7ef7294: 5b01 4889 | 1c3e 0f85 | c203 0000 | 8b72 0c83 

  0x000001efe7ef72a4: ;   {metadata(method data for {method} {0x000001efca6cadb0} 'handlePossibleCancellationInterrupt' '(I)V' in 'java/util/concurrent/FutureTask')}
  0x000001efe7ef72a4: fe05 48be | 38a8 67ca | ef01 0000 | 48c7 c730 | 0100 0075 | 0748 c7c7 | 4001 0000 | 488b 1c3e 
  0x000001efe7ef72c4: 488d 5b01 | 4889 1c3e | 0f85 9003 

  0x000001efe7ef72d0: ;   {metadata(method data for {method} {0x000001efca6cadb0} 'handlePossibleCancellationInterrupt' '(I)V' in 'java/util/concurrent/FutureTask')}
  0x000001efe7ef72d0: 0000 48be | 38a8 67ca | ef01 0000 | 4883 8650 | 0100 0001 

  0x000001efe7ef72e4: ;   {metadata(method data for {method} {0x000001ef88429fc8} 'yield' '()V' in 'java/lang/Thread')}
  0x000001efe7ef72e4: 48be e879 | 39c9 ef01 | 0000 8bbe | cc00 0000 | 83c7 0289 | becc 0000 | 0081 e7fe | ff1f 0085 
  0x000001efe7ef7304: ff0f 84ac 

  0x000001efe7ef7308: ;   {metadata(method data for {method} {0x000001ef88429fc8} 'yield' '()V' in 'java/lang/Thread')}
  0x000001efe7ef7308: 0b00 0048 | bee8 7939 | c9ef 0100 | 0048 8386 | 1001 0000 | 0149 8bb7 | 8003 0000 | 488b 3648 
  0x000001efe7ef7328: 85f6 7516 

  0x000001efe7ef732c: ;   {metadata(method data for {method} {0x000001ef88429fc8} 'yield' '()V' in 'java/lang/Thread')}
  0x000001efe7ef732c: 48b9 e879 | 39c9 ef01 | 0000 8089 | 1901 0000 | 01e9 cd00 

  0x000001efe7ef7340: ;   {metadata('java/lang/VirtualThread')}
  0x000001efe7ef7340: 0000 49b8 | 589d 0288 | ef01 0000 | 8b5e 0849 | ba00 0000 | 88ef 0100 | 0049 03da | 4c3b c30f 
  0x000001efe7ef7360: 858e 0000 

  0x000001efe7ef7364: ;   {metadata(method data for {method} {0x000001ef88429fc8} 'yield' '()V' in 'java/lang/Thread')}
  0x000001efe7ef7364: 0048 b9e8 | 7939 c9ef | 0100 0044 | 8b46 0849 | ba00 0000 | 88ef 0100 | 004d 03c2 | 4c3b 8130 
  0x000001efe7ef7384: 0100 0075 | 0d48 8381 | 3801 0000 | 01e9 7e00 | 0000 4c3b | 8140 0100 | 0075 0d48 | 8381 4801 
  0x000001efe7ef73a4: 0000 01e9 | 6800 0000 | 4883 b930 | 0100 0000 | 7517 4c89 | 8130 0100 | 0048 c781 | 3801 0000 
  0x000001efe7ef73c4: 0100 0000 | e947 0000 | 0048 83b9 | 4001 0000 | 0075 174c | 8981 4001 | 0000 48c7 | 8148 0100 
  0x000001efe7ef73e4: 0001 0000 | 00e9 2600 | 0000 e921 

  0x000001efe7ef73f0: ;   {metadata(method data for {method} {0x000001ef88429fc8} 'yield' '()V' in 'java/lang/Thread')}
  0x000001efe7ef73f0: 0000 0048 | b9e8 7939 | c9ef 0100 | 0048 83a9 | 2001 0000 | 01e9 0500 | 0000 e905 | 0000 0048 
  0x000001efe7ef7410: 33ff eb07 | 48c7 c701 | 0000 0085 

  0x000001efe7ef741c: ;   {metadata(method data for {method} {0x000001ef88429fc8} 'yield' '()V' in 'java/lang/Thread')}
  0x000001efe7ef741c: ff48 bfe8 | 7939 c9ef | 0100 0048 | c7c3 5801 | 0000 7407 | 48c7 c368 | 0100 0048 | 8b0c 1f48 
  0x000001efe7ef743c: 8d49 0148 | 890c 1f0f | 84a8 0100 | 0048 85f6 

  0x000001efe7ef744c: ;   {metadata(method data for {method} {0x000001ef88429fc8} 'yield' '()V' in 'java/lang/Thread')}
  0x000001efe7ef744c: 7516 48bb | e879 39c9 | ef01 0000 | 808b 7101 | 0000 01e9 | cc00 0000 

  0x000001efe7ef7464: ;   {metadata('java/lang/VirtualThread')}
  0x000001efe7ef7464: 48b9 589d | 0288 ef01 | 0000 8b7e | 0849 ba00 | 0000 88ef | 0100 0049 | 03fa 483b | cf0f 858d 
  0x000001efe7ef7484: ;   {metadata(method data for {method} {0x000001ef88429fc8} 'yield' '()V' in 'java/lang/Thread')}
  0x000001efe7ef7484: 0000 0048 | bbe8 7939 | c9ef 0100 | 008b 4e08 | 49ba 0000 | 0088 ef01 | 0000 4903 | ca48 3b8b 
  0x000001efe7ef74a4: 8801 0000 | 750d 4883 | 8390 0100 | 0001 e979 | 0000 0048 | 3b8b 9801 | 0000 750d | 4883 83a0 
  0x000001efe7ef74c4: 0100 0001 | e963 0000 | 0048 83bb | 8801 0000 | 0075 1748 | 898b 8801 | 0000 48c7 | 8390 0100 
  0x000001efe7ef74e4: 0001 0000 | 00e9 4200 | 0000 4883 | bb98 0100 | 0000 7517 | 4889 8b98 | 0100 0048 | c783 a001 
  0x000001efe7ef7504: 0000 0100 | 0000 e921 | 0000 00e9 | 1c00 0000 

  0x000001efe7ef7514: ;   {metadata(method data for {method} {0x000001ef88429fc8} 'yield' '()V' in 'java/lang/Thread')}
  0x000001efe7ef7514: 48bb e879 | 39c9 ef01 | 0000 4883 | ab78 0100 | 0001 e9ad | 0900 00e9 | 0000 0000 

  0x000001efe7ef7530: ; implicit exception: dispatches to 0x000001efe7ef7ee1
  0x000001efe7ef7530: 483b 0648 

  0x000001efe7ef7534: ;   {metadata(method data for {method} {0x000001ef88429fc8} 'yield' '()V' in 'java/lang/Thread')}
  0x000001efe7ef7534: 8bfe 48bb | e879 39c9 | ef01 0000 | 8b7f 0849 | ba00 0000 | 88ef 0100 | 0049 03fa | 483b bbc0 
  0x000001efe7ef7554: 0100 0075 | 0d48 8383 | c801 0000 | 01e9 6000 | 0000 483b | bbd0 0100 | 0075 0d48 | 8383 d801 
  0x000001efe7ef7574: 0000 01e9 | 4a00 0000 | 4883 bbc0 | 0100 0000 | 7517 4889 | bbc0 0100 | 0048 c783 | c801 0000 
  0x000001efe7ef7594: 0100 0000 | e929 0000 | 0048 83bb | d001 0000 | 0075 1748 | 89bb d001 | 0000 48c7 | 83d8 0100 
  0x000001efe7ef75b4: 0001 0000 | 00e9 0800 | 0000 4883 | 83b0 0100 | 0001 488b | d666 0f1f 

  0x000001efe7ef75cc: ;   {optimized virtual_call}
  0x000001efe7ef75cc: 4400 00e8 

  0x000001efe7ef75d0: ; ImmutableOopMap {[232]=Oop [288]=Oop }
                      ;*invokevirtual tryYield {reexecute=0 rethrow=0 return_oop=0}
                      ; - java.lang.Thread::yield@17 (line 443)
                      ; - java.util.concurrent.FutureTask::handlePossibleCancellationInterrupt@13 (line 386)
                      ; - java.util.concurrent.FutureTask::run@116 (line 335)
  0x000001efe7ef75d0: ac74 a206 

  0x000001efe7ef75d4: ;   {other}
  0x000001efe7ef75d4: 0f1f 8400 | 442f 0014 

  0x000001efe7ef75dc: ;   {metadata(method data for {method} {0x000001ef88429fc8} 'yield' '()V' in 'java/lang/Thread')}
  0x000001efe7ef75dc: 48be e879 | 39c9 ef01 | 0000 ff86 | e801 0000 | e923 0000 

  0x000001efe7ef75f0: ;   {metadata(method data for {method} {0x000001ef88429fc8} 'yield' '()V' in 'java/lang/Thread')}
  0x000001efe7ef75f0: 0048 bee8 | 7939 c9ef | 0100 0048 | 8386 0002 | 0000 010f 

  0x000001efe7ef7604: ;   {static_call}
  0x000001efe7ef7604: 1f40 00e8 

  0x000001efe7ef7608: ; ImmutableOopMap {[232]=Oop [288]=Oop }
                      ;*invokestatic yield0 {reexecute=0 rethrow=0 return_oop=0}
                      ; - java.lang.Thread::yield@23 (line 445)
                      ; - java.util.concurrent.FutureTask::handlePossibleCancellationInterrupt@13 (line 386)
                      ; - java.util.concurrent.FutureTask::run@116 (line 335)
  0x000001efe7ef7608: 747a a206 

  0x000001efe7ef760c: ;   {other}
  0x000001efe7ef760c: 0f1f 8400 | 7c2f 0015 

  0x000001efe7ef7614: ;   {metadata(method data for {method} {0x000001efca6cadb0} 'handlePossibleCancellationInterrupt' '(I)V' in 'java/util/concurrent/FutureTask')}
  0x000001efe7ef7614: 48b8 38a8 | 67ca ef01 | 0000 8b90 | d000 0000 | 83c2 0289 | 90d0 0000 | 0081 e2fe | 3f00 0085 
  0x000001efe7ef7634: d20f 84ab | 0800 004d | 8b97 5004 

  0x000001efe7ef7640: ; ImmutableOopMap {[232]=Oop [288]=Oop }
                      ;*goto {reexecute=1 rethrow=0 return_oop=0}
                      ; - (reexecute) java.util.concurrent.FutureTask::handlePossibleCancellationInterrupt@16 (line 386)
                      ; - java.util.concurrent.FutureTask::run@116 (line 335)
                      ;   {poll}
  0x000001efe7ef7640: 0000 4185 

  0x000001efe7ef7644: ;   {metadata(method data for {method} {0x000001efca6cadb0} 'handlePossibleCancellationInterrupt' '(I)V' in 'java/util/concurrent/FutureTask')}
  0x000001efe7ef7644: 0248 b838 | a867 caef | 0100 00ff | 8060 0100 | 0048 8b94 | 24e8 0000 | 00e9 3efc | ffff 488b 
  0x000001efe7ef7664: 8424 2001 | 0000 e9cf 

  0x000001efe7ef766c: ;   {metadata('java/lang/ClassCastException')}
  0x000001efe7ef766c: 0800 0048 | ba60 ae06 | 88ef 0100 | 0049 8b87 | b801 0000 | 488d 7828 | 493b bfc8 | 0100 000f 
  0x000001efe7ef768c: 8776 0800 | 0049 89bf | b801 0000 | 48c7 0001 | 0000 0048 | 8bca 49ba | 0000 0088 | ef01 0000 
  0x000001efe7ef76ac: 492b ca89 | 4808 4833 | c989 480c | 4833 c948 | 8948 1048 | 8948 1848 

  0x000001efe7ef76c4: ;   {oop(a 'java/lang/Class'{0x00000006010000f0} = 'java/lang/Thread')}
  0x000001efe7ef76c4: 8948 2048 | baf0 0000 | 0106 0000 | 004c 8bc2 

  0x000001efe7ef76d4: ;   {metadata(method data for {method} {0x000001ef88465068} 'cast' '(Ljava/lang/Object;)Ljava/lang/Object;' in 'java/lang/Class')}
  0x000001efe7ef76d4: 48be c074 | 20c9 ef01 | 0000 4883 | 8688 0100 | 0001 4c8b | c348 8984 | 2428 0100 | 0066 0f1f 
  0x000001efe7ef76f4: ;   {optimized virtual_call}
  0x000001efe7ef76f4: 4400 00e8 

  0x000001efe7ef76f8: ; ImmutableOopMap {[232]=Oop [296]=Oop }
                      ;*invokevirtual cannotCastMsg {reexecute=0 rethrow=0 return_oop=0}
                      ; - java.lang.Class::cast@18 (line 4067)
                      ; - java.lang.invoke.VarHandleReferences$FieldInstanceReadWrite::compareAndSet@41 (line 183)
                      ; - java.lang.invoke.VarHandleGuards::guard_LLL_Z@50 (line 68)
                      ; - java.util.concurrent.FutureTask::run@15 (line 309)
  0x000001efe7ef76f8: 8473 a206 

  0x000001efe7ef76fc: ;   {other}
  0x000001efe7ef76fc: 0f1f 8400 | 6c30 0017 | 4c8b 8424 | 2801 0000 

  0x000001efe7ef770c: ;   {metadata(method data for {method} {0x000001ef88465068} 'cast' '(Ljava/lang/Object;)Ljava/lang/Object;' in 'java/lang/Class')}
  0x000001efe7ef770c: 48ba c074 | 20c9 ef01 | 0000 4883 | 82c0 0100 | 0001 4c8b | c048 8b94 | 2428 0100 | 0066 0f1f 
  0x000001efe7ef772c: ;   {optimized virtual_call}
  0x000001efe7ef772c: 4400 00e8 

  0x000001efe7ef7730: ; ImmutableOopMap {[232]=Oop [296]=Oop }
                      ;*invokespecial <init> {reexecute=0 rethrow=0 return_oop=0}
                      ; - java.lang.Class::cast@21 (line 4067)
                      ; - java.lang.invoke.VarHandleReferences$FieldInstanceReadWrite::compareAndSet@41 (line 183)
                      ; - java.lang.invoke.VarHandleGuards::guard_LLL_Z@50 (line 68)
                      ; - java.util.concurrent.FutureTask::run@15 (line 309)
  0x000001efe7ef7730: 4c73 a206 

  0x000001efe7ef7734: ;   {other}
  0x000001efe7ef7734: 0f1f 8400 | a430 0018 | 488b 8424 | 2801 0000 | e9f5 0700 | 0048 899c | 2438 0100 | 004c 8bca 
  0x000001efe7ef7754: ;   {metadata('java/lang/ClassCastException')}
  0x000001efe7ef7754: 48ba 60ae | 0688 ef01 | 0000 498b | 87b8 0100 | 0048 8d78 | 2849 3bbf | c801 0000 | 0f87 9e07 
  0x000001efe7ef7774: 0000 4989 | bfb8 0100 | 0048 c700 | 0100 0000 | 488b ca49 | ba00 0000 | 88ef 0100 | 0049 2bca 
  0x000001efe7ef7794: 8948 0848 | 33c9 8948 | 0c48 33c9 | 4889 4810 | 4889 4818 | 4889 4820 

  0x000001efe7ef77ac: ;   {oop(a 'java/lang/Class'{0x0000000600fbb988} = 'java/util/concurrent/FutureTask')}
  0x000001efe7ef77ac: 48ba 88b9 | fb00 0600 | 0000 4c8b 

  0x000001efe7ef77b8: ;   {metadata(method data for {method} {0x000001ef88465068} 'cast' '(Ljava/lang/Object;)Ljava/lang/Object;' in 'java/lang/Class')}
  0x000001efe7ef77b8: c248 bec0 | 7420 c9ef | 0100 0048 | 8386 8801 | 0000 014d | 8bc1 4889 | 8424 3001 

  0x000001efe7ef77d4: ;   {optimized virtual_call}
  0x000001efe7ef77d4: 0000 90e8 

  0x000001efe7ef77d8: ; ImmutableOopMap {[232]=Oop [304]=Oop [312]=Oop }
                      ;*invokevirtual cannotCastMsg {reexecute=0 rethrow=0 return_oop=0}
                      ; - java.lang.Class::cast@18 (line 4067)
                      ; - java.lang.invoke.VarHandleReferences$FieldInstanceReadWrite::compareAndSet@15 (line 180)
                      ; - java.lang.invoke.VarHandleGuards::guard_LLL_Z@50 (line 68)
                      ; - java.util.concurrent.FutureTask::run@15 (line 309)
  0x000001efe7ef77d8: a472 a206 

  0x000001efe7ef77dc: ;   {other}
  0x000001efe7ef77dc: 0f1f 8400 | 4c31 0019 | 4c8b 8424 | 3001 0000 

  0x000001efe7ef77ec: ;   {metadata(method data for {method} {0x000001ef88465068} 'cast' '(Ljava/lang/Object;)Ljava/lang/Object;' in 'java/lang/Class')}
  0x000001efe7ef77ec: 48ba c074 | 20c9 ef01 | 0000 4883 | 82c0 0100 | 0001 4c8b | c048 8b94 | 2430 0100 | 0066 0f1f 
  0x000001efe7ef780c: ;   {optimized virtual_call}
  0x000001efe7ef780c: 4400 00e8 

  0x000001efe7ef7810: ; ImmutableOopMap {[232]=Oop [304]=Oop [312]=Oop }
                      ;*invokespecial <init> {reexecute=0 rethrow=0 return_oop=0}
                      ; - java.lang.Class::cast@21 (line 4067)
                      ; - java.lang.invoke.VarHandleReferences$FieldInstanceReadWrite::compareAndSet@15 (line 180)
                      ; - java.lang.invoke.VarHandleGuards::guard_LLL_Z@50 (line 68)
                      ; - java.util.concurrent.FutureTask::run@15 (line 309)
  0x000001efe7ef7810: 6c72 a206 

  0x000001efe7ef7814: ;   {other}
  0x000001efe7ef7814: 0f1f 8400 | 8431 001a | 488b 8424 | 3001 0000 | e915 0700 

  0x000001efe7ef7828: ;   {metadata({method} {0x000001efca6caae0} 'run' '()V' in 'java/util/concurrent/FutureTask')}
  0x000001efe7ef7828: 0049 bad8 | aa6c caef | 0100 004c | 8954 2408 | 48c7 0424 | ffff ffff 

  0x000001efe7ef7840: ;   {runtime_call counter_overflow Runtime1 stub}
  0x000001efe7ef7840: e8bb edae 

  0x000001efe7ef7844: ; ImmutableOopMap {rdx=Oop [232]=Oop }
                      ;*synchronization entry
                      ; - java.util.concurrent.FutureTask::run@-1 (line 308)
  0x000001efe7ef7844: 06e9 84d4 

  0x000001efe7ef7848: ;   {metadata({method} {0x000001ef881560e8} 'guard_LLL_Z' '(Ljava/lang/invoke/VarHandle;Ljava/lang/Object;Ljava/lang/Object;Ljava/lang/Object;Ljava/lang/invoke/VarHandle$AccessDescriptor;)Z' in 'java/lang/invoke/VarHandleGuards')}
  0x000001efe7ef7848: ffff 49ba | e060 1588 | ef01 0000 | 4c89 5424 | 0848 c704 | 24ff ffff 

  0x000001efe7ef7860: ;   {runtime_call counter_overflow Runtime1 stub}
  0x000001efe7ef7860: ffe8 9aed 

  0x000001efe7ef7864: ; ImmutableOopMap {rdx=Oop rbx=Oop rsi=Oop [232]=Oop }
                      ;*synchronization entry
                      ; - java.lang.invoke.VarHandleGuards::guard_LLL_Z@-1 (line 66)
                      ; - java.util.concurrent.FutureTask::run@15 (line 309)
  0x000001efe7ef7864: ae06 e93f 

  0x000001efe7ef7868: ;   {metadata({method} {0x000001ef880936b8} 'checkAccessModeThenIsDirect' '(Ljava/lang/invoke/VarHandle$AccessDescriptor;)Z' in 'java/lang/invoke/VarHandle')}
  0x000001efe7ef7868: d5ff ff49 | bab0 3609 | 88ef 0100 | 004c 8954 | 2408 48c7 | 0424 ffff 

  0x000001efe7ef7880: ;   {runtime_call counter_overflow Runtime1 stub}
  0x000001efe7ef7880: ffff e879 

  0x000001efe7ef7884: ; ImmutableOopMap {rdx=Oop rbx=Oop [232]=Oop }
                      ;*synchronization entry
                      ; - java.lang.invoke.VarHandle::checkAccessModeThenIsDirect@-1 (line 2075)
                      ; - java.lang.invoke.VarHandleGuards::guard_LLL_Z@3 (line 66)
                      ; - java.util.concurrent.FutureTask::run@15 (line 309)
  0x000001efe7ef7884: edae 06e9 | 01d6 ffff 

  0x000001efe7ef788c: ;   {metadata({method} {0x000001ef881542f0} 'getMemberName' '(I)Ljava/lang/invoke/MemberName;' in 'java/lang/invoke/VarForm')}
  0x000001efe7ef788c: 49ba e842 | 1588 ef01 | 0000 4c89 | 5424 0848 | c704 24ff 

  0x000001efe7ef78a0: ;   {runtime_call counter_overflow Runtime1 stub}
  0x000001efe7ef78a0: ffff ffe8 

  0x000001efe7ef78a4: ; ImmutableOopMap {rdx=Oop rbx=Oop [232]=Oop }
                      ;*synchronization entry
                      ; - java.lang.invoke.VarForm::getMemberName@-1 (line 114)
                      ; - java.lang.invoke.VarHandleGuards::guard_LLL_Z@47 (line 68)
                      ; - java.util.concurrent.FutureTask::run@15 (line 309)
  0x000001efe7ef78a4: 58ed ae06 | e953 d6ff 

  0x000001efe7ef78ac: ;   {metadata({method} {0x000001ef88254370} 'compareAndSet' '(Ljava/lang/invoke/VarHandle;Ljava/lang/Object;Ljava/lang/Object;Ljava/lang/Object;)Z' in 'java/lang/invoke/VarHandleReferences$FieldInstanceReadWrite')}
  0x000001efe7ef78ac: ff49 ba68 | 4325 88ef | 0100 004c | 8954 2408 | 48c7 0424 | ffff ffff 

  0x000001efe7ef78c4: ;   {runtime_call counter_overflow Runtime1 stub}
  0x000001efe7ef78c4: e837 edae 

  0x000001efe7ef78c8: ; ImmutableOopMap {rdx=Oop rbx=Oop [232]=Oop }
                      ;*synchronization entry
                      ; - java.lang.invoke.VarHandleReferences$FieldInstanceReadWrite::compareAndSet@-1 (line 179)
                      ; - java.lang.invoke.VarHandleGuards::guard_LLL_Z@50 (line 68)
                      ; - java.util.concurrent.FutureTask::run@15 (line 309)
  0x000001efe7ef78c8: 06e9 d1d6 

  0x000001efe7ef78cc: ;   {metadata({method} {0x000001ef88465068} 'cast' '(Ljava/lang/Object;)Ljava/lang/Object;' in 'java/lang/Class')}
  0x000001efe7ef78cc: ffff 49ba | 6050 4688 | ef01 0000 | 4c89 5424 | 0848 c704 | 24ff ffff 

  0x000001efe7ef78e4: ;   {runtime_call counter_overflow Runtime1 stub}
  0x000001efe7ef78e4: ffe8 16ed 

  0x000001efe7ef78e8: ; ImmutableOopMap {rdx=Oop rbx=Oop [232]=Oop }
                      ;*synchronization entry
                      ; - java.lang.Class::cast@-1 (line 4066)
                      ; - java.lang.invoke.VarHandleReferences$FieldInstanceReadWrite::compareAndSet@15 (line 180)
                      ; - java.lang.invoke.VarHandleGuards::guard_LLL_Z@50 (line 68)
                      ; - java.util.concurrent.FutureTask::run@15 (line 309)
  0x000001efe7ef78e8: ae06 e9f3 

  0x000001efe7ef78ec: ;   {metadata({method} {0x000001ef88056488} 'requireNonNull' '(Ljava/lang/Object;)Ljava/lang/Object;' in 'java/util/Objects')}
  0x000001efe7ef78ec: d6ff ff49 | ba80 6405 | 88ef 0100 | 004c 8954 | 2408 48c7 | 0424 ffff 

  0x000001efe7ef7904: ;   {runtime_call counter_overflow Runtime1 stub}
  0x000001efe7ef7904: ffff e8f5 

  0x000001efe7ef7908: ; ImmutableOopMap {rdx=Oop rbx=Oop [232]=Oop }
                      ;*synchronization entry
                      ; - java.util.Objects::requireNonNull@-1 (line 232)
                      ; - java.lang.invoke.VarHandleReferences$FieldInstanceReadWrite::compareAndSet@18 (line 180)
                      ; - java.lang.invoke.VarHandleGuards::guard_LLL_Z@50 (line 68)
                      ; - java.util.concurrent.FutureTask::run@15 (line 309)
  0x000001efe7ef7908: ecae 06e9 | a3d7 ffff 

  0x000001efe7ef7910: ;   {metadata({method} {0x000001ef88465068} 'cast' '(Ljava/lang/Object;)Ljava/lang/Object;' in 'java/lang/Class')}
  0x000001efe7ef7910: 49ba 6050 | 4688 ef01 | 0000 4c89 | 5424 0848 | c704 24ff 

  0x000001efe7ef7924: ;   {runtime_call counter_overflow Runtime1 stub}
  0x000001efe7ef7924: ffff ffe8 

  0x000001efe7ef7928: ; ImmutableOopMap {rdx=Oop rbx=Oop [232]=Oop }
                      ;*synchronization entry
                      ; - java.lang.Class::cast@-1 (line 4066)
                      ; - java.lang.invoke.VarHandleReferences$FieldInstanceReadWrite::compareAndSet@32 (line 182)
                      ; - java.lang.invoke.VarHandleGuards::guard_LLL_Z@50 (line 68)
                      ; - java.util.concurrent.FutureTask::run@15 (line 309)
  0x000001efe7ef7928: d4ec ae06 | e9d5 d7ff 

  0x000001efe7ef7930: ;   {metadata({method} {0x000001ef88465068} 'cast' '(Ljava/lang/Object;)Ljava/lang/Object;' in 'java/lang/Class')}
  0x000001efe7ef7930: ff49 ba60 | 5046 88ef | 0100 004c | 8954 2408 | 48c7 0424 | ffff ffff 

  0x000001efe7ef7948: ;   {runtime_call counter_overflow Runtime1 stub}
  0x000001efe7ef7948: e8b3 ecae 

  0x000001efe7ef794c: ; ImmutableOopMap {rdx=Oop rbx=Oop [232]=Oop }
                      ;*synchronization entry
                      ; - java.lang.Class::cast@-1 (line 4066)
                      ; - java.lang.invoke.VarHandleReferences$FieldInstanceReadWrite::compareAndSet@41 (line 183)
                      ; - java.lang.invoke.VarHandleGuards::guard_LLL_Z@50 (line 68)
                      ; - java.util.concurrent.FutureTask::run@15 (line 309)
  0x000001efe7ef794c: 06e9 07d8 | ffff 8b06 | 48c1 e003 | 4883 f800 | 0f84 c6d8 | ffff 4889 

  0x000001efe7ef7964: ;   {runtime_call g1_pre_barrier_slow}
  0x000001efe7ef7964: 0424 e895 | f2ae 06e9 | b8d8 ffff | 4883 fb00 | 0f84 e8d8 | ffff 4889 

  0x000001efe7ef797c: ;   {runtime_call g1_post_barrier_slow}
  0x000001efe7ef797c: 3424 e87d | f5ae 06e9 | dad8 ffff 

  0x000001efe7ef7988: ;   {runtime_call throw_null_pointer_exception Runtime1 stub}
  0x000001efe7ef7988: e8f3 91ae 

  0x000001efe7ef798c: ; ImmutableOopMap {rsi=Oop [232]=Oop }
                      ;*invokeinterface call {reexecute=0 rethrow=0 return_oop=0}
                      ; - java.util.concurrent.FutureTask::run@39 (line 317)
                      ;   {metadata({method} {0x000001efca6ca918} 'setException' '(Ljava/lang/Throwable;)V' in 'java/util/concurrent/FutureTask')}
  0x000001efe7ef798c: 0649 ba10 | a96c caef | 0100 004c | 8954 2408 | 48c7 0424 | ffff ffff 

  0x000001efe7ef79a4: ;   {runtime_call counter_overflow Runtime1 stub}
  0x000001efe7ef79a4: e857 ecae 

  0x000001efe7ef79a8: ; ImmutableOopMap {rdx=Oop rax=Oop [232]=Oop }
                      ;*synchronization entry
                      ; - java.util.concurrent.FutureTask::setException@-1 (line 300)
                      ; - java.util.concurrent.FutureTask::run@59 (line 322)
  0x000001efe7ef79a8: 06e9 96da 

  0x000001efe7ef79ac: ;   {metadata({method} {0x000001ef881562a0} 'guard_LII_Z' '(Ljava/lang/invoke/VarHandle;Ljava/lang/Object;IILjava/lang/invoke/VarHandle$AccessDescriptor;)Z' in 'java/lang/invoke/VarHandleGuards')}
  0x000001efe7ef79ac: ffff 49ba | 9862 1588 | ef01 0000 | 4c89 5424 | 0848 c704 | 24ff ffff 

  0x000001efe7ef79c4: ;   {runtime_call counter_overflow Runtime1 stub}
  0x000001efe7ef79c4: ffe8 36ec 

  0x000001efe7ef79c8: ; ImmutableOopMap {rdx=Oop rax=Oop r9=Oop [232]=Oop }
                      ;*synchronization entry
                      ; - java.lang.invoke.VarHandleGuards::guard_LII_Z@-1 (line 135)
                      ; - java.util.concurrent.FutureTask::setException@6 (line 300)
                      ; - java.util.concurrent.FutureTask::run@59 (line 322)
  0x000001efe7ef79c8: ae06 e907 

  0x000001efe7ef79cc: ;   {metadata({method} {0x000001ef880936b8} 'checkAccessModeThenIsDirect' '(Ljava/lang/invoke/VarHandle$AccessDescriptor;)Z' in 'java/lang/invoke/VarHandle')}
  0x000001efe7ef79cc: dbff ff49 | bab0 3609 | 88ef 0100 | 004c 8954 | 2408 48c7 | 0424 ffff 

  0x000001efe7ef79e4: ;   {runtime_call counter_overflow Runtime1 stub}
  0x000001efe7ef79e4: ffff e815 

  0x000001efe7ef79e8: ; ImmutableOopMap {rdx=Oop rax=Oop [232]=Oop }
                      ;*synchronization entry
                      ; - java.lang.invoke.VarHandle::checkAccessModeThenIsDirect@-1 (line 2075)
                      ; - java.lang.invoke.VarHandleGuards::guard_LII_Z@3 (line 135)
                      ; - java.util.concurrent.FutureTask::setException@6 (line 300)
                      ; - java.util.concurrent.FutureTask::run@59 (line 322)
  0x000001efe7ef79e8: ecae 06e9 | d0db ffff 

  0x000001efe7ef79f0: ;   {metadata({method} {0x000001ef881542f0} 'getMemberName' '(I)Ljava/lang/invoke/MemberName;' in 'java/lang/invoke/VarForm')}
  0x000001efe7ef79f0: 49ba e842 | 1588 ef01 | 0000 4c89 | 5424 0848 | c704 24ff 

  0x000001efe7ef7a04: ;   {runtime_call counter_overflow Runtime1 stub}
  0x000001efe7ef7a04: ffff ffe8 

  0x000001efe7ef7a08: ; ImmutableOopMap {rdx=Oop rax=Oop [232]=Oop }
                      ;*synchronization entry
                      ; - java.lang.invoke.VarForm::getMemberName@-1 (line 114)
                      ; - java.lang.invoke.VarHandleGuards::guard_LII_Z@47 (line 137)
                      ; - java.util.concurrent.FutureTask::setException@6 (line 300)
                      ; - java.util.concurrent.FutureTask::run@59 (line 322)
  0x000001efe7ef7a08: f4eb ae06 | e92a dcff 

  0x000001efe7ef7a10: ;   {metadata({method} {0x000001efc92d2980} 'compareAndSet' '(Ljava/lang/invoke/VarHandle;Ljava/lang/Object;II)Z' in 'java/lang/invoke/VarHandleInts$FieldInstanceReadWrite')}
  0x000001efe7ef7a10: ff49 ba78 | 292d c9ef | 0100 004c | 8954 2408 | 48c7 0424 | ffff ffff 

  0x000001efe7ef7a28: ;   {runtime_call counter_overflow Runtime1 stub}
  0x000001efe7ef7a28: e8d3 ebae 

  0x000001efe7ef7a2c: ; ImmutableOopMap {rdx=Oop rax=Oop [232]=Oop }
                      ;*synchronization entry
                      ; - java.lang.invoke.VarHandleInts$FieldInstanceReadWrite::compareAndSet@-1 (line 177)
                      ; - java.lang.invoke.VarHandleGuards::guard_LII_Z@50 (line 137)
                      ; - java.util.concurrent.FutureTask::setException@6 (line 300)
                      ; - java.util.concurrent.FutureTask::run@59 (line 322)
  0x000001efe7ef7a2c: 06e9 b0dc 

  0x000001efe7ef7a30: ;   {metadata({method} {0x000001ef88465068} 'cast' '(Ljava/lang/Object;)Ljava/lang/Object;' in 'java/lang/Class')}
  0x000001efe7ef7a30: ffff 49ba | 6050 4688 | ef01 0000 | 4c89 5424 | 0848 c704 | 24ff ffff 

  0x000001efe7ef7a48: ;   {runtime_call counter_overflow Runtime1 stub}
  0x000001efe7ef7a48: ffe8 b2eb 

  0x000001efe7ef7a4c: ; ImmutableOopMap {rdx=Oop rax=Oop [232]=Oop }
                      ;*synchronization entry
                      ; - java.lang.Class::cast@-1 (line 4066)
                      ; - java.lang.invoke.VarHandleInts$FieldInstanceReadWrite::compareAndSet@15 (line 178)
                      ; - java.lang.invoke.VarHandleGuards::guard_LII_Z@50 (line 137)
                      ; - java.util.concurrent.FutureTask::setException@6 (line 300)
                      ; - java.util.concurrent.FutureTask::run@59 (line 322)
  0x000001efe7ef7a4c: ae06 e9d7 

  0x000001efe7ef7a50: ;   {metadata({method} {0x000001ef88056488} 'requireNonNull' '(Ljava/lang/Object;)Ljava/lang/Object;' in 'java/util/Objects')}
  0x000001efe7ef7a50: dcff ff49 | ba80 6405 | 88ef 0100 | 004c 8954 | 2408 48c7 | 0424 ffff 

  0x000001efe7ef7a68: ;   {runtime_call counter_overflow Runtime1 stub}
  0x000001efe7ef7a68: ffff e891 

  0x000001efe7ef7a6c: ; ImmutableOopMap {rdx=Oop rax=Oop [232]=Oop }
                      ;*synchronization entry
                      ; - java.util.Objects::requireNonNull@-1 (line 232)
                      ; - java.lang.invoke.VarHandleInts$FieldInstanceReadWrite::compareAndSet@18 (line 178)
                      ; - java.lang.invoke.VarHandleGuards::guard_LII_Z@50 (line 137)
                      ; - java.util.concurrent.FutureTask::setException@6 (line 300)
                      ; - java.util.concurrent.FutureTask::run@59 (line 322)
  0x000001efe7ef7a6c: ebae 06e9 | 8edd ffff | 448b 4214 | 49c1 e003 | 4983 f800 | 0f84 fedd | ffff 4c89 

  0x000001efe7ef7a88: ;   {runtime_call g1_pre_barrier_slow}
  0x000001efe7ef7a88: 0424 e871 | f1ae 06e9 | f0dd ffff | 4883 fb00 | 0f84 05de | ffff 4889 

  0x000001efe7ef7aa0: ;   {runtime_call g1_post_barrier_slow}
  0x000001efe7ef7aa0: 1424 e859 | f4ae 06e9 | f7dd ffff 

  0x000001efe7ef7aac: ;   {metadata({method} {0x000001ef88156248} 'guard_LI_V' '(Ljava/lang/invoke/VarHandle;Ljava/lang/Object;ILjava/lang/invoke/VarHandle$AccessDescriptor;)V' in 'java/lang/invoke/VarHandleGuards')}
  0x000001efe7ef7aac: 49ba 4062 | 1588 ef01 | 0000 4c89 | 5424 0848 | c704 24ff 

  0x000001efe7ef7ac0: ;   {runtime_call counter_overflow Runtime1 stub}
  0x000001efe7ef7ac0: ffff ffe8 

  0x000001efe7ef7ac4: ; ImmutableOopMap {rdx=Oop r9=Oop [232]=Oop }
                      ;*synchronization entry
                      ; - java.lang.invoke.VarHandleGuards::guard_LI_V@-1 (line 120)
                      ; - java.util.concurrent.FutureTask::setException@22 (line 302)
                      ; - java.util.concurrent.FutureTask::run@59 (line 322)
  0x000001efe7ef7ac4: 38eb ae06 | e9ef deff 

  0x000001efe7ef7acc: ;   {metadata({method} {0x000001ef880936b8} 'checkAccessModeThenIsDirect' '(Ljava/lang/invoke/VarHandle$AccessDescriptor;)Z' in 'java/lang/invoke/VarHandle')}
  0x000001efe7ef7acc: ff49 bab0 | 3609 88ef | 0100 004c | 8954 2408 | 48c7 0424 | ffff ffff 

  0x000001efe7ef7ae4: ;   {runtime_call counter_overflow Runtime1 stub}
  0x000001efe7ef7ae4: e817 ebae 

  0x000001efe7ef7ae8: ; ImmutableOopMap {rdx=Oop [232]=Oop }
                      ;*synchronization entry
                      ; - java.lang.invoke.VarHandle::checkAccessModeThenIsDirect@-1 (line 2075)
                      ; - java.lang.invoke.VarHandleGuards::guard_LI_V@2 (line 120)
                      ; - java.util.concurrent.FutureTask::setException@22 (line 302)
                      ; - java.util.concurrent.FutureTask::run@59 (line 322)
  0x000001efe7ef7ae8: 06e9 b8df 

  0x000001efe7ef7aec: ;   {metadata({method} {0x000001ef881542f0} 'getMemberName' '(I)Ljava/lang/invoke/MemberName;' in 'java/lang/invoke/VarForm')}
  0x000001efe7ef7aec: ffff 49ba | e842 1588 | ef01 0000 | 4c89 5424 | 0848 c704 | 24ff ffff 

  0x000001efe7ef7b04: ;   {runtime_call counter_overflow Runtime1 stub}
  0x000001efe7ef7b04: ffe8 f6ea 

  0x000001efe7ef7b08: ; ImmutableOopMap {rdx=Oop [232]=Oop }
                      ;*synchronization entry
                      ; - java.lang.invoke.VarForm::getMemberName@-1 (line 114)
                      ; - java.lang.invoke.VarHandleGuards::guard_LI_V@42 (line 122)
                      ; - java.util.concurrent.FutureTask::setException@22 (line 302)
                      ; - java.util.concurrent.FutureTask::run@59 (line 322)
  0x000001efe7ef7b08: ae06 e912 

  0x000001efe7ef7b0c: ;   {metadata({method} {0x000001efc92d2870} 'setRelease' '(Ljava/lang/invoke/VarHandle;Ljava/lang/Object;I)V' in 'java/lang/invoke/VarHandleInts$FieldInstanceReadWrite')}
  0x000001efe7ef7b0c: e0ff ff49 | ba68 282d | c9ef 0100 | 004c 8954 | 2408 48c7 | 0424 ffff 

  0x000001efe7ef7b24: ;   {runtime_call counter_overflow Runtime1 stub}
  0x000001efe7ef7b24: ffff e8d5 

  0x000001efe7ef7b28: ; ImmutableOopMap {rdx=Oop [232]=Oop }
                      ;*synchronization entry
                      ; - java.lang.invoke.VarHandleInts$FieldInstanceReadWrite::setRelease@-1 (line 169)
                      ; - java.lang.invoke.VarHandleGuards::guard_LI_V@45 (line 122)
                      ; - java.util.concurrent.FutureTask::setException@22 (line 302)
                      ; - java.util.concurrent.FutureTask::run@59 (line 322)
  0x000001efe7ef7b28: eaae 06e9 | 24e1 ffff 

  0x000001efe7ef7b30: ;   {metadata({method} {0x000001ef88465068} 'cast' '(Ljava/lang/Object;)Ljava/lang/Object;' in 'java/lang/Class')}
  0x000001efe7ef7b30: 49ba 6050 | 4688 ef01 | 0000 4c89 | 5424 0848 | c704 24ff 

  0x000001efe7ef7b44: ;   {runtime_call counter_overflow Runtime1 stub}
  0x000001efe7ef7b44: ffff ffe8 

  0x000001efe7ef7b48: ; ImmutableOopMap {rdx=Oop [232]=Oop }
                      ;*synchronization entry
                      ; - java.lang.Class::cast@-1 (line 4066)
                      ; - java.lang.invoke.VarHandleInts$FieldInstanceReadWrite::setRelease@13 (line 170)
                      ; - java.lang.invoke.VarHandleGuards::guard_LI_V@45 (line 122)
                      ; - java.util.concurrent.FutureTask::setException@22 (line 302)
                      ; - java.util.concurrent.FutureTask::run@59 (line 322)
  0x000001efe7ef7b48: b4ea ae06 | e94b e1ff 

  0x000001efe7ef7b50: ;   {metadata({method} {0x000001ef88056488} 'requireNonNull' '(Ljava/lang/Object;)Ljava/lang/Object;' in 'java/util/Objects')}
  0x000001efe7ef7b50: ff49 ba80 | 6405 88ef | 0100 004c | 8954 2408 | 48c7 0424 | ffff ffff 

  0x000001efe7ef7b68: ;   {runtime_call counter_overflow Runtime1 stub}
  0x000001efe7ef7b68: e893 eaae 

  0x000001efe7ef7b6c: ; ImmutableOopMap {rdx=Oop [232]=Oop }
                      ;*synchronization entry
                      ; - java.util.Objects::requireNonNull@-1 (line 232)
                      ; - java.lang.invoke.VarHandleInts$FieldInstanceReadWrite::setRelease@16 (line 170)
                      ; - java.lang.invoke.VarHandleGuards::guard_LI_V@45 (line 122)
                      ; - java.util.concurrent.FutureTask::setException@22 (line 302)
                      ; - java.util.concurrent.FutureTask::run@59 (line 322)
  0x000001efe7ef7b6c: 06e9 02e2 

  0x000001efe7ef7b70: ;   {metadata({method} {0x000001efca6ca830} 'set' '(Ljava/lang/Object;)V' in 'java/util/concurrent/FutureTask')}
  0x000001efe7ef7b70: ffff 49ba | 28a8 6cca | ef01 0000 | 4c89 5424 | 0848 c704 | 24ff ffff 

  0x000001efe7ef7b88: ;   {runtime_call counter_overflow Runtime1 stub}
  0x000001efe7ef7b88: ffe8 72ea 

  0x000001efe7ef7b8c: ; ImmutableOopMap {rdx=Oop rax=Oop [232]=Oop }
                      ;*synchronization entry
                      ; - java.util.concurrent.FutureTask::set@-1 (line 282)
                      ; - java.util.concurrent.FutureTask::run@68 (line 325)
  0x000001efe7ef7b8c: ae06 e960 

  0x000001efe7ef7b90: ;   {metadata({method} {0x000001ef881562a0} 'guard_LII_Z' '(Ljava/lang/invoke/VarHandle;Ljava/lang/Object;IILjava/lang/invoke/VarHandle$AccessDescriptor;)Z' in 'java/lang/invoke/VarHandleGuards')}
  0x000001efe7ef7b90: e3ff ff49 | ba98 6215 | 88ef 0100 | 004c 8954 | 2408 48c7 | 0424 ffff 

  0x000001efe7ef7ba8: ;   {runtime_call counter_overflow Runtime1 stub}
  0x000001efe7ef7ba8: ffff e851 

  0x000001efe7ef7bac: ; ImmutableOopMap {rdx=Oop rax=Oop r9=Oop [232]=Oop }
                      ;*synchronization entry
                      ; - java.lang.invoke.VarHandleGuards::guard_LII_Z@-1 (line 135)
                      ; - java.util.concurrent.FutureTask::set@6 (line 282)
                      ; - java.util.concurrent.FutureTask::run@68 (line 325)
  0x000001efe7ef7bac: eaae 06e9 | d1e3 ffff 

  0x000001efe7ef7bb4: ;   {metadata({method} {0x000001ef880936b8} 'checkAccessModeThenIsDirect' '(Ljava/lang/invoke/VarHandle$AccessDescriptor;)Z' in 'java/lang/invoke/VarHandle')}
  0x000001efe7ef7bb4: 49ba b036 | 0988 ef01 | 0000 4c89 | 5424 0848 | c704 24ff 

  0x000001efe7ef7bc8: ;   {runtime_call counter_overflow Runtime1 stub}
  0x000001efe7ef7bc8: ffff ffe8 

  0x000001efe7ef7bcc: ; ImmutableOopMap {rdx=Oop rax=Oop [232]=Oop }
                      ;*synchronization entry
                      ; - java.lang.invoke.VarHandle::checkAccessModeThenIsDirect@-1 (line 2075)
                      ; - java.lang.invoke.VarHandleGuards::guard_LII_Z@3 (line 135)
                      ; - java.util.concurrent.FutureTask::set@6 (line 282)
                      ; - java.util.concurrent.FutureTask::run@68 (line 325)
  0x000001efe7ef7bcc: 30ea ae06 | e99a e4ff 

  0x000001efe7ef7bd4: ;   {metadata({method} {0x000001ef881542f0} 'getMemberName' '(I)Ljava/lang/invoke/MemberName;' in 'java/lang/invoke/VarForm')}
  0x000001efe7ef7bd4: ff49 bae8 | 4215 88ef | 0100 004c | 8954 2408 | 48c7 0424 | ffff ffff 

  0x000001efe7ef7bec: ;   {runtime_call counter_overflow Runtime1 stub}
  0x000001efe7ef7bec: e80f eaae 

  0x000001efe7ef7bf0: ; ImmutableOopMap {rdx=Oop rax=Oop [232]=Oop }
                      ;*synchronization entry
                      ; - java.lang.invoke.VarForm::getMemberName@-1 (line 114)
                      ; - java.lang.invoke.VarHandleGuards::guard_LII_Z@47 (line 137)
                      ; - java.util.concurrent.FutureTask::set@6 (line 282)
                      ; - java.util.concurrent.FutureTask::run@68 (line 325)
  0x000001efe7ef7bf0: 06e9 f4e4 

  0x000001efe7ef7bf4: ;   {metadata({method} {0x000001efc92d2980} 'compareAndSet' '(Ljava/lang/invoke/VarHandle;Ljava/lang/Object;II)Z' in 'java/lang/invoke/VarHandleInts$FieldInstanceReadWrite')}
  0x000001efe7ef7bf4: ffff 49ba | 7829 2dc9 | ef01 0000 | 4c89 5424 | 0848 c704 | 24ff ffff 

  0x000001efe7ef7c0c: ;   {runtime_call counter_overflow Runtime1 stub}
  0x000001efe7ef7c0c: ffe8 eee9 

  0x000001efe7ef7c10: ; ImmutableOopMap {rdx=Oop rax=Oop [232]=Oop }
                      ;*synchronization entry
                      ; - java.lang.invoke.VarHandleInts$FieldInstanceReadWrite::compareAndSet@-1 (line 177)
                      ; - java.lang.invoke.VarHandleGuards::guard_LII_Z@50 (line 137)
                      ; - java.util.concurrent.FutureTask::set@6 (line 282)
                      ; - java.util.concurrent.FutureTask::run@68 (line 325)
  0x000001efe7ef7c10: ae06 e97a 

  0x000001efe7ef7c14: ;   {metadata({method} {0x000001ef88465068} 'cast' '(Ljava/lang/Object;)Ljava/lang/Object;' in 'java/lang/Class')}
  0x000001efe7ef7c14: e5ff ff49 | ba60 5046 | 88ef 0100 | 004c 8954 | 2408 48c7 | 0424 ffff 

  0x000001efe7ef7c2c: ;   {runtime_call counter_overflow Runtime1 stub}
  0x000001efe7ef7c2c: ffff e8cd 

  0x000001efe7ef7c30: ; ImmutableOopMap {rdx=Oop rax=Oop [232]=Oop }
                      ;*synchronization entry
                      ; - java.lang.Class::cast@-1 (line 4066)
                      ; - java.lang.invoke.VarHandleInts$FieldInstanceReadWrite::compareAndSet@15 (line 178)
                      ; - java.lang.invoke.VarHandleGuards::guard_LII_Z@50 (line 137)
                      ; - java.util.concurrent.FutureTask::set@6 (line 282)
                      ; - java.util.concurrent.FutureTask::run@68 (line 325)
  0x000001efe7ef7c30: e9ae 06e9 | a1e5 ffff 

  0x000001efe7ef7c38: ;   {metadata({method} {0x000001ef88056488} 'requireNonNull' '(Ljava/lang/Object;)Ljava/lang/Object;' in 'java/util/Objects')}
  0x000001efe7ef7c38: 49ba 8064 | 0588 ef01 | 0000 4c89 | 5424 0848 | c704 24ff 

  0x000001efe7ef7c4c: ;   {runtime_call counter_overflow Runtime1 stub}
  0x000001efe7ef7c4c: ffff ffe8 

  0x000001efe7ef7c50: ; ImmutableOopMap {rdx=Oop rax=Oop [232]=Oop }
                      ;*synchronization entry
                      ; - java.util.Objects::requireNonNull@-1 (line 232)
                      ; - java.lang.invoke.VarHandleInts$FieldInstanceReadWrite::compareAndSet@18 (line 178)
                      ; - java.lang.invoke.VarHandleGuards::guard_LII_Z@50 (line 137)
                      ; - java.util.concurrent.FutureTask::set@6 (line 282)
                      ; - java.util.concurrent.FutureTask::run@68 (line 325)
  0x000001efe7ef7c50: ace9 ae06 | e958 e6ff | ff44 8b42 | 1449 c1e0 | 0349 83f8 | 000f 84c8 | e6ff ff4c 

  0x000001efe7ef7c6c: ;   {runtime_call g1_pre_barrier_slow}
  0x000001efe7ef7c6c: 8904 24e8 | 8cef ae06 | e9ba e6ff | ff48 83fb | 000f 84cf | e6ff ff48 

  0x000001efe7ef7c84: ;   {runtime_call g1_post_barrier_slow}
  0x000001efe7ef7c84: 8914 24e8 | 74f2 ae06 | e9c1 e6ff 

  0x000001efe7ef7c90: ;   {metadata({method} {0x000001ef88156248} 'guard_LI_V' '(Ljava/lang/invoke/VarHandle;Ljava/lang/Object;ILjava/lang/invoke/VarHandle$AccessDescriptor;)V' in 'java/lang/invoke/VarHandleGuards')}
  0x000001efe7ef7c90: ff49 ba40 | 6215 88ef | 0100 004c | 8954 2408 | 48c7 0424 | ffff ffff 

  0x000001efe7ef7ca8: ;   {runtime_call counter_overflow Runtime1 stub}
  0x000001efe7ef7ca8: e853 e9ae 

  0x000001efe7ef7cac: ; ImmutableOopMap {rdx=Oop r9=Oop [232]=Oop }
                      ;*synchronization entry
                      ; - java.lang.invoke.VarHandleGuards::guard_LI_V@-1 (line 120)
                      ; - java.util.concurrent.FutureTask::set@22 (line 284)
                      ; - java.util.concurrent.FutureTask::run@68 (line 325)
  0x000001efe7ef7cac: 06e9 b9e7 

  0x000001efe7ef7cb0: ;   {metadata({method} {0x000001ef880936b8} 'checkAccessModeThenIsDirect' '(Ljava/lang/invoke/VarHandle$AccessDescriptor;)Z' in 'java/lang/invoke/VarHandle')}
  0x000001efe7ef7cb0: ffff 49ba | b036 0988 | ef01 0000 | 4c89 5424 | 0848 c704 | 24ff ffff 

  0x000001efe7ef7cc8: ;   {runtime_call counter_overflow Runtime1 stub}
  0x000001efe7ef7cc8: ffe8 32e9 

  0x000001efe7ef7ccc: ; ImmutableOopMap {rdx=Oop [232]=Oop }
                      ;*synchronization entry
                      ; - java.lang.invoke.VarHandle::checkAccessModeThenIsDirect@-1 (line 2075)
                      ; - java.lang.invoke.VarHandleGuards::guard_LI_V@2 (line 120)
                      ; - java.util.concurrent.FutureTask::set@22 (line 284)
                      ; - java.util.concurrent.FutureTask::run@68 (line 325)
  0x000001efe7ef7ccc: ae06 e982 

  0x000001efe7ef7cd0: ;   {metadata({method} {0x000001ef881542f0} 'getMemberName' '(I)Ljava/lang/invoke/MemberName;' in 'java/lang/invoke/VarForm')}
  0x000001efe7ef7cd0: e8ff ff49 | bae8 4215 | 88ef 0100 | 004c 8954 | 2408 48c7 | 0424 ffff 

  0x000001efe7ef7ce8: ;   {runtime_call counter_overflow Runtime1 stub}
  0x000001efe7ef7ce8: ffff e811 

  0x000001efe7ef7cec: ; ImmutableOopMap {rdx=Oop [232]=Oop }
                      ;*synchronization entry
                      ; - java.lang.invoke.VarForm::getMemberName@-1 (line 114)
                      ; - java.lang.invoke.VarHandleGuards::guard_LI_V@42 (line 122)
                      ; - java.util.concurrent.FutureTask::set@22 (line 284)
                      ; - java.util.concurrent.FutureTask::run@68 (line 325)
  0x000001efe7ef7cec: e9ae 06e9 | dce8 ffff 

  0x000001efe7ef7cf4: ;   {metadata({method} {0x000001efc92d2870} 'setRelease' '(Ljava/lang/invoke/VarHandle;Ljava/lang/Object;I)V' in 'java/lang/invoke/VarHandleInts$FieldInstanceReadWrite')}
  0x000001efe7ef7cf4: 49ba 6828 | 2dc9 ef01 | 0000 4c89 | 5424 0848 | c704 24ff 

  0x000001efe7ef7d08: ;   {runtime_call counter_overflow Runtime1 stub}
  0x000001efe7ef7d08: ffff ffe8 

  0x000001efe7ef7d0c: ; ImmutableOopMap {rdx=Oop [232]=Oop }
                      ;*synchronization entry
                      ; - java.lang.invoke.VarHandleInts$FieldInstanceReadWrite::setRelease@-1 (line 169)
                      ; - java.lang.invoke.VarHandleGuards::guard_LI_V@45 (line 122)
                      ; - java.util.concurrent.FutureTask::set@22 (line 284)
                      ; - java.util.concurrent.FutureTask::run@68 (line 325)
  0x000001efe7ef7d0c: f0e8 ae06 | e9ee e9ff 

  0x000001efe7ef7d14: ;   {metadata({method} {0x000001ef88465068} 'cast' '(Ljava/lang/Object;)Ljava/lang/Object;' in 'java/lang/Class')}
  0x000001efe7ef7d14: ff49 ba60 | 5046 88ef | 0100 004c | 8954 2408 | 48c7 0424 | ffff ffff 

  0x000001efe7ef7d2c: ;   {runtime_call counter_overflow Runtime1 stub}
  0x000001efe7ef7d2c: e8cf e8ae 

  0x000001efe7ef7d30: ; ImmutableOopMap {rdx=Oop [232]=Oop }
                      ;*synchronization entry
                      ; - java.lang.Class::cast@-1 (line 4066)
                      ; - java.lang.invoke.VarHandleInts$FieldInstanceReadWrite::setRelease@13 (line 170)
                      ; - java.lang.invoke.VarHandleGuards::guard_LI_V@45 (line 122)
                      ; - java.util.concurrent.FutureTask::set@22 (line 284)
                      ; - java.util.concurrent.FutureTask::run@68 (line 325)
  0x000001efe7ef7d30: 06e9 15ea 

  0x000001efe7ef7d34: ;   {metadata({method} {0x000001ef88056488} 'requireNonNull' '(Ljava/lang/Object;)Ljava/lang/Object;' in 'java/util/Objects')}
  0x000001efe7ef7d34: ffff 49ba | 8064 0588 | ef01 0000 | 4c89 5424 | 0848 c704 | 24ff ffff 

  0x000001efe7ef7d4c: ;   {runtime_call counter_overflow Runtime1 stub}
  0x000001efe7ef7d4c: ffe8 aee8 

  0x000001efe7ef7d50: ; ImmutableOopMap {rdx=Oop [232]=Oop }
                      ;*synchronization entry
                      ; - java.util.Objects::requireNonNull@-1 (line 232)
                      ; - java.lang.invoke.VarHandleInts$FieldInstanceReadWrite::setRelease@16 (line 170)
                      ; - java.lang.invoke.VarHandleGuards::guard_LI_V@45 (line 122)
                      ; - java.util.concurrent.FutureTask::set@22 (line 284)
                      ; - java.util.concurrent.FutureTask::run@68 (line 325)
  0x000001efe7ef7d50: ae06 e9cc | eaff ff8b | 7a18 48c1 | e703 4883 | ff00 0f84 | c3eb ffff | 4889 3c24 

  0x000001efe7ef7d6c: ;   {runtime_call g1_pre_barrier_slow}
  0x000001efe7ef7d6c: e88f eeae | 06e9 b5eb | ffff 4883 | fe00 0f84 | d0eb ffff | 4889 1424 

  0x000001efe7ef7d84: ;   {runtime_call g1_post_barrier_slow}
  0x000001efe7ef7d84: e877 f1ae | 06e9 c2eb 

  0x000001efe7ef7d8c: ;   {metadata({method} {0x000001efca6cadb0} 'handlePossibleCancellationInterrupt' '(I)V' in 'java/util/concurrent/FutureTask')}
  0x000001efe7ef7d8c: ffff 49ba | a8ad 6cca | ef01 0000 | 4c89 5424 | 0848 c704 | 24ff ffff 

  0x000001efe7ef7da4: ;   {runtime_call counter_overflow Runtime1 stub}
  0x000001efe7ef7da4: ffe8 56e8 

  0x000001efe7ef7da8: ; ImmutableOopMap {rdx=Oop [232]=Oop }
                      ;*synchronization entry
                      ; - java.util.concurrent.FutureTask::handlePossibleCancellationInterrupt@-1 (line 384)
                      ; - java.util.concurrent.FutureTask::run@88 (line 335)
  0x000001efe7ef7da8: ae06 e90f 

  0x000001efe7ef7dac: ;   {metadata({method} {0x000001ef88429fc8} 'yield' '()V' in 'java/lang/Thread')}
  0x000001efe7ef7dac: ecff ff49 | bac0 9f42 | 88ef 0100 | 004c 8954 | 2408 48c7 | 0424 ffff 

  0x000001efe7ef7dc4: ;   {runtime_call counter_overflow Runtime1 stub}
  0x000001efe7ef7dc4: ffff e835 

  0x000001efe7ef7dc8: ; ImmutableOopMap {rdx=Oop [232]=Oop }
                      ;*synchronization entry
                      ; - java.lang.Thread::yield@-1 (line 442)
                      ; - java.util.concurrent.FutureTask::handlePossibleCancellationInterrupt@13 (line 386)
                      ; - java.util.concurrent.FutureTask::run@88 (line 335)
  0x000001efe7ef7dc8: e8ae 06e9 | 8bec ffff | 4889 3424 

  0x000001efe7ef7dd4: ;   {runtime_call throw_class_cast_exception Runtime1 stub}
  0x000001efe7ef7dd4: e8a7 b1ae 

  0x000001efe7ef7dd8: ; ImmutableOopMap {[232]=Oop }
                      ;*checkcast {reexecute=0 rethrow=0 return_oop=0}
                      ; - java.lang.Thread::yield@12 (line 442)
                      ; - java.util.concurrent.FutureTask::handlePossibleCancellationInterrupt@13 (line 386)
                      ; - java.util.concurrent.FutureTask::run@88 (line 335)
                      ;   {runtime_call throw_null_pointer_exception Runtime1 stub}
  0x000001efe7ef7dd8: 06e8 a28d 

  0x000001efe7ef7ddc: ; ImmutableOopMap {rsi=Oop [232]=Oop }
                      ;*invokevirtual tryYield {reexecute=0 rethrow=0 return_oop=0}
                      ; - java.lang.Thread::yield@17 (line 443)
                      ; - java.util.concurrent.FutureTask::handlePossibleCancellationInterrupt@13 (line 386)
                      ; - java.util.concurrent.FutureTask::run@88 (line 335)
                      ;   {metadata({method} {0x000001efca6cadb0} 'handlePossibleCancellationInterrupt' '(I)V' in 'java/util/concurrent/FutureTask')}
  0x000001efe7ef7ddc: ae06 49ba | a8ad 6cca | ef01 0000 | 4c89 5424 | 0848 c704 | 2410 0000 

  0x000001efe7ef7df4: ;   {runtime_call counter_overflow Runtime1 stub}
  0x000001efe7ef7df4: 00e8 06e8 

  0x000001efe7ef7df8: ; ImmutableOopMap {[232]=Oop }
                      ;*goto {reexecute=1 rethrow=0 return_oop=0}
                      ; - (reexecute) java.util.concurrent.FutureTask::handlePossibleCancellationInterrupt@16 (line 386)
                      ; - java.util.concurrent.FutureTask::run@88 (line 335)
  0x000001efe7ef7df8: ae06 e98c 

  0x000001efe7ef7dfc: ;   {internal_word}
  0x000001efe7ef7dfc: efff ff49 | baca 6def | e7ef 0100 | 004d 8997 | 6004 0000 

  0x000001efe7ef7e10: ;   {runtime_call SafepointBlob}
  0x000001efe7ef7e10: e9eb d8a2 

  0x000001efe7ef7e14: ;   {internal_word}
  0x000001efe7ef7e14: 0649 bae0 | 6def e7ef | 0100 004d | 8997 6004 

  0x000001efe7ef7e24: ;   {runtime_call SafepointBlob}
  0x000001efe7ef7e24: 0000 e9d5 | d8a2 0648 

  0x000001efe7ef7e2c: ;   {runtime_call fast_new_instance Runtime1 stub}
  0x000001efe7ef7e2c: 8bd2 e84d 

  0x000001efe7ef7e30: ; ImmutableOopMap {[232]=Oop }
                      ;*new {reexecute=0 rethrow=0 return_oop=0}
                      ; - java.lang.Class::cast@12 (line 4067)
                      ; - java.lang.invoke.VarHandleInts$FieldInstanceReadWrite::setRelease@13 (line 170)
                      ; - java.lang.invoke.VarHandleGuards::guard_LI_V@45 (line 122)
                      ; - java.util.concurrent.FutureTask::set@22 (line 284)
                      ; - java.util.concurrent.FutureTask::run@68 (line 325)
  0x000001efe7ef7e30: 96ae 06e9 | 0ef0 ffff 

  0x000001efe7ef7e38: ;   {runtime_call fast_new_instance Runtime1 stub}
  0x000001efe7ef7e38: 488b d2e8 

  0x000001efe7ef7e3c: ; ImmutableOopMap {[232]=Oop [256]=Oop }
                      ;*new {reexecute=0 rethrow=0 return_oop=0}
                      ; - java.lang.Class::cast@12 (line 4067)
                      ; - java.lang.invoke.VarHandleInts$FieldInstanceReadWrite::compareAndSet@15 (line 178)
                      ; - java.lang.invoke.VarHandleGuards::guard_LII_Z@50 (line 137)
                      ; - java.util.concurrent.FutureTask::set@6 (line 282)
                      ; - java.util.concurrent.FutureTask::run@68 (line 325)
  0x000001efe7ef7e3c: 4096 ae06 | e9ef f0ff | ff48 8bd2 

  0x000001efe7ef7e48: ;   {runtime_call fast_new_instance Runtime1 stub}
  0x000001efe7ef7e48: e833 96ae 

  0x000001efe7ef7e4c: ; ImmutableOopMap {[232]=Oop }
                      ;*new {reexecute=0 rethrow=0 return_oop=0}
                      ; - java.lang.Class::cast@12 (line 4067)
                      ; - java.lang.invoke.VarHandleInts$FieldInstanceReadWrite::setRelease@13 (line 170)
                      ; - java.lang.invoke.VarHandleGuards::guard_LI_V@45 (line 122)
                      ; - java.util.concurrent.FutureTask::setException@22 (line 302)
                      ; - java.util.concurrent.FutureTask::run@59 (line 322)
  0x000001efe7ef7e4c: 06e9 caf1 | ffff 488b 

  0x000001efe7ef7e54: ;   {runtime_call fast_new_instance Runtime1 stub}
  0x000001efe7ef7e54: d2e8 2696 

  0x000001efe7ef7e58: ; ImmutableOopMap {[232]=Oop [280]=Oop }
                      ;*new {reexecute=0 rethrow=0 return_oop=0}
                      ; - java.lang.Class::cast@12 (line 4067)
                      ; - java.lang.invoke.VarHandleInts$FieldInstanceReadWrite::compareAndSet@15 (line 178)
                      ; - java.lang.invoke.VarHandleGuards::guard_LII_Z@50 (line 137)
                      ; - java.util.concurrent.FutureTask::setException@6 (line 300)
                      ; - java.util.concurrent.FutureTask::run@59 (line 322)
  0x000001efe7ef7e58: ae06 e9ad | f2ff ff8b | 7a18 48c1 | e703 4883 | ff00 0f84 | 6ef3 ffff | 4889 3c24 

  0x000001efe7ef7e74: ;   {runtime_call g1_pre_barrier_slow}
  0x000001efe7ef7e74: e887 edae | 06e9 60f3 | ffff 4883 | fe00 0f84 | 7bf3 ffff | 4889 1424 

  0x000001efe7ef7e8c: ;   {runtime_call g1_post_barrier_slow}
  0x000001efe7ef7e8c: e86f f0ae | 06e9 6df3 

  0x000001efe7ef7e94: ;   {metadata({method} {0x000001efca6cadb0} 'handlePossibleCancellationInterrupt' '(I)V' in 'java/util/concurrent/FutureTask')}
  0x000001efe7ef7e94: ffff 49ba | a8ad 6cca | ef01 0000 | 4c89 5424 | 0848 c704 | 24ff ffff 

  0x000001efe7ef7eac: ;   {runtime_call counter_overflow Runtime1 stub}
  0x000001efe7ef7eac: ffe8 4ee7 

  0x000001efe7ef7eb0: ; ImmutableOopMap {rax=Oop rdx=Oop [232]=Oop [288]=Oop }
                      ;*synchronization entry
                      ; - java.util.concurrent.FutureTask::handlePossibleCancellationInterrupt@-1 (line 384)
                      ; - java.util.concurrent.FutureTask::run@116 (line 335)
  0x000001efe7ef7eb0: ae06 e9ba 

  0x000001efe7ef7eb4: ;   {metadata({method} {0x000001ef88429fc8} 'yield' '()V' in 'java/lang/Thread')}
  0x000001efe7ef7eb4: f3ff ff49 | bac0 9f42 | 88ef 0100 | 004c 8954 | 2408 48c7 | 0424 ffff 

  0x000001efe7ef7ecc: ;   {runtime_call counter_overflow Runtime1 stub}
  0x000001efe7ef7ecc: ffff e82d 

  0x000001efe7ef7ed0: ; ImmutableOopMap {rdx=Oop [232]=Oop [288]=Oop }
                      ;*synchronization entry
                      ; - java.lang.Thread::yield@-1 (line 442)
                      ; - java.util.concurrent.FutureTask::handlePossibleCancellationInterrupt@13 (line 386)
                      ; - java.util.concurrent.FutureTask::run@116 (line 335)
  0x000001efe7ef7ed0: e7ae 06e9 | 33f4 ffff | 4889 3424 

  0x000001efe7ef7edc: ;   {runtime_call throw_class_cast_exception Runtime1 stub}
  0x000001efe7ef7edc: e89f b0ae 

  0x000001efe7ef7ee0: ; ImmutableOopMap {[232]=Oop [288]=Oop }
                      ;*checkcast {reexecute=0 rethrow=0 return_oop=0}
                      ; - java.lang.Thread::yield@12 (line 442)
                      ; - java.util.concurrent.FutureTask::handlePossibleCancellationInterrupt@13 (line 386)
                      ; - java.util.concurrent.FutureTask::run@116 (line 335)
                      ;   {runtime_call throw_null_pointer_exception Runtime1 stub}
  0x000001efe7ef7ee0: 06e8 9a8c 

  0x000001efe7ef7ee4: ; ImmutableOopMap {rsi=Oop [232]=Oop [288]=Oop }
                      ;*invokevirtual tryYield {reexecute=0 rethrow=0 return_oop=0}
                      ; - java.lang.Thread::yield@17 (line 443)
                      ; - java.util.concurrent.FutureTask::handlePossibleCancellationInterrupt@13 (line 386)
                      ; - java.util.concurrent.FutureTask::run@116 (line 335)
                      ;   {metadata({method} {0x000001efca6cadb0} 'handlePossibleCancellationInterrupt' '(I)V' in 'java/util/concurrent/FutureTask')}
  0x000001efe7ef7ee4: ae06 49ba | a8ad 6cca | ef01 0000 | 4c89 5424 | 0848 c704 | 2410 0000 

  0x000001efe7ef7efc: ;   {runtime_call counter_overflow Runtime1 stub}
  0x000001efe7ef7efc: 00e8 fee6 

  0x000001efe7ef7f00: ; ImmutableOopMap {[232]=Oop [288]=Oop }
                      ;*goto {reexecute=1 rethrow=0 return_oop=0}
                      ; - (reexecute) java.util.concurrent.FutureTask::handlePossibleCancellationInterrupt@16 (line 386)
                      ; - java.util.concurrent.FutureTask::run@116 (line 335)
  0x000001efe7ef7f00: ae06 e934 | f7ff ff48 

  0x000001efe7ef7f08: ;   {runtime_call fast_new_instance Runtime1 stub}
  0x000001efe7ef7f08: 8bd2 e871 

  0x000001efe7ef7f0c: ; ImmutableOopMap {rbx=Oop [232]=Oop }
                      ;*new {reexecute=0 rethrow=0 return_oop=0}
                      ; - java.lang.Class::cast@12 (line 4067)
                      ; - java.lang.invoke.VarHandleReferences$FieldInstanceReadWrite::compareAndSet@41 (line 183)
                      ; - java.lang.invoke.VarHandleGuards::guard_LLL_Z@50 (line 68)
                      ; - java.util.concurrent.FutureTask::run@15 (line 309)
  0x000001efe7ef7f0c: 95ae 06e9 | b3f7 ffff 

  0x000001efe7ef7f14: ;   {runtime_call fast_new_instance Runtime1 stub}
  0x000001efe7ef7f14: 488b d2e8 

  0x000001efe7ef7f18: ; ImmutableOopMap {r9=Oop [232]=Oop [312]=Oop }
                      ;*new {reexecute=0 rethrow=0 return_oop=0}
                      ; - java.lang.Class::cast@12 (line 4067)
                      ; - java.lang.invoke.VarHandleReferences$FieldInstanceReadWrite::compareAndSet@15 (line 180)
                      ; - java.lang.invoke.VarHandleGuards::guard_LLL_Z@50 (line 68)
                      ; - java.util.concurrent.FutureTask::run@15 (line 309)
  0x000001efe7ef7f18: 6495 ae06 | e98b f8ff | ff49 8b87 | f804 0000 | 49c7 87f8 | 0400 0000 | 0000 0049 | c787 0005 
  0x000001efe7ef7f38: 0000 0000 | 0000 4881 | c450 0100 

  0x000001efe7ef7f44: ;   {runtime_call unwind_exception Runtime1 stub}
  0x000001efe7ef7f44: 005d e935 | 7dae 06f4 | f4f4 f4f4 
[Stub Code]
  0x000001efe7ef7f50: ;   {no_reloc}
  0x000001efe7ef7f50: 0f1f 4400 

  0x000001efe7ef7f54: ;   {static_stub}
  0x000001efe7ef7f54: 0048 bb00 | 0000 0000 

  0x000001efe7ef7f5c: ;   {runtime_call nmethod}
  0x000001efe7ef7f5c: 0000 00e9 | fbff ffff 

  0x000001efe7ef7f64: ;   {static_stub}
  0x000001efe7ef7f64: 9048 bb00 | 0000 0000 

  0x000001efe7ef7f6c: ;   {runtime_call nmethod}
  0x000001efe7ef7f6c: 0000 00e9 | fbff ffff 

  0x000001efe7ef7f74: ;   {static_stub}
  0x000001efe7ef7f74: 9048 bb00 | 0000 0000 

  0x000001efe7ef7f7c: ;   {runtime_call nmethod}
  0x000001efe7ef7f7c: 0000 00e9 | fbff ffff 

  0x000001efe7ef7f84: ;   {static_stub}
  0x000001efe7ef7f84: 48bb 78ce | 4388 ef01 

  0x000001efe7ef7f8c: ;   {runtime_call I2C/C2I adapters}
  0x000001efe7ef7f8c: 0000 e9db 

  0x000001efe7ef7f90: ;   {static_stub}
  0x000001efe7ef7f90: 12a2 0648 | bbd8 ae6c | caef 0100 

  0x000001efe7ef7f9c: ;   {runtime_call I2C/C2I adapters}
  0x000001efe7ef7f9c: 00e9 c1b4 

  0x000001efe7ef7fa0: ;   {static_stub}
  0x000001efe7ef7fa0: a206 48bb | 0000 0000 | 0000 0000 

  0x000001efe7ef7fac: ;   {runtime_call nmethod}
  0x000001efe7ef7fac: e9fb ffff 

  0x000001efe7ef7fb0: ;   {static_stub}
  0x000001efe7ef7fb0: ff48 bb00 | 0000 0000 

  0x000001efe7ef7fb8: ;   {runtime_call nmethod}
  0x000001efe7ef7fb8: 0000 00e9 | fbff ffff 

  0x000001efe7ef7fc0: ;   {static_stub}
  0x000001efe7ef7fc0: 48bb 0000 | 0000 0000 

  0x000001efe7ef7fc8: ;   {runtime_call nmethod}
  0x000001efe7ef7fc8: 0000 e9fb 

  0x000001efe7ef7fcc: ;   {runtime_call handle_exception_from_callee Runtime1 stub}
  0x000001efe7ef7fcc: ffff ffe8 | aca9 ae06 

  0x000001efe7ef7fd4: ;   {external_word}
  0x000001efe7ef7fd4: 48b9 506f | cbe4 fc7f | 0000 4883 

  0x000001efe7ef7fe0: ;   {runtime_call}
  0x000001efe7ef7fe0: e4f0 48b8 | d040 8ee4 | fc7f 0000 

  0x000001efe7ef7fec: ;   {section_word}
  0x000001efe7ef7fec: ffd0 f449 | baef 7fef | e7ef 0100 

  0x000001efe7ef7ff8: ;   {runtime_call DeoptimizationBlob}
  0x000001efe7ef7ff8: 0041 52e9 | a0c9 a206 
[/MachCode]


---------------  P R O C E S S  ---------------

Threads class SMR info:
_java_thread_list=0x000001efcf8026a0, length=29, elements={
0x000001efdc91eb70, 0x000001efcd1045d0, 0x000001effb04ca40, 0x000001effb04e770,
0x000001efcd106f50, 0x000001efcd109d60, 0x000001efcd10eb70, 0x000001efcd1153c0,
0x000001efcd11a260, 0x000001efcd254250, 0x000001efcd258a80, 0x000001efce20f920,
0x000001efd0596f30, 0x000001efcf2c8b30, 0x000001efcf020fe0, 0x000001efce9ae430,
0x000001efcf186b90, 0x000001efd096cc60, 0x000001efd096f3c0, 0x000001efd096ed30,
0x000001efd096bf40, 0x000001efd096e010, 0x000001efd096e6a0, 0x000001efcd8771a0,
0x000001efcd87b340, 0x000001efcd876480, 0x000001efcd874a40, 0x000001efcd8743b0,
0x000001efcd87b9d0
}

Java Threads: ( => current thread )
  0x000001efdc91eb70 JavaThread "main"                              [_thread_blocked, id=21020, stack(0x0000007f7ac00000,0x0000007f7ad00000) (1024K)]
  0x000001efcd1045d0 JavaThread "Reference Handler"          daemon [_thread_blocked, id=23856, stack(0x0000007f7b400000,0x0000007f7b500000) (1024K)]
  0x000001effb04ca40 JavaThread "Finalizer"                  daemon [_thread_blocked, id=2520, stack(0x0000007f7b500000,0x0000007f7b600000) (1024K)]
  0x000001effb04e770 JavaThread "Signal Dispatcher"          daemon [_thread_blocked, id=17896, stack(0x0000007f7b600000,0x0000007f7b700000) (1024K)]
  0x000001efcd106f50 JavaThread "Attach Listener"            daemon [_thread_blocked, id=26000, stack(0x0000007f7b700000,0x0000007f7b800000) (1024K)]
  0x000001efcd109d60 JavaThread "Service Thread"             daemon [_thread_blocked, id=11632, stack(0x0000007f7b800000,0x0000007f7b900000) (1024K)]
  0x000001efcd10eb70 JavaThread "Monitor Deflation Thread"   daemon [_thread_blocked, id=25912, stack(0x0000007f7b900000,0x0000007f7ba00000) (1024K)]
  0x000001efcd1153c0 JavaThread "C2 CompilerThread0"         daemon [_thread_blocked, id=1184, stack(0x0000007f7ba00000,0x0000007f7bb00000) (1024K)]
  0x000001efcd11a260 JavaThread "C1 CompilerThread0"         daemon [_thread_blocked, id=17280, stack(0x0000007f7bb00000,0x0000007f7bc00000) (1024K)]
  0x000001efcd254250 JavaThread "Notification Thread"        daemon [_thread_blocked, id=12004, stack(0x0000007f7bc00000,0x0000007f7bd00000) (1024K)]
  0x000001efcd258a80 JavaThread "Common-Cleaner"             daemon [_thread_blocked, id=21384, stack(0x0000007f7bd00000,0x0000007f7be00000) (1024K)]
  0x000001efce20f920 JavaThread "Thread-1"                   daemon [_thread_blocked, id=3624, stack(0x0000007f7c900000,0x0000007f7ca00000) (1024K)]
  0x000001efd0596f30 JavaThread "ForkJoinPool.commonPool-worker-1" daemon [_thread_blocked, id=16116, stack(0x0000007f7ca00000,0x0000007f7cb00000) (1024K)]
  0x000001efcf2c8b30 JavaThread "ForkJoinPool.commonPool-worker-2" daemon [_thread_blocked, id=6936, stack(0x0000007f7cb00000,0x0000007f7cc00000) (1024K)]
  0x000001efcf020fe0 JavaThread "Java2D Disposer"            daemon [_thread_blocked, id=21628, stack(0x0000007f7cd00000,0x0000007f7ce00000) (1024K)]
  0x000001efce9ae430 JavaThread "AWT-Shutdown"                      [_thread_blocked, id=5312, stack(0x0000007f7ce00000,0x0000007f7cf00000) (1024K)]
  0x000001efcf186b90 JavaThread "AWT-Windows"                daemon [_thread_in_native, id=22944, stack(0x0000007f7cf00000,0x0000007f7d000000) (1024K)]
  0x000001efd096cc60 JavaThread "AWT-EventQueue-0"                  [_thread_in_native, id=8640, stack(0x0000007f7d000000,0x0000007f7d100000) (1024K)]
  0x000001efd096f3c0 JavaThread "D3D Screen Updater"         daemon [_thread_blocked, id=3816, stack(0x0000007f7d400000,0x0000007f7d500000) (1024K)]
  0x000001efd096ed30 JavaThread "TimerQueue"                 daemon [_thread_blocked, id=13804, stack(0x0000007f7d500000,0x0000007f7d600000) (1024K)]
  0x000001efd096bf40 JavaThread "Swing-Shell"                daemon [_thread_blocked, id=23876, stack(0x0000007f7bf00000,0x0000007f7c000000) (1024K)]
  0x000001efd096e010 JavaThread "SwingWorker-pool-2-thread-1" daemon [_thread_blocked, id=2100, stack(0x0000007f7da30000,0x0000007f7db30000) (1024K)]
  0x000001efd096e6a0 JavaThread "JavaCPP Deallocator"        daemon [_thread_blocked, id=10728, stack(0x0000007f7dc30000,0x0000007f7dd30000) (1024K)]
  0x000001efcd8771a0 JavaThread "SwingWorker-pool-2-thread-2" daemon [_thread_blocked, id=9388, stack(0x0000007f7be00000,0x0000007f7bf00000) (1024K)]
  0x000001efcd87b340 JavaThread "SwingWorker-pool-2-thread-3" daemon [_thread_blocked, id=23844, stack(0x0000007f00200000,0x0000007f00300000) (1024K)]
  0x000001efcd876480 JavaThread "SwingWorker-pool-2-thread-4" daemon [_thread_blocked, id=18636, stack(0x0000007f00300000,0x0000007f00400000) (1024K)]
  0x000001efcd874a40 JavaThread "SwingWorker-pool-2-thread-5" daemon [_thread_blocked, id=21408, stack(0x0000007f00400000,0x0000007f00500000) (1024K)]
  0x000001efcd8743b0 JavaThread "SwingWorker-pool-2-thread-6" daemon [_thread_blocked, id=26524, stack(0x0000007f00500000,0x0000007f00600000) (1024K)]
=>0x000001efcd87b9d0 JavaThread "SwingWorker-pool-2-thread-7" daemon [_thread_in_native, id=21300, stack(0x0000007f00700000,0x0000007f00800000) (1024K)]
Total: 29

Other Threads:
  0x000001effb032ef0 VMThread "VM Thread"                           [id=23348, stack(0x0000007f7b300000,0x0000007f7b400000) (1024K)]
  0x000001effb01f9b0 WatcherThread "VM Periodic Task Thread"        [id=6496, stack(0x0000007f7b200000,0x0000007f7b300000) (1024K)]
  0x000001efded58a40 WorkerThread "GC Thread#0"                     [id=19840, stack(0x0000007f7ad00000,0x0000007f7ae00000) (1024K)]
  0x000001efcdf5f680 WorkerThread "GC Thread#1"                     [id=24916, stack(0x0000007f7c000000,0x0000007f7c100000) (1024K)]
  0x000001efcdf9fe50 WorkerThread "GC Thread#2"                     [id=26252, stack(0x0000007f7c100000,0x0000007f7c200000) (1024K)]
  0x000001efcdfbad90 WorkerThread "GC Thread#3"                     [id=4460, stack(0x0000007f7c200000,0x0000007f7c300000) (1024K)]
  0x000001efcdcfe880 WorkerThread "GC Thread#4"                     [id=8832, stack(0x0000007f7c300000,0x0000007f7c400000) (1024K)]
  0x000001efcddbe550 WorkerThread "GC Thread#5"                     [id=22760, stack(0x0000007f7c400000,0x0000007f7c500000) (1024K)]
  0x000001efcddbe8f0 WorkerThread "GC Thread#6"                     [id=23568, stack(0x0000007f7c500000,0x0000007f7c600000) (1024K)]
  0x000001efce1505a0 WorkerThread "GC Thread#7"                     [id=15644, stack(0x0000007f7c600000,0x0000007f7c700000) (1024K)]
  0x000001efcdfb8640 WorkerThread "GC Thread#8"                     [id=23744, stack(0x0000007f7c700000,0x0000007f7c800000) (1024K)]
  0x000001efcdfb9c00 WorkerThread "GC Thread#9"                     [id=18504, stack(0x0000007f7c800000,0x0000007f7c900000) (1024K)]
  0x000001efded69b60 ConcurrentGCThread "G1 Main Marker"            [id=20772, stack(0x0000007f7ae00000,0x0000007f7af00000) (1024K)]
  0x000001efded6ae00 WorkerThread "G1 Conc#0"                       [id=3852, stack(0x0000007f7af00000,0x0000007f7b000000) (1024K)]
  0x000001efcef1a630 WorkerThread "G1 Conc#1"                       [id=7972, stack(0x0000007f7d200000,0x0000007f7d300000) (1024K)]
  0x000001efcef17370 WorkerThread "G1 Conc#2"                       [id=8508, stack(0x0000007f7d300000,0x0000007f7d400000) (1024K)]
  0x000001effaedd6f0 ConcurrentGCThread "G1 Refine#0"               [id=19564, stack(0x0000007f7b000000,0x0000007f7b100000) (1024K)]
  0x000001effaee2290 ConcurrentGCThread "G1 Service"                [id=8208, stack(0x0000007f7b100000,0x0000007f7b200000) (1024K)]
Total: 18

Threads with active compile tasks:
Total: 0

VM state: not at safepoint (normal execution)

VM Mutex/Monitor currently owned by a thread: None

Heap address: 0x0000000600c00000, size: 8180 MB, Compressed Oops mode: Zero based, Oop shift amount: 3

CDS archive(s) mapped at: [0x000001ef88000000-0x000001ef88c80000-0x000001ef88c80000), size 13107200, SharedBaseAddress: 0x000001ef88000000, ArchiveRelocationMode: 1.
Compressed class space mapped at: 0x000001ef89000000-0x000001efc9000000, reserved size: 1073741824
Narrow klass base: 0x000001ef88000000, Narrow klass shift: 0, Narrow klass range: 0x100000000

GC Precious Log:
 CardTable entry size: 512
 Card Set container configuration: InlinePtr #cards 4 size 8 Array Of Cards #cards 32 size 80 Howl #buckets 8 coarsen threshold 7372 Howl Bitmap #cards 1024 size 144 coarsen threshold 921 Card regions per heap region 1 cards per card region 8192
 CPUs: 12 total, 12 available
 Memory: 32719M
 Large Page Support: Disabled
 NUMA Support: Disabled
 Compressed Oops: Enabled (Zero based)
 Heap Region Size: 4M
 Heap Min Capacity: 8M
 Heap Initial Capacity: 512M
 Heap Max Capacity: 8180M
 Pre-touch: Disabled
 Parallel Workers: 10
 Concurrent Workers: 3
 Concurrent Refinement Workers: 10
 Periodic GC: Disabled

Heap:
 garbage-first heap   total 69632K, used 24098K [0x0000000600c00000, 0x0000000800000000)
  region size 4096K, 1 young (4096K), 0 survivors (0K)
 Metaspace       used 38676K, committed 39104K, reserved 1114112K
  class space    used 3922K, committed 4096K, reserved 1048576K

Heap Regions: E=young(eden), S=young(survivor), O=old, HS=humongous(starts), HC=humongous(continues), CS=collection set, F=free, TAMS=top-at-mark-start, PB=parsable bottom
|   0|0x0000000600c00000, 0x0000000600ffffe0, 0x0000000601000000| 99%| O|  |TAMS 0x0000000600c00000| PB 0x0000000600c00000| Untracked 
|   1|0x0000000601000000, 0x0000000601400000, 0x0000000601400000|100%| O|  |TAMS 0x0000000601000000| PB 0x0000000601000000| Untracked 
|   2|0x0000000601400000, 0x0000000601800000, 0x0000000601800000|100%| O|  |TAMS 0x0000000601400000| PB 0x0000000601400000| Untracked 
|   3|0x0000000601800000, 0x0000000601c00000, 0x0000000601c00000|100%| O|  |TAMS 0x0000000601800000| PB 0x0000000601800000| Untracked 
|   4|0x0000000601c00000, 0x0000000602000000, 0x0000000602000000|100%| O|  |TAMS 0x0000000601c00000| PB 0x0000000601c00000| Untracked 
|   5|0x0000000602000000, 0x0000000602388968, 0x0000000602400000| 88%| O|  |TAMS 0x0000000602000000| PB 0x0000000602000000| Untracked 
|   6|0x0000000602400000, 0x0000000602400000, 0x0000000602800000|  0%| F|  |TAMS 0x0000000602400000| PB 0x0000000602400000| Untracked 
|   7|0x0000000602800000, 0x0000000602800000, 0x0000000602c00000|  0%| F|  |TAMS 0x0000000602800000| PB 0x0000000602800000| Untracked 
|   8|0x0000000602c00000, 0x0000000602c00000, 0x0000000603000000|  0%| F|  |TAMS 0x0000000602c00000| PB 0x0000000602c00000| Untracked 
|   9|0x0000000603000000, 0x0000000603000000, 0x0000000603400000|  0%| F|  |TAMS 0x0000000603000000| PB 0x0000000603000000| Untracked 
|  10|0x0000000603400000, 0x0000000603400000, 0x0000000603800000|  0%| F|  |TAMS 0x0000000603400000| PB 0x0000000603400000| Untracked 
|  11|0x0000000603800000, 0x0000000603800000, 0x0000000603c00000|  0%| F|  |TAMS 0x0000000603800000| PB 0x0000000603800000| Untracked 
|  12|0x0000000603c00000, 0x0000000603c00000, 0x0000000604000000|  0%| F|  |TAMS 0x0000000603c00000| PB 0x0000000603c00000| Untracked 
|  13|0x0000000604000000, 0x0000000604000000, 0x0000000604400000|  0%| F|  |TAMS 0x0000000604000000| PB 0x0000000604000000| Untracked 
|  14|0x0000000604400000, 0x0000000604400000, 0x0000000604800000|  0%| F|  |TAMS 0x0000000604400000| PB 0x0000000604400000| Untracked 
| 116|0x000000061dc00000, 0x000000061dc00000, 0x000000061e000000|  0%| F|  |TAMS 0x000000061dc00000| PB 0x000000061dc00000| Untracked 
| 127|0x0000000620800000, 0x00000006208b4290, 0x0000000620c00000| 17%| E|  |TAMS 0x0000000620800000| PB 0x0000000620800000| Complete 

Card table byte_map: [0x000001eff78f0000,0x000001eff88f0000] _byte_map_base: 0x000001eff48ea000

Marking Bits: (CMBitMap*) 0x000001efded59140
 Bits: [0x000001ef80000000, 0x000001ef87fd0000)

Polling page: 0x000001efdcbe0000

Metaspace:

Usage:
  Non-class:     33.94 MB used.
      Class:      3.83 MB used.
       Both:     37.77 MB used.

Virtual space:
  Non-class space:       64.00 MB reserved,      34.19 MB ( 53%) committed,  1 nodes.
      Class space:        1.00 GB reserved,       4.00 MB ( <1%) committed,  1 nodes.
             Both:        1.06 GB reserved,      38.19 MB (  4%) committed. 

Chunk freelists:
   Non-Class:  12.92 MB
       Class:  12.01 MB
        Both:  24.93 MB

MaxMetaspaceSize: unlimited
CompressedClassSpaceSize: 1.00 GB
Initial GC threshold: 21.00 MB
Current GC threshold: 63.69 MB
CDS: on
 - commit_granule_bytes: 65536.
 - commit_granule_words: 8192.
 - virtual_space_node_default_size: 8388608.
 - enlarge_chunks_in_place: 1.
 - use_allocation_guard: 0.


Internal statistics:

num_allocs_failed_limit: 6.
num_arena_births: 372.
num_arena_deaths: 0.
num_vsnodes_births: 2.
num_vsnodes_deaths: 0.
num_space_committed: 609.
num_space_uncommitted: 0.
num_chunks_returned_to_freelist: 6.
num_chunks_taken_from_freelist: 1316.
num_chunk_merges: 3.
num_chunk_splits: 952.
num_chunks_enlarged: 756.
num_inconsistent_stats: 0.

CodeHeap 'non-profiled nmethods': size=120000Kb used=3839Kb max_used=4227Kb free=116160Kb
 bounds [0x000001efeee70000, 0x000001efef2a0000, 0x000001eff63a0000]
CodeHeap 'profiled nmethods': size=120000Kb used=12162Kb max_used=14444Kb free=107838Kb
 bounds [0x000001efe73a0000, 0x000001efe81c0000, 0x000001efee8d0000]
CodeHeap 'non-nmethods': size=5760Kb used=2561Kb max_used=2594Kb free=3198Kb
 bounds [0x000001efee8d0000, 0x000001efeeb60000, 0x000001efeee70000]
 total_blobs=7439 nmethods=6064 adapters=1279
 compilation: enabled
              stopped_count=0, restarted_count=0
 full_count=0

Compilation events (20 events):
Event: 29.131 Thread 0x000001efcd11a260 7340   !   3       java.awt.Component::invalidate (63 bytes)
Event: 29.131 Thread 0x000001efcd11a260 nmethod 7340 0x000001efe7874e90 code [0x000001efe7875060, 0x000001efe78756b8]
Event: 29.131 Thread 0x000001efcd11a260 7338       3       java.awt.Component::repaintParentIfNeeded (41 bytes)
Event: 29.131 Thread 0x000001efcd11a260 nmethod 7338 0x000001efe7874490 code [0x000001efe7874680, 0x000001efe7874bb8]
Event: 29.153 Thread 0x000001efcd11a260 7341   !   3       java.awt.Container::mixOnValidating (88 bytes)
Event: 29.155 Thread 0x000001efcd11a260 nmethod 7341 0x000001efe741d910 code [0x000001efe741dd60, 0x000001efe741fd40]
Event: 29.159 Thread 0x000001efcd1153c0 7342       4       sun.java2d.pipe.PixelToParallelogramConverter::fillRectangle (236 bytes)
Event: 29.174 Thread 0x000001efcd11a260 7343       1       sun.java2d.d3d.D3DGraphicsConfig::getD3DDevice (5 bytes)
Event: 29.174 Thread 0x000001efcd11a260 nmethod 7343 0x000001efeef5e310 code [0x000001efeef5e4a0, 0x000001efeef5e570]
Event: 29.175 Thread 0x000001efcd1153c0 nmethod 7342 0x000001efeef5c510 code [0x000001efeef5c780, 0x000001efeef5d6c0]
Event: 29.710 Thread 0x000001efcd11a260 7344   !   3       java.awt.KeyboardFocusManager::getGlobalFocusOwner (20 bytes)
Event: 29.711 Thread 0x000001efcd11a260 nmethod 7344 0x000001efe7483010 code [0x000001efe7483200, 0x000001efe74835a0]
Event: 29.972 Thread 0x000001efcd11a260 7346       3       sun.awt.image.SunWritableRaster::<init> (20 bytes)
Event: 29.972 Thread 0x000001efcd11a260 nmethod 7346 0x000001efe7482990 code [0x000001efe7482b60, 0x000001efe7482e40]
Event: 29.972 Thread 0x000001efcd11a260 7347       3       java.awt.image.WritableRaster::<init> (12 bytes)
Event: 29.972 Thread 0x000001efcd11a260 nmethod 7347 0x000001efe76c7210 code [0x000001efe76c73c0, 0x000001efe76c74f8]
Event: 29.972 Thread 0x000001efcd11a260 7348       3       java.awt.image.Raster::<init> (207 bytes)
Event: 29.973 Thread 0x000001efcd11a260 nmethod 7348 0x000001efe762a190 code [0x000001efe762a3e0, 0x000001efe762ac60]
Event: 30.045 Thread 0x000001efcd11a260 7349       1       javax.swing.DefaultButtonModel::getMnemonic (5 bytes)
Event: 30.046 Thread 0x000001efcd11a260 nmethod 7349 0x000001efeef5bc90 code [0x000001efeef5be20, 0x000001efeef5bee8]

GC Heap History (20 events):
Event: 9.994 GC heap before
{Heap before GC invocations=10 (full 0):
 garbage-first heap   total 86016K, used 65053K [0x0000000600c00000, 0x0000000800000000)
  region size 4096K, 12 young (49152K), 1 survivors (4096K)
 Metaspace       used 35278K, committed 35584K, reserved 1114112K
  class space    used 3554K, committed 3712K, reserved 1048576K
}
Event: 9.997 GC heap after
{Heap after GC invocations=11 (full 0):
 garbage-first heap   total 86016K, used 19960K [0x0000000600c00000, 0x0000000800000000)
  region size 4096K, 1 young (4096K), 1 survivors (4096K)
 Metaspace       used 35278K, committed 35584K, reserved 1114112K
  class space    used 3554K, committed 3712K, reserved 1048576K
}
Event: 10.041 GC heap before
{Heap before GC invocations=11 (full 0):
 garbage-first heap   total 86016K, used 28152K [0x0000000600c00000, 0x0000000800000000)
  region size 4096K, 4 young (16384K), 1 survivors (4096K)
 Metaspace       used 35650K, committed 35968K, reserved 1114112K
  class space    used 3604K, committed 3776K, reserved 1048576K
}
Event: 10.044 GC heap after
{Heap after GC invocations=12 (full 0):
 garbage-first heap   total 307200K, used 19697K [0x0000000600c00000, 0x0000000800000000)
  region size 4096K, 1 young (4096K), 1 survivors (4096K)
 Metaspace       used 35650K, committed 35968K, reserved 1114112K
  class space    used 3604K, committed 3776K, reserved 1048576K
}
Event: 11.069 GC heap before
{Heap before GC invocations=13 (full 0):
 garbage-first heap   total 69632K, used 56561K [0x0000000600c00000, 0x0000000800000000)
  region size 4096K, 12 young (49152K), 1 survivors (4096K)
 Metaspace       used 36972K, committed 37376K, reserved 1114112K
  class space    used 3793K, committed 3968K, reserved 1048576K
}
Event: 11.124 GC heap after
{Heap after GC invocations=14 (full 1):
 garbage-first heap   total 69632K, used 22682K [0x0000000600c00000, 0x0000000800000000)
  region size 4096K, 0 young (0K), 0 survivors (0K)
 Metaspace       used 36972K, committed 37376K, reserved 1114112K
  class space    used 3793K, committed 3968K, reserved 1048576K
}
Event: 14.922 GC heap before
{Heap before GC invocations=14 (full 1):
 garbage-first heap   total 69632K, used 22682K [0x0000000600c00000, 0x0000000800000000)
  region size 4096K, 1 young (4096K), 0 survivors (0K)
 Metaspace       used 37182K, committed 37568K, reserved 1114112K
  class space    used 3798K, committed 3968K, reserved 1048576K
}
Event: 14.973 GC heap after
{Heap after GC invocations=15 (full 2):
 garbage-first heap   total 69632K, used 22675K [0x0000000600c00000, 0x0000000800000000)
  region size 4096K, 0 young (0K), 0 survivors (0K)
 Metaspace       used 37182K, committed 37568K, reserved 1114112K
  class space    used 3798K, committed 3968K, reserved 1048576K
}
Event: 15.009 GC heap before
{Heap before GC invocations=15 (full 2):
 garbage-first heap   total 69632K, used 22675K [0x0000000600c00000, 0x0000000800000000)
  region size 4096K, 1 young (4096K), 0 survivors (0K)
 Metaspace       used 37197K, committed 37568K, reserved 1114112K
  class space    used 3799K, committed 3968K, reserved 1048576K
}
Event: 15.059 GC heap after
{Heap after GC invocations=16 (full 3):
 garbage-first heap   total 69632K, used 22688K [0x0000000600c00000, 0x0000000800000000)
  region size 4096K, 0 young (0K), 0 survivors (0K)
 Metaspace       used 37197K, committed 37568K, reserved 1114112K
  class space    used 3799K, committed 3968K, reserved 1048576K
}
Event: 17.802 GC heap before
{Heap before GC invocations=16 (full 3):
 garbage-first heap   total 69632K, used 63648K [0x0000000600c00000, 0x0000000800000000)
  region size 4096K, 10 young (40960K), 0 survivors (0K)
 Metaspace       used 37783K, committed 38208K, reserved 1114112K
  class space    used 3835K, committed 4032K, reserved 1048576K
}
Event: 17.803 GC heap after
{Heap after GC invocations=17 (full 3):
 garbage-first heap   total 69632K, used 23171K [0x0000000600c00000, 0x0000000800000000)
  region size 4096K, 1 young (4096K), 1 survivors (4096K)
 Metaspace       used 37783K, committed 38208K, reserved 1114112K
  class space    used 3835K, committed 4032K, reserved 1048576K
}
Event: 23.958 GC heap before
{Heap before GC invocations=17 (full 3):
 garbage-first heap   total 69632K, used 51843K [0x0000000600c00000, 0x0000000800000000)
  region size 4096K, 9 young (36864K), 1 survivors (4096K)
 Metaspace       used 38502K, committed 38912K, reserved 1114112K
  class space    used 3900K, committed 4096K, reserved 1048576K
}
Event: 23.959 GC heap after
{Heap after GC invocations=18 (full 3):
 garbage-first heap   total 69632K, used 25318K [0x0000000600c00000, 0x0000000800000000)
  region size 4096K, 1 young (4096K), 1 survivors (4096K)
 Metaspace       used 38502K, committed 38912K, reserved 1114112K
  class space    used 3900K, committed 4096K, reserved 1048576K
}
Event: 28.117 GC heap before
{Heap before GC invocations=18 (full 3):
 garbage-first heap   total 69632K, used 58086K [0x0000000600c00000, 0x0000000800000000)
  region size 4096K, 9 young (36864K), 1 survivors (4096K)
 Metaspace       used 38520K, committed 38976K, reserved 1114112K
  class space    used 3900K, committed 4096K, reserved 1048576K
}
Event: 28.119 GC heap after
{Heap after GC invocations=19 (full 3):
 garbage-first heap   total 69632K, used 30295K [0x0000000600c00000, 0x0000000800000000)
  region size 4096K, 2 young (8192K), 2 survivors (8192K)
 Metaspace       used 38520K, committed 38976K, reserved 1114112K
  class space    used 3900K, committed 4096K, reserved 1048576K
}
Event: 29.298 GC heap before
{Heap before GC invocations=19 (full 3):
 garbage-first heap   total 69632K, used 54871K [0x0000000600c00000, 0x0000000800000000)
  region size 4096K, 8 young (32768K), 2 survivors (8192K)
 Metaspace       used 38672K, committed 39104K, reserved 1114112K
  class space    used 3922K, committed 4096K, reserved 1048576K
}
Event: 29.300 GC heap after
{Heap after GC invocations=20 (full 3):
 garbage-first heap   total 69632K, used 25165K [0x0000000600c00000, 0x0000000800000000)
  region size 4096K, 1 young (4096K), 1 survivors (4096K)
 Metaspace       used 38672K, committed 39104K, reserved 1114112K
  class space    used 3922K, committed 4096K, reserved 1048576K
}
Event: 30.051 GC heap before
{Heap before GC invocations=20 (full 3):
 garbage-first heap   total 69632K, used 41549K [0x0000000600c00000, 0x0000000800000000)
  region size 4096K, 6 young (24576K), 1 survivors (4096K)
 Metaspace       used 38674K, committed 39104K, reserved 1114112K
  class space    used 3922K, committed 4096K, reserved 1048576K
}
Event: 30.108 GC heap after
{Heap after GC invocations=21 (full 4):
 garbage-first heap   total 69632K, used 24105K [0x0000000600c00000, 0x0000000800000000)
  region size 4096K, 0 young (0K), 0 survivors (0K)
 Metaspace       used 38674K, committed 39104K, reserved 1114112K
  class space    used 3922K, committed 4096K, reserved 1048576K
}

Dll operation events (20 events):
Event: 9.013 Loaded shared library C:\Users\ethan\.javacpp\cache\ffmpeg-6.0-1.5.9-windows-x86_64.jar\org\bytedeco\ffmpeg\windows-x86_64\swresample-4.dll
Event: 9.027 Loaded shared library C:\Users\ethan\.javacpp\cache\ffmpeg-6.0-1.5.9-windows-x86_64.jar\org\bytedeco\ffmpeg\windows-x86_64\jniswresample.dll
Event: 9.064 Loaded shared library C:\Users\ethan\.javacpp\cache\ffmpeg-6.0-1.5.9-windows-x86_64.jar\org\bytedeco\ffmpeg\windows-x86_64\avcodec-60.dll
Event: 9.078 Loaded shared library C:\Users\ethan\.javacpp\cache\ffmpeg-6.0-1.5.9-windows-x86_64.jar\org\bytedeco\ffmpeg\windows-x86_64\jniavcodec.dll
Event: 9.133 Loaded shared library C:\Users\ethan\.javacpp\cache\ffmpeg-6.0-1.5.9-windows-x86_64.jar\org\bytedeco\ffmpeg\windows-x86_64\avformat-60.dll
Event: 9.145 Loaded shared library C:\Users\ethan\.javacpp\cache\ffmpeg-6.0-1.5.9-windows-x86_64.jar\org\bytedeco\ffmpeg\windows-x86_64\jniavformat.dll
Event: 9.183 Loaded shared library C:\Users\ethan\.javacpp\cache\ffmpeg-6.0-1.5.9-windows-x86_64.jar\org\bytedeco\ffmpeg\windows-x86_64\swscale-7.dll
Event: 9.195 Loaded shared library C:\Users\ethan\.javacpp\cache\ffmpeg-6.0-1.5.9-windows-x86_64.jar\org\bytedeco\ffmpeg\windows-x86_64\jniswscale.dll
Event: 9.251 Loaded shared library C:\Users\ethan\.javacpp\cache\ffmpeg-6.0-1.5.9-windows-x86_64.jar\org\bytedeco\ffmpeg\windows-x86_64\avfilter-9.dll
Event: 9.264 Loaded shared library C:\Users\ethan\.javacpp\cache\ffmpeg-6.0-1.5.9-windows-x86_64.jar\org\bytedeco\ffmpeg\windows-x86_64\jniavfilter.dll
Event: 9.286 Loaded shared library C:\Users\ethan\.javacpp\cache\ffmpeg-6.0-1.5.9-windows-x86_64.jar\org\bytedeco\ffmpeg\windows-x86_64\avdevice-60.dll
Event: 9.298 Loaded shared library C:\Users\ethan\.javacpp\cache\ffmpeg-6.0-1.5.9-windows-x86_64.jar\org\bytedeco\ffmpeg\windows-x86_64\jniavdevice.dll
Event: 9.556 Loaded shared library C:\Users\ethan\.javacpp\cache\openblas-0.3.23-1.5.9-windows-x86_64.jar\org\bytedeco\openblas\windows-x86_64\libopenblas_nolapack.dll
Event: 9.567 Loaded shared library C:\Users\ethan\.javacpp\cache\openblas-0.3.23-1.5.9-windows-x86_64.jar\org\bytedeco\openblas\windows-x86_64\jniopenblas_nolapack.dll
Event: 9.633 Loaded shared library C:\Users\ethan\.javacpp\cache\openblas-0.3.23-1.5.9-windows-x86_64.jar\org\bytedeco\openblas\windows-x86_64\libopenblas.dll
Event: 9.643 Loaded shared library C:\Users\ethan\.javacpp\cache\openblas-0.3.23-1.5.9-windows-x86_64.jar\org\bytedeco\openblas\windows-x86_64\jniopenblas.dll
Event: 9.987 Loaded shared library C:\Users\ethan\.javacpp\cache\opencv-4.9.0-1.5.10-windows-x86_64.jar\org\bytedeco\opencv\windows-x86_64\opencv_core490.dll
Event: 10.007 Loaded shared library C:\Users\ethan\.javacpp\cache\opencv-4.9.0-1.5.10-windows-x86_64.jar\org\bytedeco\opencv\windows-x86_64\opencv_imgproc490.dll
Event: 10.025 Loaded shared library C:\Users\ethan\.javacpp\cache\opencv-4.9.0-1.5.10-windows-x86_64.jar\org\bytedeco\opencv\windows-x86_64\jniopencv_core.dll
Event: 15.170 Loaded shared library C:\Users\ethan\.javacpp\cache\opencv-4.9.0-1.5.10-windows-x86_64.jar\org\bytedeco\opencv\windows-x86_64\jniopencv_imgproc.dll

Deoptimization events (20 events):
Event: 21.230 Thread 0x000001efd096cc60 Uncommon trap: trap_request=0xffffff45 fr.pc=0x000001efef0e3144 relative=0x0000000000000644
Event: 21.230 Thread 0x000001efd096cc60 Uncommon trap: reason=unstable_if action=reinterpret pc=0x000001efef0e3144 method=sun.java2d.marlin.Helpers.outcode(DD[D)I @ 21 c2
Event: 21.230 Thread 0x000001efd096cc60 DEOPT PACKING pc=0x000001efef0e3144 sp=0x0000007f7d0fd400
Event: 21.230 Thread 0x000001efd096cc60 DEOPT UNPACKING pc=0x000001efee9246a2 sp=0x0000007f7d0fd2c8 mode 2
Event: 21.230 Thread 0x000001efd096cc60 Uncommon trap: trap_request=0xffffff45 fr.pc=0x000001efef130ea4 relative=0x0000000000000104
Event: 21.230 Thread 0x000001efd096cc60 Uncommon trap: reason=unstable_if action=reinterpret pc=0x000001efef130ea4 method=sun.java2d.marlin.Helpers.outcode(DD[D)I @ 21 c2
Event: 21.230 Thread 0x000001efd096cc60 DEOPT PACKING pc=0x000001efef130ea4 sp=0x0000007f7d0fd320
Event: 21.230 Thread 0x000001efd096cc60 DEOPT UNPACKING pc=0x000001efee9246a2 sp=0x0000007f7d0fd2c8 mode 2
Event: 23.993 Thread 0x000001efd096cc60 Uncommon trap: trap_request=0xffffff45 fr.pc=0x000001efef057dc8 relative=0x0000000000000a08
Event: 23.993 Thread 0x000001efd096cc60 Uncommon trap: reason=unstable_if action=reinterpret pc=0x000001efef057dc8 method=com.editor.BackgroundRemover.createMaskVisualization()Lorg/bytedeco/javacv/Frame; @ 82 c2
Event: 23.993 Thread 0x000001efd096cc60 DEOPT PACKING pc=0x000001efef057dc8 sp=0x0000007f7d0fde50
Event: 23.993 Thread 0x000001efd096cc60 DEOPT UNPACKING pc=0x000001efee9246a2 sp=0x0000007f7d0fde08 mode 2
Event: 28.908 Thread 0x000001efd096cc60 DEOPT PACKING pc=0x000001efe75f44c4 sp=0x0000007f7d0fdd80
Event: 28.908 Thread 0x000001efd096cc60 DEOPT UNPACKING pc=0x000001efee924e42 sp=0x0000007f7d0fd308 mode 0
Event: 29.159 Thread 0x000001efd096cc60 Uncommon trap: trap_request=0xffffff66 fr.pc=0x000001efef21ed18 relative=0x0000000000000918
Event: 29.159 Thread 0x000001efd096cc60 Uncommon trap: reason=speculate_class_check action=maybe_recompile pc=0x000001efef21ed18 method=sun.java2d.pipe.BufferedContext.validateContext(Lsun/java2d/pipe/hw/AccelSurface;Lsun/java2d/pipe/hw/AccelSurface;Lsun/java2d/pipe/Region;Ljava/awt/Composite;L
Event: 29.159 Thread 0x000001efd096cc60 DEOPT PACKING pc=0x000001efef21ed18 sp=0x0000007f7d0fc470
Event: 29.159 Thread 0x000001efd096cc60 DEOPT UNPACKING pc=0x000001efee9246a2 sp=0x0000007f7d0fc108 mode 2
Event: 29.290 Thread 0x000001efd096cc60 DEOPT PACKING pc=0x000001efe75f44c4 sp=0x0000007f7d0fc810
Event: 29.290 Thread 0x000001efd096cc60 DEOPT UNPACKING pc=0x000001efee924e42 sp=0x0000007f7d0fbd98 mode 0

Classes loaded (20 events):
Event: 29.107 Loading class javax/swing/plaf/basic/BasicOptionPaneUI$ButtonActionListener
Event: 29.107 Loading class javax/swing/plaf/basic/BasicOptionPaneUI$ButtonActionListener done
Event: 29.108 Loading class javax/swing/plaf/basic/BasicOptionPaneUI$2
Event: 29.108 Loading class javax/swing/plaf/basic/BasicOptionPaneUI$2 done
Event: 29.108 Loading class javax/swing/plaf/basic/BasicOptionPaneUI$Handler
Event: 29.108 Loading class javax/swing/plaf/basic/BasicOptionPaneUI$Handler done
Event: 29.110 Loading class javax/swing/SwingUtilities$SharedOwnerFrame
Event: 29.110 Loading class javax/swing/SwingUtilities$SharedOwnerFrame done
Event: 29.124 Loading class javax/swing/plaf/basic/BasicOptionPaneUI$Actions
Event: 29.124 Loading class javax/swing/plaf/basic/BasicOptionPaneUI$Actions done
Event: 29.124 Loading class com/sun/java/swing/plaf/windows/WindowsLookAndFeel$AudioAction
Event: 29.125 Loading class com/sun/java/swing/plaf/windows/WindowsLookAndFeel$AudioAction done
Event: 29.126 Loading class java/awt/GridBagLayoutInfo
Event: 29.126 Loading class java/awt/GridBagLayoutInfo done
Event: 29.132 Loading class javax/swing/JOptionPane$1
Event: 29.132 Loading class javax/swing/JOptionPane$1 done
Event: 29.132 Loading class javax/swing/JOptionPane$2
Event: 29.132 Loading class javax/swing/JOptionPane$2 done
Event: 29.132 Loading class javax/swing/JOptionPane$3
Event: 29.132 Loading class javax/swing/JOptionPane$3 done

Classes unloaded (0 events):
No events

Classes redefined (0 events):
No events

Internal exceptions (20 events):
Event: 3.359 Thread 0x000001efdc91eb70 Exception <a 'java/lang/NoSuchMethodError'{0x000000061f8f6078}: 'void java.lang.invoke.Invokers$Holder.invokeExact_MT(java.lang.Object, java.lang.Object, int, java.lang.Object)'> (0x000000061f8f6078) 
thrown [s\src\hotspot\share\interpreter\linkResolver.cpp, line 773]
Event: 3.360 Thread 0x000001efdc91eb70 Exception <a 'java/lang/NoSuchMethodError'{0x000000061f909708}: 'long java.lang.invoke.DelegatingMethodHandle$Holder.reinvoke_L(java.lang.Object, java.lang.Object)'> (0x000000061f909708) 
thrown [s\src\hotspot\share\interpreter\linkResolver.cpp, line 773]
Event: 3.361 Thread 0x000001efdc91eb70 Exception <a 'java/lang/NoSuchMethodError'{0x000000061f913550}: 'void java.lang.invoke.DelegatingMethodHandle$Holder.reinvoke_L(java.lang.Object, java.lang.Object, long)'> (0x000000061f913550) 
thrown [s\src\hotspot\share\interpreter\linkResolver.cpp, line 773]
Event: 3.474 Thread 0x000001efcf1885f0 Exception <a 'java/lang/NoSuchMethodError'{0x000000061f29be78}: 'void java.lang.invoke.Invokers$Holder.invoke_MT(java.lang.Object, java.lang.Object, java.lang.Object)'> (0x000000061f29be78) 
thrown [s\src\hotspot\share\interpreter\linkResolver.cpp, line 773]
Event: 3.482 Thread 0x000001efcf1885f0 Exception <a 'java/lang/ClassNotFoundException'{0x000000061f2d5e60}: sun/awt/resources/spi/awtProvider> (0x000000061f2d5e60) 
thrown [s\src\hotspot\share\classfile\systemDictionary.cpp, line 312]
Event: 3.491 Thread 0x000001efcf1885f0 Exception <a 'java/io/FileNotFoundException'{0x000000061f3106d8}> (0x000000061f3106d8) 
thrown [s\src\hotspot\share\prims\jni.cpp, line 520]
Event: 3.495 Thread 0x000001efcf1885f0 Exception <a 'java/io/FileNotFoundException'{0x000000061f33ad90}> (0x000000061f33ad90) 
thrown [s\src\hotspot\share\prims\jni.cpp, line 520]
Event: 3.567 Thread 0x000001efcf1885f0 Exception <a 'java/lang/NoSuchMethodError'{0x000000061f3ab810}: 'void java.lang.invoke.DirectMethodHandle$Holder.invokeStaticInit(java.lang.Object)'> (0x000000061f3ab810) 
thrown [s\src\hotspot\share\interpreter\linkResolver.cpp, line 773]
Event: 3.575 Thread 0x000001efcf1885f0 Exception <a 'java/lang/NoSuchMethodError'{0x000000061f3f5ad8}: 'java.lang.Object java.lang.invoke.DirectMethodHandle$Holder.invokeStatic(java.lang.Object, int, java.lang.Object)'> (0x000000061f3f5ad8) 
thrown [s\src\hotspot\share\interpreter\linkResolver.cpp, line 773]
Event: 3.588 Thread 0x000001efcf1885f0 Exception <a 'java/lang/ClassNotFoundException'{0x000000061ef52ed0}: com/sun/java/swing/plaf/windows/resources/spi/windowsProvider> (0x000000061ef52ed0) 
thrown [s\src\hotspot\share\classfile\systemDictionary.cpp, line 312]
Event: 3.589 Thread 0x000001efcf1885f0 Exception <a 'java/lang/ClassNotFoundException'{0x000000061ef57088}: com/sun/swing/internal/plaf/basic/resources/spi/basicProvider> (0x000000061ef57088) 
thrown [s\src\hotspot\share\classfile\systemDictionary.cpp, line 312]
Event: 3.592 Thread 0x000001efcf1885f0 Exception <a 'java/lang/NoSuchMethodError'{0x000000061ef64b60}: 'java.lang.Object java.lang.invoke.DirectMethodHandle$Holder.invokeStatic(java.lang.Object, java.lang.Object, int, java.lang.Object)'> (0x000000061ef64b60) 
thrown [s\src\hotspot\share\interpreter\linkResolver.cpp, line 773]
Event: 3.593 Thread 0x000001efcf1885f0 Exception <a 'java/lang/NoSuchMethodError'{0x000000061ef6ad68}: 'java.lang.Object java.lang.invoke.DirectMethodHandle$Holder.newInvokeSpecial(java.lang.Object, java.lang.Object, int)'> (0x000000061ef6ad68) 
thrown [s\src\hotspot\share\interpreter\linkResolver.cpp, line 773]
Event: 3.913 Thread 0x000001efd096cc60 Exception <a 'java/lang/NoSuchMethodError'{0x000000062084bd80}: 'int java.lang.invoke.Invokers$Holder.invokeExact_MT(java.lang.Object, java.lang.Object)'> (0x000000062084bd80) 
thrown [s\src\hotspot\share\interpreter\linkResolver.cpp, line 773]
Event: 5.081 Thread 0x000001efd096d2f0 Exception <a 'java/lang/NoSuchMethodError'{0x000000060340c9f8}: 'java.lang.Object java.lang.invoke.DirectMethodHandle$Holder.newInvokeSpecial(java.lang.Object, java.lang.Object, java.lang.Object, int, int, int, int, int)'> (0x000000060340c9f8) 
thrown [s\src\hotspot\share\interpreter\linkResolver.cpp, line 773]
Event: 5.621 Thread 0x000001efd096cc60 Implicit null exception at 0x000001efef1cc73e to 0x000001efef1cc994
Event: 5.652 Thread 0x000001efd096cc60 Exception <a 'java/lang/NoSuchMethodError'{0x00000006036724f0}: 'int java.lang.invoke.DirectMethodHandle$Holder.invokeStatic(java.lang.Object)'> (0x00000006036724f0) 
thrown [s\src\hotspot\share\interpreter\linkResolver.cpp, line 773]
Event: 5.674 Thread 0x000001efd096cc60 Exception <a 'java/lang/NoSuchMethodError'{0x00000006036ba300}: 'java.lang.Object java.lang.invoke.DirectMethodHandle$Holder.newInvokeSpecial(java.lang.Object, int, java.lang.Object)'> (0x00000006036ba300) 
thrown [s\src\hotspot\share\interpreter\linkResolver.cpp, line 773]
Event: 8.662 Thread 0x000001efd096e010 Exception <a 'java/lang/NoSuchMethodError'{0x0000000602904e38}: 'int java.lang.invoke.DirectMethodHandle$Holder.invokeStaticInit(java.lang.Object, java.lang.Object, java.lang.Object, java.lang.Object)'> (0x0000000602904e38) 
thrown [s\src\hotspot\share\interpreter\linkResolver.cpp, line 773]
Event: 8.662 Thread 0x000001efd096e010 Exception <a 'java/lang/IncompatibleClassChangeError'{0x000000060290d1c8}: Found class java.lang.Object, but interface was expected> (0x000000060290d1c8) 
thrown [s\src\hotspot\share\interpreter\linkResolver.cpp, line 840]

ZGC Phase Switch (0 events):
No events

VM Operations (20 events):
Event: 20.929 Executing VM operation: Cleanup
Event: 20.929 Executing VM operation: Cleanup done
Event: 21.944 Executing VM operation: Cleanup
Event: 21.944 Executing VM operation: Cleanup done
Event: 22.947 Executing VM operation: Cleanup
Event: 22.947 Executing VM operation: Cleanup done
Event: 23.958 Executing VM operation: G1CollectForAllocation (G1 Evacuation Pause)
Event: 23.959 Executing VM operation: G1CollectForAllocation (G1 Evacuation Pause) done
Event: 25.968 Executing VM operation: Cleanup
Event: 25.968 Executing VM operation: Cleanup done
Event: 27.980 Executing VM operation: Cleanup
Event: 27.980 Executing VM operation: Cleanup done
Event: 28.117 Executing VM operation: G1CollectForAllocation (G1 Evacuation Pause)
Event: 28.119 Executing VM operation: G1CollectForAllocation (G1 Evacuation Pause) done
Event: 29.130 Executing VM operation: Cleanup
Event: 29.130 Executing VM operation: Cleanup done
Event: 29.298 Executing VM operation: G1CollectForAllocation (G1 Evacuation Pause)
Event: 29.300 Executing VM operation: G1CollectForAllocation (G1 Evacuation Pause) done
Event: 30.051 Executing VM operation: G1CollectFull (System.gc())
Event: 30.108 Executing VM operation: G1CollectFull (System.gc()) done

Memory protections (0 events):
No events

Nmethod flushes (20 events):
Event: 15.038 Thread 0x000001effb032ef0 flushing  nmethod 0x000001efe7e74090
Event: 15.038 Thread 0x000001effb032ef0 flushing  nmethod 0x000001efe7e74990
Event: 15.038 Thread 0x000001effb032ef0 flushing  nmethod 0x000001efe7e74e10
Event: 15.038 Thread 0x000001effb032ef0 flushing  nmethod 0x000001efe7e75e90
Event: 15.038 Thread 0x000001effb032ef0 flushing  nmethod 0x000001efe7e7dd90
Event: 15.038 Thread 0x000001effb032ef0 flushing  nmethod 0x000001efe7e83010
Event: 15.038 Thread 0x000001effb032ef0 flushing  nmethod 0x000001efe7e83590
Event: 15.038 Thread 0x000001effb032ef0 flushing  nmethod 0x000001efe7e85190
Event: 15.038 Thread 0x000001effb032ef0 flushing  nmethod 0x000001efe7e86d10
Event: 15.038 Thread 0x000001effb032ef0 flushing  nmethod 0x000001efe7f1ca10
Event: 15.038 Thread 0x000001effb032ef0 flushing  nmethod 0x000001efe7f7ab10
Event: 15.038 Thread 0x000001effb032ef0 flushing  nmethod 0x000001efe7f7ae10
Event: 15.038 Thread 0x000001effb032ef0 flushing  nmethod 0x000001efe8058d90
Event: 30.087 Thread 0x000001effb032ef0 flushing  nmethod 0x000001efef0ced90
Event: 30.087 Thread 0x000001effb032ef0 flushing  nmethod 0x000001efef0dc110
Event: 30.087 Thread 0x000001effb032ef0 flushing  nmethod 0x000001efef0e5b10
Event: 30.087 Thread 0x000001effb032ef0 flushing  nmethod 0x000001efef0ef590
Event: 30.087 Thread 0x000001effb032ef0 flushing  nmethod 0x000001efe7bc8990
Event: 30.087 Thread 0x000001effb032ef0 flushing  nmethod 0x000001efe7bcb990
Event: 30.087 Thread 0x000001effb032ef0 flushing  nmethod 0x000001efe8173910

Events (20 events):
Event: 5.598 Thread 0x000001efd096d980 Thread exited: 0x000001efd096d980
Event: 5.636 Thread 0x000001efd096cc60 Thread added: 0x000001efd096c5d0
Event: 5.638 Thread 0x000001efd096c5d0 Thread exited: 0x000001efd096c5d0
Event: 7.904 Thread 0x000001efd096cc60 Thread added: 0x000001efd096d980
Event: 7.906 Thread 0x000001efd096d980 Thread exited: 0x000001efd096d980
Event: 8.631 Thread 0x000001efd096cc60 Thread added: 0x000001efd096e010
Event: 8.864 Thread 0x000001efcd11a260 Thread added: 0x000001efcf9bec30
Event: 8.889 Thread 0x000001efd096e010 Thread added: 0x000001efd096e6a0
Event: 10.092 Thread 0x000001efd096d2f0 Thread exited: 0x000001efd096d2f0
Event: 10.218 Thread 0x000001efcd1153c0 Thread added: 0x000001efd5c46640
Event: 10.440 Thread 0x000001efd5c46640 Thread exited: 0x000001efd5c46640
Event: 10.488 Thread 0x000001efcf9bec30 Thread exited: 0x000001efcf9bec30
Event: 14.994 Thread 0x000001efd096cc60 Thread added: 0x000001efcd8771a0
Event: 18.946 Thread 0x000001efcd11a260 Thread added: 0x000001efcec11c00
Event: 19.626 Thread 0x000001efcec11c00 Thread exited: 0x000001efcec11c00
Event: 22.010 Thread 0x000001efd096cc60 Thread added: 0x000001efcd87b340
Event: 25.868 Thread 0x000001efd096cc60 Thread added: 0x000001efcd876480
Event: 26.393 Thread 0x000001efd096cc60 Thread added: 0x000001efcd874a40
Event: 27.025 Thread 0x000001efd096cc60 Thread added: 0x000001efcd8743b0
Event: 28.295 Thread 0x000001efd096cc60 Thread added: 0x000001efcd87b9d0


Dynamic libraries:
0x00007ff615360000 - 0x00007ff61536e000 	C:\Program Files\Eclipse Adoptium\jdk-21.0.5.11-hotspot\bin\java.exe
0x00007ffd78890000 - 0x00007ffd78a88000 	C:\WINDOWS\SYSTEM32\ntdll.dll
0x00007ffd77e60000 - 0x00007ffd77f22000 	C:\WINDOWS\System32\KERNEL32.DLL
0x00007ffd76450000 - 0x00007ffd7674f000 	C:\WINDOWS\System32\KERNELBASE.dll
0x00007ffd76100000 - 0x00007ffd76200000 	C:\WINDOWS\System32\ucrtbase.dll
0x00007ffd6ca10000 - 0x00007ffd6ca28000 	C:\Program Files\Eclipse Adoptium\jdk-21.0.5.11-hotspot\bin\jli.dll
0x00007ffd6c9d0000 - 0x00007ffd6c9ee000 	C:\Program Files\Eclipse Adoptium\jdk-21.0.5.11-hotspot\bin\VCRUNTIME140.dll
0x00007ffd786b0000 - 0x00007ffd7884d000 	C:\WINDOWS\System32\USER32.dll
0x00007ffd76880000 - 0x00007ffd768a2000 	C:\WINDOWS\System32\win32u.dll
0x00007ffd64580000 - 0x00007ffd6481a000 	C:\WINDOWS\WinSxS\amd64_microsoft.windows.common-controls_6595b64144ccf1df_6.0.19041.4355_none_60b8b9eb71f62e16\COMCTL32.dll
0x00007ffd768b0000 - 0x00007ffd768db000 	C:\WINDOWS\System32\GDI32.dll
0x00007ffd777d0000 - 0x00007ffd7786e000 	C:\WINDOWS\System32\msvcrt.dll
0x00007ffd76280000 - 0x00007ffd7639a000 	C:\WINDOWS\System32\gdi32full.dll
0x00007ffd76750000 - 0x00007ffd767ed000 	C:\WINDOWS\System32\msvcp_win.dll
0x00007ffd77b70000 - 0x00007ffd77b9f000 	C:\WINDOWS\System32\IMM32.DLL
0x00007ffd726a0000 - 0x00007ffd726ac000 	C:\Program Files\Eclipse Adoptium\jdk-21.0.5.11-hotspot\bin\vcruntime140_1.dll
0x00007ffd6b4d0000 - 0x00007ffd6b55d000 	C:\Program Files\Eclipse Adoptium\jdk-21.0.5.11-hotspot\bin\msvcp140.dll
0x00007ffce42c0000 - 0x00007ffce504f000 	C:\Program Files\Eclipse Adoptium\jdk-21.0.5.11-hotspot\bin\server\jvm.dll
0x00007ffd77950000 - 0x00007ffd779ff000 	C:\WINDOWS\System32\ADVAPI32.dll
0x00007ffd77db0000 - 0x00007ffd77e4f000 	C:\WINDOWS\System32\sechost.dll
0x00007ffd76bd0000 - 0x00007ffd76cf3000 	C:\WINDOWS\System32\RPCRT4.dll
0x00007ffd76250000 - 0x00007ffd76277000 	C:\WINDOWS\System32\bcrypt.dll
0x00007ffd77400000 - 0x00007ffd7746b000 	C:\WINDOWS\System32\WS2_32.dll
0x00007ffd75ac0000 - 0x00007ffd75b0b000 	C:\WINDOWS\SYSTEM32\POWRPROF.dll
0x00007ffd6b0c0000 - 0x00007ffd6b0e7000 	C:\WINDOWS\SYSTEM32\WINMM.dll
0x00007ffd72cf0000 - 0x00007ffd72cfa000 	C:\WINDOWS\SYSTEM32\VERSION.dll
0x00007ffd75a80000 - 0x00007ffd75a92000 	C:\WINDOWS\SYSTEM32\UMPDC.dll
0x00007ffd73cf0000 - 0x00007ffd73d02000 	C:\WINDOWS\SYSTEM32\kernel.appcore.dll
0x00007ffd70290000 - 0x00007ffd7029a000 	C:\Program Files\Eclipse Adoptium\jdk-21.0.5.11-hotspot\bin\jimage.dll
0x00007ffd68fc0000 - 0x00007ffd691a4000 	C:\WINDOWS\SYSTEM32\DBGHELP.DLL
0x00007ffd57380000 - 0x00007ffd573b4000 	C:\WINDOWS\SYSTEM32\dbgcore.DLL
0x00007ffd767f0000 - 0x00007ffd76872000 	C:\WINDOWS\System32\bcryptPrimitives.dll
0x00007ffd6c9b0000 - 0x00007ffd6c9cf000 	C:\Program Files\Eclipse Adoptium\jdk-21.0.5.11-hotspot\bin\java.dll
0x00007ffd77f40000 - 0x00007ffd786ad000 	C:\WINDOWS\System32\SHELL32.dll
0x00007ffd73fd0000 - 0x00007ffd74774000 	C:\WINDOWS\SYSTEM32\windows.storage.dll
0x00007ffd77470000 - 0x00007ffd777c5000 	C:\WINDOWS\System32\combase.dll
0x00007ffd75890000 - 0x00007ffd758bb000 	C:\WINDOWS\SYSTEM32\Wldp.dll
0x00007ffd77870000 - 0x00007ffd7793d000 	C:\WINDOWS\System32\OLEAUT32.dll
0x00007ffd77a00000 - 0x00007ffd77aad000 	C:\WINDOWS\System32\SHCORE.dll
0x00007ffd77ab0000 - 0x00007ffd77b05000 	C:\WINDOWS\System32\shlwapi.dll
0x00007ffd75e60000 - 0x00007ffd75e85000 	C:\WINDOWS\SYSTEM32\profapi.dll
0x00007ffd64d70000 - 0x00007ffd64e47000 	C:\Program Files\Eclipse Adoptium\jdk-21.0.5.11-hotspot\bin\jsvml.dll
0x00007ffd70270000 - 0x00007ffd70280000 	C:\Program Files\Eclipse Adoptium\jdk-21.0.5.11-hotspot\bin\net.dll
0x00007ffd6ed30000 - 0x00007ffd6ee3a000 	C:\WINDOWS\SYSTEM32\WINHTTP.dll
0x00007ffd755f0000 - 0x00007ffd7565c000 	C:\WINDOWS\system32\mswsock.dll
0x00007ffd6b4b0000 - 0x00007ffd6b4c6000 	C:\Program Files\Eclipse Adoptium\jdk-21.0.5.11-hotspot\bin\nio.dll
0x00007ffd6b490000 - 0x00007ffd6b4a8000 	C:\Program Files\Eclipse Adoptium\jdk-21.0.5.11-hotspot\bin\zip.dll
0x00007ffd69250000 - 0x00007ffd69274000 	C:\ProgramData\chocolatey\lib\maven\apache-maven-3.9.9\lib\jansi-native\Windows\x86_64\jansi.dll
0x00007ffd6caf0000 - 0x00007ffd6cb00000 	C:\Program Files\Eclipse Adoptium\jdk-21.0.5.11-hotspot\bin\verify.dll
0x00007ffd41e80000 - 0x00007ffd4200e000 	C:\Program Files\Eclipse Adoptium\jdk-21.0.5.11-hotspot\bin\awt.dll
0x00007ffd72bf0000 - 0x00007ffd72c84000 	C:\WINDOWS\SYSTEM32\apphelp.dll
0x00007ffd738e0000 - 0x00007ffd7397e000 	C:\WINDOWS\system32\uxtheme.dll
0x00007ffd77c30000 - 0x00007ffd77d45000 	C:\WINDOWS\System32\MSCTF.dll
0x00007ffd768e0000 - 0x00007ffd76a0b000 	C:\WINDOWS\System32\ole32.dll
0x00007ffd73cc0000 - 0x00007ffd73cef000 	C:\WINDOWS\system32\DWMAPI.DLL
0x00007ffd41d50000 - 0x00007ffd41e78000 	C:\WINDOWS\system32\opengl32.dll
0x00007ffd64d00000 - 0x00007ffd64d2c000 	C:\WINDOWS\SYSTEM32\GLU32.dll
0x00007ffd6e580000 - 0x00007ffd6e751000 	C:\WINDOWS\system32\d3d9.dll
0x00007ffd3c160000 - 0x00007ffd3c222000 	C:\WINDOWS\System32\DriverStore\FileRepository\nv_dispi.inf_amd64_9d15b9aa9e1c885b\nvldumdx.dll
0x00007ffd75aa0000 - 0x00007ffd75ab2000 	C:\WINDOWS\SYSTEM32\msasn1.dll
0x00007ffd6dde0000 - 0x00007ffd6de11000 	C:\WINDOWS\SYSTEM32\cryptnet.dll
0x00007ffd75fa0000 - 0x00007ffd760fc000 	C:\WINDOWS\System32\CRYPT32.dll
0x00007ffd75800000 - 0x00007ffd7580c000 	C:\WINDOWS\SYSTEM32\cryptbase.dll
0x00007ffd6d970000 - 0x00007ffd6dab7000 	C:\WINDOWS\SYSTEM32\drvstore.dll
0x00007ffd75cc0000 - 0x00007ffd75cf3000 	C:\WINDOWS\SYSTEM32\devobj.dll
0x00007ffd76200000 - 0x00007ffd7624e000 	C:\WINDOWS\System32\cfgmgr32.dll
0x00007ffd75f30000 - 0x00007ffd75f98000 	C:\WINDOWS\System32\wintrust.dll
0x00007ffd773e0000 - 0x00007ffd773fd000 	C:\WINDOWS\System32\imagehlp.dll
0x00007ffd757e0000 - 0x00007ffd757f8000 	C:\WINDOWS\SYSTEM32\CRYPTSP.dll
0x00007ffd74f10000 - 0x00007ffd74f48000 	C:\WINDOWS\system32\rsaenh.dll
0x00007ffca53e0000 - 0x00007ffca8b7a000 	C:\WINDOWS\System32\DriverStore\FileRepository\nv_dispi.inf_amd64_9d15b9aa9e1c885b\nvgpucomp64.dll
0x00007ffd22990000 - 0x00007ffd22a67000 	C:\WINDOWS\System32\DriverStore\FileRepository\nv_dispi.inf_amd64_9d15b9aa9e1c885b\NvMemMapStoragex.dll
0x00007ffce21f0000 - 0x00007ffce42b7000 	C:\WINDOWS\System32\DriverStore\FileRepository\nv_dispi.inf_amd64_9d15b9aa9e1c885b\nvd3dumx.dll
0x00007ffd6e870000 - 0x00007ffd6eb40000 	C:\WINDOWS\system32\nvspcap64.dll
0x00007ffd75160000 - 0x00007ffd75193000 	C:\WINDOWS\SYSTEM32\ntmarta.dll
0x00007ffd74790000 - 0x00007ffd747b3000 	C:\WINDOWS\SYSTEM32\gpapi.dll
0x00007ffd1a570000 - 0x00007ffd1a724000 	C:\WINDOWS\System32\DriverStore\FileRepository\nv_dispi.inf_amd64_9d15b9aa9e1c885b\nvppex.dll
0x00007ffd6b1d0000 - 0x00007ffd6b20b000 	C:\WINDOWS\SYSTEM32\dxcore.dll
0x00007ffd64c70000 - 0x00007ffd64cf7000 	C:\Program Files\Eclipse Adoptium\jdk-21.0.5.11-hotspot\bin\freetype.dll
0x00007ffd3ff40000 - 0x00007ffd4001b000 	C:\Program Files\Eclipse Adoptium\jdk-21.0.5.11-hotspot\bin\fontmanager.dll
0x00007ffd581e0000 - 0x00007ffd582d9000 	C:\WINDOWS\SYSTEM32\textinputframework.dll
0x00007ffd71e40000 - 0x00007ffd7219b000 	C:\WINDOWS\System32\CoreUIComponents.dll
0x00007ffd721e0000 - 0x00007ffd722d2000 	C:\WINDOWS\System32\CoreMessaging.dll
0x00007ffd730b0000 - 0x00007ffd73207000 	C:\WINDOWS\SYSTEM32\wintypes.dll
0x00007ffd644b0000 - 0x00007ffd64516000 	C:\WINDOWS\system32\Oleacc.dll
0x00007ffd5ff30000 - 0x00007ffd5ffe0000 	C:\WINDOWS\WinSxS\amd64_microsoft.windows.common-controls_6595b64144ccf1df_5.82.19041.4355_none_792ecafd2442822f\comctl32.dll
0x00007ffd76d00000 - 0x00007ffd76da9000 	C:\WINDOWS\System32\clbcatq.dll
0x00007ffd72d00000 - 0x00007ffd72df6000 	C:\WINDOWS\system32\propsys.dll
0x00007ffd58960000 - 0x00007ffd58977000 	C:\WINDOWS\system32\NetworkExplorer.dll
0x00007ffd736a0000 - 0x00007ffd73854000 	C:\WINDOWS\SYSTEM32\WindowsCodecs.dll
0x00007ffd528a0000 - 0x00007ffd52906000 	C:\Windows\System32\thumbcache.dll
0x00007ffd624a0000 - 0x00007ffd62691000 	C:\Windows\System32\urlmon.dll
0x00007ffd61c70000 - 0x00007ffd61f2f000 	C:\Windows\System32\iertutil.dll
0x00007ffd63a70000 - 0x00007ffd63a98000 	C:\Windows\System32\srvcli.dll
0x00007ffd753e0000 - 0x00007ffd753ec000 	C:\Windows\System32\netutils.dll
0x00007ffd75de0000 - 0x00007ffd75e12000 	C:\Windows\System32\SspiCli.dll
0x00007ffd626d0000 - 0x00007ffd626ed000 	C:\WINDOWS\SYSTEM32\MPR.dll
0x00007ffd4f5d0000 - 0x00007ffd4f5db000 	C:\WINDOWS\System32\drprov.dll
0x00007ffd75900000 - 0x00007ffd7595b000 	C:\WINDOWS\System32\WINSTA.dll
0x00007ffd4f270000 - 0x00007ffd4f28f000 	C:\WINDOWS\System32\ntlanman.dll
0x00007ffd4f090000 - 0x00007ffd4f0ae000 	C:\WINDOWS\System32\davclnt.dll
0x00007ffd4f080000 - 0x00007ffd4f08d000 	C:\WINDOWS\System32\DAVHLPR.dll
0x00007ffd75030000 - 0x00007ffd75049000 	C:\WINDOWS\System32\wkscli.dll
0x00007ffd51c30000 - 0x00007ffd51c42000 	C:\WINDOWS\SYSTEM32\cscapi.dll
0x00007ffd61b90000 - 0x00007ffd61be6000 	C:\Windows\System32\dlnashext.dll
0x00007ffd5fca0000 - 0x00007ffd5fd04000 	C:\Windows\System32\PlayToDevice.dll
0x00007ffd54710000 - 0x00007ffd54730000 	C:\Windows\System32\DevDispItemProvider.dll
0x00007ffd6f630000 - 0x00007ffd6f6b9000 	C:\WINDOWS\System32\MMDevApi.dll
0x00007ffd4edc0000 - 0x00007ffd4ee61000 	C:\WINDOWS\system32\wpdshext.dll
0x00007ffd64820000 - 0x00007ffd649c8000 	C:\WINDOWS\WinSxS\amd64_microsoft.windows.gdiplus_6595b64144ccf1df_1.1.19041.5369_none_91a453e0cc8824e6\gdiplus.dll
0x00007ffd725d0000 - 0x00007ffd72673000 	C:\Windows\System32\PortableDeviceApi.dll
0x00007ffd76f60000 - 0x00007ffd773d1000 	C:\WINDOWS\System32\SETUPAPI.dll
0x00007ffd61ab0000 - 0x00007ffd61ae7000 	C:\Windows\System32\EhStorShell.dll
0x00007ffd57fd0000 - 0x00007ffd57ff6000 	C:\Windows\System32\EhStorAPI.dll
0x00007ffd72cd0000 - 0x00007ffd72ce4000 	C:\Windows\System32\WTSAPI32.dll
0x00007ffd51be0000 - 0x00007ffd51bed000 	C:\WINDOWS\SYSTEM32\LINKINFO.dll
0x00007ffd60450000 - 0x00007ffd6045c000 	C:\WINDOWS\SYSTEM32\Secur32.dll
0x00007ffd52910000 - 0x00007ffd5294e000 	C:\WINDOWS\system32\dataexchange.dll
0x00007ffd718b0000 - 0x00007ffd71a94000 	C:\WINDOWS\system32\dcomp.dll
0x00007ffd71060000 - 0x00007ffd712c3000 	C:\WINDOWS\system32\d3d11.dll
0x00007ffd747c0000 - 0x00007ffd748b6000 	C:\WINDOWS\system32\dxgi.dll
0x00007ffd6e110000 - 0x00007ffd6e313000 	C:\WINDOWS\system32\twinapi.appcore.dll
0x00007ffd60880000 - 0x00007ffd60978000 	C:\Windows\System32\MrmCoreR.dll
0x00007ffd61850000 - 0x00007ffd61861000 	C:\WINDOWS\SYSTEM32\windows.staterepositorycore.dll
0x000001efd5120000 - 0x000001efd5124000 	C:\Users\ethan\.javacpp\cache\javacpp-1.5.9-windows-x86_64.jar\org\bytedeco\javacpp\windows-x86_64\api-ms-win-crt-locale-l1-1-0.dll
0x000001efd5130000 - 0x000001efd5135000 	C:\Users\ethan\.javacpp\cache\javacpp-1.5.9-windows-x86_64.jar\org\bytedeco\javacpp\windows-x86_64\api-ms-win-crt-string-l1-1-0.dll
0x000001efd5140000 - 0x000001efd5145000 	C:\Users\ethan\.javacpp\cache\javacpp-1.5.9-windows-x86_64.jar\org\bytedeco\javacpp\windows-x86_64\api-ms-win-crt-stdio-l1-1-0.dll
0x000001efd5150000 - 0x000001efd5156000 	C:\Users\ethan\.javacpp\cache\javacpp-1.5.9-windows-x86_64.jar\org\bytedeco\javacpp\windows-x86_64\api-ms-win-crt-math-l1-1-0.dll

dbghelp: loaded successfully - version: 4.0.5 - missing functions: none
symbol engine: initialized successfully - sym options: 0x614 - pdb path: .;C:\Program Files\Eclipse Adoptium\jdk-21.0.5.11-hotspot\bin;C:\WINDOWS\SYSTEM32;C:\WINDOWS\WinSxS\amd64_microsoft.windows.common-controls_6595b64144ccf1df_6.0.19041.4355_none_60b8b9eb71f62e16;C:\Program Files\Eclipse Adoptium\jdk-21.0.5.11-hotspot\bin\server;C:\ProgramData\chocolatey\lib\maven\apache-maven-3.9.9\lib\jansi-native\Windows\x86_64;C:\WINDOWS\System32\DriverStore\FileRepository\nv_dispi.inf_amd64_9d15b9aa9e1c885b;C:\WINDOWS\WinSxS\amd64_microsoft.windows.common-controls_6595b64144ccf1df_5.82.19041.4355_none_792ecafd2442822f;C:\WINDOWS\WinSxS\amd64_microsoft.windows.gdiplus_6595b64144ccf1df_1.1.19041.5369_none_91a453e0cc8824e6;C:\Users\ethan\.javacpp\cache\javacpp-1.5.9-windows-x86_64.jar\org\bytedeco\javacpp\windows-x86_64;C:\Users\ethan\.javacpp\cache\ffmpeg-6.0-1.5.9-windows-x86_64.jar\org\bytedeco\ffmpeg\windows-x86_64;C:\Users\ethan\.javacpp\cache\openblas-0.3.23-1.5.9-windows-x86_64.jar\org\bytedeco\openblas\windows-x86_64;C:\Users\ethan\.javacpp\cache\opencv-4.9.0-1.5.10-windows-x86_64.jar\org\bytedeco\opencv\windows-x86_64

VM Arguments:
jvm_args: -Dclassworlds.conf=C:\ProgramData\chocolatey\lib\maven\apache-maven-3.9.9\bin\m2.conf -Dmaven.home=C:\ProgramData\chocolatey\lib\maven\apache-maven-3.9.9 -Dlibrary.jansi.path=C:\ProgramData\chocolatey\lib\maven\apache-maven-3.9.9\lib\jansi-native -Dmaven.multiModuleProjectDirectory=A:\Kinoui\SMU\COURSE WORK\year 2 sem 2\OOP\proj\OOPs 
java_command: org.codehaus.plexus.classworlds.launcher.Launcher exec:java -Dexec.mainClass=com.main.MainApplication
java_class_path (initial): C:\ProgramData\chocolatey\lib\maven\apache-maven-3.9.9\boot\plexus-classworlds-2.8.0.jar
Launcher Type: SUN_STANDARD

[Global flags]
     intx CICompilerCount                          = 4                                         {product} {ergonomic}
     uint ConcGCThreads                            = 3                                         {product} {ergonomic}
     uint G1ConcRefinementThreads                  = 10                                        {product} {ergonomic}
   size_t G1HeapRegionSize                         = 4194304                                   {product} {ergonomic}
    uintx GCDrainStackTargetSize                   = 64                                        {product} {ergonomic}
   size_t InitialHeapSize                          = 536870912                                 {product} {ergonomic}
   size_t MarkStackSize                            = 4194304                                   {product} {ergonomic}
   size_t MaxHeapSize                              = 8577351680                                {product} {ergonomic}
   size_t MaxNewSize                               = 5146411008                                {product} {ergonomic}
   size_t MinHeapDeltaBytes                        = 4194304                                   {product} {ergonomic}
   size_t MinHeapSize                              = 8388608                                   {product} {ergonomic}
    uintx NonNMethodCodeHeapSize                   = 5839372                                {pd product} {ergonomic}
    uintx NonProfiledCodeHeapSize                  = 122909434                              {pd product} {ergonomic}
    uintx ProfiledCodeHeapSize                     = 122909434                              {pd product} {ergonomic}
    uintx ReservedCodeCacheSize                    = 251658240                              {pd product} {ergonomic}
     bool SegmentedCodeCache                       = true                                      {product} {ergonomic}
   size_t SoftMaxHeapSize                          = 8577351680                             {manageable} {ergonomic}
     bool UseCompressedOops                        = true                           {product lp64_product} {ergonomic}
     bool UseG1GC                                  = true                                      {product} {ergonomic}
     bool UseLargePagesIndividualAllocation        = false                                  {pd product} {ergonomic}

Logging:
Log output configuration:
 #0: stdout all=warning uptime,level,tags foldmultilines=false
 #1: stderr all=off uptime,level,tags foldmultilines=false

Environment Variables:
JAVA_HOME=C:\Program Files\Eclipse Adoptium\jdk-21.0.5.11-hotspot
PATH=C:\Program Files\Eclipse Adoptium\jdk-21.0.5.11-hotspot\bin;C:\Users\ethan\AppData\Local\Programs\Eclipse Adoptium\jdk-21.0.6.7-hotspot\bin;C:\Program Files (x86)\Common Files\Oracle\Java\javapath;C:\Windows\system32;C:\Windows;C:\Windows\System32\Wbem;C:\Windows\System32\WindowsPowerShell\v1.0\;C:\Windows\System32\OpenSSH\;C:\Program Files (x86)\NVIDIA Corporation\PhysX\Common;C:\Program Files\NVIDIA Corporation\NVIDIA NvDLISR;C:\Program Files\Calibre2\;C:\WINDOWS\system32;C:\WINDOWS;C:\WINDOWS\System32\Wbem;C:\WINDOWS\System32\WindowsPowerShell\v1.0\;C:\WINDOWS\System32\OpenSSH\;C:\Program Files\dotnet\;A:\Kinoui\servers\remoteit\resources\x64;A:\Kinoui\[a]ss\app\remoteit\resources\x64;A:\Kinoui\[a]ss\app\remoteit\resources\x64;C:\Users\ethan\AppData\Roaming\nvm;C:\Program Files\nodejs;C:\ProgramData\chocolatey\bin;C:\ProgramData\chocolatey\lib\maven\apache-maven-3.9.9\bin;C:\Program Files\Eclipse Adoptium\jdk-21.0.5.11-hotspot\bin;C:\Program Files (x86)\Common Files\Oracle\Java\javapath;C:\Windows\system32;C:\Windows;C:\Windows\System32\Wbem;C:\Windows\System32\WindowsPowerShell\v1.0\;C:\Windows\System32\OpenSSH\;C:\Program Files (x86)\NVIDIA Corporation\PhysX\Common;C:\Program Files\NVIDIA Corporation\NVIDIA NvDLISR;C:\Program Files\Calibre2\;C:\WINDOWS\system32;C:\WINDOWS;C:\WINDOWS\System32\Wbem;C:\WINDOWS\System32\WindowsPowerShell\v1.0\;C:\WINDOWS\System32\OpenSSH\;C:\Program Files\dotnet\;A:\Kinoui\servers\remoteit\resources\x64;A:\Kinoui\[a]ss\app\remoteit\resources\x64;A:\Kinoui\[a]ss\app\remoteit\resources\x64;C:\Users\ethan\AppData\Roaming\nvm;C:\Program Files\nodejs;C:\ProgramData\chocolatey\bin;C:\ProgramData\chocolatey\lib\maven\apache-maven-3.9.9\bin;C:\Users\ethan\AppData\Local\Programs\Eclipse Adoptium\jdk-21.0.6.7-hotspot\bin;C:\Users\ethan\AppData\Local\Microsoft\WindowsApps;G:\Coding\Coding software\Microsoft VS Code\bin;C:\Users\ethan\AppData\Local\GitHubDesktop\bin;C:\Users\ethan\AppData\;C:\Program Files\Eclipse Adoptium\jre-17.0.13.11-hotspot;C:\Program Files\Eclipse Adoptium\jdk-21.0.5.11-hotspot;
USERNAME=ethan
OS=Windows_NT
PROCESSOR_IDENTIFIER=AMD64 Family 23 Model 8 Stepping 2, AuthenticAMD
TMP=C:\Users\ethan\AppData\Local\Temp
TEMP=C:\Users\ethan\AppData\Local\Temp




Periodic native trim disabled

---------------  S Y S T E M  ---------------

OS:
 Windows 10 , 64 bit Build 19041 (10.0.19041.5438)
OS uptime: 2 days 8:49 hours

CPU: total 12 (initial active 12) (12 cores per cpu, 2 threads per core) family 23 model 8 stepping 2 microcode 0x0, cx8, cmov, fxsr, ht, mmx, 3dnowpref, sse, sse2, sse3, ssse3, sse4a, sse4.1, sse4.2, popcnt, lzcnt, tsc, tscinvbit, avx, avx2, aes, clmul, bmi1, bmi2, adx, sha, fma, vzeroupper, clflush, clflushopt, rdtscp, f16c
Processor Information for all 12 processors :
  Max Mhz: 3400, Current Mhz: 3400, Mhz Limit: 3400

Memory: 4k page, system-wide physical 32719M (16278M free)
TotalPageFile size 37583M (AvailPageFile size 6635M)
current process WorkingSet (physical memory assigned to process): 320M, peak: 627M
current process commit charge ("private bytes"): 3299M, peak: 3536M

vm_info: OpenJDK 64-Bit Server VM (21.0.5+11-LTS) for windows-amd64 JRE (21.0.5+11-LTS), built on 2024-10-15T00:00:00Z by "admin" with MS VC++ 17.7 (VS2022)

END.
