#
# A fatal error has been detected by the Java Runtime Environment:
#
#  EXCEPTION_ACCESS_VIOLATION (0xc0000005) at pc=0x00007ffccbf18615, pid=24560, tid=10788
#
# JRE version: OpenJDK Runtime Environment Temurin-21.0.5+11 (21.0.5+11) (build 21.0.5+11-LTS)
# Java VM: OpenJDK 64-Bit Server VM Temurin-21.0.5+11 (21.0.5+11-LTS, mixed mode, sharing, tiered, compressed oops, compressed class ptrs, g1 gc, windows-amd64)
# Problematic frame:
# C  0x00007ffccbf18615
#
# No core dump will be written. Minidumps are not enabled by default on client versions of Windows
#
# If you would like to submit a bug report, please visit:
#   https://github.com/adoptium/adoptium-support/issues
# The crash happened outside the Java Virtual Machine in native code.
# See problematic frame for where to report the bug.
#

---------------  S U M M A R Y ------------

Command Line: -Dclassworlds.conf=C:\ProgramData\chocolatey\lib\maven\apache-maven-3.9.9\bin\m2.conf -Dmaven.home=C:\ProgramData\chocolatey\lib\maven\apache-maven-3.9.9 -Dlibrary.jansi.path=C:\ProgramData\chocolatey\lib\maven\apache-maven-3.9.9\lib\jansi-native -Dmaven.multiModuleProjectDirectory=A:\Kinoui\SMU\COURSE WORK\year 2 sem 2\OOP\proj\OOPs org.codehaus.plexus.classworlds.launcher.Launcher exec:java -Dexec.mainClass=com.main.MainApplication

Host: AMD Ryzen 5 2600 Six-Core Processor            , 12 cores, 31G,  Windows 10 , 64 bit Build 19041 (10.0.19041.5438)
Time: Mon Mar 24 05:07:23 2025 Malay Peninsula Standard Time elapsed time: 20.319448 seconds (0d 0h 0m 20s)

---------------  T H R E A D  ---------------

Current thread (0x000001e2a66a3b30):  JavaThread "SwingWorker-pool-2-thread-7" daemon [_thread_in_native, id=10788, stack(0x0000004dd7000000,0x0000004dd7100000) (1024K)]

Stack: [0x0000004dd7000000,0x0000004dd7100000],  sp=0x0000004dd70fded0,  free space=1015k
Native frames: (J=compiled Java code, j=interpreted, Vv=VM code, C=native code)
C  0x00007ffccbf18615

Java frames: (J=compiled Java code, j=interpreted, Vv=VM code)
j  org.bytedeco.opencv.global.opencv_imgproc.grabCut(Lorg/bytedeco/opencv/opencv_core/Mat;Lorg/bytedeco/opencv/opencv_core/Mat;Lorg/bytedeco/opencv/opencv_core/Rect;Lorg/bytedeco/opencv/opencv_core/Mat;Lorg/bytedeco/opencv/opencv_core/Mat;II)V+0
j  com.editor.BackgroundRemover.refineSegmentation(Ljava/util/List;Ljava/util/List;I)Lorg/bytedeco/javacv/Frame;+82
j  com.ui.handlers.ForegroundRefinementHandler$3.doInBackground()Lorg/bytedeco/javacv/Frame;+19
j  com.ui.handlers.ForegroundRefinementHandler$3.doInBackground()Ljava/lang/Object;+1
j  javax.swing.SwingWorker$1.call()Ljava/lang/Object;+14 java.desktop@21.0.5
J 5721 c1 java.util.concurrent.FutureTask.run()V java.base@21.0.5 (123 bytes) @ 0x000001e24291b32c [0x000001e24291abe0+0x000000000000074c]
j  javax.swing.SwingWorker.run()V+4 java.desktop@21.0.5
j  java.util.concurrent.ThreadPoolExecutor.runWorker(Ljava/util/concurrent/ThreadPoolExecutor$Worker;)V+92 java.base@21.0.5
j  java.util.concurrent.ThreadPoolExecutor$Worker.run()V+5 java.base@21.0.5
j  java.lang.Thread.runWith(Ljava/lang/Object;Ljava/lang/Runnable;)V+5 java.base@21.0.5
j  java.lang.Thread.run()V+19 java.base@21.0.5
v  ~StubRoutines::call_stub 0x000001e2492f100d

siginfo: EXCEPTION_ACCESS_VIOLATION (0xc0000005), reading address 0x0000000000011a15


Registers:
RAX=0x0000000000000000, RBX=0x0000004dd70fe130, RCX=0x0000000000011a15, RDX=0x000001e2a575ba10
RSP=0x0000004dd70fded0, RBP=0x0000004dd70fe0d0, RSI=0x0000000000000215, RDI=0x0000000000011a15
R8 =0x0000000000000014, R9 =0x000000000000003b, R10=0x0000000000000072, R11=0x0000004dd70fdec0
R12=0x0000000000011a16, R13=0x0000000000000046, R14=0x0000000000000215, R15=0x0000000000000046
RIP=0x00007ffccbf18615, EFLAGS=0x0000000000010202


Register to memory mapping:

RAX=0x0 is null
RBX=0x0000004dd70fe130 is pointing into the stack for thread: 0x000001e2a66a3b30
RCX=0x0000000000011a15 is an unknown value
RDX=0x000001e2a575ba10 points into unknown readable memory: 0x0000000242ff4000 | 00 40 ff 42 02 00 00 00
RSP=0x0000004dd70fded0 is pointing into the stack for thread: 0x000001e2a66a3b30
RBP=0x0000004dd70fe0d0 is pointing into the stack for thread: 0x000001e2a66a3b30
RSI=0x0000000000000215 is an unknown value
RDI=0x0000000000011a15 is an unknown value
R8 =0x0000000000000014 is an unknown value
R9 =0x000000000000003b is an unknown value
R10=0x0000000000000072 is an unknown value
R11=0x0000004dd70fdec0 is pointing into the stack for thread: 0x000001e2a66a3b30
R12=0x0000000000011a16 is an unknown value
R13=0x0000000000000046 is an unknown value
R14=0x0000000000000215 is an unknown value
R15=0x0000000000000046 is an unknown value

Top of Stack: (sp=0x0000004dd70fded0)
0x0000004dd70fded0:   0000004dd70fe130 0000004dd70fe0d0
0x0000004dd70fdee0:   0000000000000214 0000004dd70fe130
0x0000004dd70fdef0:   404172df9722e830 0000000000000000
0x0000004dd70fdf00:   000001e2a575ba10 0000004dd70fe770
0x0000004dd70fdf10:   0000004dd70fe370 0000000000000000
0x0000004dd70fdf20:   0000000000000000 0000000000000000
0x0000004dd70fdf30:   0000000000000000 0000000000000000
0x0000004dd70fdf40:   000007e4e92e5dda 00007ffccbf18d46
0x0000004dd70fdf50:   0000000000000000 0000000000000000
0x0000004dd70fdf60:   0000000000000000 0000000000000000
0x0000004dd70fdf70:   0000000000000000 0000000000000000
0x0000004dd70fdf80:   0000000000000000 0000000000000000
0x0000004dd70fdf90:   0000000000000000 0000000000000000
0x0000004dd70fdfa0:   0000000000000000 0000000000000000
0x0000004dd70fdfb0:   407c200000000000 0000000000000000
0x0000004dd70fdfc0:   000001e2a575ba10 0000000000000249
0x0000004dd70fdfd0:   0000000000000001 0000000000000004
0x0000004dd70fdfe0:   0000000000000005 0000000000000249
0x0000004dd70fdff0:   0000004dd70fe100 00007ffccbf19593
0x0000004dd70fe000:   00000000000003ff 0000000000000000
0x0000004dd70fe010:   0000004dd70fe100 0000000000000249
0x0000004dd70fe020:   407c200000000000 0000004dd70fe310
0x0000004dd70fe030:   0000004dd70fe2b0 0000004dd70fe250
0x0000004dd70fe040:   0000004dd70fe1f0 0000004dd70fe130
0x0000004dd70fe050:   0000024900000005 4049800000000000
0x0000004dd70fe060:   4044800000000000 4062600000000000
0x0000004dd70fe070:   0000000000000000 0000000000000000
0x0000004dd70fe080:   4048000000000000 4039000000000000
0x0000004dd70fe090:   4037000000000000 0000000000000000
0x0000004dd70fe0a0:   0000000000000000 0000000000000000
0x0000004dd70fe0b0:   0000000000000000 0000000000000000
0x0000004dd70fe0c0:   0000000000000000 0000000000000000 

Instructions: (pc=0x00007ffccbf18615)
0x00007ffccbf18515:   48 8b 41 10 48 2b 01 48 c1 f8 04 48 3b d0 76 05
0x00007ffccbf18525:   e8 46 e3 ff ff 48 c7 43 30 00 00 00 00 45 33 ff
0x00007ffccbf18535:   44 39 7d 08 0f 8e 06 03 00 00 f2 44 0f 10 9c 24
0x00007ffccbf18545:   50 01 00 00 f2 44 0f 10 25 ae 53 39 00 45 0f 57
0x00007ffccbf18555:   d2 66 66 0f 1f 84 00 00 00 00 00 33 f6 39 75 0c
0x00007ffccbf18565:   0f 8e cd 02 00 00 4d 63 ef 66 90 0f 57 c0 33 c0
0x00007ffccbf18575:   0f 11 44 24 48 0f 11 44 24 58 48 89 44 24 68 48
0x00007ffccbf18585:   8b 53 08 48 3b 53 10 74 19 0f 11 02 0f 11 42 10
0x00007ffccbf18595:   f2 0f 10 44 24 68 f2 0f 11 42 20 48 83 43 08 28
0x00007ffccbf185a5:   eb 0d 4c 8d 44 24 48 48 8b cb e8 dc c4 ff ff 48
0x00007ffccbf185b5:   8b 4b 08 48 2b 0b 49 8b c6 48 f7 e9 4c 8b e2 49
0x00007ffccbf185c5:   c1 fc 04 49 8b c4 48 c1 e8 3f 4c 03 e0 41 8d 7c
0x00007ffccbf185d5:   24 ff 4c 63 f6 48 8b 45 48 49 8b cd 48 0f af 08
0x00007ffccbf185e5:   4b 8d 04 76 48 03 c8 48 03 4d 10 44 0f b6 01 44
0x00007ffccbf185f5:   0f b6 49 01 44 0f b6 51 02 48 8b 54 24 30 48 8b
0x00007ffccbf18605:   42 48 49 8b cd 48 0f af 08 49 03 ce 48 8b 42 10
0x00007ffccbf18615:   0f b6 14 01 8d 42 fe 3c 01 76 1b 84 d2 75 0d 45
0x00007ffccbf18625:   0f 28 ca 41 0f 28 cb e9 83 00 00 00 45 0f 28 cb
0x00007ffccbf18635:   41 0f 28 ca eb 79 66 45 0f 6e c0 f3 45 0f e6 c0
0x00007ffccbf18645:   f2 44 0f 11 44 24 48 66 41 0f 6e f9 f3 0f e6 ff
0x00007ffccbf18655:   f2 0f 11 7c 24 50 66 41 0f 6e f2 f3 0f e6 f6 f2
0x00007ffccbf18665:   0f 11 74 24 58 48 8d 54 24 48 48 8b 4c 24 38 e8
0x00007ffccbf18675:   47 da ff ff e8 56 46 30 00 44 0f 28 c8 45 0f 57
0x00007ffccbf18685:   cc f2 44 0f 11 44 24 48 f2 0f 11 7c 24 50 f2 0f
0x00007ffccbf18695:   11 74 24 58 48 8d 54 24 48 48 8b 4c 24 40 e8 18
0x00007ffccbf186a5:   da ff ff e8 27 46 30 00 0f 28 c8 41 0f 57 cc 85
0x00007ffccbf186b5:   ff 0f 88 d4 01 00 00 4c 8b 03 48 8b 4b 08 49 2b
0x00007ffccbf186c5:   c8 48 b8 67 66 66 66 66 66 66 66 48 f7 e9 48 c1
0x00007ffccbf186d5:   fa 04 48 8b c2 48 c1 e8 3f 48 03 d0 3b fa 0f 8d
0x00007ffccbf186e5:   a7 01 00 00 49 63 c4 48 8d 0c 80 f2 41 0f 10 44
0x00007ffccbf186f5:   c8 f0 66 41 0f 2f c2 76 07 f2 44 0f 58 c8 eb 04
0x00007ffccbf18705:   f2 0f 5c c8 41 0f 28 c1 f2 0f 5d c1 f2 0f 58 43 


Stack slot to memory mapping:

stack at sp + 0 slots: 0x0000004dd70fe130 is pointing into the stack for thread: 0x000001e2a66a3b30
stack at sp + 1 slots: 0x0000004dd70fe0d0 is pointing into the stack for thread: 0x000001e2a66a3b30
stack at sp + 2 slots: 0x0000000000000214 is an unknown value
stack at sp + 3 slots: 0x0000004dd70fe130 is pointing into the stack for thread: 0x000001e2a66a3b30
stack at sp + 4 slots: 0x404172df9722e830 is an unknown value
stack at sp + 5 slots: 0x0 is null
stack at sp + 6 slots: 0x000001e2a575ba10 points into unknown readable memory: 0x0000000242ff4000 | 00 40 ff 42 02 00 00 00
stack at sp + 7 slots: 0x0000004dd70fe770 is pointing into the stack for thread: 0x000001e2a66a3b30


Compiled method (c1) 20399 5721   !   3       java.util.concurrent.FutureTask::run (123 bytes)
 total in heap  [0x000001e24291a610,0x000001e24291ee00] = 18416
 relocation     [0x000001e24291a770,0x000001e24291abd8] = 1128
 main code      [0x000001e24291abe0,0x000001e24291ded0] = 13040
 stub code      [0x000001e24291ded0,0x000001e24291df80] = 176
 oops           [0x000001e24291df80,0x000001e24291dfd0] = 80
 metadata       [0x000001e24291dfd0,0x000001e24291e050] = 128
 scopes data    [0x000001e24291e050,0x000001e24291e6a0] = 1616
 scopes pcs     [0x000001e24291e6a0,0x000001e24291ebb0] = 1296
 dependencies   [0x000001e24291ebb0,0x000001e24291ebb8] = 8
 handler table  [0x000001e24291ebb8,0x000001e24291ede0] = 552
 nul chk table  [0x000001e24291ede0,0x000001e24291ee00] = 32

[Constant Pool (empty)]

[MachCode]
[Entry Point]
  # {method} {0x000001e2a17e9f18} 'run' '()V' in 'java/util/concurrent/FutureTask'
  #           [sp+0x160]  (sp of caller)
  0x000001e24291abe0: 448b 5208 | 49bb 0000 | 005f e201 | 0000 4d03 | d34c 3bd0 

  0x000001e24291abf4: ;   {runtime_call ic_miss_stub}
  0x000001e24291abf4: 0f85 863b | a206 660f | 1f44 0000 
[Verified Entry Point]
  0x000001e24291ac00: 8984 2400 | 80ff ff55 | 4881 ec50 | 0100 0090 | 4181 7f20 | 0900 0000 

  0x000001e24291ac18: ;   {runtime_call StubRoutines (final stubs)}
  0x000001e24291ac18: 7405 e841 | a1a0 0648 | 8994 24e8 

  0x000001e24291ac24: ;   {metadata(method data for {method} {0x000001e2a17e9f18} 'run' '()V' in 'java/util/concurrent/FutureTask')}
  0x000001e24291ac24: 0000 0048 | b868 5873 | a1e2 0100 | 008b b0cc | 0000 0083 | c602 89b0 | cc00 0000 | 81e6 fe07 
  0x000001e24291ac44: 0000 85f6 | 0f84 5b2b | 0000 8b42 

  0x000001e24291ac50: ;   {metadata(method data for {method} {0x000001e2a17e9f18} 'run' '()V' in 'java/util/concurrent/FutureTask')}
  0x000001e24291ac50: 0c85 c048 | b868 5873 | a1e2 0100 | 0048 c7c6 | 1001 0000 | 7507 48c7 | c620 0100 | 0048 8b3c 
  0x000001e24291ac70: 3048 8d7f | 0148 893c | 300f 85d9 

  0x000001e24291ac7c: ;   {metadata(method data for {method} {0x000001e2a17e9f18} 'run' '()V' in 'java/util/concurrent/FutureTask')}
  0x000001e24291ac7c: 2000 0048 | b868 5873 | a1e2 0100 | 0048 8380 | 3001 0000 | 0149 8b87 | 8003 0000 

  0x000001e24291ac98: ;   {metadata(method data for {method} {0x000001e2a17e9f18} 'run' '()V' in 'java/util/concurrent/FutureTask')}
  0x000001e24291ac98: 488b 1848 | b868 5873 | a1e2 0100 | 0048 8d80 | 7801 0000 

  0x000001e24291acac: ;   {metadata('java/util/concurrent/FutureTask')}
  0x000001e24291acac: 48be d866 | 3260 e201 | 0000 4833 | 7008 48f7 | c6fc ffff | ff74 0448 

  0x000001e24291acc4: ;   {metadata(method data for {method} {0x000001e25f1560e8} 'guard_LLL_Z' '(Ljava/lang/invoke/VarHandle;Ljava/lang/Object;Ljava/lang/Object;Ljava/lang/Object;Ljava/lang/invoke/VarHandle$AccessDescriptor;)Z' in 'java/lang/invoke/VarHandleGuards')}
  0x000001e24291acc4: 8970 0848 | b8d0 6072 | a1e2 0100 | 0048 8d80 | e003 0000 

  0x000001e24291acd8: ;   {oop(a 'java/lang/invoke/VarHandleReferences$FieldInstanceReadWrite'{0x0000000600f710a8})}
  0x000001e24291acd8: 48be a810 | f700 0600 | 0000 4885 | f675 0af6 | 0001 7505 | f048 8308 

  0x000001e24291acf0: ;   {metadata(method data for {method} {0x000001e2a17e9f18} 'run' '()V' in 'java/util/concurrent/FutureTask')}
  0x000001e24291acf0: 0148 b868 | 5873 a1e2 | 0100 0048 | 8380 4001 

  0x000001e24291ad00: ;   {metadata(method data for {method} {0x000001e25f1560e8} 'guard_LLL_Z' '(Ljava/lang/invoke/VarHandle;Ljava/lang/Object;Ljava/lang/Object;Ljava/lang/Object;Ljava/lang/invoke/VarHandle$AccessDescriptor;)Z' in 'java/lang/invoke/VarHandleGuards')}
  0x000001e24291ad00: 0000 0148 | b8d0 6072 | a1e2 0100 | 008b b8cc | 0000 0083 | c702 89b8 | cc00 0000 | 81e7 feff 
  0x000001e24291ad20: 1f00 85ff | 0f84 a02a 

  0x000001e24291ad28: ;   {metadata(method data for {method} {0x000001e25f1560e8} 'guard_LLL_Z' '(Ljava/lang/invoke/VarHandle;Ljava/lang/Object;Ljava/lang/Object;Ljava/lang/Object;Ljava/lang/invoke/VarHandle$AccessDescriptor;)Z' in 'java/lang/invoke/VarHandleGuards')}
  0x000001e24291ad28: 0000 48b8 | d060 72a1 | e201 0000 | 488d 8048 

  0x000001e24291ad38: ;   {oop(a 'java/lang/invoke/VarHandle$AccessDescriptor'{0x0000000600f70f90})}
  0x000001e24291ad38: 0100 0048 | bf90 0ff7 | 0006 0000 | 0048 85ff | 750c f640 | 0801 7506 | f048 8348 

  0x000001e24291ad54: ;   {metadata(method data for {method} {0x000001e25f1560e8} 'guard_LLL_Z' '(Ljava/lang/invoke/VarHandle;Ljava/lang/Object;Ljava/lang/Object;Ljava/lang/Object;Ljava/lang/invoke/VarHandle$AccessDescriptor;)Z' in 'java/lang/invoke/VarHandleGuards')}
  0x000001e24291ad54: 0801 48b8 | d060 72a1 | e201 0000 | 8b76 0849 | ba00 0000 | 5fe2 0100 | 0049 03f2 | 483b b020 
  0x000001e24291ad74: 0100 0075 | 0d48 8380 | 2801 0000 | 01e9 6000 | 0000 483b | b030 0100 | 0075 0d48 | 8380 3801 
  0x000001e24291ad94: 0000 01e9 | 4a00 0000 | 4883 b820 | 0100 0000 | 7517 4889 | b020 0100 | 0048 c780 | 2801 0000 
  0x000001e24291adb4: 0100 0000 | e929 0000 | 0048 83b8 | 3001 0000 | 0075 1748 | 89b0 3001 | 0000 48c7 | 8038 0100 
  0x000001e24291add4: 0001 0000 | 00e9 0800 | 0000 4883 | 8010 0100 

  0x000001e24291ade4: ;   {metadata(method data for {method} {0x000001e25f0936b8} 'checkAccessModeThenIsDirect' '(Ljava/lang/invoke/VarHandle$AccessDescriptor;)Z' in 'java/lang/invoke/VarHandle')}
  0x000001e24291ade4: 0001 48b8 | a005 14a0 | e201 0000 | 8bb0 cc00 | 0000 83c6 | 0289 b0cc | 0000 0081 | e6fe ff1f 
  0x000001e24291ae04: 0085 f60f | 84de 2900 

  0x000001e24291ae0c: ;   {metadata(method data for {method} {0x000001e25f0936b8} 'checkAccessModeThenIsDirect' '(Ljava/lang/invoke/VarHandle$AccessDescriptor;)Z' in 'java/lang/invoke/VarHandle')}
  0x000001e24291ae0c: 0048 b8a0 | 0514 a0e2 | 0100 00ff | 8010 0100 

  0x000001e24291ae1c: ;   {metadata(method data for {method} {0x000001e25f1560e8} 'guard_LLL_Z' '(Ljava/lang/invoke/VarHandle;Ljava/lang/Object;Ljava/lang/Object;Ljava/lang/Object;Ljava/lang/invoke/VarHandle$AccessDescriptor;)Z' in 'java/lang/invoke/VarHandleGuards')}
  0x000001e24291ae1c: 0048 b8d0 | 6072 a1e2 | 0100 00ff | 8070 0100 

  0x000001e24291ae2c: ;   {metadata(method data for {method} {0x000001e25f1560e8} 'guard_LLL_Z' '(Ljava/lang/invoke/VarHandle;Ljava/lang/Object;Ljava/lang/Object;Ljava/lang/Object;Ljava/lang/invoke/VarHandle$AccessDescriptor;)Z' in 'java/lang/invoke/VarHandleGuards')}
  0x000001e24291ae2c: 0048 b8d0 | 6072 a1e2 | 0100 00ff | 8090 0100 

  0x000001e24291ae3c: ;   {oop(a 'java/lang/invoke/VarForm'{0x00000006011c7648})}
  0x000001e24291ae3c: 0048 b848 | 761c 0106 

  0x000001e24291ae44: ;   {metadata(method data for {method} {0x000001e25f1560e8} 'guard_LLL_Z' '(Ljava/lang/invoke/VarHandle;Ljava/lang/Object;Ljava/lang/Object;Ljava/lang/Object;Ljava/lang/invoke/VarHandle$AccessDescriptor;)Z' in 'java/lang/invoke/VarHandleGuards')}
  0x000001e24291ae44: 0000 0048 | bed0 6072 | a1e2 0100 | 0048 8386 | a001 0000 

  0x000001e24291ae58: ;   {metadata(method data for {method} {0x000001e25f1542f0} 'getMemberName' '(I)Ljava/lang/invoke/MemberName;' in 'java/lang/invoke/VarForm')}
  0x000001e24291ae58: 0148 b8a8 | 0714 a0e2 | 0100 008b | b0cc 0000 | 0083 c602 | 89b0 cc00 | 0000 81e6 | feff 1f00 
  0x000001e24291ae78: 85f6 0f84 | 8c29 0000 

  0x000001e24291ae80: ;   {metadata(method data for {method} {0x000001e25f1542f0} 'getMemberName' '(I)Ljava/lang/invoke/MemberName;' in 'java/lang/invoke/VarForm')}
  0x000001e24291ae80: 48b8 a807 | 14a0 e201 | 0000 ff80 | 1001 0000 

  0x000001e24291ae90: ;   {metadata(method data for {method} {0x000001e25f1560e8} 'guard_LLL_Z' '(Ljava/lang/invoke/VarHandle;Ljava/lang/Object;Ljava/lang/Object;Ljava/lang/Object;Ljava/lang/invoke/VarHandle$AccessDescriptor;)Z' in 'java/lang/invoke/VarHandleGuards')}
  0x000001e24291ae90: 48b8 d060 | 72a1 e201 | 0000 488d | 80d8 0100 

  0x000001e24291aea0: ;   {oop(a 'java/lang/invoke/MemberName'{0x0000000600f78248} = {method} {0x000001e25f254370} 'compareAndSet' '(Ljava/lang/invoke/VarHandle;Ljava/lang/Object;Ljava/lang/Object;Ljava/lang/Object;)Z' in 'java/lang/invoke/VarHandleReferences$FieldInstanceReadWrite')}
  0x000001e24291aea0: 0048 be48 | 82f7 0006 | 0000 0048 | 85f6 750a | f600 0175 | 05f0 4883 

  0x000001e24291aeb8: ;   {metadata(method data for {method} {0x000001e25f1560e8} 'guard_LLL_Z' '(Ljava/lang/invoke/VarHandle;Ljava/lang/Object;Ljava/lang/Object;Ljava/lang/Object;Ljava/lang/invoke/VarHandle$AccessDescriptor;)Z' in 'java/lang/invoke/VarHandleGuards')}
  0x000001e24291aeb8: 0801 48b8 | d060 72a1 | e201 0000 | 488d 80f8 

  0x000001e24291aec8: ;   {oop(a 'java/lang/invoke/VarHandleReferences$FieldInstanceReadWrite'{0x0000000600f710a8})}
  0x000001e24291aec8: 0100 0048 | bea8 10f7 | 0006 0000 | 0048 85f6 | 750c f640 | 0801 7506 | f048 8348 

  0x000001e24291aee4: ;   {metadata(method data for {method} {0x000001e25f1560e8} 'guard_LLL_Z' '(Ljava/lang/invoke/VarHandle;Ljava/lang/Object;Ljava/lang/Object;Ljava/lang/Object;Ljava/lang/invoke/VarHandle$AccessDescriptor;)Z' in 'java/lang/invoke/VarHandleGuards')}
  0x000001e24291aee4: 0801 48b8 | d060 72a1 | e201 0000 | 4883 80e8 | 0100 0001 

  0x000001e24291aef8: ;   {metadata(method data for {method} {0x000001e25f254370} 'compareAndSet' '(Ljava/lang/invoke/VarHandle;Ljava/lang/Object;Ljava/lang/Object;Ljava/lang/Object;)Z' in 'java/lang/invoke/VarHandleReferences$FieldInstanceReadWrite')}
  0x000001e24291aef8: 48b8 505c | 73a1 e201 | 0000 8bb0 | cc00 0000 | 83c6 0289 | b0cc 0000 | 0081 e6fe | ff1f 0085 
  0x000001e24291af18: f60f 840e 

  0x000001e24291af1c: ;   {oop(a 'java/lang/Class'{0x0000000600f6ef10} = 'java/util/concurrent/FutureTask')}
  0x000001e24291af1c: 2900 0048 | b810 eff6 | 0006 0000 

  0x000001e24291af28: ;   {metadata(method data for {method} {0x000001e25f254370} 'compareAndSet' '(Ljava/lang/invoke/VarHandle;Ljava/lang/Object;Ljava/lang/Object;Ljava/lang/Object;)Z' in 'java/lang/invoke/VarHandleReferences$FieldInstanceReadWrite')}
  0x000001e24291af28: 0048 be50 | 5c73 a1e2 | 0100 0048 | 8386 4801 

  0x000001e24291af38: ;   {metadata(method data for {method} {0x000001e25f465068} 'cast' '(Ljava/lang/Object;)Ljava/lang/Object;' in 'java/lang/Class')}
  0x000001e24291af38: 0000 0148 | b8a0 581b | a0e2 0100 | 008b b0cc | 0000 0083 | c602 89b0 | cc00 0000 | 81e6 feff 
  0x000001e24291af58: 1f00 85f6 | 0f84 ec28 

  0x000001e24291af60: ;   {metadata(method data for {method} {0x000001e25f465068} 'cast' '(Ljava/lang/Object;)Ljava/lang/Object;' in 'java/lang/Class')}
  0x000001e24291af60: 0000 48b8 | a058 1ba0 | e201 0000 | ff80 2001 

  0x000001e24291af70: ;   {oop(a 'java/lang/Class'{0x0000000600f6ef10} = 'java/util/concurrent/FutureTask')}
  0x000001e24291af70: 0000 48b8 | 10ef f600 | 0600 0000 

  0x000001e24291af7c: ;   {metadata(method data for {method} {0x000001e25f465068} 'cast' '(Ljava/lang/Object;)Ljava/lang/Object;' in 'java/lang/Class')}
  0x000001e24291af7c: 48be a058 | 1ba0 e201 | 0000 4883 | 8630 0100 | 0001 4885 | d20f 8429 

  0x000001e24291af94: ;   {metadata('java/util/concurrent/FutureTask')}
  0x000001e24291af94: 0000 0048 | b9d8 6632 | 60e2 0100 | 008b 7a08 | 49ba 0000 | 005f e201 | 0000 4903 | fa48 3b4f 
  0x000001e24291afb4: 380f 8505 | 0000 00e9 | 0500 0000 | 4833 c0eb | 0748 c7c0 | 0100 0000 

  0x000001e24291afcc: ;   {metadata(method data for {method} {0x000001e25f465068} 'cast' '(Ljava/lang/Object;)Ljava/lang/Object;' in 'java/lang/Class')}
  0x000001e24291afcc: 85c0 48b8 | a058 1ba0 | e201 0000 | 48c7 c678 | 0100 0074 | 0748 c7c6 | 6801 0000 | 488b 3c30 
  0x000001e24291afec: 488d 7f01 | 4889 3c30 | 0f84 cf26 

  0x000001e24291aff8: ;   {metadata(method data for {method} {0x000001e25f254370} 'compareAndSet' '(Ljava/lang/invoke/VarHandle;Ljava/lang/Object;Ljava/lang/Object;Ljava/lang/Object;)Z' in 'java/lang/invoke/VarHandleReferences$FieldInstanceReadWrite')}
  0x000001e24291aff8: 0000 48b8 | 505c 73a1 | e201 0000 | 4883 8080 | 0100 0001 

  0x000001e24291b00c: ;   {metadata(method data for {method} {0x000001e25f056488} 'requireNonNull' '(Ljava/lang/Object;)Ljava/lang/Object;' in 'java/util/Objects')}
  0x000001e24291b00c: 48b8 18f3 | 00a0 e201 | 0000 8bb0 | cc00 0000 | 83c6 0289 | b0cc 0000 | 0081 e6fe | ff1f 0085 
  0x000001e24291b02c: f60f 843c 

  0x000001e24291b030: ;   {metadata(method data for {method} {0x000001e25f056488} 'requireNonNull' '(Ljava/lang/Object;)Ljava/lang/Object;' in 'java/util/Objects')}
  0x000001e24291b030: 2800 0048 | b818 f300 | a0e2 0100 | 00ff 8010 

  0x000001e24291b040: ;   {oop(a 'java/lang/Class'{0x00000006010000f0} = 'java/lang/Thread')}
  0x000001e24291b040: 0100 0048 | b8f0 0000 | 0106 0000 

  0x000001e24291b04c: ;   {metadata(method data for {method} {0x000001e25f254370} 'compareAndSet' '(Ljava/lang/invoke/VarHandle;Ljava/lang/Object;Ljava/lang/Object;Ljava/lang/Object;)Z' in 'java/lang/invoke/VarHandleReferences$FieldInstanceReadWrite')}
  0x000001e24291b04c: 0048 be50 | 5c73 a1e2 | 0100 0048 | 8386 9001 

  0x000001e24291b05c: ;   {metadata(method data for {method} {0x000001e25f465068} 'cast' '(Ljava/lang/Object;)Ljava/lang/Object;' in 'java/lang/Class')}
  0x000001e24291b05c: 0000 0148 | b8a0 581b | a0e2 0100 | 008b b0cc | 0000 0083 | c602 89b0 | cc00 0000 | 81e6 feff 
  0x000001e24291b07c: 1f00 85f6 | 0f84 0a28 

  0x000001e24291b084: ;   {metadata(method data for {method} {0x000001e25f465068} 'cast' '(Ljava/lang/Object;)Ljava/lang/Object;' in 'java/lang/Class')}
  0x000001e24291b084: 0000 48b8 | a058 1ba0 | e201 0000 | ff80 1001 

  0x000001e24291b094: ;   {oop(a 'java/lang/Class'{0x00000006010000f0} = 'java/lang/Thread')}
  0x000001e24291b094: 0000 48b8 | f000 0001 | 0600 0000 

  0x000001e24291b0a0: ;   {metadata(method data for {method} {0x000001e25f254370} 'compareAndSet' '(Ljava/lang/invoke/VarHandle;Ljava/lang/Object;Ljava/lang/Object;Ljava/lang/Object;)Z' in 'java/lang/invoke/VarHandleReferences$FieldInstanceReadWrite')}
  0x000001e24291b0a0: 48be 505c | 73a1 e201 | 0000 4883 | 86c8 0100 

  0x000001e24291b0b0: ;   {metadata(method data for {method} {0x000001e25f465068} 'cast' '(Ljava/lang/Object;)Ljava/lang/Object;' in 'java/lang/Class')}
  0x000001e24291b0b0: 0001 48b8 | a058 1ba0 | e201 0000 | 8bb0 cc00 | 0000 83c6 | 0289 b0cc | 0000 0081 | e6fe ff1f 
  0x000001e24291b0d0: 0085 f60f | 84d8 2700 | 0048 85db 

  0x000001e24291b0dc: ;   {metadata(method data for {method} {0x000001e25f465068} 'cast' '(Ljava/lang/Object;)Ljava/lang/Object;' in 'java/lang/Class')}
  0x000001e24291b0dc: 48b8 a058 | 1ba0 e201 | 0000 48c7 | c610 0100 | 0074 0748 | c7c6 2001 | 0000 488b | 3c30 488d 
  0x000001e24291b0fc: 7f01 4889 | 3c30 0f84 | 8800 0000 

  0x000001e24291b108: ;   {oop(a 'java/lang/Class'{0x00000006010000f0} = 'java/lang/Thread')}
  0x000001e24291b108: 48b8 f000 | 0001 0600 

  0x000001e24291b110: ;   {metadata(method data for {method} {0x000001e25f465068} 'cast' '(Ljava/lang/Object;)Ljava/lang/Object;' in 'java/lang/Class')}
  0x000001e24291b110: 0000 48be | a058 1ba0 | e201 0000 | 4883 8630 | 0100 0001 | 4885 db0f | 8429 0000 

  0x000001e24291b12c: ;   {metadata('java/lang/Thread')}
  0x000001e24291b12c: 0048 b998 | 6e01 5fe2 | 0100 008b | 7b08 49ba | 0000 005f | e201 0000 | 4903 fa48 | 3b4f 380f 
  0x000001e24291b14c: 8505 0000 | 00e9 0500 | 0000 4833 | c0eb 0748 | c7c0 0100 | 0000 85c0 

  0x000001e24291b164: ;   {metadata(method data for {method} {0x000001e25f465068} 'cast' '(Ljava/lang/Object;)Ljava/lang/Object;' in 'java/lang/Class')}
  0x000001e24291b164: 48b8 a058 | 1ba0 e201 | 0000 48c7 | c678 0100 | 0074 0748 | c7c6 6801 | 0000 488b | 3c30 488d 
  0x000001e24291b184: 7f01 4889 | 3c30 0f84 | 5f24 0000 | 48c7 c018 | 0000 0048 | 8d34 0241 | 0fbe 4740 | 85c0 0f85 
  0x000001e24291b1a4: 2a27 0000 

  0x000001e24291b1a8: ;   {oop(nullptr)}
  0x000001e24291b1a8: 48b8 0000 | 0000 0000 | 0000 48c1 | e803 4c8b | d349 c1ea | 03f0 440f | b116 bf01 | 0000 0074 
  0x000001e24291b1c8: 05bf 0000 | 0000 488b | c648 33c3 | 48c1 e816 | 4883 f800 | 0f85 0e27 | 0000 83e7 | 0183 e701 
  0x000001e24291b1e8: ;   {metadata(method data for {method} {0x000001e2a17e9f18} 'run' '()V' in 'java/util/concurrent/FutureTask')}
  0x000001e24291b1e8: 85ff 48be | 6858 73a1 | e201 0000 | 48c7 c7b0 | 0100 0074 | 0748 c7c7 | a001 0000 | 488b 1c3e 
  0x000001e24291b208: 488d 5b01 | 4889 1c3e | 0f84 421b | 0000 8b72 | 1048 c1e6 | 0348 85f6 

  0x000001e24291b220: ;   {metadata(method data for {method} {0x000001e2a17e9f18} 'run' '()V' in 'java/util/concurrent/FutureTask')}
  0x000001e24291b220: 48bf 6858 | 73a1 e201 | 0000 48c7 | c3c0 0100 | 0074 0748 | c7c3 d001 | 0000 488b | 041f 488d 
  0x000001e24291b240: 4001 4889 | 041f 0f84 | 4816 0000 | 8b7a 0c85 

  0x000001e24291b250: ;   {metadata(method data for {method} {0x000001e2a17e9f18} 'run' '()V' in 'java/util/concurrent/FutureTask')}
  0x000001e24291b250: ff48 bf68 | 5873 a1e2 | 0100 0048 | c7c3 e001 | 0000 7507 | 48c7 c3f0 | 0100 0048 | 8b04 1f48 
  0x000001e24291b270: 8d40 0148 | 8904 1f0f | 8517 1600 | 0048 3b06 

  0x000001e24291b280: ;   {metadata(method data for {method} {0x000001e2a17e9f18} 'run' '()V' in 'java/util/concurrent/FutureTask')}
  0x000001e24291b280: 488b fe48 | bb68 5873 | a1e2 0100 | 008b 7f08 | 49ba 0000 | 005f e201 | 0000 4903 | fa48 3bbb 
  0x000001e24291b2a0: 1002 0000 | 750d 4883 | 8318 0200 | 0001 e960 | 0000 0048 | 3bbb 2002 | 0000 750d | 4883 8328 
  0x000001e24291b2c0: 0200 0001 | e94a 0000 | 0048 83bb | 1002 0000 | 0075 1748 | 89bb 1002 | 0000 48c7 | 8318 0200 
  0x000001e24291b2e0: 0001 0000 | 00e9 2900 | 0000 4883 | bb20 0200 | 0000 7517 | 4889 bb20 | 0200 0048 | c783 2802 
  0x000001e24291b300: 0000 0100 | 0000 e908 | 0000 0048 | 8383 0002 | 0000 0148 | 8bd6 0f1f | 8000 0000 | 0048 b8b0 
  0x000001e24291b320: e44e a4e2 

  0x000001e24291b324: ;   {virtual_call}
  0x000001e24291b324: 0100 00e8 

  0x000001e24291b328: ; ImmutableOopMap {[232]=Oop }
                      ;*invokeinterface call {reexecute=0 rethrow=0 return_oop=0}
                      ; - java.util.concurrent.FutureTask::run@39 (line 317)
  0x000001e24291b328: 6445 af06 

  0x000001e24291b32c: ;   {other}
  0x000001e24291b32c: 0f1f 8400 | 1c0d 0000 

  0x000001e24291b334: ;   {metadata(method data for {method} {0x000001e2a17e9f18} 'run' '()V' in 'java/util/concurrent/FutureTask')}
  0x000001e24291b334: 49b8 6858 | 73a1 e201 | 0000 41ff | 8038 0200 | 00be 0100 | 0000 e99c | 0a00 0048 | 8b94 24e8 
  0x000001e24291b354: 0000 0049 | 8b87 f804 | 0000 4d33 | d24d 8997 | f804 0000 | 4d33 d24d | 8997 0005 | 0000 4c8b 
  0x000001e24291b374: ;   {metadata(method data for {method} {0x000001e2a17e9f18} 'run' '()V' in 'java/util/concurrent/FutureTask')}
  0x000001e24291b374: c249 b968 | 5873 a1e2 

  0x000001e24291b37c: ;   {metadata('java/util/concurrent/FutureTask')}
  0x000001e24291b37c: 0100 0049 | bad8 6632 | 60e2 0100 | 004d 8991 | 6002 0000 | 4983 8168 | 0200 0001 

  0x000001e24291b398: ;   {metadata(method data for {method} {0x000001e2a17e9d50} 'setException' '(Ljava/lang/Throwable;)V' in 'java/util/concurrent/FutureTask')}
  0x000001e24291b398: 49b8 e05e | 73a1 e201 | 0000 458b | 88cc 0000 | 0041 83c1 | 0245 8988 | cc00 0000 | 4181 e1fe 
  0x000001e24291b3b8: ff1f 0045 | 85c9 0f84 | 4925 0000 

  0x000001e24291b3c4: ;   {metadata(method data for {method} {0x000001e2a17e9d50} 'setException' '(Ljava/lang/Throwable;)V' in 'java/util/concurrent/FutureTask')}
  0x000001e24291b3c4: 49b8 e05e | 73a1 e201 | 0000 4d8d | 8048 0100 

  0x000001e24291b3d4: ;   {metadata('java/util/concurrent/FutureTask')}
  0x000001e24291b3d4: 0049 b9d8 | 6632 60e2 | 0100 004d | 3348 0849 | f7c1 fcff | ffff 7404 | 4d89 4808 

  0x000001e24291b3f0: ;   {metadata(method data for {method} {0x000001e25f1562a0} 'guard_LII_Z' '(Ljava/lang/invoke/VarHandle;Ljava/lang/Object;IILjava/lang/invoke/VarHandle$AccessDescriptor;)Z' in 'java/lang/invoke/VarHandleGuards')}
  0x000001e24291b3f0: 49b8 c07a | 72a1 e201 | 0000 4d8d | 80e0 0300 

  0x000001e24291b400: ;   {oop(a 'java/lang/invoke/VarHandleInts$FieldInstanceReadWrite'{0x0000000600f710d8})}
  0x000001e24291b400: 0049 b9d8 | 10f7 0006 | 0000 004d | 85c9 750b | 41f6 0001 | 7505 f049 

  0x000001e24291b418: ;   {metadata(method data for {method} {0x000001e2a17e9d50} 'setException' '(Ljava/lang/Throwable;)V' in 'java/util/concurrent/FutureTask')}
  0x000001e24291b418: 8308 0149 | b8e0 5e73 | a1e2 0100 | 0049 8380 | 1001 0000 

  0x000001e24291b42c: ;   {metadata(method data for {method} {0x000001e25f1562a0} 'guard_LII_Z' '(Ljava/lang/invoke/VarHandle;Ljava/lang/Object;IILjava/lang/invoke/VarHandle$AccessDescriptor;)Z' in 'java/lang/invoke/VarHandleGuards')}
  0x000001e24291b42c: 0149 b8c0 | 7a72 a1e2 | 0100 0041 | 8bb8 cc00 | 0000 83c7 | 0241 89b8 | cc00 0000 | 81e7 feff 
  0x000001e24291b44c: 1f00 85ff | 0f84 d824 

  0x000001e24291b454: ;   {metadata(method data for {method} {0x000001e25f1562a0} 'guard_LII_Z' '(Ljava/lang/invoke/VarHandle;Ljava/lang/Object;IILjava/lang/invoke/VarHandle$AccessDescriptor;)Z' in 'java/lang/invoke/VarHandleGuards')}
  0x000001e24291b454: 0000 49b8 | c07a 72a1 | e201 0000 | 4d8d 8048 

  0x000001e24291b464: ;   {oop(a 'java/lang/invoke/VarHandle$AccessDescriptor'{0x0000000600f70e20})}
  0x000001e24291b464: 0100 0048 | bf20 0ef7 | 0006 0000 | 0048 85ff | 750d 41f6 | 4008 0175 | 06f0 4983 

  0x000001e24291b480: ;   {metadata(method data for {method} {0x000001e25f1562a0} 'guard_LII_Z' '(Ljava/lang/invoke/VarHandle;Ljava/lang/Object;IILjava/lang/invoke/VarHandle$AccessDescriptor;)Z' in 'java/lang/invoke/VarHandleGuards')}
  0x000001e24291b480: 4808 0149 | b8c0 7a72 | a1e2 0100 | 0045 8b49 | 0849 ba00 | 0000 5fe2 | 0100 004d | 03ca 4d3b 
  0x000001e24291b4a0: 8820 0100 | 0075 0d49 | 8380 2801 | 0000 01e9 | 6000 0000 | 4d3b 8830 | 0100 0075 | 0d49 8380 
  0x000001e24291b4c0: 3801 0000 | 01e9 4a00 | 0000 4983 | b820 0100 | 0000 7517 | 4d89 8820 | 0100 0049 | c780 2801 
  0x000001e24291b4e0: 0000 0100 | 0000 e929 | 0000 0049 | 83b8 3001 | 0000 0075 | 174d 8988 | 3001 0000 | 49c7 8038 
  0x000001e24291b500: 0100 0001 | 0000 00e9 | 0800 0000 | 4983 8010 | 0100 0001 

  0x000001e24291b514: ;   {metadata(method data for {method} {0x000001e25f0936b8} 'checkAccessModeThenIsDirect' '(Ljava/lang/invoke/VarHandle$AccessDescriptor;)Z' in 'java/lang/invoke/VarHandle')}
  0x000001e24291b514: 49b8 a005 | 14a0 e201 | 0000 458b | 88cc 0000 | 0041 83c1 | 0245 8988 | cc00 0000 | 4181 e1fe 
  0x000001e24291b534: ff1f 0045 | 85c9 0f84 | 0f24 0000 

  0x000001e24291b540: ;   {metadata(method data for {method} {0x000001e25f0936b8} 'checkAccessModeThenIsDirect' '(Ljava/lang/invoke/VarHandle$AccessDescriptor;)Z' in 'java/lang/invoke/VarHandle')}
  0x000001e24291b540: 49b8 a005 | 14a0 e201 | 0000 41ff | 8010 0100 

  0x000001e24291b550: ;   {metadata(method data for {method} {0x000001e25f1562a0} 'guard_LII_Z' '(Ljava/lang/invoke/VarHandle;Ljava/lang/Object;IILjava/lang/invoke/VarHandle$AccessDescriptor;)Z' in 'java/lang/invoke/VarHandleGuards')}
  0x000001e24291b550: 0049 b8c0 | 7a72 a1e2 | 0100 0041 | ff80 7001 

  0x000001e24291b560: ;   {metadata(method data for {method} {0x000001e25f1562a0} 'guard_LII_Z' '(Ljava/lang/invoke/VarHandle;Ljava/lang/Object;IILjava/lang/invoke/VarHandle$AccessDescriptor;)Z' in 'java/lang/invoke/VarHandleGuards')}
  0x000001e24291b560: 0000 49b8 | c07a 72a1 | e201 0000 | 41ff 8090 

  0x000001e24291b570: ;   {oop(a 'java/lang/invoke/VarForm'{0x00000006011c7668})}
  0x000001e24291b570: 0100 0049 | b868 761c | 0106 0000 

  0x000001e24291b57c: ;   {metadata(method data for {method} {0x000001e25f1562a0} 'guard_LII_Z' '(Ljava/lang/invoke/VarHandle;Ljava/lang/Object;IILjava/lang/invoke/VarHandle$AccessDescriptor;)Z' in 'java/lang/invoke/VarHandleGuards')}
  0x000001e24291b57c: 0049 b9c0 | 7a72 a1e2 | 0100 0049 | 8381 a001 

  0x000001e24291b58c: ;   {metadata(method data for {method} {0x000001e25f1542f0} 'getMemberName' '(I)Ljava/lang/invoke/MemberName;' in 'java/lang/invoke/VarForm')}
  0x000001e24291b58c: 0000 0149 | b8a8 0714 | a0e2 0100 | 0045 8b88 | cc00 0000 | 4183 c102 | 4589 88cc | 0000 0041 
  0x000001e24291b5ac: 81e1 feff | 1f00 4585 | c90f 84b5 

  0x000001e24291b5b8: ;   {metadata(method data for {method} {0x000001e25f1542f0} 'getMemberName' '(I)Ljava/lang/invoke/MemberName;' in 'java/lang/invoke/VarForm')}
  0x000001e24291b5b8: 2300 0049 | b8a8 0714 | a0e2 0100 | 0041 ff80 | 1001 0000 

  0x000001e24291b5cc: ;   {metadata(method data for {method} {0x000001e25f1562a0} 'guard_LII_Z' '(Ljava/lang/invoke/VarHandle;Ljava/lang/Object;IILjava/lang/invoke/VarHandle$AccessDescriptor;)Z' in 'java/lang/invoke/VarHandleGuards')}
  0x000001e24291b5cc: 49b8 c07a | 72a1 e201 | 0000 4d8d | 80d8 0100 

  0x000001e24291b5dc: ;   {oop(a 'java/lang/invoke/MemberName'{0x0000000600f782d8} = {method} {0x000001e2a02d3290} 'compareAndSet' '(Ljava/lang/invoke/VarHandle;Ljava/lang/Object;II)Z' in 'java/lang/invoke/VarHandleInts$FieldInstanceReadWrite')}
  0x000001e24291b5dc: 0049 b9d8 | 82f7 0006 | 0000 004d | 85c9 750b | 41f6 0001 | 7505 f049 

  0x000001e24291b5f4: ;   {metadata(method data for {method} {0x000001e25f1562a0} 'guard_LII_Z' '(Ljava/lang/invoke/VarHandle;Ljava/lang/Object;IILjava/lang/invoke/VarHandle$AccessDescriptor;)Z' in 'java/lang/invoke/VarHandleGuards')}
  0x000001e24291b5f4: 8308 0149 | b8c0 7a72 | a1e2 0100 | 004d 8d80 | f801 0000 

  0x000001e24291b608: ;   {oop(a 'java/lang/invoke/VarHandleInts$FieldInstanceReadWrite'{0x0000000600f710d8})}
  0x000001e24291b608: 49b9 d810 | f700 0600 | 0000 4d85 | c975 0d41 | f640 0801 | 7506 f049 | 8348 0801 

  0x000001e24291b624: ;   {metadata(method data for {method} {0x000001e25f1562a0} 'guard_LII_Z' '(Ljava/lang/invoke/VarHandle;Ljava/lang/Object;IILjava/lang/invoke/VarHandle$AccessDescriptor;)Z' in 'java/lang/invoke/VarHandleGuards')}
  0x000001e24291b624: 49b8 c07a | 72a1 e201 | 0000 4983 | 80e8 0100 

  0x000001e24291b634: ;   {metadata(method data for {method} {0x000001e2a02d3290} 'compareAndSet' '(Ljava/lang/invoke/VarHandle;Ljava/lang/Object;II)Z' in 'java/lang/invoke/VarHandleInts$FieldInstanceReadWrite')}
  0x000001e24291b634: 0001 49b8 | e088 72a1 | e201 0000 | 458b 88cc | 0000 0041 | 83c1 0245 | 8988 cc00 | 0000 4181 
  0x000001e24291b654: e1fe ff1f | 0045 85c9 | 0f84 2f23 

  0x000001e24291b660: ;   {oop(a 'java/lang/Class'{0x0000000600f6ef10} = 'java/util/concurrent/FutureTask')}
  0x000001e24291b660: 0000 49b8 | 10ef f600 | 0600 0000 

  0x000001e24291b66c: ;   {metadata(method data for {method} {0x000001e2a02d3290} 'compareAndSet' '(Ljava/lang/invoke/VarHandle;Ljava/lang/Object;II)Z' in 'java/lang/invoke/VarHandleInts$FieldInstanceReadWrite')}
  0x000001e24291b66c: 49b9 e088 | 72a1 e201 | 0000 4983 | 8148 0100 

  0x000001e24291b67c: ;   {metadata(method data for {method} {0x000001e25f465068} 'cast' '(Ljava/lang/Object;)Ljava/lang/Object;' in 'java/lang/Class')}
  0x000001e24291b67c: 0001 49b8 | a058 1ba0 | e201 0000 | 458b 88cc | 0000 0041 | 83c1 0245 | 8988 cc00 | 0000 4181 
  0x000001e24291b69c: e1fe ff1f | 0045 85c9 | 0f84 0823 

  0x000001e24291b6a8: ;   {metadata(method data for {method} {0x000001e25f465068} 'cast' '(Ljava/lang/Object;)Ljava/lang/Object;' in 'java/lang/Class')}
  0x000001e24291b6a8: 0000 49b8 | a058 1ba0 | e201 0000 | 41ff 8020 

  0x000001e24291b6b8: ;   {oop(a 'java/lang/Class'{0x0000000600f6ef10} = 'java/util/concurrent/FutureTask')}
  0x000001e24291b6b8: 0100 0049 | b810 eff6 | 0006 0000 

  0x000001e24291b6c4: ;   {metadata(method data for {method} {0x000001e25f465068} 'cast' '(Ljava/lang/Object;)Ljava/lang/Object;' in 'java/lang/Class')}
  0x000001e24291b6c4: 0049 b9a0 | 581b a0e2 | 0100 0049 | 8381 3001 | 0000 0148 | 85d2 0f84 | 2900 0000 

  0x000001e24291b6e0: ;   {metadata('java/util/concurrent/FutureTask')}
  0x000001e24291b6e0: 48be d866 | 3260 e201 | 0000 8b7a | 0849 ba00 | 0000 5fe2 | 0100 0049 | 03fa 483b | 7738 0f85 
  0x000001e24291b700: 0500 0000 | e905 0000 | 004d 33c0 | eb07 49c7 | c001 0000 | 0045 85c0 

  0x000001e24291b718: ;   {metadata(method data for {method} {0x000001e25f465068} 'cast' '(Ljava/lang/Object;)Ljava/lang/Object;' in 'java/lang/Class')}
  0x000001e24291b718: 49b8 a058 | 1ba0 e201 | 0000 49c7 | c178 0100 | 0074 0749 | c7c1 6801 | 0000 4b8b | 3c08 488d 
  0x000001e24291b738: 7f01 4b89 | 3c08 0f84 | e818 0000 

  0x000001e24291b744: ;   {metadata(method data for {method} {0x000001e2a02d3290} 'compareAndSet' '(Ljava/lang/invoke/VarHandle;Ljava/lang/Object;II)Z' in 'java/lang/invoke/VarHandleInts$FieldInstanceReadWrite')}
  0x000001e24291b744: 49b8 e088 | 72a1 e201 | 0000 4983 | 8080 0100 

  0x000001e24291b754: ;   {metadata(method data for {method} {0x000001e25f056488} 'requireNonNull' '(Ljava/lang/Object;)Ljava/lang/Object;' in 'java/util/Objects')}
  0x000001e24291b754: 0001 49b8 | 18f3 00a0 | e201 0000 | 458b 88cc | 0000 0041 | 83c1 0245 | 8988 cc00 | 0000 4181 
  0x000001e24291b774: e1fe ff1f | 0045 85c9 | 0f84 5122 

  0x000001e24291b780: ;   {metadata(method data for {method} {0x000001e25f056488} 'requireNonNull' '(Ljava/lang/Object;)Ljava/lang/Object;' in 'java/util/Objects')}
  0x000001e24291b780: 0000 49b8 | 18f3 00a0 | e201 0000 | 41ff 8010 | 0100 0049 | c7c0 0c00 | 0000 4e8d | 0402 488b 
  0x000001e24291b7a0: d8b8 0000 | 0000 41b9 | 0100 0000 | f045 0fb1 | 0841 b801 | 0000 0074 | 0641 b800 | 0000 0041 
  0x000001e24291b7c0: 83e0 0141 | 83e0 0145 

  0x000001e24291b7c8: ;   {metadata(method data for {method} {0x000001e2a17e9d50} 'setException' '(Ljava/lang/Throwable;)V' in 'java/util/concurrent/FutureTask')}
  0x000001e24291b7c8: 85c0 49b8 | e05e 73a1 | e201 0000 | 49c7 c160 | 0100 0074 | 0749 c7c1 | 7001 0000 | 4b8b 3c08 
  0x000001e24291b7e8: 488d 7f01 | 4b89 3c08 | 0f84 e605 | 0000 450f | be47 4045 | 85c0 0f85 | f021 0000 | 4c8b d349 
  0x000001e24291b808: c1ea 0344 | 8952 144c | 8bc2 4c33 | c349 c1e8 | 1649 83f8 | 000f 85f1 

  0x000001e24291b820: ;   {metadata(method data for {method} {0x000001e2a17e9d50} 'setException' '(Ljava/lang/Throwable;)V' in 'java/util/concurrent/FutureTask')}
  0x000001e24291b820: 2100 0049 | b8e0 5e73 | a1e2 0100 | 004d 8d80 | b801 0000 

  0x000001e24291b834: ;   {metadata('java/util/concurrent/FutureTask')}
  0x000001e24291b834: 49b9 d866 | 3260 e201 | 0000 4d33 | 4808 49f7 | c1fc ffff | ff74 044d 

  0x000001e24291b84c: ;   {metadata(method data for {method} {0x000001e25f156248} 'guard_LI_V' '(Ljava/lang/invoke/VarHandle;Ljava/lang/Object;ILjava/lang/invoke/VarHandle$AccessDescriptor;)V' in 'java/lang/invoke/VarHandleGuards')}
  0x000001e24291b84c: 8948 0849 | b830 6173 | a1e2 0100 | 004d 8d80 | 1805 0000 

  0x000001e24291b860: ;   {oop(a 'java/lang/invoke/VarHandleInts$FieldInstanceReadWrite'{0x0000000600f710d8})}
  0x000001e24291b860: 49b9 d810 | f700 0600 | 0000 4d85 | c975 0d41 | f600 0175 | 47f0 4983 | 0801 eb40 

  0x000001e24291b87c: ;   {metadata('java/lang/invoke/VarHandleInts$FieldInstanceReadWrite')}
  0x000001e24291b87c: 48bf 38a0 | 0760 e201 | 0000 4c8b | d749 3338 | 48f7 c7fc | ffff ff74 | 2740 f6c7 | 0275 2149 
  0x000001e24291b89c: f700 feff | ffff 7415 | 498b fa49 | 3338 48f7 | c7fc ffff | ff74 0949 | 8308 02eb | 0349 8938 
  0x000001e24291b8bc: ;   {metadata('java/util/concurrent/FutureTask')}
  0x000001e24291b8bc: 48bf d866 | 3260 e201 | 0000 4c8b | d749 3378 | 1048 f7c7 | fcff ffff | 742b 40f6 | c702 7525 
  0x000001e24291b8dc: 49f7 4010 | feff ffff | 7417 498b | fa49 3378 | 1048 f7c7 | fcff ffff | 740b 4983 | 4810 02eb 
  0x000001e24291b8fc: 0449 8978 

  0x000001e24291b900: ;   {metadata(method data for {method} {0x000001e2a17e9d50} 'setException' '(Ljava/lang/Throwable;)V' in 'java/util/concurrent/FutureTask')}
  0x000001e24291b900: 1049 b8e0 | 5e73 a1e2 | 0100 0049 | 8380 8001 

  0x000001e24291b910: ;   {metadata(method data for {method} {0x000001e25f156248} 'guard_LI_V' '(Ljava/lang/invoke/VarHandle;Ljava/lang/Object;ILjava/lang/invoke/VarHandle$AccessDescriptor;)V' in 'java/lang/invoke/VarHandleGuards')}
  0x000001e24291b910: 0000 0149 | b830 6173 | a1e2 0100 | 0041 8bb8 | cc00 0000 | 83c7 0241 | 89b8 cc00 | 0000 81e7 
  0x000001e24291b930: feff 1f00 | 85ff 0f84 | f020 0000 

  0x000001e24291b93c: ;   {metadata(method data for {method} {0x000001e25f156248} 'guard_LI_V' '(Ljava/lang/invoke/VarHandle;Ljava/lang/Object;ILjava/lang/invoke/VarHandle$AccessDescriptor;)V' in 'java/lang/invoke/VarHandleGuards')}
  0x000001e24291b93c: 49b8 3061 | 73a1 e201 | 0000 4d8d | 8048 0100 

  0x000001e24291b94c: ;   {oop(a 'java/lang/invoke/VarHandle$AccessDescriptor'{0x0000000600f70d70})}
  0x000001e24291b94c: 0048 bf70 | 0df7 0006 | 0000 0048 | 85ff 750d | 41f6 4008 | 0175 06f0 | 4983 4808 

  0x000001e24291b968: ;   {metadata(method data for {method} {0x000001e25f156248} 'guard_LI_V' '(Ljava/lang/invoke/VarHandle;Ljava/lang/Object;ILjava/lang/invoke/VarHandle$AccessDescriptor;)V' in 'java/lang/invoke/VarHandleGuards')}
  0x000001e24291b968: 0149 b830 | 6173 a1e2 | 0100 0045 | 8b49 0849 | ba00 0000 | 5fe2 0100 | 004d 03ca | 4d3b 8820 
  0x000001e24291b988: 0100 0075 | 0d49 8380 | 2801 0000 | 01e9 6000 | 0000 4d3b | 8830 0100 | 0075 0d49 | 8380 3801 
  0x000001e24291b9a8: 0000 01e9 | 4a00 0000 | 4983 b820 | 0100 0000 | 7517 4d89 | 8820 0100 | 0049 c780 | 2801 0000 
  0x000001e24291b9c8: 0100 0000 | e929 0000 | 0049 83b8 | 3001 0000 | 0075 174d | 8988 3001 | 0000 49c7 | 8038 0100 
  0x000001e24291b9e8: 0001 0000 | 00e9 0800 | 0000 4983 | 8010 0100 

  0x000001e24291b9f8: ;   {metadata(method data for {method} {0x000001e25f0936b8} 'checkAccessModeThenIsDirect' '(Ljava/lang/invoke/VarHandle$AccessDescriptor;)Z' in 'java/lang/invoke/VarHandle')}
  0x000001e24291b9f8: 0001 49b8 | a005 14a0 | e201 0000 | 458b 88cc | 0000 0041 | 83c1 0245 | 8988 cc00 | 0000 4181 
  0x000001e24291ba18: e1fe ff1f | 0045 85c9 | 0f84 2720 

  0x000001e24291ba24: ;   {metadata(method data for {method} {0x000001e25f0936b8} 'checkAccessModeThenIsDirect' '(Ljava/lang/invoke/VarHandle$AccessDescriptor;)Z' in 'java/lang/invoke/VarHandle')}
  0x000001e24291ba24: 0000 49b8 | a005 14a0 | e201 0000 | 41ff 8010 

  0x000001e24291ba34: ;   {metadata(method data for {method} {0x000001e25f156248} 'guard_LI_V' '(Ljava/lang/invoke/VarHandle;Ljava/lang/Object;ILjava/lang/invoke/VarHandle$AccessDescriptor;)V' in 'java/lang/invoke/VarHandleGuards')}
  0x000001e24291ba34: 0100 0049 | b830 6173 | a1e2 0100 | 0041 ff80 | 7001 0000 

  0x000001e24291ba48: ;   {metadata(method data for {method} {0x000001e25f156248} 'guard_LI_V' '(Ljava/lang/invoke/VarHandle;Ljava/lang/Object;ILjava/lang/invoke/VarHandle$AccessDescriptor;)V' in 'java/lang/invoke/VarHandleGuards')}
  0x000001e24291ba48: 49b8 3061 | 73a1 e201 | 0000 41ff | 8090 0100 

  0x000001e24291ba58: ;   {oop(a 'java/lang/invoke/VarForm'{0x00000006011c7668})}
  0x000001e24291ba58: 0049 b868 | 761c 0106 

  0x000001e24291ba60: ;   {metadata(method data for {method} {0x000001e25f156248} 'guard_LI_V' '(Ljava/lang/invoke/VarHandle;Ljava/lang/Object;ILjava/lang/invoke/VarHandle$AccessDescriptor;)V' in 'java/lang/invoke/VarHandleGuards')}
  0x000001e24291ba60: 0000 0049 | b930 6173 | a1e2 0100 | 0049 8381 | a001 0000 

  0x000001e24291ba74: ;   {metadata(method data for {method} {0x000001e25f1542f0} 'getMemberName' '(I)Ljava/lang/invoke/MemberName;' in 'java/lang/invoke/VarForm')}
  0x000001e24291ba74: 0149 b8a8 | 0714 a0e2 | 0100 0045 | 8b88 cc00 | 0000 4183 | c102 4589 | 88cc 0000 | 0041 81e1 
  0x000001e24291ba94: feff 1f00 | 4585 c90f | 84cd 1f00 

  0x000001e24291baa0: ;   {metadata(method data for {method} {0x000001e25f1542f0} 'getMemberName' '(I)Ljava/lang/invoke/MemberName;' in 'java/lang/invoke/VarForm')}
  0x000001e24291baa0: 0049 b8a8 | 0714 a0e2 | 0100 0041 | ff80 1001 

  0x000001e24291bab0: ;   {metadata(method data for {method} {0x000001e25f156248} 'guard_LI_V' '(Ljava/lang/invoke/VarHandle;Ljava/lang/Object;ILjava/lang/invoke/VarHandle$AccessDescriptor;)V' in 'java/lang/invoke/VarHandleGuards')}
  0x000001e24291bab0: 0000 49b8 | 3061 73a1 | e201 0000 | 4d8d 80d8 

  0x000001e24291bac0: ;   {oop(a 'java/lang/invoke/MemberName'{0x0000000600f78368} = {method} {0x000001e2a02d3180} 'setRelease' '(Ljava/lang/invoke/VarHandle;Ljava/lang/Object;I)V' in 'java/lang/invoke/VarHandleInts$FieldInstanceReadWrite')}
  0x000001e24291bac0: 0100 0049 | b968 83f7 | 0006 0000 | 004d 85c9 | 750b 41f6 | 0001 7505 | f049 8308 

  0x000001e24291badc: ;   {metadata(method data for {method} {0x000001e25f156248} 'guard_LI_V' '(Ljava/lang/invoke/VarHandle;Ljava/lang/Object;ILjava/lang/invoke/VarHandle$AccessDescriptor;)V' in 'java/lang/invoke/VarHandleGuards')}
  0x000001e24291badc: 0149 b830 | 6173 a1e2 | 0100 004d | 8d80 f801 

  0x000001e24291baec: ;   {oop(a 'java/lang/invoke/VarHandleInts$FieldInstanceReadWrite'{0x0000000600f710d8})}
  0x000001e24291baec: 0000 49b9 | d810 f700 | 0600 0000 | 4d85 c975 | 0f41 f640 | 0801 754d | f049 8348 | 0801 eb45 
  0x000001e24291bb0c: ;   {metadata('java/lang/invoke/VarHandleInts$FieldInstanceReadWrite')}
  0x000001e24291bb0c: 49b9 38a0 | 0760 e201 | 0000 4d8b | d14d 3348 | 0849 f7c1 | fcff ffff | 742b 41f6 | c102 7525 
  0x000001e24291bb2c: 49f7 4008 | feff ffff | 7417 4d8b | ca4d 3348 | 0849 f7c1 | fcff ffff | 740b 4983 | 4808 02eb 
  0x000001e24291bb4c: 044d 8948 

  0x000001e24291bb50: ;   {metadata('java/util/concurrent/FutureTask')}
  0x000001e24291bb50: 0849 b9d8 | 6632 60e2 | 0100 004d | 8bd1 4d33 | 4818 49f7 | c1fc ffff | ff74 2b41 | f6c1 0275 
  0x000001e24291bb70: 2549 f740 | 18fe ffff | ff74 174d | 8bca 4d33 | 4818 49f7 | c1fc ffff | ff74 0b49 | 8348 1802 
  0x000001e24291bb90: eb04 4d89 

  0x000001e24291bb94: ;   {metadata(method data for {method} {0x000001e25f156248} 'guard_LI_V' '(Ljava/lang/invoke/VarHandle;Ljava/lang/Object;ILjava/lang/invoke/VarHandle$AccessDescriptor;)V' in 'java/lang/invoke/VarHandleGuards')}
  0x000001e24291bb94: 4818 49b8 | 3061 73a1 | e201 0000 | 4983 80e8 | 0100 0001 

  0x000001e24291bba8: ;   {metadata(method data for {method} {0x000001e2a02d3180} 'setRelease' '(Ljava/lang/invoke/VarHandle;Ljava/lang/Object;I)V' in 'java/lang/invoke/VarHandleInts$FieldInstanceReadWrite')}
  0x000001e24291bba8: 49b8 6066 | 73a1 e201 | 0000 458b | 88cc 0000 | 0041 83c1 | 0245 8988 | cc00 0000 | 4181 e1fe 
  0x000001e24291bbc8: ff1f 0045 | 85c9 0f84 | bb1e 0000 

  0x000001e24291bbd4: ;   {oop(a 'java/lang/Class'{0x0000000600f6ef10} = 'java/util/concurrent/FutureTask')}
  0x000001e24291bbd4: 49b8 10ef | f600 0600 

  0x000001e24291bbdc: ;   {metadata(method data for {method} {0x000001e2a02d3180} 'setRelease' '(Ljava/lang/invoke/VarHandle;Ljava/lang/Object;I)V' in 'java/lang/invoke/VarHandleInts$FieldInstanceReadWrite')}
  0x000001e24291bbdc: 0000 49b9 | 6066 73a1 | e201 0000 | 4983 8148 | 0100 0001 

  0x000001e24291bbf0: ;   {metadata(method data for {method} {0x000001e25f465068} 'cast' '(Ljava/lang/Object;)Ljava/lang/Object;' in 'java/lang/Class')}
  0x000001e24291bbf0: 49b8 a058 | 1ba0 e201 | 0000 458b | 88cc 0000 | 0041 83c1 | 0245 8988 | cc00 0000 | 4181 e1fe 
  0x000001e24291bc10: ff1f 0045 | 85c9 0f84 | 941e 0000 

  0x000001e24291bc1c: ;   {metadata(method data for {method} {0x000001e25f465068} 'cast' '(Ljava/lang/Object;)Ljava/lang/Object;' in 'java/lang/Class')}
  0x000001e24291bc1c: 49b8 a058 | 1ba0 e201 | 0000 41ff | 8020 0100 

  0x000001e24291bc2c: ;   {oop(a 'java/lang/Class'{0x0000000600f6ef10} = 'java/util/concurrent/FutureTask')}
  0x000001e24291bc2c: 0049 b810 | eff6 0006 

  0x000001e24291bc34: ;   {metadata(method data for {method} {0x000001e25f465068} 'cast' '(Ljava/lang/Object;)Ljava/lang/Object;' in 'java/lang/Class')}
  0x000001e24291bc34: 0000 0049 | b9a0 581b | a0e2 0100 | 0049 8381 | 3001 0000 | 0148 85d2 | 0f84 2900 

  0x000001e24291bc50: ;   {metadata('java/util/concurrent/FutureTask')}
  0x000001e24291bc50: 0000 48be | d866 3260 | e201 0000 | 8b7a 0849 | ba00 0000 | 5fe2 0100 | 0049 03fa | 483b 7738 
  0x000001e24291bc70: 0f85 0500 | 0000 e905 | 0000 004d | 33c0 eb07 | 49c7 c001 | 0000 0045 

  0x000001e24291bc88: ;   {metadata(method data for {method} {0x000001e25f465068} 'cast' '(Ljava/lang/Object;)Ljava/lang/Object;' in 'java/lang/Class')}
  0x000001e24291bc88: 85c0 49b8 | a058 1ba0 | e201 0000 | 49c7 c178 | 0100 0074 | 0749 c7c1 | 6801 0000 | 4b8b 3c08 
  0x000001e24291bca8: 488d 7f01 | 4b89 3c08 | 0f84 8e12 

  0x000001e24291bcb4: ;   {metadata(method data for {method} {0x000001e2a02d3180} 'setRelease' '(Ljava/lang/invoke/VarHandle;Ljava/lang/Object;I)V' in 'java/lang/invoke/VarHandleInts$FieldInstanceReadWrite')}
  0x000001e24291bcb4: 0000 49b8 | 6066 73a1 | e201 0000 | 4983 8080 | 0100 0001 

  0x000001e24291bcc8: ;   {metadata(method data for {method} {0x000001e25f056488} 'requireNonNull' '(Ljava/lang/Object;)Ljava/lang/Object;' in 'java/util/Objects')}
  0x000001e24291bcc8: 49b8 18f3 | 00a0 e201 | 0000 458b | 88cc 0000 | 0041 83c1 | 0245 8988 | cc00 0000 | 4181 e1fe 
  0x000001e24291bce8: ff1f 0045 | 85c9 0f84 | dd1d 0000 

  0x000001e24291bcf4: ;   {metadata(method data for {method} {0x000001e25f056488} 'requireNonNull' '(Ljava/lang/Object;)Ljava/lang/Object;' in 'java/util/Objects')}
  0x000001e24291bcf4: 49b8 18f3 | 00a0 e201 | 0000 41ff | 8010 0100 

  0x000001e24291bd04: ;   {metadata(method data for {method} {0x000001e2a02d3180} 'setRelease' '(Ljava/lang/invoke/VarHandle;Ljava/lang/Object;I)V' in 'java/lang/invoke/VarHandleInts$FieldInstanceReadWrite')}
  0x000001e24291bd04: 0049 b860 | 6673 a1e2 | 0100 004d | 8d80 c801 

  0x000001e24291bd14: ;   {metadata('java/util/concurrent/FutureTask')}
  0x000001e24291bd14: 0000 49b9 | d866 3260 | e201 0000 | 4d8b d14d | 3348 0849 | f7c1 fcff | ffff 742b | 41f6 c102 
  0x000001e24291bd34: 7525 49f7 | 4008 feff | ffff 7417 | 4d8b ca4d | 3348 0849 | f7c1 fcff | ffff 740b | 4983 4808 
  0x000001e24291bd54: 02eb 044d 

  0x000001e24291bd58: ;   {oop(a 'jdk/internal/misc/Unsafe'{0x00000006010020b8})}
  0x000001e24291bd58: 8948 0848 | beb8 2000 | 0106 0000 | 004c 8bc6 

  0x000001e24291bd68: ;   {metadata(method data for {method} {0x000001e2a02d3180} 'setRelease' '(Ljava/lang/invoke/VarHandle;Ljava/lang/Object;I)V' in 'java/lang/invoke/VarHandleInts$FieldInstanceReadWrite')}
  0x000001e24291bd68: 49b9 6066 | 73a1 e201 | 0000 4983 | 8190 0100 | 0001 49c7 | c10c 0000 | 004c 8bc2 | bf03 0000 
  0x000001e24291bd88: 0048 8bd6 

  0x000001e24291bd8c: ;   {optimized virtual_call}
  0x000001e24291bd8c: 6666 90e8 

  0x000001e24291bd90: ; ImmutableOopMap {[232]=Oop }
                      ;*invokevirtual putIntRelease {reexecute=0 rethrow=0 return_oop=0}
                      ; - java.lang.invoke.VarHandleInts$FieldInstanceReadWrite::setRelease@24 (line 170)
                      ; - java.lang.invoke.VarHandleGuards::guard_LI_V@45 (line 122)
                      ; - java.util.concurrent.FutureTask::setException@22 (line 302)
                      ; - java.util.concurrent.FutureTask::run@59 (line 322)
  0x000001e24291bd90: acf1 2f07 

  0x000001e24291bd94: ;   {other}
  0x000001e24291bd94: 0f1f 8400 | 8417 0001 

  0x000001e24291bd9c: ;   {metadata(method data for {method} {0x000001e25f156248} 'guard_LI_V' '(Ljava/lang/invoke/VarHandle;Ljava/lang/Object;ILjava/lang/invoke/VarHandle$AccessDescriptor;)V' in 'java/lang/invoke/VarHandleGuards')}
  0x000001e24291bd9c: 48ba 3061 | 73a1 e201 | 0000 ff82 | 2002 0000 | 488b 9424 | e800 0000 

  0x000001e24291bdb4: ;   {metadata(method data for {method} {0x000001e2a17e9d50} 'setException' '(Ljava/lang/Throwable;)V' in 'java/util/concurrent/FutureTask')}
  0x000001e24291bdb4: 48be e05e | 73a1 e201 | 0000 4883 | 86d0 0100 | 0001 488b | 9424 e800 

  0x000001e24291bdcc: ;   {optimized virtual_call}
  0x000001e24291bdcc: 0000 90e8 

  0x000001e24291bdd0: ; ImmutableOopMap {[232]=Oop }
                      ;*invokevirtual finishCompletion {reexecute=0 rethrow=0 return_oop=0}
                      ; - java.util.concurrent.FutureTask::setException@26 (line 303)
                      ; - java.util.concurrent.FutureTask::run@59 (line 322)
  0x000001e24291bdd0: cc4d 0200 

  0x000001e24291bdd4: ;   {other}
  0x000001e24291bdd4: 0f1f 8400 | c417 0002 | be00 0000 

  0x000001e24291bde0: ;   {oop(nullptr)}
  0x000001e24291bde0: 0048 b800 | 0000 0000 | 0000 0085 

  0x000001e24291bdec: ;   {metadata(method data for {method} {0x000001e2a17e9f18} 'run' '()V' in 'java/util/concurrent/FutureTask')}
  0x000001e24291bdec: f649 b868 | 5873 a1e2 | 0100 0049 | c7c1 8802 | 0000 7407 | 49c7 c198 | 0200 004b | 8b3c 0848 
  0x000001e24291be0c: 8d7f 014b | 893c 0848 | 8b94 24e8 | 0000 000f | 8473 0a00 | 004c 8bc2 

  0x000001e24291be24: ;   {metadata(method data for {method} {0x000001e2a17e9f18} 'run' '()V' in 'java/util/concurrent/FutureTask')}
  0x000001e24291be24: 49b9 6858 | 73a1 e201 

  0x000001e24291be2c: ;   {metadata('java/util/concurrent/FutureTask')}
  0x000001e24291be2c: 0000 49ba | d866 3260 | e201 0000 | 4d89 91b8 | 0200 0049 | 8381 c002 

  0x000001e24291be44: ;   {metadata(method data for {method} {0x000001e2a17e9c68} 'set' '(Ljava/lang/Object;)V' in 'java/util/concurrent/FutureTask')}
  0x000001e24291be44: 0000 0149 | b8f8 6c73 | a1e2 0100 | 0045 8b88 | cc00 0000 | 4183 c102 | 4589 88cc | 0000 0041 
  0x000001e24291be64: 81e1 feff | 1f00 4585 | c90f 847f 

  0x000001e24291be70: ;   {metadata(method data for {method} {0x000001e2a17e9c68} 'set' '(Ljava/lang/Object;)V' in 'java/util/concurrent/FutureTask')}
  0x000001e24291be70: 1c00 0049 | b8f8 6c73 | a1e2 0100 | 004d 8d80 | 4801 0000 

  0x000001e24291be84: ;   {metadata('java/util/concurrent/FutureTask')}
  0x000001e24291be84: 49b9 d866 | 3260 e201 | 0000 4d33 | 4808 49f7 | c1fc ffff | ff74 044d 

  0x000001e24291be9c: ;   {metadata(method data for {method} {0x000001e25f1562a0} 'guard_LII_Z' '(Ljava/lang/invoke/VarHandle;Ljava/lang/Object;IILjava/lang/invoke/VarHandle$AccessDescriptor;)Z' in 'java/lang/invoke/VarHandleGuards')}
  0x000001e24291be9c: 8948 0849 | b8c0 7a72 | a1e2 0100 | 004d 8d80 | e003 0000 

  0x000001e24291beb0: ;   {oop(a 'java/lang/invoke/VarHandleInts$FieldInstanceReadWrite'{0x0000000600f710d8})}
  0x000001e24291beb0: 49b9 d810 | f700 0600 | 0000 4d85 | c975 0b41 | f600 0175 | 05f0 4983 

  0x000001e24291bec8: ;   {metadata(method data for {method} {0x000001e2a17e9c68} 'set' '(Ljava/lang/Object;)V' in 'java/util/concurrent/FutureTask')}
  0x000001e24291bec8: 0801 49b8 | f86c 73a1 | e201 0000 | 4983 8010 | 0100 0001 

  0x000001e24291bedc: ;   {metadata(method data for {method} {0x000001e25f1562a0} 'guard_LII_Z' '(Ljava/lang/invoke/VarHandle;Ljava/lang/Object;IILjava/lang/invoke/VarHandle$AccessDescriptor;)Z' in 'java/lang/invoke/VarHandleGuards')}
  0x000001e24291bedc: 49b8 c07a | 72a1 e201 | 0000 418b | b8cc 0000 | 0083 c702 | 4189 b8cc | 0000 0081 | e7fe ff1f 
  0x000001e24291befc: 0085 ff0f | 840e 1c00 

  0x000001e24291bf04: ;   {metadata(method data for {method} {0x000001e25f1562a0} 'guard_LII_Z' '(Ljava/lang/invoke/VarHandle;Ljava/lang/Object;IILjava/lang/invoke/VarHandle$AccessDescriptor;)Z' in 'java/lang/invoke/VarHandleGuards')}
  0x000001e24291bf04: 0049 b8c0 | 7a72 a1e2 | 0100 004d | 8d80 4801 

  0x000001e24291bf14: ;   {oop(a 'java/lang/invoke/VarHandle$AccessDescriptor'{0x0000000600f70e20})}
  0x000001e24291bf14: 0000 48bf | 200e f700 | 0600 0000 | 4885 ff75 | 0d41 f640 | 0801 7506 | f049 8348 

  0x000001e24291bf30: ;   {metadata(method data for {method} {0x000001e25f1562a0} 'guard_LII_Z' '(Ljava/lang/invoke/VarHandle;Ljava/lang/Object;IILjava/lang/invoke/VarHandle$AccessDescriptor;)Z' in 'java/lang/invoke/VarHandleGuards')}
  0x000001e24291bf30: 0801 49b8 | c07a 72a1 | e201 0000 | 458b 4908 | 49ba 0000 | 005f e201 | 0000 4d03 | ca4d 3b88 
  0x000001e24291bf50: 2001 0000 | 750d 4983 | 8028 0100 | 0001 e960 | 0000 004d | 3b88 3001 | 0000 750d | 4983 8038 
  0x000001e24291bf70: 0100 0001 | e94a 0000 | 0049 83b8 | 2001 0000 | 0075 174d | 8988 2001 | 0000 49c7 | 8028 0100 
  0x000001e24291bf90: 0001 0000 | 00e9 2900 | 0000 4983 | b830 0100 | 0000 7517 | 4d89 8830 | 0100 0049 | c780 3801 
  0x000001e24291bfb0: 0000 0100 | 0000 e908 | 0000 0049 | 8380 1001 

  0x000001e24291bfc0: ;   {metadata(method data for {method} {0x000001e25f0936b8} 'checkAccessModeThenIsDirect' '(Ljava/lang/invoke/VarHandle$AccessDescriptor;)Z' in 'java/lang/invoke/VarHandle')}
  0x000001e24291bfc0: 0000 0149 | b8a0 0514 | a0e2 0100 | 0045 8b88 | cc00 0000 | 4183 c102 | 4589 88cc | 0000 0041 
  0x000001e24291bfe0: 81e1 feff | 1f00 4585 | c90f 8445 

  0x000001e24291bfec: ;   {metadata(method data for {method} {0x000001e25f0936b8} 'checkAccessModeThenIsDirect' '(Ljava/lang/invoke/VarHandle$AccessDescriptor;)Z' in 'java/lang/invoke/VarHandle')}
  0x000001e24291bfec: 1b00 0049 | b8a0 0514 | a0e2 0100 | 0041 ff80 | 1001 0000 

  0x000001e24291c000: ;   {metadata(method data for {method} {0x000001e25f1562a0} 'guard_LII_Z' '(Ljava/lang/invoke/VarHandle;Ljava/lang/Object;IILjava/lang/invoke/VarHandle$AccessDescriptor;)Z' in 'java/lang/invoke/VarHandleGuards')}
  0x000001e24291c000: 49b8 c07a | 72a1 e201 | 0000 41ff | 8070 0100 

  0x000001e24291c010: ;   {metadata(method data for {method} {0x000001e25f1562a0} 'guard_LII_Z' '(Ljava/lang/invoke/VarHandle;Ljava/lang/Object;IILjava/lang/invoke/VarHandle$AccessDescriptor;)Z' in 'java/lang/invoke/VarHandleGuards')}
  0x000001e24291c010: 0049 b8c0 | 7a72 a1e2 | 0100 0041 | ff80 9001 

  0x000001e24291c020: ;   {oop(a 'java/lang/invoke/VarForm'{0x00000006011c7668})}
  0x000001e24291c020: 0000 49b8 | 6876 1c01 | 0600 0000 

  0x000001e24291c02c: ;   {metadata(method data for {method} {0x000001e25f1562a0} 'guard_LII_Z' '(Ljava/lang/invoke/VarHandle;Ljava/lang/Object;IILjava/lang/invoke/VarHandle$AccessDescriptor;)Z' in 'java/lang/invoke/VarHandleGuards')}
  0x000001e24291c02c: 49b9 c07a | 72a1 e201 | 0000 4983 | 81a0 0100 

  0x000001e24291c03c: ;   {metadata(method data for {method} {0x000001e25f1542f0} 'getMemberName' '(I)Ljava/lang/invoke/MemberName;' in 'java/lang/invoke/VarForm')}
  0x000001e24291c03c: 0001 49b8 | a807 14a0 | e201 0000 | 458b 88cc | 0000 0041 | 83c1 0245 | 8988 cc00 | 0000 4181 
  0x000001e24291c05c: e1fe ff1f | 0045 85c9 | 0f84 eb1a 

  0x000001e24291c068: ;   {metadata(method data for {method} {0x000001e25f1542f0} 'getMemberName' '(I)Ljava/lang/invoke/MemberName;' in 'java/lang/invoke/VarForm')}
  0x000001e24291c068: 0000 49b8 | a807 14a0 | e201 0000 | 41ff 8010 

  0x000001e24291c078: ;   {metadata(method data for {method} {0x000001e25f1562a0} 'guard_LII_Z' '(Ljava/lang/invoke/VarHandle;Ljava/lang/Object;IILjava/lang/invoke/VarHandle$AccessDescriptor;)Z' in 'java/lang/invoke/VarHandleGuards')}
  0x000001e24291c078: 0100 0049 | b8c0 7a72 | a1e2 0100 | 004d 8d80 | d801 0000 

  0x000001e24291c08c: ;   {oop(a 'java/lang/invoke/MemberName'{0x0000000600f782d8} = {method} {0x000001e2a02d3290} 'compareAndSet' '(Ljava/lang/invoke/VarHandle;Ljava/lang/Object;II)Z' in 'java/lang/invoke/VarHandleInts$FieldInstanceReadWrite')}
  0x000001e24291c08c: 49b9 d882 | f700 0600 | 0000 4d85 | c975 0b41 | f600 0175 | 05f0 4983 

  0x000001e24291c0a4: ;   {metadata(method data for {method} {0x000001e25f1562a0} 'guard_LII_Z' '(Ljava/lang/invoke/VarHandle;Ljava/lang/Object;IILjava/lang/invoke/VarHandle$AccessDescriptor;)Z' in 'java/lang/invoke/VarHandleGuards')}
  0x000001e24291c0a4: 0801 49b8 | c07a 72a1 | e201 0000 | 4d8d 80f8 

  0x000001e24291c0b4: ;   {oop(a 'java/lang/invoke/VarHandleInts$FieldInstanceReadWrite'{0x0000000600f710d8})}
  0x000001e24291c0b4: 0100 0049 | b9d8 10f7 | 0006 0000 | 004d 85c9 | 750d 41f6 | 4008 0175 | 06f0 4983 

  0x000001e24291c0d0: ;   {metadata(method data for {method} {0x000001e25f1562a0} 'guard_LII_Z' '(Ljava/lang/invoke/VarHandle;Ljava/lang/Object;IILjava/lang/invoke/VarHandle$AccessDescriptor;)Z' in 'java/lang/invoke/VarHandleGuards')}
  0x000001e24291c0d0: 4808 0149 | b8c0 7a72 | a1e2 0100 | 0049 8380 | e801 0000 

  0x000001e24291c0e4: ;   {metadata(method data for {method} {0x000001e2a02d3290} 'compareAndSet' '(Ljava/lang/invoke/VarHandle;Ljava/lang/Object;II)Z' in 'java/lang/invoke/VarHandleInts$FieldInstanceReadWrite')}
  0x000001e24291c0e4: 0149 b8e0 | 8872 a1e2 | 0100 0045 | 8b88 cc00 | 0000 4183 | c102 4589 | 88cc 0000 | 0041 81e1 
  0x000001e24291c104: feff 1f00 | 4585 c90f | 8465 1a00 

  0x000001e24291c110: ;   {oop(a 'java/lang/Class'{0x0000000600f6ef10} = 'java/util/concurrent/FutureTask')}
  0x000001e24291c110: 0049 b810 | eff6 0006 

  0x000001e24291c118: ;   {metadata(method data for {method} {0x000001e2a02d3290} 'compareAndSet' '(Ljava/lang/invoke/VarHandle;Ljava/lang/Object;II)Z' in 'java/lang/invoke/VarHandleInts$FieldInstanceReadWrite')}
  0x000001e24291c118: 0000 0049 | b9e0 8872 | a1e2 0100 | 0049 8381 | 4801 0000 

  0x000001e24291c12c: ;   {metadata(method data for {method} {0x000001e25f465068} 'cast' '(Ljava/lang/Object;)Ljava/lang/Object;' in 'java/lang/Class')}
  0x000001e24291c12c: 0149 b8a0 | 581b a0e2 | 0100 0045 | 8b88 cc00 | 0000 4183 | c102 4589 | 88cc 0000 | 0041 81e1 
  0x000001e24291c14c: feff 1f00 | 4585 c90f | 843e 1a00 

  0x000001e24291c158: ;   {metadata(method data for {method} {0x000001e25f465068} 'cast' '(Ljava/lang/Object;)Ljava/lang/Object;' in 'java/lang/Class')}
  0x000001e24291c158: 0049 b8a0 | 581b a0e2 | 0100 0041 | ff80 2001 

  0x000001e24291c168: ;   {oop(a 'java/lang/Class'{0x0000000600f6ef10} = 'java/util/concurrent/FutureTask')}
  0x000001e24291c168: 0000 49b8 | 10ef f600 | 0600 0000 

  0x000001e24291c174: ;   {metadata(method data for {method} {0x000001e25f465068} 'cast' '(Ljava/lang/Object;)Ljava/lang/Object;' in 'java/lang/Class')}
  0x000001e24291c174: 49b9 a058 | 1ba0 e201 | 0000 4983 | 8130 0100 | 0001 4885 | d20f 8429 

  0x000001e24291c18c: ;   {metadata('java/util/concurrent/FutureTask')}
  0x000001e24291c18c: 0000 0048 | bed8 6632 | 60e2 0100 | 008b 7a08 | 49ba 0000 | 005f e201 | 0000 4903 | fa48 3b77 
  0x000001e24291c1ac: 380f 8505 | 0000 00e9 | 0500 0000 | 4d33 c0eb | 0749 c7c0 | 0100 0000 

  0x000001e24291c1c4: ;   {metadata(method data for {method} {0x000001e25f465068} 'cast' '(Ljava/lang/Object;)Ljava/lang/Object;' in 'java/lang/Class')}
  0x000001e24291c1c4: 4585 c049 | b8a0 581b | a0e2 0100 | 0049 c7c1 | 7801 0000 | 7407 49c7 | c168 0100 | 004b 8b3c 
  0x000001e24291c1e4: 0848 8d7f | 014b 893c | 080f 8461 

  0x000001e24291c1f0: ;   {metadata(method data for {method} {0x000001e2a02d3290} 'compareAndSet' '(Ljava/lang/invoke/VarHandle;Ljava/lang/Object;II)Z' in 'java/lang/invoke/VarHandleInts$FieldInstanceReadWrite')}
  0x000001e24291c1f0: 0c00 0049 | b8e0 8872 | a1e2 0100 | 0049 8380 | 8001 0000 

  0x000001e24291c204: ;   {metadata(method data for {method} {0x000001e25f056488} 'requireNonNull' '(Ljava/lang/Object;)Ljava/lang/Object;' in 'java/util/Objects')}
  0x000001e24291c204: 0149 b818 | f300 a0e2 | 0100 0045 | 8b88 cc00 | 0000 4183 | c102 4589 | 88cc 0000 | 0041 81e1 
  0x000001e24291c224: feff 1f00 | 4585 c90f | 8487 1900 

  0x000001e24291c230: ;   {metadata(method data for {method} {0x000001e25f056488} 'requireNonNull' '(Ljava/lang/Object;)Ljava/lang/Object;' in 'java/util/Objects')}
  0x000001e24291c230: 0049 b818 | f300 a0e2 | 0100 0041 | ff80 1001 | 0000 49c7 | c00c 0000 | 004e 8d04 | 0248 8bd8 
  0x000001e24291c250: b800 0000 | 0041 b901 | 0000 00f0 | 450f b108 | 41b8 0100 | 0000 7406 | 41b8 0000 | 0000 4183 
  0x000001e24291c270: e001 4183 | e001 4585 

  0x000001e24291c278: ;   {metadata(method data for {method} {0x000001e2a17e9c68} 'set' '(Ljava/lang/Object;)V' in 'java/util/concurrent/FutureTask')}
  0x000001e24291c278: c049 b8f8 | 6c73 a1e2 | 0100 0049 | c7c1 6001 | 0000 7407 | 49c7 c170 | 0100 004b | 8b3c 0848 
  0x000001e24291c298: 8d7f 014b | 893c 080f | 84e7 0500 | 0045 0fbe | 4740 4585 | c00f 8526 | 1900 004c | 8bd3 49c1 
  0x000001e24291c2b8: ea03 4489 | 5214 4c8b | c24c 33c3 | 49c1 e816 | 4983 f800 | 0f85 2719 

  0x000001e24291c2d0: ;   {metadata(method data for {method} {0x000001e2a17e9c68} 'set' '(Ljava/lang/Object;)V' in 'java/util/concurrent/FutureTask')}
  0x000001e24291c2d0: 0000 49b8 | f86c 73a1 | e201 0000 | 4d8d 80b8 

  0x000001e24291c2e0: ;   {metadata('java/util/concurrent/FutureTask')}
  0x000001e24291c2e0: 0100 0049 | b9d8 6632 | 60e2 0100 | 004d 3348 | 0849 f7c1 | fcff ffff | 7404 4d89 

  0x000001e24291c2fc: ;   {metadata(method data for {method} {0x000001e25f156248} 'guard_LI_V' '(Ljava/lang/invoke/VarHandle;Ljava/lang/Object;ILjava/lang/invoke/VarHandle$AccessDescriptor;)V' in 'java/lang/invoke/VarHandleGuards')}
  0x000001e24291c2fc: 4808 49b8 | 3061 73a1 | e201 0000 | 4d8d 8018 

  0x000001e24291c30c: ;   {oop(a 'java/lang/invoke/VarHandleInts$FieldInstanceReadWrite'{0x0000000600f710d8})}
  0x000001e24291c30c: 0500 0049 | b9d8 10f7 | 0006 0000 | 004d 85c9 | 750d 41f6 | 0001 7547 | f049 8308 

  0x000001e24291c328: ;   {metadata('java/lang/invoke/VarHandleInts$FieldInstanceReadWrite')}
  0x000001e24291c328: 01eb 4048 | bf38 a007 | 60e2 0100 | 004c 8bd7 | 4933 3848 | f7c7 fcff | ffff 7427 | 40f6 c702 
  0x000001e24291c348: 7521 49f7 | 00fe ffff | ff74 1549 | 8bfa 4933 | 3848 f7c7 | fcff ffff | 7409 4983 | 0802 eb03 
  0x000001e24291c368: ;   {metadata('java/util/concurrent/FutureTask')}
  0x000001e24291c368: 4989 3848 | bfd8 6632 | 60e2 0100 | 004c 8bd7 | 4933 7810 | 48f7 c7fc | ffff ff74 | 2b40 f6c7 
  0x000001e24291c388: 0275 2549 | f740 10fe | ffff ff74 | 1749 8bfa | 4933 7810 | 48f7 c7fc | ffff ff74 | 0b49 8348 
  0x000001e24291c3a8: 1002 eb04 | 4989 7810 

  0x000001e24291c3b0: ;   {metadata(method data for {method} {0x000001e2a17e9c68} 'set' '(Ljava/lang/Object;)V' in 'java/util/concurrent/FutureTask')}
  0x000001e24291c3b0: 49b8 f86c | 73a1 e201 | 0000 4983 | 8080 0100 

  0x000001e24291c3c0: ;   {metadata(method data for {method} {0x000001e25f156248} 'guard_LI_V' '(Ljava/lang/invoke/VarHandle;Ljava/lang/Object;ILjava/lang/invoke/VarHandle$AccessDescriptor;)V' in 'java/lang/invoke/VarHandleGuards')}
  0x000001e24291c3c0: 0001 49b8 | 3061 73a1 | e201 0000 | 418b b8cc | 0000 0083 | c702 4189 | b8cc 0000 | 0081 e7fe 
  0x000001e24291c3e0: ff1f 0085 | ff0f 8426 

  0x000001e24291c3e8: ;   {metadata(method data for {method} {0x000001e25f156248} 'guard_LI_V' '(Ljava/lang/invoke/VarHandle;Ljava/lang/Object;ILjava/lang/invoke/VarHandle$AccessDescriptor;)V' in 'java/lang/invoke/VarHandleGuards')}
  0x000001e24291c3e8: 1800 0049 | b830 6173 | a1e2 0100 | 004d 8d80 | 4801 0000 

  0x000001e24291c3fc: ;   {oop(a 'java/lang/invoke/VarHandle$AccessDescriptor'{0x0000000600f70d70})}
  0x000001e24291c3fc: 48bf 700d | f700 0600 | 0000 4885 | ff75 0d41 | f640 0801 | 7506 f049 | 8348 0801 

  0x000001e24291c418: ;   {metadata(method data for {method} {0x000001e25f156248} 'guard_LI_V' '(Ljava/lang/invoke/VarHandle;Ljava/lang/Object;ILjava/lang/invoke/VarHandle$AccessDescriptor;)V' in 'java/lang/invoke/VarHandleGuards')}
  0x000001e24291c418: 49b8 3061 | 73a1 e201 | 0000 458b | 4908 49ba | 0000 005f | e201 0000 | 4d03 ca4d | 3b88 2001 
  0x000001e24291c438: 0000 750d | 4983 8028 | 0100 0001 | e960 0000 | 004d 3b88 | 3001 0000 | 750d 4983 | 8038 0100 
  0x000001e24291c458: 0001 e94a | 0000 0049 | 83b8 2001 | 0000 0075 | 174d 8988 | 2001 0000 | 49c7 8028 | 0100 0001 
  0x000001e24291c478: 0000 00e9 | 2900 0000 | 4983 b830 | 0100 0000 | 7517 4d89 | 8830 0100 | 0049 c780 | 3801 0000 
  0x000001e24291c498: 0100 0000 | e908 0000 | 0049 8380 | 1001 0000 

  0x000001e24291c4a8: ;   {metadata(method data for {method} {0x000001e25f0936b8} 'checkAccessModeThenIsDirect' '(Ljava/lang/invoke/VarHandle$AccessDescriptor;)Z' in 'java/lang/invoke/VarHandle')}
  0x000001e24291c4a8: 0149 b8a0 | 0514 a0e2 | 0100 0045 | 8b88 cc00 | 0000 4183 | c102 4589 | 88cc 0000 | 0041 81e1 
  0x000001e24291c4c8: feff 1f00 | 4585 c90f | 845d 1700 

  0x000001e24291c4d4: ;   {metadata(method data for {method} {0x000001e25f0936b8} 'checkAccessModeThenIsDirect' '(Ljava/lang/invoke/VarHandle$AccessDescriptor;)Z' in 'java/lang/invoke/VarHandle')}
  0x000001e24291c4d4: 0049 b8a0 | 0514 a0e2 | 0100 0041 | ff80 1001 

  0x000001e24291c4e4: ;   {metadata(method data for {method} {0x000001e25f156248} 'guard_LI_V' '(Ljava/lang/invoke/VarHandle;Ljava/lang/Object;ILjava/lang/invoke/VarHandle$AccessDescriptor;)V' in 'java/lang/invoke/VarHandleGuards')}
  0x000001e24291c4e4: 0000 49b8 | 3061 73a1 | e201 0000 | 41ff 8070 

  0x000001e24291c4f4: ;   {metadata(method data for {method} {0x000001e25f156248} 'guard_LI_V' '(Ljava/lang/invoke/VarHandle;Ljava/lang/Object;ILjava/lang/invoke/VarHandle$AccessDescriptor;)V' in 'java/lang/invoke/VarHandleGuards')}
  0x000001e24291c4f4: 0100 0049 | b830 6173 | a1e2 0100 | 0041 ff80 | 9001 0000 

  0x000001e24291c508: ;   {oop(a 'java/lang/invoke/VarForm'{0x00000006011c7668})}
  0x000001e24291c508: 49b8 6876 | 1c01 0600 

  0x000001e24291c510: ;   {metadata(method data for {method} {0x000001e25f156248} 'guard_LI_V' '(Ljava/lang/invoke/VarHandle;Ljava/lang/Object;ILjava/lang/invoke/VarHandle$AccessDescriptor;)V' in 'java/lang/invoke/VarHandleGuards')}
  0x000001e24291c510: 0000 49b9 | 3061 73a1 | e201 0000 | 4983 81a0 | 0100 0001 

  0x000001e24291c524: ;   {metadata(method data for {method} {0x000001e25f1542f0} 'getMemberName' '(I)Ljava/lang/invoke/MemberName;' in 'java/lang/invoke/VarForm')}
  0x000001e24291c524: 49b8 a807 | 14a0 e201 | 0000 458b | 88cc 0000 | 0041 83c1 | 0245 8988 | cc00 0000 | 4181 e1fe 
  0x000001e24291c544: ff1f 0045 | 85c9 0f84 | 0317 0000 

  0x000001e24291c550: ;   {metadata(method data for {method} {0x000001e25f1542f0} 'getMemberName' '(I)Ljava/lang/invoke/MemberName;' in 'java/lang/invoke/VarForm')}
  0x000001e24291c550: 49b8 a807 | 14a0 e201 | 0000 41ff | 8010 0100 

  0x000001e24291c560: ;   {metadata(method data for {method} {0x000001e25f156248} 'guard_LI_V' '(Ljava/lang/invoke/VarHandle;Ljava/lang/Object;ILjava/lang/invoke/VarHandle$AccessDescriptor;)V' in 'java/lang/invoke/VarHandleGuards')}
  0x000001e24291c560: 0049 b830 | 6173 a1e2 | 0100 004d | 8d80 d801 

  0x000001e24291c570: ;   {oop(a 'java/lang/invoke/MemberName'{0x0000000600f78368} = {method} {0x000001e2a02d3180} 'setRelease' '(Ljava/lang/invoke/VarHandle;Ljava/lang/Object;I)V' in 'java/lang/invoke/VarHandleInts$FieldInstanceReadWrite')}
  0x000001e24291c570: 0000 49b9 | 6883 f700 | 0600 0000 | 4d85 c975 | 0b41 f600 | 0175 05f0 | 4983 0801 

  0x000001e24291c58c: ;   {metadata(method data for {method} {0x000001e25f156248} 'guard_LI_V' '(Ljava/lang/invoke/VarHandle;Ljava/lang/Object;ILjava/lang/invoke/VarHandle$AccessDescriptor;)V' in 'java/lang/invoke/VarHandleGuards')}
  0x000001e24291c58c: 49b8 3061 | 73a1 e201 | 0000 4d8d | 80f8 0100 

  0x000001e24291c59c: ;   {oop(a 'java/lang/invoke/VarHandleInts$FieldInstanceReadWrite'{0x0000000600f710d8})}
  0x000001e24291c59c: 0049 b9d8 | 10f7 0006 | 0000 004d | 85c9 750f | 41f6 4008 | 0175 4df0 | 4983 4808 

  0x000001e24291c5b8: ;   {metadata('java/lang/invoke/VarHandleInts$FieldInstanceReadWrite')}
  0x000001e24291c5b8: 01eb 4549 | b938 a007 | 60e2 0100 | 004d 8bd1 | 4d33 4808 | 49f7 c1fc | ffff ff74 | 2b41 f6c1 
  0x000001e24291c5d8: 0275 2549 | f740 08fe | ffff ff74 | 174d 8bca | 4d33 4808 | 49f7 c1fc | ffff ff74 | 0b49 8348 
  0x000001e24291c5f8: 0802 eb04 | 4d89 4808 

  0x000001e24291c600: ;   {metadata('java/util/concurrent/FutureTask')}
  0x000001e24291c600: 49b9 d866 | 3260 e201 | 0000 4d8b | d14d 3348 | 1849 f7c1 | fcff ffff | 742b 41f6 | c102 7525 
  0x000001e24291c620: 49f7 4018 | feff ffff | 7417 4d8b | ca4d 3348 | 1849 f7c1 | fcff ffff | 740b 4983 | 4818 02eb 
  0x000001e24291c640: 044d 8948 

  0x000001e24291c644: ;   {metadata(method data for {method} {0x000001e25f156248} 'guard_LI_V' '(Ljava/lang/invoke/VarHandle;Ljava/lang/Object;ILjava/lang/invoke/VarHandle$AccessDescriptor;)V' in 'java/lang/invoke/VarHandleGuards')}
  0x000001e24291c644: 1849 b830 | 6173 a1e2 | 0100 0049 | 8380 e801 

  0x000001e24291c654: ;   {metadata(method data for {method} {0x000001e2a02d3180} 'setRelease' '(Ljava/lang/invoke/VarHandle;Ljava/lang/Object;I)V' in 'java/lang/invoke/VarHandleInts$FieldInstanceReadWrite')}
  0x000001e24291c654: 0000 0149 | b860 6673 | a1e2 0100 | 0045 8b88 | cc00 0000 | 4183 c102 | 4589 88cc | 0000 0041 
  0x000001e24291c674: 81e1 feff | 1f00 4585 | c90f 84f1 

  0x000001e24291c680: ;   {oop(a 'java/lang/Class'{0x0000000600f6ef10} = 'java/util/concurrent/FutureTask')}
  0x000001e24291c680: 1500 0049 | b810 eff6 | 0006 0000 

  0x000001e24291c68c: ;   {metadata(method data for {method} {0x000001e2a02d3180} 'setRelease' '(Ljava/lang/invoke/VarHandle;Ljava/lang/Object;I)V' in 'java/lang/invoke/VarHandleInts$FieldInstanceReadWrite')}
  0x000001e24291c68c: 0049 b960 | 6673 a1e2 | 0100 0049 | 8381 4801 

  0x000001e24291c69c: ;   {metadata(method data for {method} {0x000001e25f465068} 'cast' '(Ljava/lang/Object;)Ljava/lang/Object;' in 'java/lang/Class')}
  0x000001e24291c69c: 0000 0149 | b8a0 581b | a0e2 0100 | 0045 8b88 | cc00 0000 | 4183 c102 | 4589 88cc | 0000 0041 
  0x000001e24291c6bc: 81e1 feff | 1f00 4585 | c90f 84ca 

  0x000001e24291c6c8: ;   {metadata(method data for {method} {0x000001e25f465068} 'cast' '(Ljava/lang/Object;)Ljava/lang/Object;' in 'java/lang/Class')}
  0x000001e24291c6c8: 1500 0049 | b8a0 581b | a0e2 0100 | 0041 ff80 | 2001 0000 

  0x000001e24291c6dc: ;   {oop(a 'java/lang/Class'{0x0000000600f6ef10} = 'java/util/concurrent/FutureTask')}
  0x000001e24291c6dc: 49b8 10ef | f600 0600 

  0x000001e24291c6e4: ;   {metadata(method data for {method} {0x000001e25f465068} 'cast' '(Ljava/lang/Object;)Ljava/lang/Object;' in 'java/lang/Class')}
  0x000001e24291c6e4: 0000 49b9 | a058 1ba0 | e201 0000 | 4983 8130 | 0100 0001 | 4885 d20f | 8429 0000 

  0x000001e24291c700: ;   {metadata('java/util/concurrent/FutureTask')}
  0x000001e24291c700: 0048 bed8 | 6632 60e2 | 0100 008b | 7a08 49ba | 0000 005f | e201 0000 | 4903 fa48 | 3b77 380f 
  0x000001e24291c720: 8505 0000 | 00e9 0500 | 0000 4d33 | c0eb 0749 | c7c0 0100 | 0000 4585 

  0x000001e24291c738: ;   {metadata(method data for {method} {0x000001e25f465068} 'cast' '(Ljava/lang/Object;)Ljava/lang/Object;' in 'java/lang/Class')}
  0x000001e24291c738: c049 b8a0 | 581b a0e2 | 0100 0049 | c7c1 7801 | 0000 7407 | 49c7 c168 | 0100 004b | 8b3c 0848 
  0x000001e24291c758: 8d7f 014b | 893c 080f | 8409 0600 

  0x000001e24291c764: ;   {metadata(method data for {method} {0x000001e2a02d3180} 'setRelease' '(Ljava/lang/invoke/VarHandle;Ljava/lang/Object;I)V' in 'java/lang/invoke/VarHandleInts$FieldInstanceReadWrite')}
  0x000001e24291c764: 0049 b860 | 6673 a1e2 | 0100 0049 | 8380 8001 

  0x000001e24291c774: ;   {metadata(method data for {method} {0x000001e25f056488} 'requireNonNull' '(Ljava/lang/Object;)Ljava/lang/Object;' in 'java/util/Objects')}
  0x000001e24291c774: 0000 0149 | b818 f300 | a0e2 0100 | 0045 8b88 | cc00 0000 | 4183 c102 | 4589 88cc | 0000 0041 
  0x000001e24291c794: 81e1 feff | 1f00 4585 | c90f 8413 

  0x000001e24291c7a0: ;   {metadata(method data for {method} {0x000001e25f056488} 'requireNonNull' '(Ljava/lang/Object;)Ljava/lang/Object;' in 'java/util/Objects')}
  0x000001e24291c7a0: 1500 0049 | b818 f300 | a0e2 0100 | 0041 ff80 | 1001 0000 

  0x000001e24291c7b4: ;   {metadata(method data for {method} {0x000001e2a02d3180} 'setRelease' '(Ljava/lang/invoke/VarHandle;Ljava/lang/Object;I)V' in 'java/lang/invoke/VarHandleInts$FieldInstanceReadWrite')}
  0x000001e24291c7b4: 49b8 6066 | 73a1 e201 | 0000 4d8d | 80c8 0100 

  0x000001e24291c7c4: ;   {metadata('java/util/concurrent/FutureTask')}
  0x000001e24291c7c4: 0049 b9d8 | 6632 60e2 | 0100 004d | 8bd1 4d33 | 4808 49f7 | c1fc ffff | ff74 2b41 | f6c1 0275 
  0x000001e24291c7e4: 2549 f740 | 08fe ffff | ff74 174d | 8bca 4d33 | 4808 49f7 | c1fc ffff | ff74 0b49 | 8348 0802 
  0x000001e24291c804: eb04 4d89 

  0x000001e24291c808: ;   {oop(a 'jdk/internal/misc/Unsafe'{0x00000006010020b8})}
  0x000001e24291c808: 4808 48be | b820 0001 | 0600 0000 

  0x000001e24291c814: ;   {metadata(method data for {method} {0x000001e2a02d3180} 'setRelease' '(Ljava/lang/invoke/VarHandle;Ljava/lang/Object;I)V' in 'java/lang/invoke/VarHandleInts$FieldInstanceReadWrite')}
  0x000001e24291c814: 4c8b c649 | b960 6673 | a1e2 0100 | 0049 8381 | 9001 0000 | 0149 c7c1 | 0c00 0000 | 4c8b c2bf 
  0x000001e24291c834: 0200 0000 | 488b d60f 

  0x000001e24291c83c: ;   {optimized virtual_call}
  0x000001e24291c83c: 1f40 00e8 

  0x000001e24291c840: ; ImmutableOopMap {[232]=Oop }
                      ;*invokevirtual putIntRelease {reexecute=0 rethrow=0 return_oop=0}
                      ; - java.lang.invoke.VarHandleInts$FieldInstanceReadWrite::setRelease@24 (line 170)
                      ; - java.lang.invoke.VarHandleGuards::guard_LI_V@45 (line 122)
                      ; - java.util.concurrent.FutureTask::set@22 (line 284)
                      ; - java.util.concurrent.FutureTask::run@68 (line 325)
  0x000001e24291c840: fce6 2f07 

  0x000001e24291c844: ;   {other}
  0x000001e24291c844: 0f1f 8400 | 3422 0003 

  0x000001e24291c84c: ;   {metadata(method data for {method} {0x000001e25f156248} 'guard_LI_V' '(Ljava/lang/invoke/VarHandle;Ljava/lang/Object;ILjava/lang/invoke/VarHandle$AccessDescriptor;)V' in 'java/lang/invoke/VarHandleGuards')}
  0x000001e24291c84c: 48ba 3061 | 73a1 e201 | 0000 ff82 | 2002 0000 | 488b 9424 | e800 0000 

  0x000001e24291c864: ;   {metadata(method data for {method} {0x000001e2a17e9c68} 'set' '(Ljava/lang/Object;)V' in 'java/util/concurrent/FutureTask')}
  0x000001e24291c864: 48be f86c | 73a1 e201 | 0000 4883 | 86d0 0100 | 0001 488b | 9424 e800 

  0x000001e24291c87c: ;   {optimized virtual_call}
  0x000001e24291c87c: 0000 90e8 

  0x000001e24291c880: ; ImmutableOopMap {[232]=Oop }
                      ;*invokevirtual finishCompletion {reexecute=0 rethrow=0 return_oop=0}
                      ; - java.util.concurrent.FutureTask::set@26 (line 285)
                      ; - java.util.concurrent.FutureTask::run@68 (line 325)
  0x000001e24291c880: 1c43 0200 

  0x000001e24291c884: ;   {other}
  0x000001e24291c884: 0f1f 8400 | 7422 0004 | 488b 9424 | e800 0000 

  0x000001e24291c894: ;   {oop(nullptr)}
  0x000001e24291c894: 48be 0000 | 0000 0000 | 0000 410f | be7f 4085 | ff0f 852c | 1400 004c | 8bd6 49c1 | ea03 4489 
  0x000001e24291c8b4: 5218 f083 | 4424 c000 | 488b fa48 | 33fe 48c1 | ef16 4883 | ff00 0f85 | 2614 0000 | 8b72 0c83 
  0x000001e24291c8d4: ;   {metadata(method data for {method} {0x000001e2a17e9f18} 'run' '()V' in 'java/util/concurrent/FutureTask')}
  0x000001e24291c8d4: fe05 48bf | 6858 73a1 | e201 0000 | 48c7 c3e0 | 0200 007c | 0748 c7c3 | f002 0000 | 488b 041f 
  0x000001e24291c8f4: 488d 4001 | 4889 041f | 0f8c 3004 | 0000 488b 

  0x000001e24291c904: ;   {metadata(method data for {method} {0x000001e2a17e9f18} 'run' '()V' in 'java/util/concurrent/FutureTask')}
  0x000001e24291c904: fa48 bb68 | 5873 a1e2 | 0100 0048 | 8383 0003 

  0x000001e24291c914: ;   {metadata(method data for {method} {0x000001e2a17ea1e8} 'handlePossibleCancellationInterrupt' '(I)V' in 'java/util/concurrent/FutureTask')}
  0x000001e24291c914: 0000 0148 | bf48 6f73 | a1e2 0100 | 008b 9fcc | 0000 0083 | c302 899f | cc00 0000 | 81e3 feff 
  0x000001e24291c934: 1f00 85db | 0f84 d013 | 0000 83fe 

  0x000001e24291c940: ;   {metadata(method data for {method} {0x000001e2a17ea1e8} 'handlePossibleCancellationInterrupt' '(I)V' in 'java/util/concurrent/FutureTask')}
  0x000001e24291c940: 0548 be48 | 6f73 a1e2 | 0100 0048 | c7c7 1001 | 0000 7507 | 48c7 c720 | 0100 0048 | 8b1c 3e48 
  0x000001e24291c960: 8d5b 0148 | 891c 3e0f | 85c5 0300 | 0066 6690 | 8b72 0c83 

  0x000001e24291c974: ;   {metadata(method data for {method} {0x000001e2a17ea1e8} 'handlePossibleCancellationInterrupt' '(I)V' in 'java/util/concurrent/FutureTask')}
  0x000001e24291c974: fe05 48be | 486f 73a1 | e201 0000 | 48c7 c730 | 0100 0075 | 0748 c7c7 | 4001 0000 | 488b 1c3e 
  0x000001e24291c994: 488d 5b01 | 4889 1c3e | 0f85 9003 

  0x000001e24291c9a0: ;   {metadata(method data for {method} {0x000001e2a17ea1e8} 'handlePossibleCancellationInterrupt' '(I)V' in 'java/util/concurrent/FutureTask')}
  0x000001e24291c9a0: 0000 48be | 486f 73a1 | e201 0000 | 4883 8650 | 0100 0001 

  0x000001e24291c9b4: ;   {metadata(method data for {method} {0x000001e25f429fc8} 'yield' '()V' in 'java/lang/Thread')}
  0x000001e24291c9b4: 48be d885 | 39a0 e201 | 0000 8bbe | cc00 0000 | 83c7 0289 | becc 0000 | 0081 e7fe | ff1f 0085 
  0x000001e24291c9d4: ff0f 8454 

  0x000001e24291c9d8: ;   {metadata(method data for {method} {0x000001e25f429fc8} 'yield' '()V' in 'java/lang/Thread')}
  0x000001e24291c9d8: 1300 0048 | bed8 8539 | a0e2 0100 | 0048 8386 | 1001 0000 | 0149 8bb7 | 8003 0000 | 488b 3648 
  0x000001e24291c9f8: 85f6 7516 

  0x000001e24291c9fc: ;   {metadata(method data for {method} {0x000001e25f429fc8} 'yield' '()V' in 'java/lang/Thread')}
  0x000001e24291c9fc: 48b8 d885 | 39a0 e201 | 0000 8088 | 1901 0000 | 01e9 cc00 

  0x000001e24291ca10: ;   {metadata('java/lang/VirtualThread')}
  0x000001e24291ca10: 0000 48b9 | 589d 025f | e201 0000 | 8b5e 0849 | ba00 0000 | 5fe2 0100 | 0049 03da | 483b cb0f 
  0x000001e24291ca30: 858d 0000 

  0x000001e24291ca34: ;   {metadata(method data for {method} {0x000001e25f429fc8} 'yield' '()V' in 'java/lang/Thread')}
  0x000001e24291ca34: 0048 b8d8 | 8539 a0e2 | 0100 008b | 4e08 49ba | 0000 005f | e201 0000 | 4903 ca48 | 3b88 3001 
  0x000001e24291ca54: 0000 750d | 4883 8038 | 0100 0001 | e97e 0000 | 0048 3b88 | 4001 0000 | 750d 4883 | 8048 0100 
  0x000001e24291ca74: 0001 e968 | 0000 0048 | 83b8 3001 | 0000 0075 | 1748 8988 | 3001 0000 | 48c7 8038 | 0100 0001 
  0x000001e24291ca94: 0000 00e9 | 4700 0000 | 4883 b840 | 0100 0000 | 7517 4889 | 8840 0100 | 0048 c780 | 4801 0000 
  0x000001e24291cab4: 0100 0000 | e926 0000 | 00e9 2100 

  0x000001e24291cac0: ;   {metadata(method data for {method} {0x000001e25f429fc8} 'yield' '()V' in 'java/lang/Thread')}
  0x000001e24291cac0: 0000 48b8 | d885 39a0 | e201 0000 | 4883 a820 | 0100 0001 | e905 0000 | 00e9 0500 | 0000 4833 
  0x000001e24291cae0: ffeb 0748 | c7c7 0100 | 0000 85ff 

  0x000001e24291caec: ;   {metadata(method data for {method} {0x000001e25f429fc8} 'yield' '()V' in 'java/lang/Thread')}
  0x000001e24291caec: 48bf d885 | 39a0 e201 | 0000 48c7 | c358 0100 | 0074 0748 | c7c3 6801 | 0000 488b | 041f 488d 
  0x000001e24291cb0c: 4001 4889 | 041f 0f84 | a901 0000 | 4885 f675 

  0x000001e24291cb1c: ;   {metadata(method data for {method} {0x000001e25f429fc8} 'yield' '()V' in 'java/lang/Thread')}
  0x000001e24291cb1c: 1648 bbd8 | 8539 a0e2 | 0100 0080 | 8b71 0100 | 0001 e9cc 

  0x000001e24291cb30: ;   {metadata('java/lang/VirtualThread')}
  0x000001e24291cb30: 0000 0048 | b858 9d02 | 5fe2 0100 | 008b 7e08 | 49ba 0000 | 005f e201 | 0000 4903 | fa48 3bc7 
  0x000001e24291cb50: 0f85 8d00 

  0x000001e24291cb54: ;   {metadata(method data for {method} {0x000001e25f429fc8} 'yield' '()V' in 'java/lang/Thread')}
  0x000001e24291cb54: 0000 48bb | d885 39a0 | e201 0000 | 8b46 0849 | ba00 0000 | 5fe2 0100 | 0049 03c2 | 483b 8388 
  0x000001e24291cb74: 0100 0075 | 0d48 8383 | 9001 0000 | 01e9 7900 | 0000 483b | 8398 0100 | 0075 0d48 | 8383 a001 
  0x000001e24291cb94: 0000 01e9 | 6300 0000 | 4883 bb88 | 0100 0000 | 7517 4889 | 8388 0100 | 0048 c783 | 9001 0000 
  0x000001e24291cbb4: 0100 0000 | e942 0000 | 0048 83bb | 9801 0000 | 0075 1748 | 8983 9801 | 0000 48c7 | 83a0 0100 
  0x000001e24291cbd4: 0001 0000 | 00e9 2100 | 0000 e91c 

  0x000001e24291cbe0: ;   {metadata(method data for {method} {0x000001e25f429fc8} 'yield' '()V' in 'java/lang/Thread')}
  0x000001e24291cbe0: 0000 0048 | bbd8 8539 | a0e2 0100 | 0048 83ab | 7801 0000 | 01e9 5611 | 0000 e900 | 0000 0048 
  0x000001e24291cc00: 3b06 488b 

  0x000001e24291cc04: ;   {metadata(method data for {method} {0x000001e25f429fc8} 'yield' '()V' in 'java/lang/Thread')}
  0x000001e24291cc04: fe48 bbd8 | 8539 a0e2 | 0100 008b | 7f08 49ba | 0000 005f | e201 0000 | 4903 fa48 | 3bbb c001 
  0x000001e24291cc24: 0000 750d | 4883 83c8 | 0100 0001 | e960 0000 | 0048 3bbb | d001 0000 | 750d 4883 | 83d8 0100 
  0x000001e24291cc44: 0001 e94a | 0000 0048 | 83bb c001 | 0000 0075 | 1748 89bb | c001 0000 | 48c7 83c8 | 0100 0001 
  0x000001e24291cc64: 0000 00e9 | 2900 0000 | 4883 bbd0 | 0100 0000 | 7517 4889 | bbd0 0100 | 0048 c783 | d801 0000 
  0x000001e24291cc84: 0100 0000 | e908 0000 | 0048 8383 | b001 0000 | 0148 8bd6 | 0f1f 8000 

  0x000001e24291cc9c: ;   {optimized virtual_call}
  0x000001e24291cc9c: 0000 00e8 

  0x000001e24291cca0: ; ImmutableOopMap {[232]=Oop }
                      ;*invokevirtual tryYield {reexecute=0 rethrow=0 return_oop=0}
                      ; - java.lang.Thread::yield@17 (line 443)
                      ; - java.util.concurrent.FutureTask::handlePossibleCancellationInterrupt@13 (line 386)
                      ; - java.util.concurrent.FutureTask::run@88 (line 335)
  0x000001e24291cca0: dc1d a206 

  0x000001e24291cca4: ;   {other}
  0x000001e24291cca4: 0f1f 8400 | 9426 0005 

  0x000001e24291ccac: ;   {metadata(method data for {method} {0x000001e25f429fc8} 'yield' '()V' in 'java/lang/Thread')}
  0x000001e24291ccac: 48be d885 | 39a0 e201 | 0000 ff86 | e801 0000 | e923 0000 

  0x000001e24291ccc0: ;   {metadata(method data for {method} {0x000001e25f429fc8} 'yield' '()V' in 'java/lang/Thread')}
  0x000001e24291ccc0: 0048 bed8 | 8539 a0e2 | 0100 0048 | 8386 0002 | 0000 010f 

  0x000001e24291ccd4: ;   {static_call}
  0x000001e24291ccd4: 1f40 00e8 

  0x000001e24291ccd8: ; ImmutableOopMap {[232]=Oop }
                      ;*invokestatic yield0 {reexecute=0 rethrow=0 return_oop=0}
                      ; - java.lang.Thread::yield@23 (line 445)
                      ; - java.util.concurrent.FutureTask::handlePossibleCancellationInterrupt@13 (line 386)
                      ; - java.util.concurrent.FutureTask::run@88 (line 335)
  0x000001e24291ccd8: a423 a206 

  0x000001e24291ccdc: ;   {other}
  0x000001e24291ccdc: 0f1f 8400 | cc26 0006 

  0x000001e24291cce4: ;   {metadata(method data for {method} {0x000001e2a17ea1e8} 'handlePossibleCancellationInterrupt' '(I)V' in 'java/util/concurrent/FutureTask')}
  0x000001e24291cce4: 48ba 486f | 73a1 e201 | 0000 8bb2 | d000 0000 | 83c6 0289 | b2d0 0000 | 0081 e6fe | 3f00 0085 
  0x000001e24291cd04: f60f 8453 | 1000 004d | 8b97 5004 

  0x000001e24291cd10: ; ImmutableOopMap {[232]=Oop }
                      ;*goto {reexecute=1 rethrow=0 return_oop=0}
                      ; - (reexecute) java.util.concurrent.FutureTask::handlePossibleCancellationInterrupt@16 (line 386)
                      ; - java.util.concurrent.FutureTask::run@88 (line 335)
                      ;   {poll}
  0x000001e24291cd10: 0000 4185 

  0x000001e24291cd14: ;   {metadata(method data for {method} {0x000001e2a17ea1e8} 'handlePossibleCancellationInterrupt' '(I)V' in 'java/util/concurrent/FutureTask')}
  0x000001e24291cd14: 0248 ba48 | 6f73 a1e2 | 0100 00ff | 8260 0100 | 0048 8b94 | 24e8 0000 | 00e9 3efc 

  0x000001e24291cd30: ;   {metadata(method data for {method} {0x000001e2a17e9f18} 'run' '()V' in 'java/util/concurrent/FutureTask')}
  0x000001e24291cd30: ffff 48ba | 6858 73a1 | e201 0000 | ff82 3803 | 0000 4881 | c450 0100 

  0x000001e24291cd48: ;   {poll_return}
  0x000001e24291cd48: 005d 493b | a748 0400 | 000f 8728 | 1000 00c3 | 4881 c450 | 0100 005d 

  0x000001e24291cd60: ;   {poll_return}
  0x000001e24291cd60: 493b a748 | 0400 000f | 8728 1000 

  0x000001e24291cd6c: ;   {metadata('java/lang/ClassCastException')}
  0x000001e24291cd6c: 00c3 48ba | 60ae 065f | e201 0000 | 498b 87b8 | 0100 0048 | 8d78 2849 | 3bbf c801 | 0000 0f87 
  0x000001e24291cd8c: 1b10 0000 | 4989 bfb8 | 0100 0048 | c700 0100 | 0000 488b | ca49 ba00 | 0000 5fe2 | 0100 0049 
  0x000001e24291cdac: 2bca 8948 | 0848 33c9 | 8948 0c48 | 33c9 4889 | 4810 4889 | 4818 4889 

  0x000001e24291cdc4: ;   {oop(a 'java/lang/Class'{0x0000000600f6ef10} = 'java/util/concurrent/FutureTask')}
  0x000001e24291cdc4: 4820 48ba | 10ef f600 | 0600 0000 

  0x000001e24291cdd0: ;   {metadata(method data for {method} {0x000001e25f465068} 'cast' '(Ljava/lang/Object;)Ljava/lang/Object;' in 'java/lang/Class')}
  0x000001e24291cdd0: 4c8b c248 | bea0 581b | a0e2 0100 | 0048 8386 | 8801 0000 | 014c 8b84 | 24e8 0000 | 0048 8984 
  0x000001e24291cdf0: 24f0 0000 

  0x000001e24291cdf4: ;   {optimized virtual_call}
  0x000001e24291cdf4: 0066 90e8 

  0x000001e24291cdf8: ; ImmutableOopMap {[232]=Oop [240]=Oop }
                      ;*invokevirtual cannotCastMsg {reexecute=0 rethrow=0 return_oop=0}
                      ; - java.lang.Class::cast@18 (line 4067)
                      ; - java.lang.invoke.VarHandleInts$FieldInstanceReadWrite::setRelease@13 (line 170)
                      ; - java.lang.invoke.VarHandleGuards::guard_LI_V@45 (line 122)
                      ; - java.util.concurrent.FutureTask::set@22 (line 284)
                      ; - java.util.concurrent.FutureTask::run@68 (line 325)
  0x000001e24291cdf8: 841c a206 

  0x000001e24291cdfc: ;   {other}
  0x000001e24291cdfc: 0f1f 8400 | ec27 0008 | 4c8b 8424 | f000 0000 

  0x000001e24291ce0c: ;   {metadata(method data for {method} {0x000001e25f465068} 'cast' '(Ljava/lang/Object;)Ljava/lang/Object;' in 'java/lang/Class')}
  0x000001e24291ce0c: 48ba a058 | 1ba0 e201 | 0000 4883 | 82c0 0100 | 0001 4c8b | c048 8b94 | 24f0 0000 | 0066 0f1f 
  0x000001e24291ce2c: ;   {optimized virtual_call}
  0x000001e24291ce2c: 4400 00e8 

  0x000001e24291ce30: ; ImmutableOopMap {[232]=Oop [240]=Oop }
                      ;*invokespecial <init> {reexecute=0 rethrow=0 return_oop=0}
                      ; - java.lang.Class::cast@21 (line 4067)
                      ; - java.lang.invoke.VarHandleInts$FieldInstanceReadWrite::setRelease@13 (line 170)
                      ; - java.lang.invoke.VarHandleGuards::guard_LI_V@45 (line 122)
                      ; - java.util.concurrent.FutureTask::set@22 (line 284)
                      ; - java.util.concurrent.FutureTask::run@68 (line 325)
  0x000001e24291ce30: 4c1c a206 

  0x000001e24291ce34: ;   {other}
  0x000001e24291ce34: 0f1f 8400 | 2428 0009 | 488b 8424 

  0x000001e24291ce40: ; ImmutableOopMap {rax=Oop [232]=Oop }
                      ;*athrow {reexecute=1 rethrow=0 return_oop=0}
                      ; - (reexecute) java.lang.Class::cast@24 (line 4067)
                      ; - java.lang.invoke.VarHandleInts$FieldInstanceReadWrite::setRelease@13 (line 170)
                      ; - java.lang.invoke.VarHandleGuards::guard_LI_V@45 (line 122)
                      ; - java.util.concurrent.FutureTask::set@22 (line 284)
                      ; - java.util.concurrent.FutureTask::run@68 (line 325)
  0x000001e24291ce40: f000 0000 

  0x000001e24291ce44: ;   {section_word}
  0x000001e24291ce44: 48ba 44ce | 9142 e201 

  0x000001e24291ce4c: ;   {runtime_call handle_exception_nofpu Runtime1 stub}
  0x000001e24291ce4c: 0000 e82d | 55ae 0690 | 4889 8424 | 0001 0000 

  0x000001e24291ce5c: ;   {metadata('java/lang/ClassCastException')}
  0x000001e24291ce5c: 48ba 60ae | 065f e201 | 0000 498b | 87b8 0100 | 0048 8d78 | 2849 3bbf | c801 0000 | 0f87 3a0f 
  0x000001e24291ce7c: 0000 4989 | bfb8 0100 | 0048 c700 | 0100 0000 | 488b ca49 | ba00 0000 | 5fe2 0100 | 0049 2bca 
  0x000001e24291ce9c: 8948 0848 | 33c9 8948 | 0c48 33c9 | 4889 4810 | 4889 4818 | 4889 4820 

  0x000001e24291ceb4: ;   {oop(a 'java/lang/Class'{0x0000000600f6ef10} = 'java/util/concurrent/FutureTask')}
  0x000001e24291ceb4: 48ba 10ef | f600 0600 | 0000 4c8b 

  0x000001e24291cec0: ;   {metadata(method data for {method} {0x000001e25f465068} 'cast' '(Ljava/lang/Object;)Ljava/lang/Object;' in 'java/lang/Class')}
  0x000001e24291cec0: c248 bea0 | 581b a0e2 | 0100 0048 | 8386 8801 | 0000 014c | 8b84 24e8 | 0000 0048 | 8984 24f8 
  0x000001e24291cee0: 0000 000f 

  0x000001e24291cee4: ;   {optimized virtual_call}
  0x000001e24291cee4: 1f40 00e8 

  0x000001e24291cee8: ; ImmutableOopMap {[232]=Oop [248]=Oop [256]=Oop }
                      ;*invokevirtual cannotCastMsg {reexecute=0 rethrow=0 return_oop=0}
                      ; - java.lang.Class::cast@18 (line 4067)
                      ; - java.lang.invoke.VarHandleInts$FieldInstanceReadWrite::compareAndSet@15 (line 178)
                      ; - java.lang.invoke.VarHandleGuards::guard_LII_Z@50 (line 137)
                      ; - java.util.concurrent.FutureTask::set@6 (line 282)
                      ; - java.util.concurrent.FutureTask::run@68 (line 325)
  0x000001e24291cee8: 941b a206 

  0x000001e24291ceec: ;   {other}
  0x000001e24291ceec: 0f1f 8400 | dc28 000b | 4c8b 8424 | f800 0000 

  0x000001e24291cefc: ;   {metadata(method data for {method} {0x000001e25f465068} 'cast' '(Ljava/lang/Object;)Ljava/lang/Object;' in 'java/lang/Class')}
  0x000001e24291cefc: 48ba a058 | 1ba0 e201 | 0000 4883 | 82c0 0100 | 0001 4c8b | c048 8b94 | 24f8 0000 | 0066 0f1f 
  0x000001e24291cf1c: ;   {optimized virtual_call}
  0x000001e24291cf1c: 4400 00e8 

  0x000001e24291cf20: ; ImmutableOopMap {[232]=Oop [248]=Oop [256]=Oop }
                      ;*invokespecial <init> {reexecute=0 rethrow=0 return_oop=0}
                      ; - java.lang.Class::cast@21 (line 4067)
                      ; - java.lang.invoke.VarHandleInts$FieldInstanceReadWrite::compareAndSet@15 (line 178)
                      ; - java.lang.invoke.VarHandleGuards::guard_LII_Z@50 (line 137)
                      ; - java.util.concurrent.FutureTask::set@6 (line 282)
                      ; - java.util.concurrent.FutureTask::run@68 (line 325)
  0x000001e24291cf20: 5c1b a206 

  0x000001e24291cf24: ;   {other}
  0x000001e24291cf24: 0f1f 8400 | 1429 000c | 488b 8424 

  0x000001e24291cf30: ; ImmutableOopMap {rax=Oop [232]=Oop [256]=Oop }
                      ;*athrow {reexecute=1 rethrow=0 return_oop=0}
                      ; - (reexecute) java.lang.Class::cast@24 (line 4067)
                      ; - java.lang.invoke.VarHandleInts$FieldInstanceReadWrite::compareAndSet@15 (line 178)
                      ; - java.lang.invoke.VarHandleGuards::guard_LII_Z@50 (line 137)
                      ; - java.util.concurrent.FutureTask::set@6 (line 282)
                      ; - java.util.concurrent.FutureTask::run@68 (line 325)
  0x000001e24291cf30: f800 0000 

  0x000001e24291cf34: ;   {section_word}
  0x000001e24291cf34: 48ba 34cf | 9142 e201 

  0x000001e24291cf3c: ;   {runtime_call handle_exception_nofpu Runtime1 stub}
  0x000001e24291cf3c: 0000 e83d | 54ae 0690 

  0x000001e24291cf44: ;   {metadata('java/lang/ClassCastException')}
  0x000001e24291cf44: 48ba 60ae | 065f e201 | 0000 498b | 87b8 0100 | 0048 8d78 | 2849 3bbf | c801 0000 | 0f87 5f0e 
  0x000001e24291cf64: 0000 4989 | bfb8 0100 | 0048 c700 | 0100 0000 | 488b ca49 | ba00 0000 | 5fe2 0100 | 0049 2bca 
  0x000001e24291cf84: 8948 0848 | 33c9 8948 | 0c48 33c9 | 4889 4810 | 4889 4818 | 4889 4820 

  0x000001e24291cf9c: ;   {oop(a 'java/lang/Class'{0x0000000600f6ef10} = 'java/util/concurrent/FutureTask')}
  0x000001e24291cf9c: 48ba 10ef | f600 0600 | 0000 4c8b 

  0x000001e24291cfa8: ;   {metadata(method data for {method} {0x000001e25f465068} 'cast' '(Ljava/lang/Object;)Ljava/lang/Object;' in 'java/lang/Class')}
  0x000001e24291cfa8: c248 bea0 | 581b a0e2 | 0100 0048 | 8386 8801 | 0000 014c | 8b84 24e8 | 0000 0048 | 8984 2408 
  0x000001e24291cfc8: 0100 000f 

  0x000001e24291cfcc: ;   {optimized virtual_call}
  0x000001e24291cfcc: 1f40 00e8 

  0x000001e24291cfd0: ; ImmutableOopMap {[232]=Oop [264]=Oop }
                      ;*invokevirtual cannotCastMsg {reexecute=0 rethrow=0 return_oop=0}
                      ; - java.lang.Class::cast@18 (line 4067)
                      ; - java.lang.invoke.VarHandleInts$FieldInstanceReadWrite::setRelease@13 (line 170)
                      ; - java.lang.invoke.VarHandleGuards::guard_LI_V@45 (line 122)
                      ; - java.util.concurrent.FutureTask::setException@22 (line 302)
                      ; - java.util.concurrent.FutureTask::run@59 (line 322)
  0x000001e24291cfd0: ac1a a206 

  0x000001e24291cfd4: ;   {other}
  0x000001e24291cfd4: 0f1f 8400 | c429 000e | 4c8b 8424 | 0801 0000 

  0x000001e24291cfe4: ;   {metadata(method data for {method} {0x000001e25f465068} 'cast' '(Ljava/lang/Object;)Ljava/lang/Object;' in 'java/lang/Class')}
  0x000001e24291cfe4: 48ba a058 | 1ba0 e201 | 0000 4883 | 82c0 0100 | 0001 4c8b | c048 8b94 | 2408 0100 | 0066 0f1f 
  0x000001e24291d004: ;   {optimized virtual_call}
  0x000001e24291d004: 4400 00e8 

  0x000001e24291d008: ; ImmutableOopMap {[232]=Oop [264]=Oop }
                      ;*invokespecial <init> {reexecute=0 rethrow=0 return_oop=0}
                      ; - java.lang.Class::cast@21 (line 4067)
                      ; - java.lang.invoke.VarHandleInts$FieldInstanceReadWrite::setRelease@13 (line 170)
                      ; - java.lang.invoke.VarHandleGuards::guard_LI_V@45 (line 122)
                      ; - java.util.concurrent.FutureTask::setException@22 (line 302)
                      ; - java.util.concurrent.FutureTask::run@59 (line 322)
  0x000001e24291d008: 741a a206 

  0x000001e24291d00c: ;   {other}
  0x000001e24291d00c: 0f1f 8400 | fc29 000f | 488b 8424 

  0x000001e24291d018: ; ImmutableOopMap {rax=Oop [232]=Oop }
                      ;*athrow {reexecute=1 rethrow=0 return_oop=0}
                      ; - (reexecute) java.lang.Class::cast@24 (line 4067)
                      ; - java.lang.invoke.VarHandleInts$FieldInstanceReadWrite::setRelease@13 (line 170)
                      ; - java.lang.invoke.VarHandleGuards::guard_LI_V@45 (line 122)
                      ; - java.util.concurrent.FutureTask::setException@22 (line 302)
                      ; - java.util.concurrent.FutureTask::run@59 (line 322)
  0x000001e24291d018: 0801 0000 

  0x000001e24291d01c: ;   {section_word}
  0x000001e24291d01c: 48ba 1cd0 | 9142 e201 

  0x000001e24291d024: ;   {runtime_call handle_exception_nofpu Runtime1 stub}
  0x000001e24291d024: 0000 e855 | 53ae 0690 | 4889 8424 | 1801 0000 

  0x000001e24291d034: ;   {metadata('java/lang/ClassCastException')}
  0x000001e24291d034: 48ba 60ae | 065f e201 | 0000 498b | 87b8 0100 | 0048 8d78 | 2849 3bbf | c801 0000 | 0f87 7c0d 
  0x000001e24291d054: 0000 4989 | bfb8 0100 | 0048 c700 | 0100 0000 | 488b ca49 | ba00 0000 | 5fe2 0100 | 0049 2bca 
  0x000001e24291d074: 8948 0848 | 33c9 8948 | 0c48 33c9 | 4889 4810 | 4889 4818 | 4889 4820 

  0x000001e24291d08c: ;   {oop(a 'java/lang/Class'{0x0000000600f6ef10} = 'java/util/concurrent/FutureTask')}
  0x000001e24291d08c: 48ba 10ef | f600 0600 | 0000 4c8b 

  0x000001e24291d098: ;   {metadata(method data for {method} {0x000001e25f465068} 'cast' '(Ljava/lang/Object;)Ljava/lang/Object;' in 'java/lang/Class')}
  0x000001e24291d098: c248 bea0 | 581b a0e2 | 0100 0048 | 8386 8801 | 0000 014c | 8b84 24e8 | 0000 0048 | 8984 2410 
  0x000001e24291d0b8: 0100 000f 

  0x000001e24291d0bc: ;   {optimized virtual_call}
  0x000001e24291d0bc: 1f40 00e8 

  0x000001e24291d0c0: ; ImmutableOopMap {[232]=Oop [272]=Oop [280]=Oop }
                      ;*invokevirtual cannotCastMsg {reexecute=0 rethrow=0 return_oop=0}
                      ; - java.lang.Class::cast@18 (line 4067)
                      ; - java.lang.invoke.VarHandleInts$FieldInstanceReadWrite::compareAndSet@15 (line 178)
                      ; - java.lang.invoke.VarHandleGuards::guard_LII_Z@50 (line 137)
                      ; - java.util.concurrent.FutureTask::setException@6 (line 300)
                      ; - java.util.concurrent.FutureTask::run@59 (line 322)
  0x000001e24291d0c0: bc19 a206 

  0x000001e24291d0c4: ;   {other}
  0x000001e24291d0c4: 0f1f 8400 | b42a 0011 | 4c8b 8424 | 1001 0000 

  0x000001e24291d0d4: ;   {metadata(method data for {method} {0x000001e25f465068} 'cast' '(Ljava/lang/Object;)Ljava/lang/Object;' in 'java/lang/Class')}
  0x000001e24291d0d4: 48ba a058 | 1ba0 e201 | 0000 4883 | 82c0 0100 | 0001 4c8b | c048 8b94 | 2410 0100 | 0066 0f1f 
  0x000001e24291d0f4: ;   {optimized virtual_call}
  0x000001e24291d0f4: 4400 00e8 

  0x000001e24291d0f8: ; ImmutableOopMap {[232]=Oop [272]=Oop [280]=Oop }
                      ;*invokespecial <init> {reexecute=0 rethrow=0 return_oop=0}
                      ; - java.lang.Class::cast@21 (line 4067)
                      ; - java.lang.invoke.VarHandleInts$FieldInstanceReadWrite::compareAndSet@15 (line 178)
                      ; - java.lang.invoke.VarHandleGuards::guard_LII_Z@50 (line 137)
                      ; - java.util.concurrent.FutureTask::setException@6 (line 300)
                      ; - java.util.concurrent.FutureTask::run@59 (line 322)
  0x000001e24291d0f8: 8419 a206 

  0x000001e24291d0fc: ;   {other}
  0x000001e24291d0fc: 0f1f 8400 | ec2a 0012 | 488b 8424 

  0x000001e24291d108: ; ImmutableOopMap {rax=Oop [232]=Oop [280]=Oop }
                      ;*athrow {reexecute=1 rethrow=0 return_oop=0}
                      ; - (reexecute) java.lang.Class::cast@24 (line 4067)
                      ; - java.lang.invoke.VarHandleInts$FieldInstanceReadWrite::compareAndSet@15 (line 178)
                      ; - java.lang.invoke.VarHandleGuards::guard_LII_Z@50 (line 137)
                      ; - java.util.concurrent.FutureTask::setException@6 (line 300)
                      ; - java.util.concurrent.FutureTask::run@59 (line 322)
  0x000001e24291d108: 1001 0000 

  0x000001e24291d10c: ;   {section_word}
  0x000001e24291d10c: 48ba 0cd1 | 9142 e201 

  0x000001e24291d114: ;   {runtime_call handle_exception_nofpu Runtime1 stub}
  0x000001e24291d114: 0000 e865 | 52ae 0690 | 498b 87f8 | 0400 004d | 33d2 4d89 | 97f8 0400 | 004d 33d2 | 4d89 9700 
  0x000001e24291d134: 0500 0048 | 8984 2420 | 0100 0048 | 8b94 24e8 

  0x000001e24291d144: ;   {oop(nullptr)}
  0x000001e24291d144: 0000 0048 | be00 0000 | 0000 0000 | 0041 0fbe | 7f40 85ff | 0f85 810c | 0000 4c8b | d649 c1ea 
  0x000001e24291d164: 0344 8952 | 18f0 8344 | 24c0 0048 | 8bfa 4833 | fe48 c1ef | 1648 83ff | 000f 857b | 0c00 008b 
  0x000001e24291d184: 720c 83fe 

  0x000001e24291d188: ;   {metadata(method data for {method} {0x000001e2a17e9f18} 'run' '()V' in 'java/util/concurrent/FutureTask')}
  0x000001e24291d188: 0548 bf68 | 5873 a1e2 | 0100 0048 | c7c3 5003 | 0000 7c07 | 48c7 c360 | 0300 0048 | 8b0c 1f48 
  0x000001e24291d1a8: 8d49 0148 | 890c 1f0f | 8c35 0400 | 0048 8bfa 

  0x000001e24291d1b8: ;   {metadata(method data for {method} {0x000001e2a17e9f18} 'run' '()V' in 'java/util/concurrent/FutureTask')}
  0x000001e24291d1b8: 48bb 6858 | 73a1 e201 | 0000 4883 | 8370 0300 

  0x000001e24291d1c8: ;   {metadata(method data for {method} {0x000001e2a17ea1e8} 'handlePossibleCancellationInterrupt' '(I)V' in 'java/util/concurrent/FutureTask')}
  0x000001e24291d1c8: 0001 48bf | 486f 73a1 | e201 0000 | 8b9f cc00 | 0000 83c3 | 0289 9fcc | 0000 0081 | e3fe ff1f 
  0x000001e24291d1e8: 0085 db0f | 8425 0c00 | 0083 fe05 

  0x000001e24291d1f4: ;   {metadata(method data for {method} {0x000001e2a17ea1e8} 'handlePossibleCancellationInterrupt' '(I)V' in 'java/util/concurrent/FutureTask')}
  0x000001e24291d1f4: 48be 486f | 73a1 e201 | 0000 48c7 | c710 0100 | 0075 0748 | c7c7 2001 | 0000 488b | 1c3e 488d 
  0x000001e24291d214: 5b01 4889 | 1c3e 0f85 | c203 0000 | 8b72 0c83 

  0x000001e24291d224: ;   {metadata(method data for {method} {0x000001e2a17ea1e8} 'handlePossibleCancellationInterrupt' '(I)V' in 'java/util/concurrent/FutureTask')}
  0x000001e24291d224: fe05 48be | 486f 73a1 | e201 0000 | 48c7 c730 | 0100 0075 | 0748 c7c7 | 4001 0000 | 488b 1c3e 
  0x000001e24291d244: 488d 5b01 | 4889 1c3e | 0f85 9003 

  0x000001e24291d250: ;   {metadata(method data for {method} {0x000001e2a17ea1e8} 'handlePossibleCancellationInterrupt' '(I)V' in 'java/util/concurrent/FutureTask')}
  0x000001e24291d250: 0000 48be | 486f 73a1 | e201 0000 | 4883 8650 | 0100 0001 

  0x000001e24291d264: ;   {metadata(method data for {method} {0x000001e25f429fc8} 'yield' '()V' in 'java/lang/Thread')}
  0x000001e24291d264: 48be d885 | 39a0 e201 | 0000 8bbe | cc00 0000 | 83c7 0289 | becc 0000 | 0081 e7fe | ff1f 0085 
  0x000001e24291d284: ff0f 84ac 

  0x000001e24291d288: ;   {metadata(method data for {method} {0x000001e25f429fc8} 'yield' '()V' in 'java/lang/Thread')}
  0x000001e24291d288: 0b00 0048 | bed8 8539 | a0e2 0100 | 0048 8386 | 1001 0000 | 0149 8bb7 | 8003 0000 | 488b 3648 
  0x000001e24291d2a8: 85f6 7516 

  0x000001e24291d2ac: ;   {metadata(method data for {method} {0x000001e25f429fc8} 'yield' '()V' in 'java/lang/Thread')}
  0x000001e24291d2ac: 48b9 d885 | 39a0 e201 | 0000 8089 | 1901 0000 | 01e9 cd00 

  0x000001e24291d2c0: ;   {metadata('java/lang/VirtualThread')}
  0x000001e24291d2c0: 0000 49b8 | 589d 025f | e201 0000 | 8b5e 0849 | ba00 0000 | 5fe2 0100 | 0049 03da | 4c3b c30f 
  0x000001e24291d2e0: 858e 0000 

  0x000001e24291d2e4: ;   {metadata(method data for {method} {0x000001e25f429fc8} 'yield' '()V' in 'java/lang/Thread')}
  0x000001e24291d2e4: 0048 b9d8 | 8539 a0e2 | 0100 0044 | 8b46 0849 | ba00 0000 | 5fe2 0100 | 004d 03c2 | 4c3b 8130 
  0x000001e24291d304: 0100 0075 | 0d48 8381 | 3801 0000 | 01e9 7e00 | 0000 4c3b | 8140 0100 | 0075 0d48 | 8381 4801 
  0x000001e24291d324: 0000 01e9 | 6800 0000 | 4883 b930 | 0100 0000 | 7517 4c89 | 8130 0100 | 0048 c781 | 3801 0000 
  0x000001e24291d344: 0100 0000 | e947 0000 | 0048 83b9 | 4001 0000 | 0075 174c | 8981 4001 | 0000 48c7 | 8148 0100 
  0x000001e24291d364: 0001 0000 | 00e9 2600 | 0000 e921 

  0x000001e24291d370: ;   {metadata(method data for {method} {0x000001e25f429fc8} 'yield' '()V' in 'java/lang/Thread')}
  0x000001e24291d370: 0000 0048 | b9d8 8539 | a0e2 0100 | 0048 83a9 | 2001 0000 | 01e9 0500 | 0000 e905 | 0000 0048 
  0x000001e24291d390: 33ff eb07 | 48c7 c701 | 0000 0085 

  0x000001e24291d39c: ;   {metadata(method data for {method} {0x000001e25f429fc8} 'yield' '()V' in 'java/lang/Thread')}
  0x000001e24291d39c: ff48 bfd8 | 8539 a0e2 | 0100 0048 | c7c3 5801 | 0000 7407 | 48c7 c368 | 0100 0048 | 8b0c 1f48 
  0x000001e24291d3bc: 8d49 0148 | 890c 1f0f | 84a8 0100 | 0048 85f6 

  0x000001e24291d3cc: ;   {metadata(method data for {method} {0x000001e25f429fc8} 'yield' '()V' in 'java/lang/Thread')}
  0x000001e24291d3cc: 7516 48bb | d885 39a0 | e201 0000 | 808b 7101 | 0000 01e9 | cc00 0000 

  0x000001e24291d3e4: ;   {metadata('java/lang/VirtualThread')}
  0x000001e24291d3e4: 48b9 589d | 025f e201 | 0000 8b7e | 0849 ba00 | 0000 5fe2 | 0100 0049 | 03fa 483b | cf0f 858d 
  0x000001e24291d404: ;   {metadata(method data for {method} {0x000001e25f429fc8} 'yield' '()V' in 'java/lang/Thread')}
  0x000001e24291d404: 0000 0048 | bbd8 8539 | a0e2 0100 | 008b 4e08 | 49ba 0000 | 005f e201 | 0000 4903 | ca48 3b8b 
  0x000001e24291d424: 8801 0000 | 750d 4883 | 8390 0100 | 0001 e979 | 0000 0048 | 3b8b 9801 | 0000 750d | 4883 83a0 
  0x000001e24291d444: 0100 0001 | e963 0000 | 0048 83bb | 8801 0000 | 0075 1748 | 898b 8801 | 0000 48c7 | 8390 0100 
  0x000001e24291d464: 0001 0000 | 00e9 4200 | 0000 4883 | bb98 0100 | 0000 7517 | 4889 8b98 | 0100 0048 | c783 a001 
  0x000001e24291d484: 0000 0100 | 0000 e921 | 0000 00e9 | 1c00 0000 

  0x000001e24291d494: ;   {metadata(method data for {method} {0x000001e25f429fc8} 'yield' '()V' in 'java/lang/Thread')}
  0x000001e24291d494: 48bb d885 | 39a0 e201 | 0000 4883 | ab78 0100 | 0001 e9ad | 0900 00e9 | 0000 0000 

  0x000001e24291d4b0: ; implicit exception: dispatches to 0x000001e24291de61
  0x000001e24291d4b0: 483b 0648 

  0x000001e24291d4b4: ;   {metadata(method data for {method} {0x000001e25f429fc8} 'yield' '()V' in 'java/lang/Thread')}
  0x000001e24291d4b4: 8bfe 48bb | d885 39a0 | e201 0000 | 8b7f 0849 | ba00 0000 | 5fe2 0100 | 0049 03fa | 483b bbc0 
  0x000001e24291d4d4: 0100 0075 | 0d48 8383 | c801 0000 | 01e9 6000 | 0000 483b | bbd0 0100 | 0075 0d48 | 8383 d801 
  0x000001e24291d4f4: 0000 01e9 | 4a00 0000 | 4883 bbc0 | 0100 0000 | 7517 4889 | bbc0 0100 | 0048 c783 | c801 0000 
  0x000001e24291d514: 0100 0000 | e929 0000 | 0048 83bb | d001 0000 | 0075 1748 | 89bb d001 | 0000 48c7 | 83d8 0100 
  0x000001e24291d534: 0001 0000 | 00e9 0800 | 0000 4883 | 83b0 0100 | 0001 488b | d666 0f1f 

  0x000001e24291d54c: ;   {optimized virtual_call}
  0x000001e24291d54c: 4400 00e8 

  0x000001e24291d550: ; ImmutableOopMap {[232]=Oop [288]=Oop }
                      ;*invokevirtual tryYield {reexecute=0 rethrow=0 return_oop=0}
                      ; - java.lang.Thread::yield@17 (line 443)
                      ; - java.util.concurrent.FutureTask::handlePossibleCancellationInterrupt@13 (line 386)
                      ; - java.util.concurrent.FutureTask::run@116 (line 335)
  0x000001e24291d550: 2c15 a206 

  0x000001e24291d554: ;   {other}
  0x000001e24291d554: 0f1f 8400 | 442f 0014 

  0x000001e24291d55c: ;   {metadata(method data for {method} {0x000001e25f429fc8} 'yield' '()V' in 'java/lang/Thread')}
  0x000001e24291d55c: 48be d885 | 39a0 e201 | 0000 ff86 | e801 0000 | e923 0000 

  0x000001e24291d570: ;   {metadata(method data for {method} {0x000001e25f429fc8} 'yield' '()V' in 'java/lang/Thread')}
  0x000001e24291d570: 0048 bed8 | 8539 a0e2 | 0100 0048 | 8386 0002 | 0000 010f 

  0x000001e24291d584: ;   {static_call}
  0x000001e24291d584: 1f40 00e8 

  0x000001e24291d588: ; ImmutableOopMap {[232]=Oop [288]=Oop }
                      ;*invokestatic yield0 {reexecute=0 rethrow=0 return_oop=0}
                      ; - java.lang.Thread::yield@23 (line 445)
                      ; - java.util.concurrent.FutureTask::handlePossibleCancellationInterrupt@13 (line 386)
                      ; - java.util.concurrent.FutureTask::run@116 (line 335)
  0x000001e24291d588: f41a a206 

  0x000001e24291d58c: ;   {other}
  0x000001e24291d58c: 0f1f 8400 | 7c2f 0015 

  0x000001e24291d594: ;   {metadata(method data for {method} {0x000001e2a17ea1e8} 'handlePossibleCancellationInterrupt' '(I)V' in 'java/util/concurrent/FutureTask')}
  0x000001e24291d594: 48b8 486f | 73a1 e201 | 0000 8b90 | d000 0000 | 83c2 0289 | 90d0 0000 | 0081 e2fe | 3f00 0085 
  0x000001e24291d5b4: d20f 84ab | 0800 004d | 8b97 5004 

  0x000001e24291d5c0: ; ImmutableOopMap {[232]=Oop [288]=Oop }
                      ;*goto {reexecute=1 rethrow=0 return_oop=0}
                      ; - (reexecute) java.util.concurrent.FutureTask::handlePossibleCancellationInterrupt@16 (line 386)
                      ; - java.util.concurrent.FutureTask::run@116 (line 335)
                      ;   {poll}
  0x000001e24291d5c0: 0000 4185 

  0x000001e24291d5c4: ;   {metadata(method data for {method} {0x000001e2a17ea1e8} 'handlePossibleCancellationInterrupt' '(I)V' in 'java/util/concurrent/FutureTask')}
  0x000001e24291d5c4: 0248 b848 | 6f73 a1e2 | 0100 00ff | 8060 0100 | 0048 8b94 | 24e8 0000 | 00e9 3efc | ffff 488b 
  0x000001e24291d5e4: 8424 2001 | 0000 e9cf 

  0x000001e24291d5ec: ;   {metadata('java/lang/ClassCastException')}
  0x000001e24291d5ec: 0800 0048 | ba60 ae06 | 5fe2 0100 | 0049 8b87 | b801 0000 | 488d 7828 | 493b bfc8 | 0100 000f 
  0x000001e24291d60c: 8776 0800 | 0049 89bf | b801 0000 | 48c7 0001 | 0000 0048 | 8bca 49ba | 0000 005f | e201 0000 
  0x000001e24291d62c: 492b ca89 | 4808 4833 | c989 480c | 4833 c948 | 8948 1048 | 8948 1848 

  0x000001e24291d644: ;   {oop(a 'java/lang/Class'{0x00000006010000f0} = 'java/lang/Thread')}
  0x000001e24291d644: 8948 2048 | baf0 0000 | 0106 0000 | 004c 8bc2 

  0x000001e24291d654: ;   {metadata(method data for {method} {0x000001e25f465068} 'cast' '(Ljava/lang/Object;)Ljava/lang/Object;' in 'java/lang/Class')}
  0x000001e24291d654: 48be a058 | 1ba0 e201 | 0000 4883 | 8688 0100 | 0001 4c8b | c348 8984 | 2428 0100 | 0066 0f1f 
  0x000001e24291d674: ;   {optimized virtual_call}
  0x000001e24291d674: 4400 00e8 

  0x000001e24291d678: ; ImmutableOopMap {[232]=Oop [296]=Oop }
                      ;*invokevirtual cannotCastMsg {reexecute=0 rethrow=0 return_oop=0}
                      ; - java.lang.Class::cast@18 (line 4067)
                      ; - java.lang.invoke.VarHandleReferences$FieldInstanceReadWrite::compareAndSet@41 (line 183)
                      ; - java.lang.invoke.VarHandleGuards::guard_LLL_Z@50 (line 68)
                      ; - java.util.concurrent.FutureTask::run@15 (line 309)
  0x000001e24291d678: 0414 a206 

  0x000001e24291d67c: ;   {other}
  0x000001e24291d67c: 0f1f 8400 | 6c30 0017 | 4c8b 8424 | 2801 0000 

  0x000001e24291d68c: ;   {metadata(method data for {method} {0x000001e25f465068} 'cast' '(Ljava/lang/Object;)Ljava/lang/Object;' in 'java/lang/Class')}
  0x000001e24291d68c: 48ba a058 | 1ba0 e201 | 0000 4883 | 82c0 0100 | 0001 4c8b | c048 8b94 | 2428 0100 | 0066 0f1f 
  0x000001e24291d6ac: ;   {optimized virtual_call}
  0x000001e24291d6ac: 4400 00e8 

  0x000001e24291d6b0: ; ImmutableOopMap {[232]=Oop [296]=Oop }
                      ;*invokespecial <init> {reexecute=0 rethrow=0 return_oop=0}
                      ; - java.lang.Class::cast@21 (line 4067)
                      ; - java.lang.invoke.VarHandleReferences$FieldInstanceReadWrite::compareAndSet@41 (line 183)
                      ; - java.lang.invoke.VarHandleGuards::guard_LLL_Z@50 (line 68)
                      ; - java.util.concurrent.FutureTask::run@15 (line 309)
  0x000001e24291d6b0: cc13 a206 

  0x000001e24291d6b4: ;   {other}
  0x000001e24291d6b4: 0f1f 8400 | a430 0018 | 488b 8424 | 2801 0000 | e9f5 0700 | 0048 899c | 2438 0100 | 004c 8bca 
  0x000001e24291d6d4: ;   {metadata('java/lang/ClassCastException')}
  0x000001e24291d6d4: 48ba 60ae | 065f e201 | 0000 498b | 87b8 0100 | 0048 8d78 | 2849 3bbf | c801 0000 | 0f87 9e07 
  0x000001e24291d6f4: 0000 4989 | bfb8 0100 | 0048 c700 | 0100 0000 | 488b ca49 | ba00 0000 | 5fe2 0100 | 0049 2bca 
  0x000001e24291d714: 8948 0848 | 33c9 8948 | 0c48 33c9 | 4889 4810 | 4889 4818 | 4889 4820 

  0x000001e24291d72c: ;   {oop(a 'java/lang/Class'{0x0000000600f6ef10} = 'java/util/concurrent/FutureTask')}
  0x000001e24291d72c: 48ba 10ef | f600 0600 | 0000 4c8b 

  0x000001e24291d738: ;   {metadata(method data for {method} {0x000001e25f465068} 'cast' '(Ljava/lang/Object;)Ljava/lang/Object;' in 'java/lang/Class')}
  0x000001e24291d738: c248 bea0 | 581b a0e2 | 0100 0048 | 8386 8801 | 0000 014d | 8bc1 4889 | 8424 3001 

  0x000001e24291d754: ;   {optimized virtual_call}
  0x000001e24291d754: 0000 90e8 

  0x000001e24291d758: ; ImmutableOopMap {[232]=Oop [304]=Oop [312]=Oop }
                      ;*invokevirtual cannotCastMsg {reexecute=0 rethrow=0 return_oop=0}
                      ; - java.lang.Class::cast@18 (line 4067)
                      ; - java.lang.invoke.VarHandleReferences$FieldInstanceReadWrite::compareAndSet@15 (line 180)
                      ; - java.lang.invoke.VarHandleGuards::guard_LLL_Z@50 (line 68)
                      ; - java.util.concurrent.FutureTask::run@15 (line 309)
  0x000001e24291d758: 2413 a206 

  0x000001e24291d75c: ;   {other}
  0x000001e24291d75c: 0f1f 8400 | 4c31 0019 | 4c8b 8424 | 3001 0000 

  0x000001e24291d76c: ;   {metadata(method data for {method} {0x000001e25f465068} 'cast' '(Ljava/lang/Object;)Ljava/lang/Object;' in 'java/lang/Class')}
  0x000001e24291d76c: 48ba a058 | 1ba0 e201 | 0000 4883 | 82c0 0100 | 0001 4c8b | c048 8b94 | 2430 0100 | 0066 0f1f 
  0x000001e24291d78c: ;   {optimized virtual_call}
  0x000001e24291d78c: 4400 00e8 

  0x000001e24291d790: ; ImmutableOopMap {[232]=Oop [304]=Oop [312]=Oop }
                      ;*invokespecial <init> {reexecute=0 rethrow=0 return_oop=0}
                      ; - java.lang.Class::cast@21 (line 4067)
                      ; - java.lang.invoke.VarHandleReferences$FieldInstanceReadWrite::compareAndSet@15 (line 180)
                      ; - java.lang.invoke.VarHandleGuards::guard_LLL_Z@50 (line 68)
                      ; - java.util.concurrent.FutureTask::run@15 (line 309)
  0x000001e24291d790: ec12 a206 

  0x000001e24291d794: ;   {other}
  0x000001e24291d794: 0f1f 8400 | 8431 001a | 488b 8424 | 3001 0000 | e915 0700 

  0x000001e24291d7a8: ;   {metadata({method} {0x000001e2a17e9f18} 'run' '()V' in 'java/util/concurrent/FutureTask')}
  0x000001e24291d7a8: 0049 ba10 | 9f7e a1e2 | 0100 004c | 8954 2408 | 48c7 0424 | ffff ffff 

  0x000001e24291d7c0: ;   {runtime_call counter_overflow Runtime1 stub}
  0x000001e24291d7c0: e8bb 84ae 

  0x000001e24291d7c4: ; ImmutableOopMap {rdx=Oop [232]=Oop }
                      ;*synchronization entry
                      ; - java.util.concurrent.FutureTask::run@-1 (line 308)
  0x000001e24291d7c4: 06e9 84d4 

  0x000001e24291d7c8: ;   {metadata({method} {0x000001e25f1560e8} 'guard_LLL_Z' '(Ljava/lang/invoke/VarHandle;Ljava/lang/Object;Ljava/lang/Object;Ljava/lang/Object;Ljava/lang/invoke/VarHandle$AccessDescriptor;)Z' in 'java/lang/invoke/VarHandleGuards')}
  0x000001e24291d7c8: ffff 49ba | e060 155f | e201 0000 | 4c89 5424 | 0848 c704 | 24ff ffff 

  0x000001e24291d7e0: ;   {runtime_call counter_overflow Runtime1 stub}
  0x000001e24291d7e0: ffe8 9a84 

  0x000001e24291d7e4: ; ImmutableOopMap {rdx=Oop rbx=Oop rsi=Oop [232]=Oop }
                      ;*synchronization entry
                      ; - java.lang.invoke.VarHandleGuards::guard_LLL_Z@-1 (line 66)
                      ; - java.util.concurrent.FutureTask::run@15 (line 309)
  0x000001e24291d7e4: ae06 e93f 

  0x000001e24291d7e8: ;   {metadata({method} {0x000001e25f0936b8} 'checkAccessModeThenIsDirect' '(Ljava/lang/invoke/VarHandle$AccessDescriptor;)Z' in 'java/lang/invoke/VarHandle')}
  0x000001e24291d7e8: d5ff ff49 | bab0 3609 | 5fe2 0100 | 004c 8954 | 2408 48c7 | 0424 ffff 

  0x000001e24291d800: ;   {runtime_call counter_overflow Runtime1 stub}
  0x000001e24291d800: ffff e879 

  0x000001e24291d804: ; ImmutableOopMap {rdx=Oop rbx=Oop [232]=Oop }
                      ;*synchronization entry
                      ; - java.lang.invoke.VarHandle::checkAccessModeThenIsDirect@-1 (line 2075)
                      ; - java.lang.invoke.VarHandleGuards::guard_LLL_Z@3 (line 66)
                      ; - java.util.concurrent.FutureTask::run@15 (line 309)
  0x000001e24291d804: 84ae 06e9 | 01d6 ffff 

  0x000001e24291d80c: ;   {metadata({method} {0x000001e25f1542f0} 'getMemberName' '(I)Ljava/lang/invoke/MemberName;' in 'java/lang/invoke/VarForm')}
  0x000001e24291d80c: 49ba e842 | 155f e201 | 0000 4c89 | 5424 0848 | c704 24ff 

  0x000001e24291d820: ;   {runtime_call counter_overflow Runtime1 stub}
  0x000001e24291d820: ffff ffe8 

  0x000001e24291d824: ; ImmutableOopMap {rdx=Oop rbx=Oop [232]=Oop }
                      ;*synchronization entry
                      ; - java.lang.invoke.VarForm::getMemberName@-1 (line 114)
                      ; - java.lang.invoke.VarHandleGuards::guard_LLL_Z@47 (line 68)
                      ; - java.util.concurrent.FutureTask::run@15 (line 309)
  0x000001e24291d824: 5884 ae06 | e953 d6ff 

  0x000001e24291d82c: ;   {metadata({method} {0x000001e25f254370} 'compareAndSet' '(Ljava/lang/invoke/VarHandle;Ljava/lang/Object;Ljava/lang/Object;Ljava/lang/Object;)Z' in 'java/lang/invoke/VarHandleReferences$FieldInstanceReadWrite')}
  0x000001e24291d82c: ff49 ba68 | 4325 5fe2 | 0100 004c | 8954 2408 | 48c7 0424 | ffff ffff 

  0x000001e24291d844: ;   {runtime_call counter_overflow Runtime1 stub}
  0x000001e24291d844: e837 84ae 

  0x000001e24291d848: ; ImmutableOopMap {rdx=Oop rbx=Oop [232]=Oop }
                      ;*synchronization entry
                      ; - java.lang.invoke.VarHandleReferences$FieldInstanceReadWrite::compareAndSet@-1 (line 179)
                      ; - java.lang.invoke.VarHandleGuards::guard_LLL_Z@50 (line 68)
                      ; - java.util.concurrent.FutureTask::run@15 (line 309)
  0x000001e24291d848: 06e9 d1d6 

  0x000001e24291d84c: ;   {metadata({method} {0x000001e25f465068} 'cast' '(Ljava/lang/Object;)Ljava/lang/Object;' in 'java/lang/Class')}
  0x000001e24291d84c: ffff 49ba | 6050 465f | e201 0000 | 4c89 5424 | 0848 c704 | 24ff ffff 

  0x000001e24291d864: ;   {runtime_call counter_overflow Runtime1 stub}
  0x000001e24291d864: ffe8 1684 

  0x000001e24291d868: ; ImmutableOopMap {rdx=Oop rbx=Oop [232]=Oop }
                      ;*synchronization entry
                      ; - java.lang.Class::cast@-1 (line 4066)
                      ; - java.lang.invoke.VarHandleReferences$FieldInstanceReadWrite::compareAndSet@15 (line 180)
                      ; - java.lang.invoke.VarHandleGuards::guard_LLL_Z@50 (line 68)
                      ; - java.util.concurrent.FutureTask::run@15 (line 309)
  0x000001e24291d868: ae06 e9f3 

  0x000001e24291d86c: ;   {metadata({method} {0x000001e25f056488} 'requireNonNull' '(Ljava/lang/Object;)Ljava/lang/Object;' in 'java/util/Objects')}
  0x000001e24291d86c: d6ff ff49 | ba80 6405 | 5fe2 0100 | 004c 8954 | 2408 48c7 | 0424 ffff 

  0x000001e24291d884: ;   {runtime_call counter_overflow Runtime1 stub}
  0x000001e24291d884: ffff e8f5 

  0x000001e24291d888: ; ImmutableOopMap {rdx=Oop rbx=Oop [232]=Oop }
                      ;*synchronization entry
                      ; - java.util.Objects::requireNonNull@-1 (line 232)
                      ; - java.lang.invoke.VarHandleReferences$FieldInstanceReadWrite::compareAndSet@18 (line 180)
                      ; - java.lang.invoke.VarHandleGuards::guard_LLL_Z@50 (line 68)
                      ; - java.util.concurrent.FutureTask::run@15 (line 309)
  0x000001e24291d888: 83ae 06e9 | a3d7 ffff 

  0x000001e24291d890: ;   {metadata({method} {0x000001e25f465068} 'cast' '(Ljava/lang/Object;)Ljava/lang/Object;' in 'java/lang/Class')}
  0x000001e24291d890: 49ba 6050 | 465f e201 | 0000 4c89 | 5424 0848 | c704 24ff 

  0x000001e24291d8a4: ;   {runtime_call counter_overflow Runtime1 stub}
  0x000001e24291d8a4: ffff ffe8 

  0x000001e24291d8a8: ; ImmutableOopMap {rdx=Oop rbx=Oop [232]=Oop }
                      ;*synchronization entry
                      ; - java.lang.Class::cast@-1 (line 4066)
                      ; - java.lang.invoke.VarHandleReferences$FieldInstanceReadWrite::compareAndSet@32 (line 182)
                      ; - java.lang.invoke.VarHandleGuards::guard_LLL_Z@50 (line 68)
                      ; - java.util.concurrent.FutureTask::run@15 (line 309)
  0x000001e24291d8a8: d483 ae06 | e9d5 d7ff 

  0x000001e24291d8b0: ;   {metadata({method} {0x000001e25f465068} 'cast' '(Ljava/lang/Object;)Ljava/lang/Object;' in 'java/lang/Class')}
  0x000001e24291d8b0: ff49 ba60 | 5046 5fe2 | 0100 004c | 8954 2408 | 48c7 0424 | ffff ffff 

  0x000001e24291d8c8: ;   {runtime_call counter_overflow Runtime1 stub}
  0x000001e24291d8c8: e8b3 83ae 

  0x000001e24291d8cc: ; ImmutableOopMap {rdx=Oop rbx=Oop [232]=Oop }
                      ;*synchronization entry
                      ; - java.lang.Class::cast@-1 (line 4066)
                      ; - java.lang.invoke.VarHandleReferences$FieldInstanceReadWrite::compareAndSet@41 (line 183)
                      ; - java.lang.invoke.VarHandleGuards::guard_LLL_Z@50 (line 68)
                      ; - java.util.concurrent.FutureTask::run@15 (line 309)
  0x000001e24291d8cc: 06e9 07d8 | ffff 8b06 | 48c1 e003 | 4883 f800 | 0f84 c6d8 | ffff 4889 

  0x000001e24291d8e4: ;   {runtime_call g1_pre_barrier_slow}
  0x000001e24291d8e4: 0424 e895 | 89ae 06e9 | b8d8 ffff | 4883 fb00 | 0f84 e8d8 | ffff 4889 

  0x000001e24291d8fc: ;   {runtime_call g1_post_barrier_slow}
  0x000001e24291d8fc: 3424 e87d | 8cae 06e9 | dad8 ffff 

  0x000001e24291d908: ;   {runtime_call throw_null_pointer_exception Runtime1 stub}
  0x000001e24291d908: e873 32ae 

  0x000001e24291d90c: ; ImmutableOopMap {rsi=Oop [232]=Oop }
                      ;*invokeinterface call {reexecute=0 rethrow=0 return_oop=0}
                      ; - java.util.concurrent.FutureTask::run@39 (line 317)
                      ;   {metadata({method} {0x000001e2a17e9d50} 'setException' '(Ljava/lang/Throwable;)V' in 'java/util/concurrent/FutureTask')}
  0x000001e24291d90c: 0649 ba48 | 9d7e a1e2 | 0100 004c | 8954 2408 | 48c7 0424 | ffff ffff 

  0x000001e24291d924: ;   {runtime_call counter_overflow Runtime1 stub}
  0x000001e24291d924: e857 83ae 

  0x000001e24291d928: ; ImmutableOopMap {rdx=Oop rax=Oop [232]=Oop }
                      ;*synchronization entry
                      ; - java.util.concurrent.FutureTask::setException@-1 (line 300)
                      ; - java.util.concurrent.FutureTask::run@59 (line 322)
  0x000001e24291d928: 06e9 96da 

  0x000001e24291d92c: ;   {metadata({method} {0x000001e25f1562a0} 'guard_LII_Z' '(Ljava/lang/invoke/VarHandle;Ljava/lang/Object;IILjava/lang/invoke/VarHandle$AccessDescriptor;)Z' in 'java/lang/invoke/VarHandleGuards')}
  0x000001e24291d92c: ffff 49ba | 9862 155f | e201 0000 | 4c89 5424 | 0848 c704 | 24ff ffff 

  0x000001e24291d944: ;   {runtime_call counter_overflow Runtime1 stub}
  0x000001e24291d944: ffe8 3683 

  0x000001e24291d948: ; ImmutableOopMap {rdx=Oop rax=Oop r9=Oop [232]=Oop }
                      ;*synchronization entry
                      ; - java.lang.invoke.VarHandleGuards::guard_LII_Z@-1 (line 135)
                      ; - java.util.concurrent.FutureTask::setException@6 (line 300)
                      ; - java.util.concurrent.FutureTask::run@59 (line 322)
  0x000001e24291d948: ae06 e907 

  0x000001e24291d94c: ;   {metadata({method} {0x000001e25f0936b8} 'checkAccessModeThenIsDirect' '(Ljava/lang/invoke/VarHandle$AccessDescriptor;)Z' in 'java/lang/invoke/VarHandle')}
  0x000001e24291d94c: dbff ff49 | bab0 3609 | 5fe2 0100 | 004c 8954 | 2408 48c7 | 0424 ffff 

  0x000001e24291d964: ;   {runtime_call counter_overflow Runtime1 stub}
  0x000001e24291d964: ffff e815 

  0x000001e24291d968: ; ImmutableOopMap {rdx=Oop rax=Oop [232]=Oop }
                      ;*synchronization entry
                      ; - java.lang.invoke.VarHandle::checkAccessModeThenIsDirect@-1 (line 2075)
                      ; - java.lang.invoke.VarHandleGuards::guard_LII_Z@3 (line 135)
                      ; - java.util.concurrent.FutureTask::setException@6 (line 300)
                      ; - java.util.concurrent.FutureTask::run@59 (line 322)
  0x000001e24291d968: 83ae 06e9 | d0db ffff 

  0x000001e24291d970: ;   {metadata({method} {0x000001e25f1542f0} 'getMemberName' '(I)Ljava/lang/invoke/MemberName;' in 'java/lang/invoke/VarForm')}
  0x000001e24291d970: 49ba e842 | 155f e201 | 0000 4c89 | 5424 0848 | c704 24ff 

  0x000001e24291d984: ;   {runtime_call counter_overflow Runtime1 stub}
  0x000001e24291d984: ffff ffe8 

  0x000001e24291d988: ; ImmutableOopMap {rdx=Oop rax=Oop [232]=Oop }
                      ;*synchronization entry
                      ; - java.lang.invoke.VarForm::getMemberName@-1 (line 114)
                      ; - java.lang.invoke.VarHandleGuards::guard_LII_Z@47 (line 137)
                      ; - java.util.concurrent.FutureTask::setException@6 (line 300)
                      ; - java.util.concurrent.FutureTask::run@59 (line 322)
  0x000001e24291d988: f482 ae06 | e92a dcff 

  0x000001e24291d990: ;   {metadata({method} {0x000001e2a02d3290} 'compareAndSet' '(Ljava/lang/invoke/VarHandle;Ljava/lang/Object;II)Z' in 'java/lang/invoke/VarHandleInts$FieldInstanceReadWrite')}
  0x000001e24291d990: ff49 ba88 | 322d a0e2 | 0100 004c | 8954 2408 | 48c7 0424 | ffff ffff 

  0x000001e24291d9a8: ;   {runtime_call counter_overflow Runtime1 stub}
  0x000001e24291d9a8: e8d3 82ae 

  0x000001e24291d9ac: ; ImmutableOopMap {rdx=Oop rax=Oop [232]=Oop }
                      ;*synchronization entry
                      ; - java.lang.invoke.VarHandleInts$FieldInstanceReadWrite::compareAndSet@-1 (line 177)
                      ; - java.lang.invoke.VarHandleGuards::guard_LII_Z@50 (line 137)
                      ; - java.util.concurrent.FutureTask::setException@6 (line 300)
                      ; - java.util.concurrent.FutureTask::run@59 (line 322)
  0x000001e24291d9ac: 06e9 b0dc 

  0x000001e24291d9b0: ;   {metadata({method} {0x000001e25f465068} 'cast' '(Ljava/lang/Object;)Ljava/lang/Object;' in 'java/lang/Class')}
  0x000001e24291d9b0: ffff 49ba | 6050 465f | e201 0000 | 4c89 5424 | 0848 c704 | 24ff ffff 

  0x000001e24291d9c8: ;   {runtime_call counter_overflow Runtime1 stub}
  0x000001e24291d9c8: ffe8 b282 

  0x000001e24291d9cc: ; ImmutableOopMap {rdx=Oop rax=Oop [232]=Oop }
                      ;*synchronization entry
                      ; - java.lang.Class::cast@-1 (line 4066)
                      ; - java.lang.invoke.VarHandleInts$FieldInstanceReadWrite::compareAndSet@15 (line 178)
                      ; - java.lang.invoke.VarHandleGuards::guard_LII_Z@50 (line 137)
                      ; - java.util.concurrent.FutureTask::setException@6 (line 300)
                      ; - java.util.concurrent.FutureTask::run@59 (line 322)
  0x000001e24291d9cc: ae06 e9d7 

  0x000001e24291d9d0: ;   {metadata({method} {0x000001e25f056488} 'requireNonNull' '(Ljava/lang/Object;)Ljava/lang/Object;' in 'java/util/Objects')}
  0x000001e24291d9d0: dcff ff49 | ba80 6405 | 5fe2 0100 | 004c 8954 | 2408 48c7 | 0424 ffff 

  0x000001e24291d9e8: ;   {runtime_call counter_overflow Runtime1 stub}
  0x000001e24291d9e8: ffff e891 

  0x000001e24291d9ec: ; ImmutableOopMap {rdx=Oop rax=Oop [232]=Oop }
                      ;*synchronization entry
                      ; - java.util.Objects::requireNonNull@-1 (line 232)
                      ; - java.lang.invoke.VarHandleInts$FieldInstanceReadWrite::compareAndSet@18 (line 178)
                      ; - java.lang.invoke.VarHandleGuards::guard_LII_Z@50 (line 137)
                      ; - java.util.concurrent.FutureTask::setException@6 (line 300)
                      ; - java.util.concurrent.FutureTask::run@59 (line 322)
  0x000001e24291d9ec: 82ae 06e9 | 8edd ffff | 448b 4214 | 49c1 e003 | 4983 f800 | 0f84 fedd | ffff 4c89 

  0x000001e24291da08: ;   {runtime_call g1_pre_barrier_slow}
  0x000001e24291da08: 0424 e871 | 88ae 06e9 | f0dd ffff | 4883 fb00 | 0f84 05de | ffff 4889 

  0x000001e24291da20: ;   {runtime_call g1_post_barrier_slow}
  0x000001e24291da20: 1424 e859 | 8bae 06e9 | f7dd ffff 

  0x000001e24291da2c: ;   {metadata({method} {0x000001e25f156248} 'guard_LI_V' '(Ljava/lang/invoke/VarHandle;Ljava/lang/Object;ILjava/lang/invoke/VarHandle$AccessDescriptor;)V' in 'java/lang/invoke/VarHandleGuards')}
  0x000001e24291da2c: 49ba 4062 | 155f e201 | 0000 4c89 | 5424 0848 | c704 24ff 

  0x000001e24291da40: ;   {runtime_call counter_overflow Runtime1 stub}
  0x000001e24291da40: ffff ffe8 

  0x000001e24291da44: ; ImmutableOopMap {rdx=Oop r9=Oop [232]=Oop }
                      ;*synchronization entry
                      ; - java.lang.invoke.VarHandleGuards::guard_LI_V@-1 (line 120)
                      ; - java.util.concurrent.FutureTask::setException@22 (line 302)
                      ; - java.util.concurrent.FutureTask::run@59 (line 322)
  0x000001e24291da44: 3882 ae06 | e9ef deff 

  0x000001e24291da4c: ;   {metadata({method} {0x000001e25f0936b8} 'checkAccessModeThenIsDirect' '(Ljava/lang/invoke/VarHandle$AccessDescriptor;)Z' in 'java/lang/invoke/VarHandle')}
  0x000001e24291da4c: ff49 bab0 | 3609 5fe2 | 0100 004c | 8954 2408 | 48c7 0424 | ffff ffff 

  0x000001e24291da64: ;   {runtime_call counter_overflow Runtime1 stub}
  0x000001e24291da64: e817 82ae 

  0x000001e24291da68: ; ImmutableOopMap {rdx=Oop [232]=Oop }
                      ;*synchronization entry
                      ; - java.lang.invoke.VarHandle::checkAccessModeThenIsDirect@-1 (line 2075)
                      ; - java.lang.invoke.VarHandleGuards::guard_LI_V@2 (line 120)
                      ; - java.util.concurrent.FutureTask::setException@22 (line 302)
                      ; - java.util.concurrent.FutureTask::run@59 (line 322)
  0x000001e24291da68: 06e9 b8df 

  0x000001e24291da6c: ;   {metadata({method} {0x000001e25f1542f0} 'getMemberName' '(I)Ljava/lang/invoke/MemberName;' in 'java/lang/invoke/VarForm')}
  0x000001e24291da6c: ffff 49ba | e842 155f | e201 0000 | 4c89 5424 | 0848 c704 | 24ff ffff 

  0x000001e24291da84: ;   {runtime_call counter_overflow Runtime1 stub}
  0x000001e24291da84: ffe8 f681 

  0x000001e24291da88: ; ImmutableOopMap {rdx=Oop [232]=Oop }
                      ;*synchronization entry
                      ; - java.lang.invoke.VarForm::getMemberName@-1 (line 114)
                      ; - java.lang.invoke.VarHandleGuards::guard_LI_V@42 (line 122)
                      ; - java.util.concurrent.FutureTask::setException@22 (line 302)
                      ; - java.util.concurrent.FutureTask::run@59 (line 322)
  0x000001e24291da88: ae06 e912 

  0x000001e24291da8c: ;   {metadata({method} {0x000001e2a02d3180} 'setRelease' '(Ljava/lang/invoke/VarHandle;Ljava/lang/Object;I)V' in 'java/lang/invoke/VarHandleInts$FieldInstanceReadWrite')}
  0x000001e24291da8c: e0ff ff49 | ba78 312d | a0e2 0100 | 004c 8954 | 2408 48c7 | 0424 ffff 

  0x000001e24291daa4: ;   {runtime_call counter_overflow Runtime1 stub}
  0x000001e24291daa4: ffff e8d5 

  0x000001e24291daa8: ; ImmutableOopMap {rdx=Oop [232]=Oop }
                      ;*synchronization entry
                      ; - java.lang.invoke.VarHandleInts$FieldInstanceReadWrite::setRelease@-1 (line 169)
                      ; - java.lang.invoke.VarHandleGuards::guard_LI_V@45 (line 122)
                      ; - java.util.concurrent.FutureTask::setException@22 (line 302)
                      ; - java.util.concurrent.FutureTask::run@59 (line 322)
  0x000001e24291daa8: 81ae 06e9 | 24e1 ffff 

  0x000001e24291dab0: ;   {metadata({method} {0x000001e25f465068} 'cast' '(Ljava/lang/Object;)Ljava/lang/Object;' in 'java/lang/Class')}
  0x000001e24291dab0: 49ba 6050 | 465f e201 | 0000 4c89 | 5424 0848 | c704 24ff 

  0x000001e24291dac4: ;   {runtime_call counter_overflow Runtime1 stub}
  0x000001e24291dac4: ffff ffe8 

  0x000001e24291dac8: ; ImmutableOopMap {rdx=Oop [232]=Oop }
                      ;*synchronization entry
                      ; - java.lang.Class::cast@-1 (line 4066)
                      ; - java.lang.invoke.VarHandleInts$FieldInstanceReadWrite::setRelease@13 (line 170)
                      ; - java.lang.invoke.VarHandleGuards::guard_LI_V@45 (line 122)
                      ; - java.util.concurrent.FutureTask::setException@22 (line 302)
                      ; - java.util.concurrent.FutureTask::run@59 (line 322)
  0x000001e24291dac8: b481 ae06 | e94b e1ff 

  0x000001e24291dad0: ;   {metadata({method} {0x000001e25f056488} 'requireNonNull' '(Ljava/lang/Object;)Ljava/lang/Object;' in 'java/util/Objects')}
  0x000001e24291dad0: ff49 ba80 | 6405 5fe2 | 0100 004c | 8954 2408 | 48c7 0424 | ffff ffff 

  0x000001e24291dae8: ;   {runtime_call counter_overflow Runtime1 stub}
  0x000001e24291dae8: e893 81ae 

  0x000001e24291daec: ; ImmutableOopMap {rdx=Oop [232]=Oop }
                      ;*synchronization entry
                      ; - java.util.Objects::requireNonNull@-1 (line 232)
                      ; - java.lang.invoke.VarHandleInts$FieldInstanceReadWrite::setRelease@16 (line 170)
                      ; - java.lang.invoke.VarHandleGuards::guard_LI_V@45 (line 122)
                      ; - java.util.concurrent.FutureTask::setException@22 (line 302)
                      ; - java.util.concurrent.FutureTask::run@59 (line 322)
  0x000001e24291daec: 06e9 02e2 

  0x000001e24291daf0: ;   {metadata({method} {0x000001e2a17e9c68} 'set' '(Ljava/lang/Object;)V' in 'java/util/concurrent/FutureTask')}
  0x000001e24291daf0: ffff 49ba | 609c 7ea1 | e201 0000 | 4c89 5424 | 0848 c704 | 24ff ffff 

  0x000001e24291db08: ;   {runtime_call counter_overflow Runtime1 stub}
  0x000001e24291db08: ffe8 7281 

  0x000001e24291db0c: ; ImmutableOopMap {rdx=Oop rax=Oop [232]=Oop }
                      ;*synchronization entry
                      ; - java.util.concurrent.FutureTask::set@-1 (line 282)
                      ; - java.util.concurrent.FutureTask::run@68 (line 325)
  0x000001e24291db0c: ae06 e960 

  0x000001e24291db10: ;   {metadata({method} {0x000001e25f1562a0} 'guard_LII_Z' '(Ljava/lang/invoke/VarHandle;Ljava/lang/Object;IILjava/lang/invoke/VarHandle$AccessDescriptor;)Z' in 'java/lang/invoke/VarHandleGuards')}
  0x000001e24291db10: e3ff ff49 | ba98 6215 | 5fe2 0100 | 004c 8954 | 2408 48c7 | 0424 ffff 

  0x000001e24291db28: ;   {runtime_call counter_overflow Runtime1 stub}
  0x000001e24291db28: ffff e851 

  0x000001e24291db2c: ; ImmutableOopMap {rdx=Oop rax=Oop r9=Oop [232]=Oop }
                      ;*synchronization entry
                      ; - java.lang.invoke.VarHandleGuards::guard_LII_Z@-1 (line 135)
                      ; - java.util.concurrent.FutureTask::set@6 (line 282)
                      ; - java.util.concurrent.FutureTask::run@68 (line 325)
  0x000001e24291db2c: 81ae 06e9 | d1e3 ffff 

  0x000001e24291db34: ;   {metadata({method} {0x000001e25f0936b8} 'checkAccessModeThenIsDirect' '(Ljava/lang/invoke/VarHandle$AccessDescriptor;)Z' in 'java/lang/invoke/VarHandle')}
  0x000001e24291db34: 49ba b036 | 095f e201 | 0000 4c89 | 5424 0848 | c704 24ff 

  0x000001e24291db48: ;   {runtime_call counter_overflow Runtime1 stub}
  0x000001e24291db48: ffff ffe8 

  0x000001e24291db4c: ; ImmutableOopMap {rdx=Oop rax=Oop [232]=Oop }
                      ;*synchronization entry
                      ; - java.lang.invoke.VarHandle::checkAccessModeThenIsDirect@-1 (line 2075)
                      ; - java.lang.invoke.VarHandleGuards::guard_LII_Z@3 (line 135)
                      ; - java.util.concurrent.FutureTask::set@6 (line 282)
                      ; - java.util.concurrent.FutureTask::run@68 (line 325)
  0x000001e24291db4c: 3081 ae06 | e99a e4ff 

  0x000001e24291db54: ;   {metadata({method} {0x000001e25f1542f0} 'getMemberName' '(I)Ljava/lang/invoke/MemberName;' in 'java/lang/invoke/VarForm')}
  0x000001e24291db54: ff49 bae8 | 4215 5fe2 | 0100 004c | 8954 2408 | 48c7 0424 | ffff ffff 

  0x000001e24291db6c: ;   {runtime_call counter_overflow Runtime1 stub}
  0x000001e24291db6c: e80f 81ae 

  0x000001e24291db70: ; ImmutableOopMap {rdx=Oop rax=Oop [232]=Oop }
                      ;*synchronization entry
                      ; - java.lang.invoke.VarForm::getMemberName@-1 (line 114)
                      ; - java.lang.invoke.VarHandleGuards::guard_LII_Z@47 (line 137)
                      ; - java.util.concurrent.FutureTask::set@6 (line 282)
                      ; - java.util.concurrent.FutureTask::run@68 (line 325)
  0x000001e24291db70: 06e9 f4e4 

  0x000001e24291db74: ;   {metadata({method} {0x000001e2a02d3290} 'compareAndSet' '(Ljava/lang/invoke/VarHandle;Ljava/lang/Object;II)Z' in 'java/lang/invoke/VarHandleInts$FieldInstanceReadWrite')}
  0x000001e24291db74: ffff 49ba | 8832 2da0 | e201 0000 | 4c89 5424 | 0848 c704 | 24ff ffff 

  0x000001e24291db8c: ;   {runtime_call counter_overflow Runtime1 stub}
  0x000001e24291db8c: ffe8 ee80 

  0x000001e24291db90: ; ImmutableOopMap {rdx=Oop rax=Oop [232]=Oop }
                      ;*synchronization entry
                      ; - java.lang.invoke.VarHandleInts$FieldInstanceReadWrite::compareAndSet@-1 (line 177)
                      ; - java.lang.invoke.VarHandleGuards::guard_LII_Z@50 (line 137)
                      ; - java.util.concurrent.FutureTask::set@6 (line 282)
                      ; - java.util.concurrent.FutureTask::run@68 (line 325)
  0x000001e24291db90: ae06 e97a 

  0x000001e24291db94: ;   {metadata({method} {0x000001e25f465068} 'cast' '(Ljava/lang/Object;)Ljava/lang/Object;' in 'java/lang/Class')}
  0x000001e24291db94: e5ff ff49 | ba60 5046 | 5fe2 0100 | 004c 8954 | 2408 48c7 | 0424 ffff 

  0x000001e24291dbac: ;   {runtime_call counter_overflow Runtime1 stub}
  0x000001e24291dbac: ffff e8cd 

  0x000001e24291dbb0: ; ImmutableOopMap {rdx=Oop rax=Oop [232]=Oop }
                      ;*synchronization entry
                      ; - java.lang.Class::cast@-1 (line 4066)
                      ; - java.lang.invoke.VarHandleInts$FieldInstanceReadWrite::compareAndSet@15 (line 178)
                      ; - java.lang.invoke.VarHandleGuards::guard_LII_Z@50 (line 137)
                      ; - java.util.concurrent.FutureTask::set@6 (line 282)
                      ; - java.util.concurrent.FutureTask::run@68 (line 325)
  0x000001e24291dbb0: 80ae 06e9 | a1e5 ffff 

  0x000001e24291dbb8: ;   {metadata({method} {0x000001e25f056488} 'requireNonNull' '(Ljava/lang/Object;)Ljava/lang/Object;' in 'java/util/Objects')}
  0x000001e24291dbb8: 49ba 8064 | 055f e201 | 0000 4c89 | 5424 0848 | c704 24ff 

  0x000001e24291dbcc: ;   {runtime_call counter_overflow Runtime1 stub}
  0x000001e24291dbcc: ffff ffe8 

  0x000001e24291dbd0: ; ImmutableOopMap {rdx=Oop rax=Oop [232]=Oop }
                      ;*synchronization entry
                      ; - java.util.Objects::requireNonNull@-1 (line 232)
                      ; - java.lang.invoke.VarHandleInts$FieldInstanceReadWrite::compareAndSet@18 (line 178)
                      ; - java.lang.invoke.VarHandleGuards::guard_LII_Z@50 (line 137)
                      ; - java.util.concurrent.FutureTask::set@6 (line 282)
                      ; - java.util.concurrent.FutureTask::run@68 (line 325)
  0x000001e24291dbd0: ac80 ae06 | e958 e6ff | ff44 8b42 | 1449 c1e0 | 0349 83f8 | 000f 84c8 | e6ff ff4c 

  0x000001e24291dbec: ;   {runtime_call g1_pre_barrier_slow}
  0x000001e24291dbec: 8904 24e8 | 8c86 ae06 | e9ba e6ff | ff48 83fb | 000f 84cf | e6ff ff48 

  0x000001e24291dc04: ;   {runtime_call g1_post_barrier_slow}
  0x000001e24291dc04: 8914 24e8 | 7489 ae06 | e9c1 e6ff 

  0x000001e24291dc10: ;   {metadata({method} {0x000001e25f156248} 'guard_LI_V' '(Ljava/lang/invoke/VarHandle;Ljava/lang/Object;ILjava/lang/invoke/VarHandle$AccessDescriptor;)V' in 'java/lang/invoke/VarHandleGuards')}
  0x000001e24291dc10: ff49 ba40 | 6215 5fe2 | 0100 004c | 8954 2408 | 48c7 0424 | ffff ffff 

  0x000001e24291dc28: ;   {runtime_call counter_overflow Runtime1 stub}
  0x000001e24291dc28: e853 80ae 

  0x000001e24291dc2c: ; ImmutableOopMap {rdx=Oop r9=Oop [232]=Oop }
                      ;*synchronization entry
                      ; - java.lang.invoke.VarHandleGuards::guard_LI_V@-1 (line 120)
                      ; - java.util.concurrent.FutureTask::set@22 (line 284)
                      ; - java.util.concurrent.FutureTask::run@68 (line 325)
  0x000001e24291dc2c: 06e9 b9e7 

  0x000001e24291dc30: ;   {metadata({method} {0x000001e25f0936b8} 'checkAccessModeThenIsDirect' '(Ljava/lang/invoke/VarHandle$AccessDescriptor;)Z' in 'java/lang/invoke/VarHandle')}
  0x000001e24291dc30: ffff 49ba | b036 095f | e201 0000 | 4c89 5424 | 0848 c704 | 24ff ffff 

  0x000001e24291dc48: ;   {runtime_call counter_overflow Runtime1 stub}
  0x000001e24291dc48: ffe8 3280 

  0x000001e24291dc4c: ; ImmutableOopMap {rdx=Oop [232]=Oop }
                      ;*synchronization entry
                      ; - java.lang.invoke.VarHandle::checkAccessModeThenIsDirect@-1 (line 2075)
                      ; - java.lang.invoke.VarHandleGuards::guard_LI_V@2 (line 120)
                      ; - java.util.concurrent.FutureTask::set@22 (line 284)
                      ; - java.util.concurrent.FutureTask::run@68 (line 325)
  0x000001e24291dc4c: ae06 e982 

  0x000001e24291dc50: ;   {metadata({method} {0x000001e25f1542f0} 'getMemberName' '(I)Ljava/lang/invoke/MemberName;' in 'java/lang/invoke/VarForm')}
  0x000001e24291dc50: e8ff ff49 | bae8 4215 | 5fe2 0100 | 004c 8954 | 2408 48c7 | 0424 ffff 

  0x000001e24291dc68: ;   {runtime_call counter_overflow Runtime1 stub}
  0x000001e24291dc68: ffff e811 

  0x000001e24291dc6c: ; ImmutableOopMap {rdx=Oop [232]=Oop }
                      ;*synchronization entry
                      ; - java.lang.invoke.VarForm::getMemberName@-1 (line 114)
                      ; - java.lang.invoke.VarHandleGuards::guard_LI_V@42 (line 122)
                      ; - java.util.concurrent.FutureTask::set@22 (line 284)
                      ; - java.util.concurrent.FutureTask::run@68 (line 325)
  0x000001e24291dc6c: 80ae 06e9 | dce8 ffff 

  0x000001e24291dc74: ;   {metadata({method} {0x000001e2a02d3180} 'setRelease' '(Ljava/lang/invoke/VarHandle;Ljava/lang/Object;I)V' in 'java/lang/invoke/VarHandleInts$FieldInstanceReadWrite')}
  0x000001e24291dc74: 49ba 7831 | 2da0 e201 | 0000 4c89 | 5424 0848 | c704 24ff 

  0x000001e24291dc88: ;   {runtime_call counter_overflow Runtime1 stub}
  0x000001e24291dc88: ffff ffe8 

  0x000001e24291dc8c: ; ImmutableOopMap {rdx=Oop [232]=Oop }
                      ;*synchronization entry
                      ; - java.lang.invoke.VarHandleInts$FieldInstanceReadWrite::setRelease@-1 (line 169)
                      ; - java.lang.invoke.VarHandleGuards::guard_LI_V@45 (line 122)
                      ; - java.util.concurrent.FutureTask::set@22 (line 284)
                      ; - java.util.concurrent.FutureTask::run@68 (line 325)
  0x000001e24291dc8c: f07f ae06 | e9ee e9ff 

  0x000001e24291dc94: ;   {metadata({method} {0x000001e25f465068} 'cast' '(Ljava/lang/Object;)Ljava/lang/Object;' in 'java/lang/Class')}
  0x000001e24291dc94: ff49 ba60 | 5046 5fe2 | 0100 004c | 8954 2408 | 48c7 0424 | ffff ffff 

  0x000001e24291dcac: ;   {runtime_call counter_overflow Runtime1 stub}
  0x000001e24291dcac: e8cf 7fae 

  0x000001e24291dcb0: ; ImmutableOopMap {rdx=Oop [232]=Oop }
                      ;*synchronization entry
                      ; - java.lang.Class::cast@-1 (line 4066)
                      ; - java.lang.invoke.VarHandleInts$FieldInstanceReadWrite::setRelease@13 (line 170)
                      ; - java.lang.invoke.VarHandleGuards::guard_LI_V@45 (line 122)
                      ; - java.util.concurrent.FutureTask::set@22 (line 284)
                      ; - java.util.concurrent.FutureTask::run@68 (line 325)
  0x000001e24291dcb0: 06e9 15ea 

  0x000001e24291dcb4: ;   {metadata({method} {0x000001e25f056488} 'requireNonNull' '(Ljava/lang/Object;)Ljava/lang/Object;' in 'java/util/Objects')}
  0x000001e24291dcb4: ffff 49ba | 8064 055f | e201 0000 | 4c89 5424 | 0848 c704 | 24ff ffff 

  0x000001e24291dccc: ;   {runtime_call counter_overflow Runtime1 stub}
  0x000001e24291dccc: ffe8 ae7f 

  0x000001e24291dcd0: ; ImmutableOopMap {rdx=Oop [232]=Oop }
                      ;*synchronization entry
                      ; - java.util.Objects::requireNonNull@-1 (line 232)
                      ; - java.lang.invoke.VarHandleInts$FieldInstanceReadWrite::setRelease@16 (line 170)
                      ; - java.lang.invoke.VarHandleGuards::guard_LI_V@45 (line 122)
                      ; - java.util.concurrent.FutureTask::set@22 (line 284)
                      ; - java.util.concurrent.FutureTask::run@68 (line 325)
  0x000001e24291dcd0: ae06 e9cc | eaff ff8b | 7a18 48c1 | e703 4883 | ff00 0f84 | c3eb ffff | 4889 3c24 

  0x000001e24291dcec: ;   {runtime_call g1_pre_barrier_slow}
  0x000001e24291dcec: e88f 85ae | 06e9 b5eb | ffff 4883 | fe00 0f84 | d0eb ffff | 4889 1424 

  0x000001e24291dd04: ;   {runtime_call g1_post_barrier_slow}
  0x000001e24291dd04: e877 88ae | 06e9 c2eb 

  0x000001e24291dd0c: ;   {metadata({method} {0x000001e2a17ea1e8} 'handlePossibleCancellationInterrupt' '(I)V' in 'java/util/concurrent/FutureTask')}
  0x000001e24291dd0c: ffff 49ba | e0a1 7ea1 | e201 0000 | 4c89 5424 | 0848 c704 | 24ff ffff 

  0x000001e24291dd24: ;   {runtime_call counter_overflow Runtime1 stub}
  0x000001e24291dd24: ffe8 567f 

  0x000001e24291dd28: ; ImmutableOopMap {rdx=Oop [232]=Oop }
                      ;*synchronization entry
                      ; - java.util.concurrent.FutureTask::handlePossibleCancellationInterrupt@-1 (line 384)
                      ; - java.util.concurrent.FutureTask::run@88 (line 335)
  0x000001e24291dd28: ae06 e90f 

  0x000001e24291dd2c: ;   {metadata({method} {0x000001e25f429fc8} 'yield' '()V' in 'java/lang/Thread')}
  0x000001e24291dd2c: ecff ff49 | bac0 9f42 | 5fe2 0100 | 004c 8954 | 2408 48c7 | 0424 ffff 

  0x000001e24291dd44: ;   {runtime_call counter_overflow Runtime1 stub}
  0x000001e24291dd44: ffff e835 

  0x000001e24291dd48: ; ImmutableOopMap {rdx=Oop [232]=Oop }
                      ;*synchronization entry
                      ; - java.lang.Thread::yield@-1 (line 442)
                      ; - java.util.concurrent.FutureTask::handlePossibleCancellationInterrupt@13 (line 386)
                      ; - java.util.concurrent.FutureTask::run@88 (line 335)
  0x000001e24291dd48: 7fae 06e9 | 8bec ffff | 4889 3424 

  0x000001e24291dd54: ;   {runtime_call throw_class_cast_exception Runtime1 stub}
  0x000001e24291dd54: e827 52ae 

  0x000001e24291dd58: ; ImmutableOopMap {[232]=Oop }
                      ;*checkcast {reexecute=0 rethrow=0 return_oop=0}
                      ; - java.lang.Thread::yield@12 (line 442)
                      ; - java.util.concurrent.FutureTask::handlePossibleCancellationInterrupt@13 (line 386)
                      ; - java.util.concurrent.FutureTask::run@88 (line 335)
                      ;   {runtime_call throw_null_pointer_exception Runtime1 stub}
  0x000001e24291dd58: 06e8 222e 

  0x000001e24291dd5c: ; ImmutableOopMap {rsi=Oop [232]=Oop }
                      ;*invokevirtual tryYield {reexecute=0 rethrow=0 return_oop=0}
                      ; - java.lang.Thread::yield@17 (line 443)
                      ; - java.util.concurrent.FutureTask::handlePossibleCancellationInterrupt@13 (line 386)
                      ; - java.util.concurrent.FutureTask::run@88 (line 335)
                      ;   {metadata({method} {0x000001e2a17ea1e8} 'handlePossibleCancellationInterrupt' '(I)V' in 'java/util/concurrent/FutureTask')}
  0x000001e24291dd5c: ae06 49ba | e0a1 7ea1 | e201 0000 | 4c89 5424 | 0848 c704 | 2410 0000 

  0x000001e24291dd74: ;   {runtime_call counter_overflow Runtime1 stub}
  0x000001e24291dd74: 00e8 067f 

  0x000001e24291dd78: ; ImmutableOopMap {[232]=Oop }
                      ;*goto {reexecute=1 rethrow=0 return_oop=0}
                      ; - (reexecute) java.util.concurrent.FutureTask::handlePossibleCancellationInterrupt@16 (line 386)
                      ; - java.util.concurrent.FutureTask::run@88 (line 335)
  0x000001e24291dd78: ae06 e98c 

  0x000001e24291dd7c: ;   {internal_word}
  0x000001e24291dd7c: efff ff49 | ba4a cd91 | 42e2 0100 | 004d 8997 | 6004 0000 

  0x000001e24291dd90: ;   {runtime_call SafepointBlob}
  0x000001e24291dd90: e96b 79a2 

  0x000001e24291dd94: ;   {internal_word}
  0x000001e24291dd94: 0649 ba60 | cd91 42e2 | 0100 004d | 8997 6004 

  0x000001e24291dda4: ;   {runtime_call SafepointBlob}
  0x000001e24291dda4: 0000 e955 | 79a2 0648 

  0x000001e24291ddac: ;   {runtime_call fast_new_instance Runtime1 stub}
  0x000001e24291ddac: 8bd2 e8cd 

  0x000001e24291ddb0: ; ImmutableOopMap {[232]=Oop }
                      ;*new {reexecute=0 rethrow=0 return_oop=0}
                      ; - java.lang.Class::cast@12 (line 4067)
                      ; - java.lang.invoke.VarHandleInts$FieldInstanceReadWrite::setRelease@13 (line 170)
                      ; - java.lang.invoke.VarHandleGuards::guard_LI_V@45 (line 122)
                      ; - java.util.concurrent.FutureTask::set@22 (line 284)
                      ; - java.util.concurrent.FutureTask::run@68 (line 325)
  0x000001e24291ddb0: 36ae 06e9 | 0ef0 ffff 

  0x000001e24291ddb8: ;   {runtime_call fast_new_instance Runtime1 stub}
  0x000001e24291ddb8: 488b d2e8 

  0x000001e24291ddbc: ; ImmutableOopMap {[232]=Oop [256]=Oop }
                      ;*new {reexecute=0 rethrow=0 return_oop=0}
                      ; - java.lang.Class::cast@12 (line 4067)
                      ; - java.lang.invoke.VarHandleInts$FieldInstanceReadWrite::compareAndSet@15 (line 178)
                      ; - java.lang.invoke.VarHandleGuards::guard_LII_Z@50 (line 137)
                      ; - java.util.concurrent.FutureTask::set@6 (line 282)
                      ; - java.util.concurrent.FutureTask::run@68 (line 325)
  0x000001e24291ddbc: c036 ae06 | e9ef f0ff | ff48 8bd2 

  0x000001e24291ddc8: ;   {runtime_call fast_new_instance Runtime1 stub}
  0x000001e24291ddc8: e8b3 36ae 

  0x000001e24291ddcc: ; ImmutableOopMap {[232]=Oop }
                      ;*new {reexecute=0 rethrow=0 return_oop=0}
                      ; - java.lang.Class::cast@12 (line 4067)
                      ; - java.lang.invoke.VarHandleInts$FieldInstanceReadWrite::setRelease@13 (line 170)
                      ; - java.lang.invoke.VarHandleGuards::guard_LI_V@45 (line 122)
                      ; - java.util.concurrent.FutureTask::setException@22 (line 302)
                      ; - java.util.concurrent.FutureTask::run@59 (line 322)
  0x000001e24291ddcc: 06e9 caf1 | ffff 488b 

  0x000001e24291ddd4: ;   {runtime_call fast_new_instance Runtime1 stub}
  0x000001e24291ddd4: d2e8 a636 

  0x000001e24291ddd8: ; ImmutableOopMap {[232]=Oop [280]=Oop }
                      ;*new {reexecute=0 rethrow=0 return_oop=0}
                      ; - java.lang.Class::cast@12 (line 4067)
                      ; - java.lang.invoke.VarHandleInts$FieldInstanceReadWrite::compareAndSet@15 (line 178)
                      ; - java.lang.invoke.VarHandleGuards::guard_LII_Z@50 (line 137)
                      ; - java.util.concurrent.FutureTask::setException@6 (line 300)
                      ; - java.util.concurrent.FutureTask::run@59 (line 322)
  0x000001e24291ddd8: ae06 e9ad | f2ff ff8b | 7a18 48c1 | e703 4883 | ff00 0f84 | 6ef3 ffff | 4889 3c24 

  0x000001e24291ddf4: ;   {runtime_call g1_pre_barrier_slow}
  0x000001e24291ddf4: e887 84ae | 06e9 60f3 | ffff 4883 | fe00 0f84 | 7bf3 ffff | 4889 1424 

  0x000001e24291de0c: ;   {runtime_call g1_post_barrier_slow}
  0x000001e24291de0c: e86f 87ae | 06e9 6df3 

  0x000001e24291de14: ;   {metadata({method} {0x000001e2a17ea1e8} 'handlePossibleCancellationInterrupt' '(I)V' in 'java/util/concurrent/FutureTask')}
  0x000001e24291de14: ffff 49ba | e0a1 7ea1 | e201 0000 | 4c89 5424 | 0848 c704 | 24ff ffff 

  0x000001e24291de2c: ;   {runtime_call counter_overflow Runtime1 stub}
  0x000001e24291de2c: ffe8 4e7e 

  0x000001e24291de30: ; ImmutableOopMap {rax=Oop rdx=Oop [232]=Oop [288]=Oop }
                      ;*synchronization entry
                      ; - java.util.concurrent.FutureTask::handlePossibleCancellationInterrupt@-1 (line 384)
                      ; - java.util.concurrent.FutureTask::run@116 (line 335)
  0x000001e24291de30: ae06 e9ba 

  0x000001e24291de34: ;   {metadata({method} {0x000001e25f429fc8} 'yield' '()V' in 'java/lang/Thread')}
  0x000001e24291de34: f3ff ff49 | bac0 9f42 | 5fe2 0100 | 004c 8954 | 2408 48c7 | 0424 ffff 

  0x000001e24291de4c: ;   {runtime_call counter_overflow Runtime1 stub}
  0x000001e24291de4c: ffff e82d 

  0x000001e24291de50: ; ImmutableOopMap {rdx=Oop [232]=Oop [288]=Oop }
                      ;*synchronization entry
                      ; - java.lang.Thread::yield@-1 (line 442)
                      ; - java.util.concurrent.FutureTask::handlePossibleCancellationInterrupt@13 (line 386)
                      ; - java.util.concurrent.FutureTask::run@116 (line 335)
  0x000001e24291de50: 7eae 06e9 | 33f4 ffff | 4889 3424 

  0x000001e24291de5c: ;   {runtime_call throw_class_cast_exception Runtime1 stub}
  0x000001e24291de5c: e81f 51ae 

  0x000001e24291de60: ; ImmutableOopMap {[232]=Oop [288]=Oop }
                      ;*checkcast {reexecute=0 rethrow=0 return_oop=0}
                      ; - java.lang.Thread::yield@12 (line 442)
                      ; - java.util.concurrent.FutureTask::handlePossibleCancellationInterrupt@13 (line 386)
                      ; - java.util.concurrent.FutureTask::run@116 (line 335)
                      ;   {runtime_call throw_null_pointer_exception Runtime1 stub}
  0x000001e24291de60: 06e8 1a2d 

  0x000001e24291de64: ; ImmutableOopMap {rsi=Oop [232]=Oop [288]=Oop }
                      ;*invokevirtual tryYield {reexecute=0 rethrow=0 return_oop=0}
                      ; - java.lang.Thread::yield@17 (line 443)
                      ; - java.util.concurrent.FutureTask::handlePossibleCancellationInterrupt@13 (line 386)
                      ; - java.util.concurrent.FutureTask::run@116 (line 335)
                      ;   {metadata({method} {0x000001e2a17ea1e8} 'handlePossibleCancellationInterrupt' '(I)V' in 'java/util/concurrent/FutureTask')}
  0x000001e24291de64: ae06 49ba | e0a1 7ea1 | e201 0000 | 4c89 5424 | 0848 c704 | 2410 0000 

  0x000001e24291de7c: ;   {runtime_call counter_overflow Runtime1 stub}
  0x000001e24291de7c: 00e8 fe7d 

  0x000001e24291de80: ; ImmutableOopMap {[232]=Oop [288]=Oop }
                      ;*goto {reexecute=1 rethrow=0 return_oop=0}
                      ; - (reexecute) java.util.concurrent.FutureTask::handlePossibleCancellationInterrupt@16 (line 386)
                      ; - java.util.concurrent.FutureTask::run@116 (line 335)
  0x000001e24291de80: ae06 e934 | f7ff ff48 

  0x000001e24291de88: ;   {runtime_call fast_new_instance Runtime1 stub}
  0x000001e24291de88: 8bd2 e8f1 

  0x000001e24291de8c: ; ImmutableOopMap {rbx=Oop [232]=Oop }
                      ;*new {reexecute=0 rethrow=0 return_oop=0}
                      ; - java.lang.Class::cast@12 (line 4067)
                      ; - java.lang.invoke.VarHandleReferences$FieldInstanceReadWrite::compareAndSet@41 (line 183)
                      ; - java.lang.invoke.VarHandleGuards::guard_LLL_Z@50 (line 68)
                      ; - java.util.concurrent.FutureTask::run@15 (line 309)
  0x000001e24291de8c: 35ae 06e9 | b3f7 ffff 

  0x000001e24291de94: ;   {runtime_call fast_new_instance Runtime1 stub}
  0x000001e24291de94: 488b d2e8 

  0x000001e24291de98: ; ImmutableOopMap {r9=Oop [232]=Oop [312]=Oop }
                      ;*new {reexecute=0 rethrow=0 return_oop=0}
                      ; - java.lang.Class::cast@12 (line 4067)
                      ; - java.lang.invoke.VarHandleReferences$FieldInstanceReadWrite::compareAndSet@15 (line 180)
                      ; - java.lang.invoke.VarHandleGuards::guard_LLL_Z@50 (line 68)
                      ; - java.util.concurrent.FutureTask::run@15 (line 309)
  0x000001e24291de98: e435 ae06 | e98b f8ff | ff49 8b87 | f804 0000 | 49c7 87f8 | 0400 0000 | 0000 0049 | c787 0005 
  0x000001e24291deb8: 0000 0000 | 0000 4881 | c450 0100 

  0x000001e24291dec4: ;   {runtime_call unwind_exception Runtime1 stub}
  0x000001e24291dec4: 005d e9b5 | 1dae 06f4 | f4f4 f4f4 
[Stub Code]
  0x000001e24291ded0: ;   {no_reloc}
  0x000001e24291ded0: 0f1f 4400 

  0x000001e24291ded4: ;   {static_stub}
  0x000001e24291ded4: 0048 bb00 | 0000 0000 

  0x000001e24291dedc: ;   {runtime_call nmethod}
  0x000001e24291dedc: 0000 00e9 | fbff ffff 

  0x000001e24291dee4: ;   {static_stub}
  0x000001e24291dee4: 9048 bb00 | 0000 0000 

  0x000001e24291deec: ;   {runtime_call nmethod}
  0x000001e24291deec: 0000 00e9 | fbff ffff 

  0x000001e24291def4: ;   {static_stub}
  0x000001e24291def4: 9048 bb00 | 0000 0000 

  0x000001e24291defc: ;   {runtime_call nmethod}
  0x000001e24291defc: 0000 00e9 | fbff ffff 

  0x000001e24291df04: ;   {static_stub}
  0x000001e24291df04: 48bb 0000 | 0000 0000 

  0x000001e24291df0c: ;   {runtime_call nmethod}
  0x000001e24291df0c: 0000 e9fb 

  0x000001e24291df10: ;   {static_stub}
  0x000001e24291df10: ffff ff48 | bb00 0000 | 0000 0000 

  0x000001e24291df1c: ;   {runtime_call nmethod}
  0x000001e24291df1c: 00e9 fbff 

  0x000001e24291df20: ;   {static_stub}
  0x000001e24291df20: ffff 48bb | 78ce 435f | e201 0000 

  0x000001e24291df2c: ;   {runtime_call I2C/C2I adapters}
  0x000001e24291df2c: e93d b3a1 

  0x000001e24291df30: ;   {static_stub}
  0x000001e24291df30: 0648 bb10 | a37e a1e2 

  0x000001e24291df38: ;   {runtime_call I2C/C2I adapters}
  0x000001e24291df38: 0100 00e9 | 2355 a206 

  0x000001e24291df40: ;   {static_stub}
  0x000001e24291df40: 48bb 0000 | 0000 0000 

  0x000001e24291df48: ;   {runtime_call nmethod}
  0x000001e24291df48: 0000 e9fb 

  0x000001e24291df4c: ;   {runtime_call handle_exception_from_callee Runtime1 stub}
  0x000001e24291df4c: ffff ffe8 | 2c4a ae06 

  0x000001e24291df54: ;   {external_word}
  0x000001e24291df54: 48b9 506f | cbe4 fc7f | 0000 4883 

  0x000001e24291df60: ;   {runtime_call}
  0x000001e24291df60: e4f0 48b8 | d040 8ee4 | fc7f 0000 

  0x000001e24291df6c: ;   {section_word}
  0x000001e24291df6c: ffd0 f449 | ba6f df91 | 42e2 0100 

  0x000001e24291df78: ;   {runtime_call DeoptimizationBlob}
  0x000001e24291df78: 0041 52e9 | 206a a206 
[/MachCode]


---------------  P R O C E S S  ---------------

Threads class SMR info:
_java_thread_list=0x000001e2a850c1a0, length=29, elements={
0x000001e237cb3a10, 0x000001e25bc6c260, 0x000001e25bc6e590, 0x000001e25bc73a20,
0x000001e25bc76ca0, 0x000001e25bc79d10, 0x000001e25bc878a0, 0x000001e25bc92160,
0x000001e25bc93010, 0x000001e25bc87f30, 0x000001e25bc85e60, 0x000001e25bc86b80,
0x000001e25bc864f0, 0x000001e25bc88c50, 0x000001e25bc885c0, 0x000001e25bc892e0,
0x000001e2a81efbc0, 0x000001e2a81f57a0, 0x000001e2a81f1600, 0x000001e2a81f1c90,
0x000001e2a81f5e30, 0x000001e2a81f64c0, 0x000001e2a81f29b0, 0x000001e2a81f0250,
0x000001e2a66a4850, 0x000001e2a66a34a0, 0x000001e2a66a6fb0, 0x000001e2a66a13d0,
0x000001e2a66a3b30
}

Java Threads: ( => current thread )
  0x000001e237cb3a10 JavaThread "main"                              [_thread_blocked, id=608, stack(0x0000004dd1500000,0x0000004dd1600000) (1024K)]
  0x000001e25bc6c260 JavaThread "Reference Handler"          daemon [_thread_blocked, id=22692, stack(0x0000004dd1d00000,0x0000004dd1e00000) (1024K)]
  0x000001e25bc6e590 JavaThread "Finalizer"                  daemon [_thread_blocked, id=24328, stack(0x0000004dd1e00000,0x0000004dd1f00000) (1024K)]
  0x000001e25bc73a20 JavaThread "Signal Dispatcher"          daemon [_thread_blocked, id=25772, stack(0x0000004dd1f00000,0x0000004dd2000000) (1024K)]
  0x000001e25bc76ca0 JavaThread "Attach Listener"            daemon [_thread_blocked, id=8640, stack(0x0000004dd2000000,0x0000004dd2100000) (1024K)]
  0x000001e25bc79d10 JavaThread "Service Thread"             daemon [_thread_blocked, id=26160, stack(0x0000004dd2100000,0x0000004dd2200000) (1024K)]
  0x000001e25bc878a0 JavaThread "Monitor Deflation Thread"   daemon [_thread_blocked, id=8588, stack(0x0000004dd2200000,0x0000004dd2300000) (1024K)]
  0x000001e25bc92160 JavaThread "C2 CompilerThread0"         daemon [_thread_blocked, id=25892, stack(0x0000004dd2300000,0x0000004dd2400000) (1024K)]
  0x000001e25bc93010 JavaThread "C1 CompilerThread0"         daemon [_thread_blocked, id=26140, stack(0x0000004dd2400000,0x0000004dd2500000) (1024K)]
  0x000001e25bc87f30 JavaThread "Notification Thread"        daemon [_thread_blocked, id=26576, stack(0x0000004dd2500000,0x0000004dd2600000) (1024K)]
  0x000001e25bc85e60 JavaThread "Common-Cleaner"             daemon [_thread_blocked, id=6700, stack(0x0000004dd2600000,0x0000004dd2700000) (1024K)]
  0x000001e25bc86b80 JavaThread "Thread-1"                   daemon [_thread_blocked, id=20852, stack(0x0000004dd2800000,0x0000004dd2900000) (1024K)]
  0x000001e25bc864f0 JavaThread "ForkJoinPool.commonPool-worker-1" daemon [_thread_blocked, id=7608, stack(0x0000004dd3300000,0x0000004dd3400000) (1024K)]
  0x000001e25bc88c50 JavaThread "ForkJoinPool.commonPool-worker-2" daemon [_thread_blocked, id=4400, stack(0x0000004dd3400000,0x0000004dd3500000) (1024K)]
  0x000001e25bc885c0 JavaThread "Java2D Disposer"            daemon [_thread_blocked, id=12428, stack(0x0000004dd3600000,0x0000004dd3700000) (1024K)]
  0x000001e25bc892e0 JavaThread "AWT-Shutdown"                      [_thread_blocked, id=23548, stack(0x0000004dd3700000,0x0000004dd3800000) (1024K)]
  0x000001e2a81efbc0 JavaThread "AWT-Windows"                daemon [_thread_in_native, id=2324, stack(0x0000004dd3800000,0x0000004dd3900000) (1024K)]
  0x000001e2a81f57a0 JavaThread "AWT-EventQueue-0"                  [_thread_blocked, id=10236, stack(0x0000004dd3900000,0x0000004dd3a00000) (1024K)]
  0x000001e2a81f1600 JavaThread "D3D Screen Updater"         daemon [_thread_blocked, id=4160, stack(0x0000004dd3d00000,0x0000004dd3e00000) (1024K)]
  0x000001e2a81f1c90 JavaThread "TimerQueue"                 daemon [_thread_blocked, id=8508, stack(0x0000004dd3e00000,0x0000004dd3f00000) (1024K)]
  0x000001e2a81f5e30 JavaThread "Swing-Shell"                daemon [_thread_blocked, id=24076, stack(0x0000004dd3f00000,0x0000004dd4000000) (1024K)]
  0x000001e2a81f64c0 JavaThread "SwingWorker-pool-2-thread-1" daemon [_thread_blocked, id=26132, stack(0x0000004dd4400000,0x0000004dd4500000) (1024K)]
  0x000001e2a81f29b0 JavaThread "JavaCPP Deallocator"        daemon [_thread_blocked, id=10108, stack(0x0000004dd4600000,0x0000004dd4700000) (1024K)]
  0x000001e2a81f0250 JavaThread "SwingWorker-pool-2-thread-2" daemon [_thread_blocked, id=22148, stack(0x0000004dd3200000,0x0000004dd3300000) (1024K)]
  0x000001e2a66a4850 JavaThread "SwingWorker-pool-2-thread-3" daemon [_thread_blocked, id=20972, stack(0x0000004dd6b00000,0x0000004dd6c00000) (1024K)]
  0x000001e2a66a34a0 JavaThread "SwingWorker-pool-2-thread-4" daemon [_thread_blocked, id=168, stack(0x0000004dd6c00000,0x0000004dd6d00000) (1024K)]
  0x000001e2a66a6fb0 JavaThread "SwingWorker-pool-2-thread-5" daemon [_thread_blocked, id=22948, stack(0x0000004dd6d00000,0x0000004dd6e00000) (1024K)]
  0x000001e2a66a13d0 JavaThread "SwingWorker-pool-2-thread-6" daemon [_thread_in_native, id=3088, stack(0x0000004dd6f00000,0x0000004dd7000000) (1024K)]
=>0x000001e2a66a3b30 JavaThread "SwingWorker-pool-2-thread-7" daemon [_thread_in_native, id=10788, stack(0x0000004dd7000000,0x0000004dd7100000) (1024K)]
Total: 29

Other Threads:
  0x000001e25bc513b0 VMThread "VM Thread"                           [id=25748, stack(0x0000004dd1c00000,0x0000004dd1d00000) (1024K)]
  0x000001e25e7d13b0 WatcherThread "VM Periodic Task Thread"        [id=18168, stack(0x0000004dd1b00000,0x0000004dd1c00000) (1024K)]
  0x000001e237fa9250 WorkerThread "GC Thread#0"                     [id=25776, stack(0x0000004dd1600000,0x0000004dd1700000) (1024K)]
  0x000001e2a4aebde0 WorkerThread "GC Thread#1"                     [id=17680, stack(0x0000004dd2900000,0x0000004dd2a00000) (1024K)]
  0x000001e2a4da2de0 WorkerThread "GC Thread#2"                     [id=26164, stack(0x0000004dd2a00000,0x0000004dd2b00000) (1024K)]
  0x000001e2a46a3c40 WorkerThread "GC Thread#3"                     [id=26176, stack(0x0000004dd2b00000,0x0000004dd2c00000) (1024K)]
  0x000001e2a46a3fe0 WorkerThread "GC Thread#4"                     [id=22632, stack(0x0000004dd2c00000,0x0000004dd2d00000) (1024K)]
  0x000001e2a46a4790 WorkerThread "GC Thread#5"                     [id=3012, stack(0x0000004dd2d00000,0x0000004dd2e00000) (1024K)]
  0x000001e2a46a4b30 WorkerThread "GC Thread#6"                     [id=5312, stack(0x0000004dd2e00000,0x0000004dd2f00000) (1024K)]
  0x000001e2a457d730 WorkerThread "GC Thread#7"                     [id=9360, stack(0x0000004dd2f00000,0x0000004dd3000000) (1024K)]
  0x000001e2a457dad0 WorkerThread "GC Thread#8"                     [id=4164, stack(0x0000004dd3000000,0x0000004dd3100000) (1024K)]
  0x000001e2a457de70 WorkerThread "GC Thread#9"                     [id=19928, stack(0x0000004dd3100000,0x0000004dd3200000) (1024K)]
  0x000001e237fb6b90 ConcurrentGCThread "G1 Main Marker"            [id=13080, stack(0x0000004dd1700000,0x0000004dd1800000) (1024K)]
  0x000001e25baf2ef0 WorkerThread "G1 Conc#0"                       [id=17784, stack(0x0000004dd1800000,0x0000004dd1900000) (1024K)]
  0x000001e2a5f00d20 WorkerThread "G1 Conc#1"                       [id=6124, stack(0x0000004dd3a00000,0x0000004dd3b00000) (1024K)]
  0x000001e2a5efde00 WorkerThread "G1 Conc#2"                       [id=9776, stack(0x0000004dd3b00000,0x0000004dd3c00000) (1024K)]
  0x000001e25bb81750 ConcurrentGCThread "G1 Refine#0"               [id=22960, stack(0x0000004dd1900000,0x0000004dd1a00000) (1024K)]
  0x000001e25bb822c0 ConcurrentGCThread "G1 Service"                [id=22944, stack(0x0000004dd1a00000,0x0000004dd1b00000) (1024K)]
Total: 18

Threads with active compile tasks:
Total: 0

VM state: not at safepoint (normal execution)

VM Mutex/Monitor currently owned by a thread: None

Heap address: 0x0000000600c00000, size: 8180 MB, Compressed Oops mode: Zero based, Oop shift amount: 3

CDS archive(s) mapped at: [0x000001e25f000000-0x000001e25fc80000-0x000001e25fc80000), size 13107200, SharedBaseAddress: 0x000001e25f000000, ArchiveRelocationMode: 1.
Compressed class space mapped at: 0x000001e260000000-0x000001e2a0000000, reserved size: 1073741824
Narrow klass base: 0x000001e25f000000, Narrow klass shift: 0, Narrow klass range: 0x100000000

GC Precious Log:
 CardTable entry size: 512
 Card Set container configuration: InlinePtr #cards 4 size 8 Array Of Cards #cards 32 size 80 Howl #buckets 8 coarsen threshold 7372 Howl Bitmap #cards 1024 size 144 coarsen threshold 921 Card regions per heap region 1 cards per card region 8192
 CPUs: 12 total, 12 available
 Memory: 32719M
 Large Page Support: Disabled
 NUMA Support: Disabled
 Compressed Oops: Enabled (Zero based)
 Heap Region Size: 4M
 Heap Min Capacity: 8M
 Heap Initial Capacity: 512M
 Heap Max Capacity: 8180M
 Pre-touch: Disabled
 Parallel Workers: 10
 Concurrent Workers: 3
 Concurrent Refinement Workers: 10
 Periodic GC: Disabled

Heap:
 garbage-first heap   total 69632K, used 24091K [0x0000000600c00000, 0x0000000800000000)
  region size 4096K, 1 young (4096K), 0 survivors (0K)
 Metaspace       used 38534K, committed 38912K, reserved 1114112K
  class space    used 3918K, committed 4096K, reserved 1048576K

Heap Regions: E=young(eden), S=young(survivor), O=old, HS=humongous(starts), HC=humongous(continues), CS=collection set, F=free, TAMS=top-at-mark-start, PB=parsable bottom
|   0|0x0000000600c00000, 0x0000000600ffffc8, 0x0000000601000000| 99%| O|  |TAMS 0x0000000600c00000| PB 0x0000000600c00000| Untracked 
|   1|0x0000000601000000, 0x0000000601400000, 0x0000000601400000|100%| O|  |TAMS 0x0000000601000000| PB 0x0000000601000000| Untracked 
|   2|0x0000000601400000, 0x0000000601800000, 0x0000000601800000|100%| O|  |TAMS 0x0000000601400000| PB 0x0000000601400000| Untracked 
|   3|0x0000000601800000, 0x0000000601c00000, 0x0000000601c00000|100%| O|  |TAMS 0x0000000601800000| PB 0x0000000601800000| Untracked 
|   4|0x0000000601c00000, 0x0000000602000000, 0x0000000602000000|100%| O|  |TAMS 0x0000000601c00000| PB 0x0000000601c00000| Untracked 
|   5|0x0000000602000000, 0x0000000602386ce0, 0x0000000602400000| 88%| O|  |TAMS 0x0000000602000000| PB 0x0000000602000000| Untracked 
|   6|0x0000000602400000, 0x0000000602400000, 0x0000000602800000|  0%| F|  |TAMS 0x0000000602400000| PB 0x0000000602400000| Untracked 
|   7|0x0000000602800000, 0x0000000602800000, 0x0000000602c00000|  0%| F|  |TAMS 0x0000000602800000| PB 0x0000000602800000| Untracked 
|   8|0x0000000602c00000, 0x0000000602c00000, 0x0000000603000000|  0%| F|  |TAMS 0x0000000602c00000| PB 0x0000000602c00000| Untracked 
|   9|0x0000000603000000, 0x0000000603000000, 0x0000000603400000|  0%| F|  |TAMS 0x0000000603000000| PB 0x0000000603000000| Untracked 
|  10|0x0000000603400000, 0x0000000603400000, 0x0000000603800000|  0%| F|  |TAMS 0x0000000603400000| PB 0x0000000603400000| Untracked 
|  11|0x0000000603800000, 0x0000000603800000, 0x0000000603c00000|  0%| F|  |TAMS 0x0000000603800000| PB 0x0000000603800000| Untracked 
|  12|0x0000000603c00000, 0x0000000603c00000, 0x0000000604000000|  0%| F|  |TAMS 0x0000000603c00000| PB 0x0000000603c00000| Untracked 
|  13|0x0000000604000000, 0x0000000604000000, 0x0000000604400000|  0%| F|  |TAMS 0x0000000604000000| PB 0x0000000604000000| Untracked 
|  14|0x0000000604400000, 0x0000000604400000, 0x0000000604800000|  0%| F|  |TAMS 0x0000000604400000| PB 0x0000000604400000| Untracked 
| 116|0x000000061dc00000, 0x000000061dc00000, 0x000000061e000000|  0%| F|  |TAMS 0x000000061dc00000| PB 0x000000061dc00000| Untracked 
| 127|0x0000000620800000, 0x0000000620893148, 0x0000000620c00000| 14%| E|  |TAMS 0x0000000620800000| PB 0x0000000620800000| Complete 

Card table byte_map: [0x000001e252a50000,0x000001e253a50000] _byte_map_base: 0x000001e24fa4a000

Marking Bits: (CMBitMap*) 0x000001e237fa9950
 Bits: [0x000001e253a50000, 0x000001e25ba20000)

Polling page: 0x000001e237fd0000

Metaspace:

Usage:
  Non-class:     33.80 MB used.
      Class:      3.83 MB used.
       Both:     37.63 MB used.

Virtual space:
  Non-class space:       64.00 MB reserved,      34.00 MB ( 53%) committed,  1 nodes.
      Class space:        1.00 GB reserved,       4.00 MB ( <1%) committed,  1 nodes.
             Both:        1.06 GB reserved,      38.00 MB (  3%) committed. 

Chunk freelists:
   Non-Class:  13.95 MB
       Class:  12.01 MB
        Both:  25.96 MB

MaxMetaspaceSize: unlimited
CompressedClassSpaceSize: 1.00 GB
Initial GC threshold: 21.00 MB
Current GC threshold: 63.25 MB
CDS: on
 - commit_granule_bytes: 65536.
 - commit_granule_words: 8192.
 - virtual_space_node_default_size: 8388608.
 - enlarge_chunks_in_place: 1.
 - use_allocation_guard: 0.


Internal statistics:

num_allocs_failed_limit: 6.
num_arena_births: 372.
num_arena_deaths: 0.
num_vsnodes_births: 2.
num_vsnodes_deaths: 0.
num_space_committed: 606.
num_space_uncommitted: 0.
num_chunks_returned_to_freelist: 6.
num_chunks_taken_from_freelist: 1316.
num_chunk_merges: 3.
num_chunk_splits: 954.
num_chunks_enlarged: 760.
num_inconsistent_stats: 0.

CodeHeap 'non-profiled nmethods': size=120000Kb used=3522Kb max_used=4087Kb free=116477Kb
 bounds [0x000001e249890000, 0x000001e249c90000, 0x000001e250dc0000]
CodeHeap 'profiled nmethods': size=120000Kb used=12158Kb max_used=14454Kb free=107841Kb
 bounds [0x000001e241dc0000, 0x000001e242be0000, 0x000001e2492f0000]
CodeHeap 'non-nmethods': size=5760Kb used=2559Kb max_used=2578Kb free=3200Kb
 bounds [0x000001e2492f0000, 0x000001e249580000, 0x000001e249890000]
 total_blobs=7302 nmethods=5927 adapters=1279
 compilation: enabled
              stopped_count=0, restarted_count=0
 full_count=0

Compilation events (20 events):
Event: 20.108 Thread 0x000001e25bc93010 7016       3       sun.awt.image.SunWritableRaster::<init> (20 bytes)
Event: 20.108 Thread 0x000001e25bc93010 nmethod 7016 0x000001e2424a5410 code [0x000001e2424a55e0, 0x000001e2424a58d0]
Event: 20.108 Thread 0x000001e25bc93010 7017       3       java.awt.image.WritableRaster::<init> (12 bytes)
Event: 20.109 Thread 0x000001e25bc92160 7019  s    4       sun.java2d.d3d.D3DRenderQueue::getInstance (33 bytes)
Event: 20.109 Thread 0x000001e25bc93010 nmethod 7017 0x000001e242440590 code [0x000001e242440740, 0x000001e242440878]
Event: 20.109 Thread 0x000001e25bc93010 7018       3       java.awt.image.Raster::<init> (207 bytes)
Event: 20.109 Thread 0x000001e25bc93010 nmethod 7018 0x000001e242177790 code [0x000001e2421779e0, 0x000001e242178260]
Event: 20.110 Thread 0x000001e25bc92160 nmethod 7019 0x000001e249a06090 code [0x000001e249a06220, 0x000001e249a06410]
Event: 20.143 Thread 0x000001e25bc93010 7020       3       java.util.ArrayDeque::iterator (9 bytes)
Event: 20.143 Thread 0x000001e25bc93010 nmethod 7020 0x000001e24292b990 code [0x000001e24292bb60, 0x000001e24292bf18]
Event: 20.143 Thread 0x000001e25bc93010 7021       3       java.util.ArrayDeque$DeqIterator::<init> (34 bytes)
Event: 20.144 Thread 0x000001e25bc93010 nmethod 7021 0x000001e242682010 code [0x000001e2426821c0, 0x000001e2426824a8]
Event: 20.144 Thread 0x000001e25bc93010 7022   !   3       com.editor.BackgroundRemover::createMaskVisualization (286 bytes)
Event: 20.146 Thread 0x000001e25bc93010 nmethod 7022 0x000001e241fd5610 code [0x000001e241fd5a80, 0x000001e241fd6ee0]
Event: 20.235 Thread 0x000001e25bc93010 7023       1       javax.swing.DefaultButtonModel::getMnemonic (5 bytes)
Event: 20.235 Thread 0x000001e25bc93010 nmethod 7023 0x000001e249a05d90 code [0x000001e249a05f20, 0x000001e249a05fe8]
Event: 20.235 Thread 0x000001e25bc93010 7024       3       java.awt.Component::isFocusOwner (5 bytes)
Event: 20.236 Thread 0x000001e25bc93010 nmethod 7024 0x000001e24284da90 code [0x000001e24284dc80, 0x000001e24284e048]
Event: 20.236 Thread 0x000001e25bc93010 7025   !   3       java.awt.EventQueue::removeSourceEvents (316 bytes)
Event: 20.237 Thread 0x000001e25bc93010 nmethod 7025 0x000001e24237de90 code [0x000001e24237e200, 0x000001e24237ff30]

GC Heap History (20 events):
Event: 9.971 GC heap before
{Heap before GC invocations=9 (full 0):
 garbage-first heap   total 86016K, used 65310K [0x0000000600c00000, 0x0000000800000000)
  region size 4096K, 12 young (49152K), 1 survivors (4096K)
 Metaspace       used 35319K, committed 35648K, reserved 1114112K
  class space    used 3549K, committed 3712K, reserved 1048576K
}
Event: 9.973 GC heap after
{Heap after GC invocations=10 (full 0):
 garbage-first heap   total 86016K, used 20204K [0x0000000600c00000, 0x0000000800000000)
  region size 4096K, 1 young (4096K), 1 survivors (4096K)
 Metaspace       used 35319K, committed 35648K, reserved 1114112K
  class space    used 3549K, committed 3712K, reserved 1048576K
}
Event: 10.139 GC heap before
{Heap before GC invocations=10 (full 0):
 garbage-first heap   total 86016K, used 65260K [0x0000000600c00000, 0x0000000800000000)
  region size 4096K, 12 young (49152K), 1 survivors (4096K)
 Metaspace       used 35320K, committed 35648K, reserved 1114112K
  class space    used 3549K, committed 3712K, reserved 1048576K
}
Event: 10.142 GC heap after
{Heap after GC invocations=11 (full 0):
 garbage-first heap   total 86016K, used 20235K [0x0000000600c00000, 0x0000000800000000)
  region size 4096K, 1 young (4096K), 1 survivors (4096K)
 Metaspace       used 35320K, committed 35648K, reserved 1114112K
  class space    used 3549K, committed 3712K, reserved 1048576K
}
Event: 10.168 GC heap before
{Heap before GC invocations=11 (full 0):
 garbage-first heap   total 86016K, used 24331K [0x0000000600c00000, 0x0000000800000000)
  region size 4096K, 3 young (12288K), 1 survivors (4096K)
 Metaspace       used 35622K, committed 35968K, reserved 1114112K
  class space    used 3593K, committed 3776K, reserved 1048576K
}
Event: 10.171 GC heap after
{Heap after GC invocations=12 (full 0):
 garbage-first heap   total 307200K, used 20067K [0x0000000600c00000, 0x0000000800000000)
  region size 4096K, 1 young (4096K), 1 survivors (4096K)
 Metaspace       used 35622K, committed 35968K, reserved 1114112K
  class space    used 3593K, committed 3776K, reserved 1048576K
}
Event: 10.987 GC heap before
{Heap before GC invocations=13 (full 0):
 garbage-first heap   total 69632K, used 56931K [0x0000000600c00000, 0x0000000800000000)
  region size 4096K, 12 young (49152K), 1 survivors (4096K)
 Metaspace       used 36978K, committed 37312K, reserved 1114112K
  class space    used 3788K, committed 3968K, reserved 1048576K
}
Event: 11.045 GC heap after
{Heap after GC invocations=14 (full 1):
 garbage-first heap   total 69632K, used 22729K [0x0000000600c00000, 0x0000000800000000)
  region size 4096K, 0 young (0K), 0 survivors (0K)
 Metaspace       used 36978K, committed 37312K, reserved 1114112K
  class space    used 3788K, committed 3968K, reserved 1048576K
}
Event: 14.508 GC heap before
{Heap before GC invocations=14 (full 1):
 garbage-first heap   total 69632K, used 26825K [0x0000000600c00000, 0x0000000800000000)
  region size 4096K, 2 young (8192K), 0 survivors (0K)
 Metaspace       used 37141K, committed 37568K, reserved 1114112K
  class space    used 3793K, committed 3968K, reserved 1048576K
}
Event: 14.564 GC heap after
{Heap after GC invocations=15 (full 2):
 garbage-first heap   total 69632K, used 22780K [0x0000000600c00000, 0x0000000800000000)
  region size 4096K, 0 young (0K), 0 survivors (0K)
 Metaspace       used 37141K, committed 37568K, reserved 1114112K
  class space    used 3793K, committed 3968K, reserved 1048576K
}
Event: 14.602 GC heap before
{Heap before GC invocations=15 (full 2):
 garbage-first heap   total 69632K, used 22780K [0x0000000600c00000, 0x0000000800000000)
  region size 4096K, 1 young (4096K), 0 survivors (0K)
 Metaspace       used 37152K, committed 37568K, reserved 1114112K
  class space    used 3794K, committed 3968K, reserved 1048576K
}
Event: 14.656 GC heap after
{Heap after GC invocations=16 (full 3):
 garbage-first heap   total 69632K, used 22786K [0x0000000600c00000, 0x0000000800000000)
  region size 4096K, 0 young (0K), 0 survivors (0K)
 Metaspace       used 37152K, committed 37568K, reserved 1114112K
  class space    used 3794K, committed 3968K, reserved 1048576K
}
Event: 16.783 GC heap before
{Heap before GC invocations=16 (full 3):
 garbage-first heap   total 69632K, used 63746K [0x0000000600c00000, 0x0000000800000000)
  region size 4096K, 10 young (40960K), 0 survivors (0K)
 Metaspace       used 37753K, committed 38144K, reserved 1114112K
  class space    used 3830K, committed 4032K, reserved 1048576K
}
Event: 16.784 GC heap after
{Heap after GC invocations=17 (full 3):
 garbage-first heap   total 69632K, used 23278K [0x0000000600c00000, 0x0000000800000000)
  region size 4096K, 1 young (4096K), 1 survivors (4096K)
 Metaspace       used 37753K, committed 38144K, reserved 1114112K
  class space    used 3830K, committed 4032K, reserved 1048576K
}
Event: 20.029 GC heap before
{Heap before GC invocations=17 (full 3):
 garbage-first heap   total 69632K, used 51950K [0x0000000600c00000, 0x0000000800000000)
  region size 4096K, 9 young (36864K), 1 survivors (4096K)
 Metaspace       used 38482K, committed 38848K, reserved 1114112K
  class space    used 3917K, committed 4096K, reserved 1048576K
}
Event: 20.032 GC heap after
{Heap after GC invocations=18 (full 3):
 garbage-first heap   total 69632K, used 30392K [0x0000000600c00000, 0x0000000800000000)
  region size 4096K, 2 young (8192K), 2 survivors (8192K)
 Metaspace       used 38482K, committed 38848K, reserved 1114112K
  class space    used 3917K, committed 4096K, reserved 1048576K
}
Event: 20.210 GC heap before
{Heap before GC invocations=18 (full 3):
 garbage-first heap   total 69632K, used 54968K [0x0000000600c00000, 0x0000000800000000)
  region size 4096K, 8 young (32768K), 2 survivors (8192K)
 Metaspace       used 38486K, committed 38848K, reserved 1114112K
  class space    used 3917K, committed 4096K, reserved 1048576K
}
Event: 20.211 GC heap after
{Heap after GC invocations=19 (full 3):
 garbage-first heap   total 69632K, used 25279K [0x0000000600c00000, 0x0000000800000000)
  region size 4096K, 1 young (4096K), 1 survivors (4096K)
 Metaspace       used 38486K, committed 38848K, reserved 1114112K
  class space    used 3917K, committed 4096K, reserved 1048576K
}
Event: 20.244 GC heap before
{Heap before GC invocations=19 (full 3):
 garbage-first heap   total 69632K, used 25279K [0x0000000600c00000, 0x0000000800000000)
  region size 4096K, 2 young (8192K), 1 survivors (4096K)
 Metaspace       used 38491K, committed 38848K, reserved 1114112K
  class space    used 3917K, committed 4096K, reserved 1048576K
}
Event: 20.304 GC heap after
{Heap after GC invocations=20 (full 4):
 garbage-first heap   total 69632K, used 24091K [0x0000000600c00000, 0x0000000800000000)
  region size 4096K, 0 young (0K), 0 survivors (0K)
 Metaspace       used 38491K, committed 38848K, reserved 1114112K
  class space    used 3917K, committed 4096K, reserved 1048576K
}

Dll operation events (20 events):
Event: 9.107 Loaded shared library C:\Users\ethan\.javacpp\cache\ffmpeg-6.0-1.5.9-windows-x86_64.jar\org\bytedeco\ffmpeg\windows-x86_64\swresample-4.dll
Event: 9.122 Loaded shared library C:\Users\ethan\.javacpp\cache\ffmpeg-6.0-1.5.9-windows-x86_64.jar\org\bytedeco\ffmpeg\windows-x86_64\jniswresample.dll
Event: 9.165 Loaded shared library C:\Users\ethan\.javacpp\cache\ffmpeg-6.0-1.5.9-windows-x86_64.jar\org\bytedeco\ffmpeg\windows-x86_64\avcodec-60.dll
Event: 9.180 Loaded shared library C:\Users\ethan\.javacpp\cache\ffmpeg-6.0-1.5.9-windows-x86_64.jar\org\bytedeco\ffmpeg\windows-x86_64\jniavcodec.dll
Event: 9.233 Loaded shared library C:\Users\ethan\.javacpp\cache\ffmpeg-6.0-1.5.9-windows-x86_64.jar\org\bytedeco\ffmpeg\windows-x86_64\avformat-60.dll
Event: 9.249 Loaded shared library C:\Users\ethan\.javacpp\cache\ffmpeg-6.0-1.5.9-windows-x86_64.jar\org\bytedeco\ffmpeg\windows-x86_64\jniavformat.dll
Event: 9.301 Loaded shared library C:\Users\ethan\.javacpp\cache\ffmpeg-6.0-1.5.9-windows-x86_64.jar\org\bytedeco\ffmpeg\windows-x86_64\swscale-7.dll
Event: 9.313 Loaded shared library C:\Users\ethan\.javacpp\cache\ffmpeg-6.0-1.5.9-windows-x86_64.jar\org\bytedeco\ffmpeg\windows-x86_64\jniswscale.dll
Event: 9.378 Loaded shared library C:\Users\ethan\.javacpp\cache\ffmpeg-6.0-1.5.9-windows-x86_64.jar\org\bytedeco\ffmpeg\windows-x86_64\avfilter-9.dll
Event: 9.390 Loaded shared library C:\Users\ethan\.javacpp\cache\ffmpeg-6.0-1.5.9-windows-x86_64.jar\org\bytedeco\ffmpeg\windows-x86_64\jniavfilter.dll
Event: 9.418 Loaded shared library C:\Users\ethan\.javacpp\cache\ffmpeg-6.0-1.5.9-windows-x86_64.jar\org\bytedeco\ffmpeg\windows-x86_64\avdevice-60.dll
Event: 9.432 Loaded shared library C:\Users\ethan\.javacpp\cache\ffmpeg-6.0-1.5.9-windows-x86_64.jar\org\bytedeco\ffmpeg\windows-x86_64\jniavdevice.dll
Event: 9.674 Loaded shared library C:\Users\ethan\.javacpp\cache\openblas-0.3.23-1.5.9-windows-x86_64.jar\org\bytedeco\openblas\windows-x86_64\libopenblas_nolapack.dll
Event: 9.684 Loaded shared library C:\Users\ethan\.javacpp\cache\openblas-0.3.23-1.5.9-windows-x86_64.jar\org\bytedeco\openblas\windows-x86_64\jniopenblas_nolapack.dll
Event: 9.751 Loaded shared library C:\Users\ethan\.javacpp\cache\openblas-0.3.23-1.5.9-windows-x86_64.jar\org\bytedeco\openblas\windows-x86_64\libopenblas.dll
Event: 9.761 Loaded shared library C:\Users\ethan\.javacpp\cache\openblas-0.3.23-1.5.9-windows-x86_64.jar\org\bytedeco\openblas\windows-x86_64\jniopenblas.dll
Event: 10.116 Loaded shared library C:\Users\ethan\.javacpp\cache\opencv-4.9.0-1.5.10-windows-x86_64.jar\org\bytedeco\opencv\windows-x86_64\opencv_core490.dll
Event: 10.134 Loaded shared library C:\Users\ethan\.javacpp\cache\opencv-4.9.0-1.5.10-windows-x86_64.jar\org\bytedeco\opencv\windows-x86_64\opencv_imgproc490.dll
Event: 10.154 Loaded shared library C:\Users\ethan\.javacpp\cache\opencv-4.9.0-1.5.10-windows-x86_64.jar\org\bytedeco\opencv\windows-x86_64\jniopencv_core.dll
Event: 14.757 Loaded shared library C:\Users\ethan\.javacpp\cache\opencv-4.9.0-1.5.10-windows-x86_64.jar\org\bytedeco\opencv\windows-x86_64\jniopencv_imgproc.dll

Deoptimization events (20 events):
Event: 16.830 Thread 0x000001e2a81f57a0 Uncommon trap: trap_request=0xffffff45 fr.pc=0x000001e249a69de8 relative=0x00000000000000c8
Event: 16.830 Thread 0x000001e2a81f57a0 Uncommon trap: reason=unstable_if action=reinterpret pc=0x000001e249a69de8 method=java.lang.Math.round(D)J @ 48 c2
Event: 16.830 Thread 0x000001e2a81f57a0 DEOPT PACKING pc=0x000001e249a69de8 sp=0x0000004dd39fe020
Event: 16.830 Thread 0x000001e2a81f57a0 DEOPT UNPACKING pc=0x000001e2493446a2 sp=0x0000004dd39fdf80 mode 2
Event: 16.890 Thread 0x000001e2a81f57a0 Uncommon trap: trap_request=0xffffff45 fr.pc=0x000001e2499e4f78 relative=0x00000000000001f8
Event: 16.890 Thread 0x000001e2a81f57a0 Uncommon trap: reason=unstable_if action=reinterpret pc=0x000001e2499e4f78 method=sun.java2d.SunGraphics2D.validateBasicStroke(Ljava/awt/BasicStroke;)V @ 5 c2
Event: 16.890 Thread 0x000001e2a81f57a0 DEOPT PACKING pc=0x000001e2499e4f78 sp=0x0000004dd39fc540
Event: 16.890 Thread 0x000001e2a81f57a0 DEOPT UNPACKING pc=0x000001e2493446a2 sp=0x0000004dd39fc440 mode 2
Event: 16.891 Thread 0x000001e2a81f57a0 Uncommon trap: trap_request=0xffffff45 fr.pc=0x000001e249c1929c relative=0x0000000000000cbc
Event: 16.891 Thread 0x000001e2a81f57a0 Uncommon trap: reason=unstable_if action=reinterpret pc=0x000001e249c1929c method=java.awt.Container.findComponentAtImpl(IIZ)Ljava/awt/Component; @ 17 c2
Event: 16.891 Thread 0x000001e2a81f57a0 DEOPT PACKING pc=0x000001e249c1929c sp=0x0000004dd39fc3d0
Event: 16.891 Thread 0x000001e2a81f57a0 DEOPT UNPACKING pc=0x000001e2493446a2 sp=0x0000004dd39fc380 mode 2
Event: 20.045 Thread 0x000001e2a81f57a0 Uncommon trap: trap_request=0xffffff45 fr.pc=0x000001e249abb454 relative=0x0000000000000a14
Event: 20.045 Thread 0x000001e2a81f57a0 Uncommon trap: reason=unstable_if action=reinterpret pc=0x000001e249abb454 method=com.editor.BackgroundRemover.createMaskVisualization()Lorg/bytedeco/javacv/Frame; @ 82 c2
Event: 20.045 Thread 0x000001e2a81f57a0 DEOPT PACKING pc=0x000001e249abb454 sp=0x0000004dd39fc390
Event: 20.045 Thread 0x000001e2a81f57a0 DEOPT UNPACKING pc=0x000001e2493446a2 sp=0x0000004dd39fc348 mode 2
Event: 20.235 Thread 0x000001e2a81f57a0 Uncommon trap: trap_request=0xffffff45 fr.pc=0x000001e249c8c308 relative=0x0000000000000708
Event: 20.235 Thread 0x000001e2a81f57a0 Uncommon trap: reason=unstable_if action=reinterpret pc=0x000001e249c8c308 method=java.util.WeakHashMap.remove(Ljava/lang/Object;)Ljava/lang/Object; @ 92 c2
Event: 20.235 Thread 0x000001e2a81f57a0 DEOPT PACKING pc=0x000001e249c8c308 sp=0x0000004dd39fc830
Event: 20.235 Thread 0x000001e2a81f57a0 DEOPT UNPACKING pc=0x000001e2493446a2 sp=0x0000004dd39fc800 mode 2

Classes loaded (20 events):
Event: 18.700 Loading class javax/swing/plaf/basic/BasicOptionPaneUI$ButtonActionListener
Event: 18.700 Loading class javax/swing/plaf/basic/BasicOptionPaneUI$ButtonActionListener done
Event: 18.702 Loading class javax/swing/plaf/basic/BasicOptionPaneUI$2
Event: 18.702 Loading class javax/swing/plaf/basic/BasicOptionPaneUI$2 done
Event: 18.702 Loading class javax/swing/plaf/basic/BasicOptionPaneUI$Handler
Event: 18.702 Loading class javax/swing/plaf/basic/BasicOptionPaneUI$Handler done
Event: 18.703 Loading class javax/swing/SwingUtilities$SharedOwnerFrame
Event: 18.704 Loading class javax/swing/SwingUtilities$SharedOwnerFrame done
Event: 18.722 Loading class javax/swing/plaf/basic/BasicOptionPaneUI$Actions
Event: 18.722 Loading class javax/swing/plaf/basic/BasicOptionPaneUI$Actions done
Event: 18.722 Loading class com/sun/java/swing/plaf/windows/WindowsLookAndFeel$AudioAction
Event: 18.722 Loading class com/sun/java/swing/plaf/windows/WindowsLookAndFeel$AudioAction done
Event: 18.724 Loading class java/awt/GridBagLayoutInfo
Event: 18.724 Loading class java/awt/GridBagLayoutInfo done
Event: 18.732 Loading class javax/swing/JOptionPane$1
Event: 18.732 Loading class javax/swing/JOptionPane$1 done
Event: 18.732 Loading class javax/swing/JOptionPane$2
Event: 18.732 Loading class javax/swing/JOptionPane$2 done
Event: 18.732 Loading class javax/swing/JOptionPane$3
Event: 18.732 Loading class javax/swing/JOptionPane$3 done

Classes unloaded (0 events):
No events

Classes redefined (0 events):
No events

Internal exceptions (20 events):
Event: 3.558 Thread 0x000001e237cb3a10 Exception <a 'java/lang/NoSuchMethodError'{0x000000061f664988}: 'void java.lang.invoke.DelegatingMethodHandle$Holder.reinvoke_L(java.lang.Object, java.lang.Object, long)'> (0x000000061f664988) 
thrown [s\src\hotspot\share\interpreter\linkResolver.cpp, line 773]
Event: 3.690 Thread 0x000001e25bc87210 Exception <a 'java/lang/NoSuchMethodError'{0x000000061e987cf0}: 'void java.lang.invoke.Invokers$Holder.invoke_MT(java.lang.Object, java.lang.Object, java.lang.Object)'> (0x000000061e987cf0) 
thrown [s\src\hotspot\share\interpreter\linkResolver.cpp, line 773]
Event: 3.700 Thread 0x000001e25bc87210 Exception <a 'java/lang/ClassNotFoundException'{0x000000061e9c1cd8}: sun/awt/resources/spi/awtProvider> (0x000000061e9c1cd8) 
thrown [s\src\hotspot\share\classfile\systemDictionary.cpp, line 312]
Event: 3.709 Thread 0x000001e25bc87210 Exception <a 'java/io/FileNotFoundException'{0x000000061e9fca80}> (0x000000061e9fca80) 
thrown [s\src\hotspot\share\prims\jni.cpp, line 520]
Event: 3.714 Thread 0x000001e25bc87210 Exception <a 'java/io/FileNotFoundException'{0x000000061ea27138}> (0x000000061ea27138) 
thrown [s\src\hotspot\share\prims\jni.cpp, line 520]
Event: 3.800 Thread 0x000001e25bc87210 Exception <a 'java/lang/NoSuchMethodError'{0x000000061ea97950}: 'void java.lang.invoke.DirectMethodHandle$Holder.invokeStaticInit(java.lang.Object)'> (0x000000061ea97950) 
thrown [s\src\hotspot\share\interpreter\linkResolver.cpp, line 773]
Event: 3.813 Thread 0x000001e25bc87210 Exception <a 'java/lang/NoSuchMethodError'{0x000000061eae1c18}: 'java.lang.Object java.lang.invoke.DirectMethodHandle$Holder.invokeStatic(java.lang.Object, int, java.lang.Object)'> (0x000000061eae1c18) 
thrown [s\src\hotspot\share\interpreter\linkResolver.cpp, line 773]
Event: 3.834 Thread 0x000001e25bc87210 Exception <a 'java/lang/ClassNotFoundException'{0x000000061e5902e0}: com/sun/java/swing/plaf/windows/resources/spi/windowsProvider> (0x000000061e5902e0) 
thrown [s\src\hotspot\share\classfile\systemDictionary.cpp, line 312]
Event: 3.835 Thread 0x000001e25bc87210 Exception <a 'java/lang/ClassNotFoundException'{0x000000061e594498}: com/sun/swing/internal/plaf/basic/resources/spi/basicProvider> (0x000000061e594498) 
thrown [s\src\hotspot\share\classfile\systemDictionary.cpp, line 312]
Event: 3.840 Thread 0x000001e25bc87210 Exception <a 'java/lang/NoSuchMethodError'{0x000000061e5a1f70}: 'java.lang.Object java.lang.invoke.DirectMethodHandle$Holder.invokeStatic(java.lang.Object, java.lang.Object, int, java.lang.Object)'> (0x000000061e5a1f70) 
thrown [s\src\hotspot\share\interpreter\linkResolver.cpp, line 773]
Event: 3.841 Thread 0x000001e25bc87210 Exception <a 'java/lang/NoSuchMethodError'{0x000000061e5a8178}: 'java.lang.Object java.lang.invoke.DirectMethodHandle$Holder.newInvokeSpecial(java.lang.Object, java.lang.Object, int)'> (0x000000061e5a8178) 
thrown [s\src\hotspot\share\interpreter\linkResolver.cpp, line 773]
Event: 4.192 Thread 0x000001e2a81f57a0 Exception <a 'java/lang/NoSuchMethodError'{0x000000062084e118}: 'int java.lang.invoke.Invokers$Holder.invokeExact_MT(java.lang.Object, java.lang.Object)'> (0x000000062084e118) 
thrown [s\src\hotspot\share\interpreter\linkResolver.cpp, line 773]
Event: 5.854 Thread 0x000001e2a81f57a0 Implicit null exception at 0x000001e249ab0b76 to 0x000001e249ab0e33
Event: 5.865 Thread 0x000001e2a81f0250 Exception <a 'java/lang/NoSuchMethodError'{0x00000006034053d0}: 'java.lang.Object java.lang.invoke.DirectMethodHandle$Holder.newInvokeSpecial(java.lang.Object, java.lang.Object, java.lang.Object, int, int, int, int, int)'> (0x00000006034053d0) 
thrown [s\src\hotspot\share\interpreter\linkResolver.cpp, line 773]
Event: 6.430 Thread 0x000001e2a81f57a0 Implicit null exception at 0x000001e249bcc73e to 0x000001e249bcc994
Event: 6.468 Thread 0x000001e2a81f57a0 Exception <a 'java/lang/NoSuchMethodError'{0x00000006036ac0b0}: 'int java.lang.invoke.DirectMethodHandle$Holder.invokeStatic(java.lang.Object)'> (0x00000006036ac0b0) 
thrown [s\src\hotspot\share\interpreter\linkResolver.cpp, line 773]
Event: 6.489 Thread 0x000001e2a81f57a0 Exception <a 'java/lang/NoSuchMethodError'{0x00000006036f2ab0}: 'java.lang.Object java.lang.invoke.DirectMethodHandle$Holder.newInvokeSpecial(java.lang.Object, int, java.lang.Object)'> (0x00000006036f2ab0) 
thrown [s\src\hotspot\share\interpreter\linkResolver.cpp, line 773]
Event: 8.710 Thread 0x000001e2a81f64c0 Exception <a 'java/lang/NoSuchMethodError'{0x0000000602fe1d40}: 'int java.lang.invoke.DirectMethodHandle$Holder.invokeStaticInit(java.lang.Object, java.lang.Object, java.lang.Object, java.lang.Object)'> (0x0000000602fe1d40) 
thrown [s\src\hotspot\share\interpreter\linkResolver.cpp, line 773]
Event: 8.711 Thread 0x000001e2a81f64c0 Exception <a 'java/lang/IncompatibleClassChangeError'{0x0000000602fea0d0}: Found class java.lang.Object, but interface was expected> (0x0000000602fea0d0) 
thrown [s\src\hotspot\share\interpreter\linkResolver.cpp, line 840]
Event: 20.240 Thread 0x000001e2a66a6fb0 Exception <a 'java/lang/NullPointerException'{0x000000062091c1e8}: This pointer address is NULL.> (0x000000062091c1e8) 
thrown [s\src\hotspot\share\prims\jni.cpp, line 539]

ZGC Phase Switch (0 events):
No events

VM Operations (20 events):
Event: 16.675 Executing VM operation: Cleanup
Event: 16.676 Executing VM operation: Cleanup done
Event: 16.783 Executing VM operation: G1CollectForAllocation (G1 Evacuation Pause)
Event: 16.784 Executing VM operation: G1CollectForAllocation (G1 Evacuation Pause) done
Event: 16.892 Executing VM operation: HandshakeAllThreads (Deoptimize)
Event: 16.892 Executing VM operation: HandshakeAllThreads (Deoptimize) done
Event: 16.893 Executing VM operation: HandshakeAllThreads (Deoptimize)
Event: 16.893 Executing VM operation: HandshakeAllThreads (Deoptimize) done
Event: 17.898 Executing VM operation: Cleanup
Event: 17.898 Executing VM operation: Cleanup done
Event: 18.904 Executing VM operation: Cleanup
Event: 18.904 Executing VM operation: Cleanup done
Event: 19.918 Executing VM operation: Cleanup
Event: 19.918 Executing VM operation: Cleanup done
Event: 20.029 Executing VM operation: G1CollectForAllocation (G1 Evacuation Pause)
Event: 20.032 Executing VM operation: G1CollectForAllocation (G1 Evacuation Pause) done
Event: 20.210 Executing VM operation: G1CollectForAllocation (G1 Evacuation Pause)
Event: 20.211 Executing VM operation: G1CollectForAllocation (G1 Evacuation Pause) done
Event: 20.244 Executing VM operation: G1CollectFull (System.gc())
Event: 20.304 Executing VM operation: G1CollectFull (System.gc()) done

Memory protections (0 events):
No events

Nmethod flushes (20 events):
Event: 14.636 Thread 0x000001e25bc513b0 flushing  nmethod 0x000001e24288d690
Event: 14.636 Thread 0x000001e25bc513b0 flushing  nmethod 0x000001e242890010
Event: 14.636 Thread 0x000001e25bc513b0 flushing  nmethod 0x000001e242891c10
Event: 14.636 Thread 0x000001e25bc513b0 flushing  nmethod 0x000001e24289be10
Event: 14.636 Thread 0x000001e25bc513b0 flushing  nmethod 0x000001e24289d710
Event: 14.636 Thread 0x000001e25bc513b0 flushing  nmethod 0x000001e2428a1710
Event: 14.636 Thread 0x000001e25bc513b0 flushing  nmethod 0x000001e24292b990
Event: 14.636 Thread 0x000001e25bc513b0 flushing  nmethod 0x000001e242949a10
Event: 14.636 Thread 0x000001e25bc513b0 flushing  nmethod 0x000001e242949d10
Event: 14.636 Thread 0x000001e25bc513b0 flushing  nmethod 0x000001e24294a010
Event: 14.636 Thread 0x000001e25bc513b0 flushing  nmethod 0x000001e24294a390
Event: 14.636 Thread 0x000001e25bc513b0 flushing  nmethod 0x000001e24294bd90
Event: 14.636 Thread 0x000001e25bc513b0 flushing  nmethod 0x000001e24298d590
Event: 14.636 Thread 0x000001e25bc513b0 flushing  nmethod 0x000001e2429af810
Event: 20.280 Thread 0x000001e25bc513b0 flushing  nmethod 0x000001e249ad8410
Event: 20.280 Thread 0x000001e25bc513b0 flushing  nmethod 0x000001e249aef890
Event: 20.280 Thread 0x000001e25bc513b0 flushing  nmethod 0x000001e249af2110
Event: 20.280 Thread 0x000001e25bc513b0 flushing  nmethod 0x000001e249affc90
Event: 20.280 Thread 0x000001e25bc513b0 flushing  nmethod 0x000001e2425e6990
Event: 20.280 Thread 0x000001e25bc513b0 flushing  nmethod 0x000001e2425e9990

Events (20 events):
Event: 6.403 Thread 0x000001e2a81ef530 Thread exited: 0x000001e2a81ef530
Event: 6.448 Thread 0x000001e2a81f57a0 Thread added: 0x000001e2a81f08e0
Event: 6.450 Thread 0x000001e2a81f08e0 Thread exited: 0x000001e2a81f08e0
Event: 7.960 Thread 0x000001e2a81f57a0 Thread added: 0x000001e2a81f36d0
Event: 7.962 Thread 0x000001e2a81f36d0 Thread exited: 0x000001e2a81f36d0
Event: 8.675 Thread 0x000001e2a81f57a0 Thread added: 0x000001e2a81f64c0
Event: 8.955 Thread 0x000001e25bc93010 Thread added: 0x000001e2a70574d0
Event: 8.961 Thread 0x000001e2a81f64c0 Thread added: 0x000001e2a81f29b0
Event: 10.355 Thread 0x000001e25bc92160 Thread added: 0x000001e2a56ba410
Event: 10.550 Thread 0x000001e2a70574d0 Thread exited: 0x000001e2a70574d0
Event: 10.550 Thread 0x000001e2a56ba410 Thread exited: 0x000001e2a56ba410
Event: 10.882 Thread 0x000001e2a81f0250 Thread exited: 0x000001e2a81f0250
Event: 11.137 Thread 0x000001e25bc93010 Thread added: 0x000001e2a56ba410
Event: 11.279 Thread 0x000001e2a56ba410 Thread exited: 0x000001e2a56ba410
Event: 14.586 Thread 0x000001e2a81f57a0 Thread added: 0x000001e2a81f0250
Event: 17.941 Thread 0x000001e2a81f57a0 Thread added: 0x000001e2a66a4850
Event: 18.083 Thread 0x000001e2a81f57a0 Thread added: 0x000001e2a66a34a0
Event: 18.240 Thread 0x000001e2a81f57a0 Thread added: 0x000001e2a66a6fb0
Event: 18.394 Thread 0x000001e2a81f57a0 Thread added: 0x000001e2a66a13d0
Event: 18.544 Thread 0x000001e2a81f57a0 Thread added: 0x000001e2a66a3b30


Dynamic libraries:
0x00007ff615360000 - 0x00007ff61536e000 	C:\Program Files\Eclipse Adoptium\jdk-21.0.5.11-hotspot\bin\java.exe
0x00007ffd78890000 - 0x00007ffd78a88000 	C:\WINDOWS\SYSTEM32\ntdll.dll
0x00007ffd77e60000 - 0x00007ffd77f22000 	C:\WINDOWS\System32\KERNEL32.DLL
0x00007ffd76450000 - 0x00007ffd7674f000 	C:\WINDOWS\System32\KERNELBASE.dll
0x00007ffd76100000 - 0x00007ffd76200000 	C:\WINDOWS\System32\ucrtbase.dll
0x00007ffd6c9d0000 - 0x00007ffd6c9ee000 	C:\Program Files\Eclipse Adoptium\jdk-21.0.5.11-hotspot\bin\VCRUNTIME140.dll
0x00007ffd6c9b0000 - 0x00007ffd6c9c8000 	C:\Program Files\Eclipse Adoptium\jdk-21.0.5.11-hotspot\bin\jli.dll
0x00007ffd786b0000 - 0x00007ffd7884d000 	C:\WINDOWS\System32\USER32.dll
0x00007ffd76880000 - 0x00007ffd768a2000 	C:\WINDOWS\System32\win32u.dll
0x00007ffd64580000 - 0x00007ffd6481a000 	C:\WINDOWS\WinSxS\amd64_microsoft.windows.common-controls_6595b64144ccf1df_6.0.19041.4355_none_60b8b9eb71f62e16\COMCTL32.dll
0x00007ffd768b0000 - 0x00007ffd768db000 	C:\WINDOWS\System32\GDI32.dll
0x00007ffd76280000 - 0x00007ffd7639a000 	C:\WINDOWS\System32\gdi32full.dll
0x00007ffd777d0000 - 0x00007ffd7786e000 	C:\WINDOWS\System32\msvcrt.dll
0x00007ffd76750000 - 0x00007ffd767ed000 	C:\WINDOWS\System32\msvcp_win.dll
0x00007ffd77b70000 - 0x00007ffd77b9f000 	C:\WINDOWS\System32\IMM32.DLL
0x00007ffd726a0000 - 0x00007ffd726ac000 	C:\Program Files\Eclipse Adoptium\jdk-21.0.5.11-hotspot\bin\vcruntime140_1.dll
0x00007ffd6b4d0000 - 0x00007ffd6b55d000 	C:\Program Files\Eclipse Adoptium\jdk-21.0.5.11-hotspot\bin\msvcp140.dll
0x00007ffce42c0000 - 0x00007ffce504f000 	C:\Program Files\Eclipse Adoptium\jdk-21.0.5.11-hotspot\bin\server\jvm.dll
0x00007ffd77950000 - 0x00007ffd779ff000 	C:\WINDOWS\System32\ADVAPI32.dll
0x00007ffd77db0000 - 0x00007ffd77e4f000 	C:\WINDOWS\System32\sechost.dll
0x00007ffd76bd0000 - 0x00007ffd76cf3000 	C:\WINDOWS\System32\RPCRT4.dll
0x00007ffd76250000 - 0x00007ffd76277000 	C:\WINDOWS\System32\bcrypt.dll
0x00007ffd77400000 - 0x00007ffd7746b000 	C:\WINDOWS\System32\WS2_32.dll
0x00007ffd75ac0000 - 0x00007ffd75b0b000 	C:\WINDOWS\SYSTEM32\POWRPROF.dll
0x00007ffd6b0c0000 - 0x00007ffd6b0e7000 	C:\WINDOWS\SYSTEM32\WINMM.dll
0x00007ffd72cf0000 - 0x00007ffd72cfa000 	C:\WINDOWS\SYSTEM32\VERSION.dll
0x00007ffd75a80000 - 0x00007ffd75a92000 	C:\WINDOWS\SYSTEM32\UMPDC.dll
0x00007ffd73cf0000 - 0x00007ffd73d02000 	C:\WINDOWS\SYSTEM32\kernel.appcore.dll
0x00007ffd70290000 - 0x00007ffd7029a000 	C:\Program Files\Eclipse Adoptium\jdk-21.0.5.11-hotspot\bin\jimage.dll
0x00007ffd68fc0000 - 0x00007ffd691a4000 	C:\WINDOWS\SYSTEM32\DBGHELP.DLL
0x00007ffd57380000 - 0x00007ffd573b4000 	C:\WINDOWS\SYSTEM32\dbgcore.DLL
0x00007ffd767f0000 - 0x00007ffd76872000 	C:\WINDOWS\System32\bcryptPrimitives.dll
0x00007ffd6b4b0000 - 0x00007ffd6b4cf000 	C:\Program Files\Eclipse Adoptium\jdk-21.0.5.11-hotspot\bin\java.dll
0x00007ffd77f40000 - 0x00007ffd786ad000 	C:\WINDOWS\System32\SHELL32.dll
0x00007ffd73fd0000 - 0x00007ffd74774000 	C:\WINDOWS\SYSTEM32\windows.storage.dll
0x00007ffd77470000 - 0x00007ffd777c5000 	C:\WINDOWS\System32\combase.dll
0x00007ffd75890000 - 0x00007ffd758bb000 	C:\WINDOWS\SYSTEM32\Wldp.dll
0x00007ffd77870000 - 0x00007ffd7793d000 	C:\WINDOWS\System32\OLEAUT32.dll
0x00007ffd77a00000 - 0x00007ffd77aad000 	C:\WINDOWS\System32\SHCORE.dll
0x00007ffd77ab0000 - 0x00007ffd77b05000 	C:\WINDOWS\System32\shlwapi.dll
0x00007ffd75e60000 - 0x00007ffd75e85000 	C:\WINDOWS\SYSTEM32\profapi.dll
0x00007ffd64d70000 - 0x00007ffd64e47000 	C:\Program Files\Eclipse Adoptium\jdk-21.0.5.11-hotspot\bin\jsvml.dll
0x00007ffd70270000 - 0x00007ffd70280000 	C:\Program Files\Eclipse Adoptium\jdk-21.0.5.11-hotspot\bin\net.dll
0x00007ffd6ed30000 - 0x00007ffd6ee3a000 	C:\WINDOWS\SYSTEM32\WINHTTP.dll
0x00007ffd755f0000 - 0x00007ffd7565c000 	C:\WINDOWS\system32\mswsock.dll
0x00007ffd6b490000 - 0x00007ffd6b4a6000 	C:\Program Files\Eclipse Adoptium\jdk-21.0.5.11-hotspot\bin\nio.dll
0x00007ffd6b470000 - 0x00007ffd6b488000 	C:\Program Files\Eclipse Adoptium\jdk-21.0.5.11-hotspot\bin\zip.dll
0x00007ffd69250000 - 0x00007ffd69274000 	C:\ProgramData\chocolatey\lib\maven\apache-maven-3.9.9\lib\jansi-native\Windows\x86_64\jansi.dll
0x00007ffd6caf0000 - 0x00007ffd6cb00000 	C:\Program Files\Eclipse Adoptium\jdk-21.0.5.11-hotspot\bin\verify.dll
0x00007ffd41e80000 - 0x00007ffd4200e000 	C:\Program Files\Eclipse Adoptium\jdk-21.0.5.11-hotspot\bin\awt.dll
0x00007ffd72bf0000 - 0x00007ffd72c84000 	C:\WINDOWS\SYSTEM32\apphelp.dll
0x00007ffd738e0000 - 0x00007ffd7397e000 	C:\WINDOWS\system32\uxtheme.dll
0x00007ffd77c30000 - 0x00007ffd77d45000 	C:\WINDOWS\System32\MSCTF.dll
0x00007ffd768e0000 - 0x00007ffd76a0b000 	C:\WINDOWS\System32\ole32.dll
0x00007ffd73cc0000 - 0x00007ffd73cef000 	C:\WINDOWS\system32\DWMAPI.DLL
0x00007ffd41d50000 - 0x00007ffd41e78000 	C:\WINDOWS\system32\opengl32.dll
0x00007ffd64d00000 - 0x00007ffd64d2c000 	C:\WINDOWS\SYSTEM32\GLU32.dll
0x00007ffd6e580000 - 0x00007ffd6e751000 	C:\WINDOWS\system32\d3d9.dll
0x00007ffd3c160000 - 0x00007ffd3c222000 	C:\WINDOWS\System32\DriverStore\FileRepository\nv_dispi.inf_amd64_9d15b9aa9e1c885b\nvldumdx.dll
0x00007ffd75aa0000 - 0x00007ffd75ab2000 	C:\WINDOWS\SYSTEM32\msasn1.dll
0x00007ffd6dde0000 - 0x00007ffd6de11000 	C:\WINDOWS\SYSTEM32\cryptnet.dll
0x00007ffd75fa0000 - 0x00007ffd760fc000 	C:\WINDOWS\System32\CRYPT32.dll
0x00007ffd75800000 - 0x00007ffd7580c000 	C:\WINDOWS\SYSTEM32\cryptbase.dll
0x00007ffd6d970000 - 0x00007ffd6dab7000 	C:\WINDOWS\SYSTEM32\drvstore.dll
0x00007ffd75cc0000 - 0x00007ffd75cf3000 	C:\WINDOWS\SYSTEM32\devobj.dll
0x00007ffd76200000 - 0x00007ffd7624e000 	C:\WINDOWS\System32\cfgmgr32.dll
0x00007ffd75f30000 - 0x00007ffd75f98000 	C:\WINDOWS\System32\wintrust.dll
0x00007ffd773e0000 - 0x00007ffd773fd000 	C:\WINDOWS\System32\imagehlp.dll
0x00007ffd757e0000 - 0x00007ffd757f8000 	C:\WINDOWS\SYSTEM32\CRYPTSP.dll
0x00007ffd74f10000 - 0x00007ffd74f48000 	C:\WINDOWS\system32\rsaenh.dll
0x00007ffca53e0000 - 0x00007ffca8b7a000 	C:\WINDOWS\System32\DriverStore\FileRepository\nv_dispi.inf_amd64_9d15b9aa9e1c885b\nvgpucomp64.dll
0x00007ffd22990000 - 0x00007ffd22a67000 	C:\WINDOWS\System32\DriverStore\FileRepository\nv_dispi.inf_amd64_9d15b9aa9e1c885b\NvMemMapStoragex.dll
0x00007ffce21f0000 - 0x00007ffce42b7000 	C:\WINDOWS\System32\DriverStore\FileRepository\nv_dispi.inf_amd64_9d15b9aa9e1c885b\nvd3dumx.dll
0x00007ffd6e870000 - 0x00007ffd6eb40000 	C:\WINDOWS\system32\nvspcap64.dll
0x00007ffd75160000 - 0x00007ffd75193000 	C:\WINDOWS\SYSTEM32\ntmarta.dll
0x00007ffd74790000 - 0x00007ffd747b3000 	C:\WINDOWS\SYSTEM32\gpapi.dll
0x00007ffd1a570000 - 0x00007ffd1a724000 	C:\WINDOWS\System32\DriverStore\FileRepository\nv_dispi.inf_amd64_9d15b9aa9e1c885b\nvppex.dll
0x00007ffd6b1d0000 - 0x00007ffd6b20b000 	C:\WINDOWS\SYSTEM32\dxcore.dll
0x00007ffd64c70000 - 0x00007ffd64cf7000 	C:\Program Files\Eclipse Adoptium\jdk-21.0.5.11-hotspot\bin\freetype.dll
0x00007ffd3ff40000 - 0x00007ffd4001b000 	C:\Program Files\Eclipse Adoptium\jdk-21.0.5.11-hotspot\bin\fontmanager.dll
0x00007ffd581e0000 - 0x00007ffd582d9000 	C:\WINDOWS\SYSTEM32\textinputframework.dll
0x00007ffd71e40000 - 0x00007ffd7219b000 	C:\WINDOWS\System32\CoreUIComponents.dll
0x00007ffd721e0000 - 0x00007ffd722d2000 	C:\WINDOWS\System32\CoreMessaging.dll
0x00007ffd730b0000 - 0x00007ffd73207000 	C:\WINDOWS\SYSTEM32\wintypes.dll
0x00007ffd644b0000 - 0x00007ffd64516000 	C:\WINDOWS\system32\Oleacc.dll
0x00007ffd5ff30000 - 0x00007ffd5ffe0000 	C:\WINDOWS\WinSxS\amd64_microsoft.windows.common-controls_6595b64144ccf1df_5.82.19041.4355_none_792ecafd2442822f\comctl32.dll
0x00007ffd76d00000 - 0x00007ffd76da9000 	C:\WINDOWS\System32\clbcatq.dll
0x00007ffd72d00000 - 0x00007ffd72df6000 	C:\WINDOWS\system32\propsys.dll
0x00007ffd58960000 - 0x00007ffd58977000 	C:\WINDOWS\system32\NetworkExplorer.dll
0x00007ffd736a0000 - 0x00007ffd73854000 	C:\WINDOWS\SYSTEM32\WindowsCodecs.dll
0x00007ffd528a0000 - 0x00007ffd52906000 	C:\Windows\System32\thumbcache.dll
0x00007ffd624a0000 - 0x00007ffd62691000 	C:\Windows\System32\urlmon.dll
0x00007ffd63a70000 - 0x00007ffd63a98000 	C:\Windows\System32\srvcli.dll
0x00007ffd753e0000 - 0x00007ffd753ec000 	C:\Windows\System32\netutils.dll
0x00007ffd61c70000 - 0x00007ffd61f2f000 	C:\Windows\System32\iertutil.dll
0x00007ffd75de0000 - 0x00007ffd75e12000 	C:\Windows\System32\SspiCli.dll
0x00007ffd626d0000 - 0x00007ffd626ed000 	C:\WINDOWS\SYSTEM32\MPR.dll
0x00007ffd4f5d0000 - 0x00007ffd4f5db000 	C:\WINDOWS\System32\drprov.dll
0x00007ffd75900000 - 0x00007ffd7595b000 	C:\WINDOWS\System32\WINSTA.dll
0x00007ffd4f270000 - 0x00007ffd4f28f000 	C:\WINDOWS\System32\ntlanman.dll
0x00007ffd4f090000 - 0x00007ffd4f0ae000 	C:\WINDOWS\System32\davclnt.dll
0x00007ffd4f080000 - 0x00007ffd4f08d000 	C:\WINDOWS\System32\DAVHLPR.dll
0x00007ffd75030000 - 0x00007ffd75049000 	C:\WINDOWS\System32\wkscli.dll
0x00007ffd51c30000 - 0x00007ffd51c42000 	C:\WINDOWS\SYSTEM32\cscapi.dll
0x00007ffd61b90000 - 0x00007ffd61be6000 	C:\Windows\System32\dlnashext.dll
0x00007ffd5fca0000 - 0x00007ffd5fd04000 	C:\Windows\System32\PlayToDevice.dll
0x00007ffd54710000 - 0x00007ffd54730000 	C:\Windows\System32\DevDispItemProvider.dll
0x00007ffd6f630000 - 0x00007ffd6f6b9000 	C:\WINDOWS\System32\MMDevApi.dll
0x00007ffd4edc0000 - 0x00007ffd4ee61000 	C:\WINDOWS\system32\wpdshext.dll
0x00007ffd64820000 - 0x00007ffd649c8000 	C:\WINDOWS\WinSxS\amd64_microsoft.windows.gdiplus_6595b64144ccf1df_1.1.19041.5369_none_91a453e0cc8824e6\gdiplus.dll
0x00007ffd725d0000 - 0x00007ffd72673000 	C:\Windows\System32\PortableDeviceApi.dll
0x00007ffd76f60000 - 0x00007ffd773d1000 	C:\WINDOWS\System32\SETUPAPI.dll
0x00007ffd61ab0000 - 0x00007ffd61ae7000 	C:\Windows\System32\EhStorShell.dll
0x00007ffd57fd0000 - 0x00007ffd57ff6000 	C:\Windows\System32\EhStorAPI.dll
0x00007ffd72cd0000 - 0x00007ffd72ce4000 	C:\Windows\System32\WTSAPI32.dll
0x00007ffd51be0000 - 0x00007ffd51bed000 	C:\WINDOWS\SYSTEM32\LINKINFO.dll
0x00007ffd60450000 - 0x00007ffd6045c000 	C:\WINDOWS\SYSTEM32\Secur32.dll
0x00007ffd52910000 - 0x00007ffd5294e000 	C:\WINDOWS\system32\dataexchange.dll
0x00007ffd718b0000 - 0x00007ffd71a94000 	C:\WINDOWS\system32\dcomp.dll
0x00007ffd71060000 - 0x00007ffd712c3000 	C:\WINDOWS\system32\d3d11.dll
0x00007ffd747c0000 - 0x00007ffd748b6000 	C:\WINDOWS\system32\dxgi.dll
0x00007ffd6e110000 - 0x00007ffd6e313000 	C:\WINDOWS\system32\twinapi.appcore.dll
0x00007ffd60880000 - 0x00007ffd60978000 	C:\Windows\System32\MrmCoreR.dll
0x00007ffd61850000 - 0x00007ffd61861000 	C:\WINDOWS\SYSTEM32\windows.staterepositorycore.dll
0x000001e2b20a0000 - 0x000001e2b20a4000 	C:\Users\ethan\.javacpp\cache\javacpp-1.5.9-windows-x86_64.jar\org\bytedeco\javacpp\windows-x86_64\api-ms-win-crt-locale-l1-1-0.dll
0x000001e2b20b0000 - 0x000001e2b20b5000 	C:\Users\ethan\.javacpp\cache\javacpp-1.5.9-windows-x86_64.jar\org\bytedeco\javacpp\windows-x86_64\api-ms-win-crt-string-l1-1-0.dll
0x000001e2b20c0000 - 0x000001e2b20c5000 	C:\Users\ethan\.javacpp\cache\javacpp-1.5.9-windows-x86_64.jar\org\bytedeco\javacpp\windows-x86_64\api-ms-win-crt-stdio-l1-1-0.dll
0x000001e2b20d0000 - 0x000001e2b20d6000 	C:\Users\ethan\.javacpp\cache\javacpp-1.5.9-windows-x86_64.jar\org\bytedeco\javacpp\windows-x86_64\api-ms-win-crt-math-l1-1-0.dll

dbghelp: loaded successfully - version: 4.0.5 - missing functions: none
symbol engine: initialized successfully - sym options: 0x614 - pdb path: .;C:\Program Files\Eclipse Adoptium\jdk-21.0.5.11-hotspot\bin;C:\WINDOWS\SYSTEM32;C:\WINDOWS\WinSxS\amd64_microsoft.windows.common-controls_6595b64144ccf1df_6.0.19041.4355_none_60b8b9eb71f62e16;C:\Program Files\Eclipse Adoptium\jdk-21.0.5.11-hotspot\bin\server;C:\ProgramData\chocolatey\lib\maven\apache-maven-3.9.9\lib\jansi-native\Windows\x86_64;C:\WINDOWS\System32\DriverStore\FileRepository\nv_dispi.inf_amd64_9d15b9aa9e1c885b;C:\WINDOWS\WinSxS\amd64_microsoft.windows.common-controls_6595b64144ccf1df_5.82.19041.4355_none_792ecafd2442822f;C:\WINDOWS\WinSxS\amd64_microsoft.windows.gdiplus_6595b64144ccf1df_1.1.19041.5369_none_91a453e0cc8824e6;C:\Users\ethan\.javacpp\cache\javacpp-1.5.9-windows-x86_64.jar\org\bytedeco\javacpp\windows-x86_64;C:\Users\ethan\.javacpp\cache\ffmpeg-6.0-1.5.9-windows-x86_64.jar\org\bytedeco\ffmpeg\windows-x86_64;C:\Users\ethan\.javacpp\cache\openblas-0.3.23-1.5.9-windows-x86_64.jar\org\bytedeco\openblas\windows-x86_64;C:\Users\ethan\.javacpp\cache\opencv-4.9.0-1.5.10-windows-x86_64.jar\org\bytedeco\opencv\windows-x86_64

VM Arguments:
jvm_args: -Dclassworlds.conf=C:\ProgramData\chocolatey\lib\maven\apache-maven-3.9.9\bin\m2.conf -Dmaven.home=C:\ProgramData\chocolatey\lib\maven\apache-maven-3.9.9 -Dlibrary.jansi.path=C:\ProgramData\chocolatey\lib\maven\apache-maven-3.9.9\lib\jansi-native -Dmaven.multiModuleProjectDirectory=A:\Kinoui\SMU\COURSE WORK\year 2 sem 2\OOP\proj\OOPs 
java_command: org.codehaus.plexus.classworlds.launcher.Launcher exec:java -Dexec.mainClass=com.main.MainApplication
java_class_path (initial): C:\ProgramData\chocolatey\lib\maven\apache-maven-3.9.9\boot\plexus-classworlds-2.8.0.jar
Launcher Type: SUN_STANDARD

[Global flags]
     intx CICompilerCount                          = 4                                         {product} {ergonomic}
     uint ConcGCThreads                            = 3                                         {product} {ergonomic}
     uint G1ConcRefinementThreads                  = 10                                        {product} {ergonomic}
   size_t G1HeapRegionSize                         = 4194304                                   {product} {ergonomic}
    uintx GCDrainStackTargetSize                   = 64                                        {product} {ergonomic}
   size_t InitialHeapSize                          = 536870912                                 {product} {ergonomic}
   size_t MarkStackSize                            = 4194304                                   {product} {ergonomic}
   size_t MaxHeapSize                              = 8577351680                                {product} {ergonomic}
   size_t MaxNewSize                               = 5146411008                                {product} {ergonomic}
   size_t MinHeapDeltaBytes                        = 4194304                                   {product} {ergonomic}
   size_t MinHeapSize                              = 8388608                                   {product} {ergonomic}
    uintx NonNMethodCodeHeapSize                   = 5839372                                {pd product} {ergonomic}
    uintx NonProfiledCodeHeapSize                  = 122909434                              {pd product} {ergonomic}
    uintx ProfiledCodeHeapSize                     = 122909434                              {pd product} {ergonomic}
    uintx ReservedCodeCacheSize                    = 251658240                              {pd product} {ergonomic}
     bool SegmentedCodeCache                       = true                                      {product} {ergonomic}
   size_t SoftMaxHeapSize                          = 8577351680                             {manageable} {ergonomic}
     bool UseCompressedOops                        = true                           {product lp64_product} {ergonomic}
     bool UseG1GC                                  = true                                      {product} {ergonomic}
     bool UseLargePagesIndividualAllocation        = false                                  {pd product} {ergonomic}

Logging:
Log output configuration:
 #0: stdout all=warning uptime,level,tags foldmultilines=false
 #1: stderr all=off uptime,level,tags foldmultilines=false

Environment Variables:
JAVA_HOME=C:\Program Files\Eclipse Adoptium\jdk-21.0.5.11-hotspot
PATH=C:\Program Files\Eclipse Adoptium\jdk-21.0.5.11-hotspot\bin;C:\Users\ethan\AppData\Local\Programs\Eclipse Adoptium\jdk-21.0.6.7-hotspot\bin;C:\Program Files (x86)\Common Files\Oracle\Java\javapath;C:\Windows\system32;C:\Windows;C:\Windows\System32\Wbem;C:\Windows\System32\WindowsPowerShell\v1.0\;C:\Windows\System32\OpenSSH\;C:\Program Files (x86)\NVIDIA Corporation\PhysX\Common;C:\Program Files\NVIDIA Corporation\NVIDIA NvDLISR;C:\Program Files\Calibre2\;C:\WINDOWS\system32;C:\WINDOWS;C:\WINDOWS\System32\Wbem;C:\WINDOWS\System32\WindowsPowerShell\v1.0\;C:\WINDOWS\System32\OpenSSH\;C:\Program Files\dotnet\;A:\Kinoui\servers\remoteit\resources\x64;A:\Kinoui\[a]ss\app\remoteit\resources\x64;A:\Kinoui\[a]ss\app\remoteit\resources\x64;C:\Users\ethan\AppData\Roaming\nvm;C:\Program Files\nodejs;C:\ProgramData\chocolatey\bin;C:\ProgramData\chocolatey\lib\maven\apache-maven-3.9.9\bin;C:\Program Files\Eclipse Adoptium\jdk-21.0.5.11-hotspot\bin;C:\Program Files (x86)\Common Files\Oracle\Java\javapath;C:\Windows\system32;C:\Windows;C:\Windows\System32\Wbem;C:\Windows\System32\WindowsPowerShell\v1.0\;C:\Windows\System32\OpenSSH\;C:\Program Files (x86)\NVIDIA Corporation\PhysX\Common;C:\Program Files\NVIDIA Corporation\NVIDIA NvDLISR;C:\Program Files\Calibre2\;C:\WINDOWS\system32;C:\WINDOWS;C:\WINDOWS\System32\Wbem;C:\WINDOWS\System32\WindowsPowerShell\v1.0\;C:\WINDOWS\System32\OpenSSH\;C:\Program Files\dotnet\;A:\Kinoui\servers\remoteit\resources\x64;A:\Kinoui\[a]ss\app\remoteit\resources\x64;A:\Kinoui\[a]ss\app\remoteit\resources\x64;C:\Users\ethan\AppData\Roaming\nvm;C:\Program Files\nodejs;C:\ProgramData\chocolatey\bin;C:\ProgramData\chocolatey\lib\maven\apache-maven-3.9.9\bin;C:\Users\ethan\AppData\Local\Programs\Eclipse Adoptium\jdk-21.0.6.7-hotspot\bin;C:\Users\ethan\AppData\Local\Microsoft\WindowsApps;G:\Coding\Coding software\Microsoft VS Code\bin;C:\Users\ethan\AppData\Local\GitHubDesktop\bin;C:\Users\ethan\AppData\;C:\Program Files\Eclipse Adoptium\jre-17.0.13.11-hotspot;C:\Program Files\Eclipse Adoptium\jdk-21.0.5.11-hotspot;
USERNAME=ethan
OS=Windows_NT
PROCESSOR_IDENTIFIER=AMD64 Family 23 Model 8 Stepping 2, AuthenticAMD
TMP=C:\Users\ethan\AppData\Local\Temp
TEMP=C:\Users\ethan\AppData\Local\Temp




Periodic native trim disabled

---------------  S Y S T E M  ---------------

OS:
 Windows 10 , 64 bit Build 19041 (10.0.19041.5438)
OS uptime: 2 days 8:46 hours

CPU: total 12 (initial active 12) (12 cores per cpu, 2 threads per core) family 23 model 8 stepping 2 microcode 0x0, cx8, cmov, fxsr, ht, mmx, 3dnowpref, sse, sse2, sse3, ssse3, sse4a, sse4.1, sse4.2, popcnt, lzcnt, tsc, tscinvbit, avx, avx2, aes, clmul, bmi1, bmi2, adx, sha, fma, vzeroupper, clflush, clflushopt, rdtscp, f16c
Processor Information for all 12 processors :
  Max Mhz: 3400, Current Mhz: 3400, Mhz Limit: 3400

Memory: 4k page, system-wide physical 32719M (16261M free)
TotalPageFile size 37583M (AvailPageFile size 6428M)
current process WorkingSet (physical memory assigned to process): 387M, peak: 706M
current process commit charge ("private bytes"): 3415M, peak: 3778M

vm_info: OpenJDK 64-Bit Server VM (21.0.5+11-LTS) for windows-amd64 JRE (21.0.5+11-LTS), built on 2024-10-15T00:00:00Z by "admin" with MS VC++ 17.7 (VS2022)

END.
