#
# A fatal error has been detected by the Java Runtime Environment:
#
#  EXCEPTION_ACCESS_VIOLATION (0xc0000005) at pc=0x00007ffce4a492be, pid=2328, tid=25680
#
# JRE version: OpenJDK Runtime Environment Temurin-21.0.5+11 (21.0.5+11) (build 21.0.5+11-LTS)
# Java VM: OpenJDK 64-Bit Server VM Temurin-21.0.5+11 (21.0.5+11-LTS, mixed mode, sharing, tiered, compressed oops, compressed class ptrs, g1 gc, windows-amd64)
# Problematic frame:
# C  0x00007ffce4a492be
#
# No core dump will be written. Minidumps are not enabled by default on client versions of Windows
#
# If you would like to submit a bug report, please visit:
#   https://github.com/adoptium/adoptium-support/issues
# The crash happened outside the Java Virtual Machine in native code.
# See problematic frame for where to report the bug.
#

---------------  S U M M A R Y ------------

Command Line: -Dclassworlds.conf=C:\ProgramData\chocolatey\lib\maven\apache-maven-3.9.9\bin\m2.conf -Dmaven.home=C:\ProgramData\chocolatey\lib\maven\apache-maven-3.9.9 -Dlibrary.jansi.path=C:\ProgramData\chocolatey\lib\maven\apache-maven-3.9.9\lib\jansi-native -Dmaven.multiModuleProjectDirectory=A:\Kinoui\SMU\COURSE WORK\year 2 sem 2\OOP\proj\OOPs org.codehaus.plexus.classworlds.launcher.Launcher exec:java -Dexec.mainClass=com.main.MainApplication

Host: AMD Ryzen 5 2600 Six-Core Processor            , 12 cores, 31G,  Windows 10 , 64 bit Build 19041 (10.0.19041.5438)
Time: Tue Mar 25 02:53:15 2025 Malay Peninsula Standard Time elapsed time: 19.353138 seconds (0d 0h 0m 19s)

---------------  T H R E A D  ---------------

Current thread (0x000002b71727d8d0):  JavaThread "SwingWorker-pool-2-thread-3" daemon [_thread_in_native, id=25680, stack(0x000000dd91070000,0x000000dd91170000) (1024K)]

Stack: [0x000000dd91070000,0x000000dd91170000],  sp=0x000000dd9116ddd0,  free space=1015k
Native frames: (J=compiled Java code, j=interpreted, Vv=VM code, C=native code)
C  0x00007ffce4a492be

Java frames: (J=compiled Java code, j=interpreted, Vv=VM code)
j  org.bytedeco.opencv.global.opencv_imgproc.grabCut(Lorg/bytedeco/opencv/opencv_core/Mat;Lorg/bytedeco/opencv/opencv_core/Mat;Lorg/bytedeco/opencv/opencv_core/Rect;Lorg/bytedeco/opencv/opencv_core/Mat;Lorg/bytedeco/opencv/opencv_core/Mat;II)V+0
j  com.editor.BackgroundRemover.refineSegmentation(Ljava/util/List;Ljava/util/List;I)Lorg/bytedeco/javacv/Frame;+82
j  com.ui.handlers.ForegroundRefinementHandler$3.doInBackground()Lorg/bytedeco/javacv/Frame;+19
j  com.ui.handlers.ForegroundRefinementHandler$3.doInBackground()Ljava/lang/Object;+1
j  javax.swing.SwingWorker$1.call()Ljava/lang/Object;+14 java.desktop@21.0.5
J 5765 c1 java.util.concurrent.FutureTask.run()V java.base@21.0.5 (123 bytes) @ 0x000002b6b280b62c [0x000002b6b280aee0+0x000000000000074c]
j  javax.swing.SwingWorker.run()V+4 java.desktop@21.0.5
j  java.util.concurrent.ThreadPoolExecutor.runWorker(Ljava/util/concurrent/ThreadPoolExecutor$Worker;)V+92 java.base@21.0.5
j  java.util.concurrent.ThreadPoolExecutor$Worker.run()V+5 java.base@21.0.5
j  java.lang.Thread.runWith(Ljava/lang/Object;Ljava/lang/Runnable;)V+5 java.base@21.0.5
j  java.lang.Thread.run()V+19 java.base@21.0.5
v  ~StubRoutines::call_stub 0x000002b6b91a100d

siginfo: EXCEPTION_ACCESS_VIOLATION (0xc0000005), reading address 0x0000000000000000


Registers:
RAX=0x0000000000000000, RBX=0x0000000000000000, RCX=0x0000000000000000, RDX=0x0000000000000000
RSP=0x000000dd9116ddd0, RBP=0x000000dd9116ded0, RSI=0x0000000000000000, RDI=0x0000000000000000
R8 =0x00000000ffffffff, R9 =0x0000000000000001, R10=0x0000000000000000, R11=0x000000dd9116dd30
R12=0x0000000000000003, R13=0x0000000000000001, R14=0x0000000000000000, R15=0x000002b71760cfc0
RIP=0x00007ffce4a492be, EFLAGS=0x0000000000010246


Register to memory mapping:

RAX=0x0 is null
RBX=0x0 is null
RCX=0x0 is null
RDX=0x0 is null
RSP=0x000000dd9116ddd0 is pointing into the stack for thread: 0x000002b71727d8d0
RBP=0x000000dd9116ded0 is pointing into the stack for thread: 0x000002b71727d8d0
RSI=0x0 is null
RDI=0x0 is null
R8 =0x00000000ffffffff is an unknown value
R9 =0x0000000000000001 is an unknown value
R10=0x0 is null
R11=0x000000dd9116dd30 is pointing into the stack for thread: 0x000002b71727d8d0
R12=0x0000000000000003 is an unknown value
R13=0x0000000000000001 is an unknown value
R14=0x0 is null
R15=0x000002b71760cfc0 points into unknown readable memory: 0x0000000242ff4000 | 00 40 ff 42 02 00 00 00

Top of Stack: (sp=0x000000dd9116ddd0)
0x000000dd9116ddd0:   00000000000003ff 0000000000000000
0x000000dd9116dde0:   0000000000000249 0000000000000005
0x000000dd9116ddf0:   407c200000000000 000000dd9116e0e0
0x000000dd9116de00:   000000dd9116e080 000000dd9116e020
0x000000dd9116de10:   000000dd9116dfc0 000000dd9116df00
0x000000dd9116de20:   0000024900000005 404a000000000000
0x000000dd9116de30:   4038000000000000 4037000000000000
0x000000dd9116de40:   000002b700000000 0000000000000000
0x000000dd9116de50:   4048000000000000 4039000000000000
0x000000dd9116de60:   4037000000000000 00007ffd26a2c660
0x000000dd9116de70:   0000000000000000 0000000000000000
0x000000dd9116de80:   00000000ffffffff 00007ffced718ca0
0x000000dd9116de90:   000002b6a7b7fb50 0000000000000000
0x000000dd9116dea0:   0000000242ff4010 0000040000000249
0x000000dd9116deb0:   000002b7b4ebd040 000002b7b4ebd040
0x000000dd9116dec0:   000002b7b5073c40 000002b7b5073c40
0x000000dd9116ded0:   0000000000000000 0000000000000000
0x000000dd9116dee0:   000000dd9116dea8 000000dd9116def0
0x000000dd9116def0:   0000000000000c00 0000000000000003
0x000000dd9116df00:   0000000000000000 0000000000000000
0x000000dd9116df10:   0000000000000000 0000000000000000
0x000000dd9116df20:   0000000000000000 0000000000000000
0x000000dd9116df30:   0000000000000000 0000000000000036
0x000000dd9116df40:   000002b6a7c60000 000002b71727d8d0
0x000000dd9116df50:   000000dd9116e090 0000000601f93b88
0x000000dd9116df60:   0000000242ff4004 0000040000000249
0x000000dd9116df70:   000002b7b5423080 000002b7b5423080
0x000000dd9116df80:   000002b7b566c080 000002b7b566c080
0x000000dd9116df90:   0000000000000000 000002b717608bf0
0x000000dd9116dfa0:   000000dd9116df68 000000dd9116dfb0
0x000000dd9116dfb0:   0000000000001000 0000000000000004
0x000000dd9116dfc0:   0000000242ff4006 0000040000000249 

Instructions: (pc=0x00007ffce4a492be)
0x00007ffce4a491be:   00 e8 46 16 30 00 90 48 8d 8d 50 01 00 00 e8 39
0x00007ffce4a491ce:   16 30 00 90 48 8d 8d f0 00 00 00 e8 2c 16 30 00
0x00007ffce4a491de:   90 f2 0f 10 05 c1 61 39 00 f2 0f 11 44 24 30 f2
0x00007ffce4a491ee:   0f 11 74 24 28 48 8d 85 f0 00 00 00 48 89 44 24
0x00007ffce4a491fe:   20 4c 8d 8d 50 01 00 00 4c 8d 85 b0 01 00 00 48
0x00007ffce4a4920e:   8d 95 10 02 00 00 48 8d 4d d0 e8 53 eb ff ff 33
0x00007ffce4a4921e:   db 44 8b e3 85 f6 0f 84 ef 04 00 00 f2 0f 10 35
0x00007ffce4a4922e:   7e 61 39 00 0f 57 c0 f3 0f 7f 45 30 48 89 5d 40
0x00007ffce4a4923e:   f3 0f 7f 45 48 48 89 5d 58 f2 0f 11 7d 60 44 8b
0x00007ffce4a4924e:   f3 8b 45 d8 85 c0 0f 8e ee 00 00 00 66 0f 1f 44
0x00007ffce4a4925e:   00 00 83 7d dc 00 0f 8e cd 00 00 00 49 63 f6 0f
0x00007ffce4a4926e:   1f 00 48 63 fb 48 8b ce 48 8b 45 18 48 0f af 08
0x00007ffce4a4927e:   48 8d 14 7f 48 03 4d e0 0f b6 04 0a 66 0f 6e c0
0x00007ffce4a4928e:   f3 0f e6 c0 0f b6 44 0a 01 66 0f 6e c8 f3 0f e6
0x00007ffce4a4929e:   c9 0f b6 44 0a 02 66 0f 6e d0 f3 0f e6 d2 49 8b
0x00007ffce4a492ae:   47 48 48 8b ce 48 0f af 08 48 03 cf 49 8b 47 10
0x00007ffce4a492be:   f6 04 01 fd 74 2c f2 0f 11 44 24 58 f2 0f 11 4c
0x00007ffce4a492ce:   24 60 f2 0f 11 54 24 68 48 8d 54 24 58 48 8d 8d
0x00007ffce4a492de:   70 02 00 00 eb 26 0f 1f 40 00 0f 1f 84 00 00 00
0x00007ffce4a492ee:   00 00 f2 0f 11 45 80 f2 0f 11 4d 88 f2 0f 11 55
0x00007ffce4a492fe:   90 48 8d 55 80 48 8d 8d 70 06 00 00 e8 b1 1b 00
0x00007ffce4a4930e:   00 8b d0 48 8b ce 48 8b 85 d8 00 00 00 48 0f af
0x00007ffce4a4931e:   08 48 03 8d a0 00 00 00 89 14 b9 ff c3 3b 5d dc
0x00007ffce4a4932e:   0f 8c 3c ff ff ff 8b 45 d8 41 ff c6 44 3b f0 bb
0x00007ffce4a4933e:   00 00 00 00 0f 8c 18 ff ff ff 41 83 fd 03 0f 84
0x00007ffce4a4934e:   e8 01 00 00 4c 8b c3 48 8d 8d f8 08 00 00 48 8d
0x00007ffce4a4935e:   95 80 08 00 00 0f 1f 40 00 66 0f 1f 84 00 00 00
0x00007ffce4a4936e:   00 00 48 89 5a 08 48 89 1a 48 89 5a f8 48 89 59
0x00007ffce4a4937e:   08 48 89 19 48 89 59 f8 48 89 59 20 48 89 59 18
0x00007ffce4a4938e:   48 89 59 10 48 89 59 38 48 89 59 30 48 89 59 28
0x00007ffce4a4939e:   42 89 9c 85 58 0a 00 00 49 ff c0 48 8d 52 18 48
0x00007ffce4a493ae:   8d 49 48 49 83 f8 05 7c b9 89 9d 6c 0a 00 00 4c 


Stack slot to memory mapping:

stack at sp + 0 slots: 0x00000000000003ff is an unknown value
stack at sp + 1 slots: 0x0 is null
stack at sp + 2 slots: 0x0000000000000249 is an unknown value
stack at sp + 3 slots: 0x0000000000000005 is an unknown value
stack at sp + 4 slots: 0x407c200000000000 is an unknown value
stack at sp + 5 slots: 0x000000dd9116e0e0 is pointing into the stack for thread: 0x000002b71727d8d0
stack at sp + 6 slots: 0x000000dd9116e080 is pointing into the stack for thread: 0x000002b71727d8d0
stack at sp + 7 slots: 0x000000dd9116e020 is pointing into the stack for thread: 0x000002b71727d8d0


Compiled method (c1) 19412 5765   !   3       java.util.concurrent.FutureTask::run (123 bytes)
 total in heap  [0x000002b6b280a910,0x000002b6b280f100] = 18416
 relocation     [0x000002b6b280aa70,0x000002b6b280aed8] = 1128
 main code      [0x000002b6b280aee0,0x000002b6b280e1d0] = 13040
 stub code      [0x000002b6b280e1d0,0x000002b6b280e280] = 176
 oops           [0x000002b6b280e280,0x000002b6b280e2d0] = 80
 metadata       [0x000002b6b280e2d0,0x000002b6b280e350] = 128
 scopes data    [0x000002b6b280e350,0x000002b6b280e9a0] = 1616
 scopes pcs     [0x000002b6b280e9a0,0x000002b6b280eeb0] = 1296
 dependencies   [0x000002b6b280eeb0,0x000002b6b280eeb8] = 8
 handler table  [0x000002b6b280eeb8,0x000002b6b280f0e0] = 552
 nul chk table  [0x000002b6b280f0e0,0x000002b6b280f100] = 32

[Constant Pool (empty)]

[MachCode]
[Entry Point]
  # {method} {0x000002b7116d5020} 'run' '()V' in 'java/util/concurrent/FutureTask'
  #           [sp+0x160]  (sp of caller)
  0x000002b6b280aee0: 448b 5208 | 49bb 0000 | 00cf b602 | 0000 4d03 | d34c 3bd0 

  0x000002b6b280aef4: ;   {runtime_call ic_miss_stub}
  0x000002b6b280aef4: 0f85 8638 | 9e06 660f | 1f44 0000 
[Verified Entry Point]
  0x000002b6b280af00: 8984 2400 | 80ff ff55 | 4881 ec50 | 0100 0090 | 4181 7f20 | 0a00 0000 

  0x000002b6b280af18: ;   {runtime_call StubRoutines (final stubs)}
  0x000002b6b280af18: 7405 e841 | 9e9c 0648 | 8994 24e8 

  0x000002b6b280af24: ;   {metadata(method data for {method} {0x000002b7116d5020} 'run' '()V' in 'java/util/concurrent/FutureTask')}
  0x000002b6b280af24: 0000 0048 | b838 2d62 | 11b7 0200 | 008b b0cc | 0000 0083 | c602 89b0 | cc00 0000 | 81e6 fe07 
  0x000002b6b280af44: 0000 85f6 | 0f84 5b2b | 0000 8b42 

  0x000002b6b280af50: ;   {metadata(method data for {method} {0x000002b7116d5020} 'run' '()V' in 'java/util/concurrent/FutureTask')}
  0x000002b6b280af50: 0c85 c048 | b838 2d62 | 11b7 0200 | 0048 c7c6 | 1001 0000 | 7507 48c7 | c620 0100 | 0048 8b3c 
  0x000002b6b280af70: 3048 8d7f | 0148 893c | 300f 85d9 

  0x000002b6b280af7c: ;   {metadata(method data for {method} {0x000002b7116d5020} 'run' '()V' in 'java/util/concurrent/FutureTask')}
  0x000002b6b280af7c: 2000 0048 | b838 2d62 | 11b7 0200 | 0048 8380 | 3001 0000 | 0149 8b87 | 8003 0000 

  0x000002b6b280af98: ;   {metadata(method data for {method} {0x000002b7116d5020} 'run' '()V' in 'java/util/concurrent/FutureTask')}
  0x000002b6b280af98: 488b 1848 | b838 2d62 | 11b7 0200 | 0048 8d80 | 7801 0000 

  0x000002b6b280afac: ;   {metadata('java/util/concurrent/FutureTask')}
  0x000002b6b280afac: 48be d866 | 32d0 b602 | 0000 4833 | 7008 48f7 | c6fc ffff | ff74 0448 

  0x000002b6b280afc4: ;   {metadata(method data for {method} {0x000002b6cf1560e8} 'guard_LLL_Z' '(Ljava/lang/invoke/VarHandle;Ljava/lang/Object;Ljava/lang/Object;Ljava/lang/Object;Ljava/lang/invoke/VarHandle$AccessDescriptor;)Z' in 'java/lang/invoke/VarHandleGuards')}
  0x000002b6b280afc4: 8970 0848 | b898 4467 | 11b7 0200 | 0048 8d80 | e003 0000 

  0x000002b6b280afd8: ;   {oop(a 'java/lang/invoke/VarHandleReferences$FieldInstanceReadWrite'{0x0000000601f95860})}
  0x000002b6b280afd8: 48be 6058 | f901 0600 | 0000 4885 | f675 0af6 | 0001 7505 | f048 8308 

  0x000002b6b280aff0: ;   {metadata(method data for {method} {0x000002b7116d5020} 'run' '()V' in 'java/util/concurrent/FutureTask')}
  0x000002b6b280aff0: 0148 b838 | 2d62 11b7 | 0200 0048 | 8380 4001 

  0x000002b6b280b000: ;   {metadata(method data for {method} {0x000002b6cf1560e8} 'guard_LLL_Z' '(Ljava/lang/invoke/VarHandle;Ljava/lang/Object;Ljava/lang/Object;Ljava/lang/Object;Ljava/lang/invoke/VarHandle$AccessDescriptor;)Z' in 'java/lang/invoke/VarHandleGuards')}
  0x000002b6b280b000: 0000 0148 | b898 4467 | 11b7 0200 | 008b b8cc | 0000 0083 | c702 89b8 | cc00 0000 | 81e7 feff 
  0x000002b6b280b020: 1f00 85ff | 0f84 a02a 

  0x000002b6b280b028: ;   {metadata(method data for {method} {0x000002b6cf1560e8} 'guard_LLL_Z' '(Ljava/lang/invoke/VarHandle;Ljava/lang/Object;Ljava/lang/Object;Ljava/lang/Object;Ljava/lang/invoke/VarHandle$AccessDescriptor;)Z' in 'java/lang/invoke/VarHandleGuards')}
  0x000002b6b280b028: 0000 48b8 | 9844 6711 | b702 0000 | 488d 8048 

  0x000002b6b280b038: ;   {oop(a 'java/lang/invoke/VarHandle$AccessDescriptor'{0x0000000601f99268})}
  0x000002b6b280b038: 0100 0048 | bf68 92f9 | 0106 0000 | 0048 85ff | 750c f640 | 0801 7506 | f048 8348 

  0x000002b6b280b054: ;   {metadata(method data for {method} {0x000002b6cf1560e8} 'guard_LLL_Z' '(Ljava/lang/invoke/VarHandle;Ljava/lang/Object;Ljava/lang/Object;Ljava/lang/Object;Ljava/lang/invoke/VarHandle$AccessDescriptor;)Z' in 'java/lang/invoke/VarHandleGuards')}
  0x000002b6b280b054: 0801 48b8 | 9844 6711 | b702 0000 | 8b76 0849 | ba00 0000 | cfb6 0200 | 0049 03f2 | 483b b020 
  0x000002b6b280b074: 0100 0075 | 0d48 8380 | 2801 0000 | 01e9 6000 | 0000 483b | b030 0100 | 0075 0d48 | 8380 3801 
  0x000002b6b280b094: 0000 01e9 | 4a00 0000 | 4883 b820 | 0100 0000 | 7517 4889 | b020 0100 | 0048 c780 | 2801 0000 
  0x000002b6b280b0b4: 0100 0000 | e929 0000 | 0048 83b8 | 3001 0000 | 0075 1748 | 89b0 3001 | 0000 48c7 | 8038 0100 
  0x000002b6b280b0d4: 0001 0000 | 00e9 0800 | 0000 4883 | 8010 0100 

  0x000002b6b280b0e4: ;   {metadata(method data for {method} {0x000002b6cf0936b8} 'checkAccessModeThenIsDirect' '(Ljava/lang/invoke/VarHandle$AccessDescriptor;)Z' in 'java/lang/invoke/VarHandle')}
  0x000002b6b280b0e4: 0001 48b8 | 4890 1310 | b702 0000 | 8bb0 cc00 | 0000 83c6 | 0289 b0cc | 0000 0081 | e6fe ff1f 
  0x000002b6b280b104: 0085 f60f | 84de 2900 

  0x000002b6b280b10c: ;   {metadata(method data for {method} {0x000002b6cf0936b8} 'checkAccessModeThenIsDirect' '(Ljava/lang/invoke/VarHandle$AccessDescriptor;)Z' in 'java/lang/invoke/VarHandle')}
  0x000002b6b280b10c: 0048 b848 | 9013 10b7 | 0200 00ff | 8010 0100 

  0x000002b6b280b11c: ;   {metadata(method data for {method} {0x000002b6cf1560e8} 'guard_LLL_Z' '(Ljava/lang/invoke/VarHandle;Ljava/lang/Object;Ljava/lang/Object;Ljava/lang/Object;Ljava/lang/invoke/VarHandle$AccessDescriptor;)Z' in 'java/lang/invoke/VarHandleGuards')}
  0x000002b6b280b11c: 0048 b898 | 4467 11b7 | 0200 00ff | 8070 0100 

  0x000002b6b280b12c: ;   {metadata(method data for {method} {0x000002b6cf1560e8} 'guard_LLL_Z' '(Ljava/lang/invoke/VarHandle;Ljava/lang/Object;Ljava/lang/Object;Ljava/lang/Object;Ljava/lang/invoke/VarHandle$AccessDescriptor;)Z' in 'java/lang/invoke/VarHandleGuards')}
  0x000002b6b280b12c: 0048 b898 | 4467 11b7 | 0200 00ff | 8090 0100 

  0x000002b6b280b13c: ;   {oop(a 'java/lang/invoke/VarForm'{0x00000006010ab0b8})}
  0x000002b6b280b13c: 0048 b8b8 | b00a 0106 

  0x000002b6b280b144: ;   {metadata(method data for {method} {0x000002b6cf1560e8} 'guard_LLL_Z' '(Ljava/lang/invoke/VarHandle;Ljava/lang/Object;Ljava/lang/Object;Ljava/lang/Object;Ljava/lang/invoke/VarHandle$AccessDescriptor;)Z' in 'java/lang/invoke/VarHandleGuards')}
  0x000002b6b280b144: 0000 0048 | be98 4467 | 11b7 0200 | 0048 8386 | a001 0000 

  0x000002b6b280b158: ;   {metadata(method data for {method} {0x000002b6cf1542f0} 'getMemberName' '(I)Ljava/lang/invoke/MemberName;' in 'java/lang/invoke/VarForm')}
  0x000002b6b280b158: 0148 b850 | 9213 10b7 | 0200 008b | b0cc 0000 | 0083 c602 | 89b0 cc00 | 0000 81e6 | feff 1f00 
  0x000002b6b280b178: 85f6 0f84 | 8c29 0000 

  0x000002b6b280b180: ;   {metadata(method data for {method} {0x000002b6cf1542f0} 'getMemberName' '(I)Ljava/lang/invoke/MemberName;' in 'java/lang/invoke/VarForm')}
  0x000002b6b280b180: 48b8 5092 | 1310 b702 | 0000 ff80 | 1001 0000 

  0x000002b6b280b190: ;   {metadata(method data for {method} {0x000002b6cf1560e8} 'guard_LLL_Z' '(Ljava/lang/invoke/VarHandle;Ljava/lang/Object;Ljava/lang/Object;Ljava/lang/Object;Ljava/lang/invoke/VarHandle$AccessDescriptor;)Z' in 'java/lang/invoke/VarHandleGuards')}
  0x000002b6b280b190: 48b8 9844 | 6711 b702 | 0000 488d | 80d8 0100 

  0x000002b6b280b1a0: ;   {oop(a 'java/lang/invoke/MemberName'{0x0000000601f99290} = {method} {0x000002b6cf254370} 'compareAndSet' '(Ljava/lang/invoke/VarHandle;Ljava/lang/Object;Ljava/lang/Object;Ljava/lang/Object;)Z' in 'java/lang/invoke/VarHandleReferences$FieldInstanceReadWrite')}
  0x000002b6b280b1a0: 0048 be90 | 92f9 0106 | 0000 0048 | 85f6 750a | f600 0175 | 05f0 4883 

  0x000002b6b280b1b8: ;   {metadata(method data for {method} {0x000002b6cf1560e8} 'guard_LLL_Z' '(Ljava/lang/invoke/VarHandle;Ljava/lang/Object;Ljava/lang/Object;Ljava/lang/Object;Ljava/lang/invoke/VarHandle$AccessDescriptor;)Z' in 'java/lang/invoke/VarHandleGuards')}
  0x000002b6b280b1b8: 0801 48b8 | 9844 6711 | b702 0000 | 488d 80f8 

  0x000002b6b280b1c8: ;   {oop(a 'java/lang/invoke/VarHandleReferences$FieldInstanceReadWrite'{0x0000000601f95860})}
  0x000002b6b280b1c8: 0100 0048 | be60 58f9 | 0106 0000 | 0048 85f6 | 750c f640 | 0801 7506 | f048 8348 

  0x000002b6b280b1e4: ;   {metadata(method data for {method} {0x000002b6cf1560e8} 'guard_LLL_Z' '(Ljava/lang/invoke/VarHandle;Ljava/lang/Object;Ljava/lang/Object;Ljava/lang/Object;Ljava/lang/invoke/VarHandle$AccessDescriptor;)Z' in 'java/lang/invoke/VarHandleGuards')}
  0x000002b6b280b1e4: 0801 48b8 | 9844 6711 | b702 0000 | 4883 80e8 | 0100 0001 

  0x000002b6b280b1f8: ;   {metadata(method data for {method} {0x000002b6cf254370} 'compareAndSet' '(Ljava/lang/invoke/VarHandle;Ljava/lang/Object;Ljava/lang/Object;Ljava/lang/Object;)Z' in 'java/lang/invoke/VarHandleReferences$FieldInstanceReadWrite')}
  0x000002b6b280b1f8: 48b8 2031 | 6211 b702 | 0000 8bb0 | cc00 0000 | 83c6 0289 | b0cc 0000 | 0081 e6fe | ff1f 0085 
  0x000002b6b280b218: f60f 840e 

  0x000002b6b280b21c: ;   {oop(a 'java/lang/Class'{0x0000000601f95728} = 'java/util/concurrent/FutureTask')}
  0x000002b6b280b21c: 2900 0048 | b828 57f9 | 0106 0000 

  0x000002b6b280b228: ;   {metadata(method data for {method} {0x000002b6cf254370} 'compareAndSet' '(Ljava/lang/invoke/VarHandle;Ljava/lang/Object;Ljava/lang/Object;Ljava/lang/Object;)Z' in 'java/lang/invoke/VarHandleReferences$FieldInstanceReadWrite')}
  0x000002b6b280b228: 0048 be20 | 3162 11b7 | 0200 0048 | 8386 4801 

  0x000002b6b280b238: ;   {metadata(method data for {method} {0x000002b6cf465068} 'cast' '(Ljava/lang/Object;)Ljava/lang/Object;' in 'java/lang/Class')}
  0x000002b6b280b238: 0000 0148 | b888 5620 | 10b7 0200 | 008b b0cc | 0000 0083 | c602 89b0 | cc00 0000 | 81e6 feff 
  0x000002b6b280b258: 1f00 85f6 | 0f84 ec28 

  0x000002b6b280b260: ;   {metadata(method data for {method} {0x000002b6cf465068} 'cast' '(Ljava/lang/Object;)Ljava/lang/Object;' in 'java/lang/Class')}
  0x000002b6b280b260: 0000 48b8 | 8856 2010 | b702 0000 | ff80 2001 

  0x000002b6b280b270: ;   {oop(a 'java/lang/Class'{0x0000000601f95728} = 'java/util/concurrent/FutureTask')}
  0x000002b6b280b270: 0000 48b8 | 2857 f901 | 0600 0000 

  0x000002b6b280b27c: ;   {metadata(method data for {method} {0x000002b6cf465068} 'cast' '(Ljava/lang/Object;)Ljava/lang/Object;' in 'java/lang/Class')}
  0x000002b6b280b27c: 48be 8856 | 2010 b702 | 0000 4883 | 8630 0100 | 0001 4885 | d20f 8429 

  0x000002b6b280b294: ;   {metadata('java/util/concurrent/FutureTask')}
  0x000002b6b280b294: 0000 0048 | b9d8 6632 | d0b6 0200 | 008b 7a08 | 49ba 0000 | 00cf b602 | 0000 4903 | fa48 3b4f 
  0x000002b6b280b2b4: 380f 8505 | 0000 00e9 | 0500 0000 | 4833 c0eb | 0748 c7c0 | 0100 0000 

  0x000002b6b280b2cc: ;   {metadata(method data for {method} {0x000002b6cf465068} 'cast' '(Ljava/lang/Object;)Ljava/lang/Object;' in 'java/lang/Class')}
  0x000002b6b280b2cc: 85c0 48b8 | 8856 2010 | b702 0000 | 48c7 c678 | 0100 0074 | 0748 c7c6 | 6801 0000 | 488b 3c30 
  0x000002b6b280b2ec: 488d 7f01 | 4889 3c30 | 0f84 cf26 

  0x000002b6b280b2f8: ;   {metadata(method data for {method} {0x000002b6cf254370} 'compareAndSet' '(Ljava/lang/invoke/VarHandle;Ljava/lang/Object;Ljava/lang/Object;Ljava/lang/Object;)Z' in 'java/lang/invoke/VarHandleReferences$FieldInstanceReadWrite')}
  0x000002b6b280b2f8: 0000 48b8 | 2031 6211 | b702 0000 | 4883 8080 | 0100 0001 

  0x000002b6b280b30c: ;   {metadata(method data for {method} {0x000002b6cf056488} 'requireNonNull' '(Ljava/lang/Object;)Ljava/lang/Object;' in 'java/util/Objects')}
  0x000002b6b280b30c: 48b8 d8f1 | 0010 b702 | 0000 8bb0 | cc00 0000 | 83c6 0289 | b0cc 0000 | 0081 e6fe | ff1f 0085 
  0x000002b6b280b32c: f60f 843c 

  0x000002b6b280b330: ;   {metadata(method data for {method} {0x000002b6cf056488} 'requireNonNull' '(Ljava/lang/Object;)Ljava/lang/Object;' in 'java/util/Objects')}
  0x000002b6b280b330: 2800 0048 | b8d8 f100 | 10b7 0200 | 00ff 8010 

  0x000002b6b280b340: ;   {oop(a 'java/lang/Class'{0x0000000601000900} = 'java/lang/Thread')}
  0x000002b6b280b340: 0100 0048 | b800 0900 | 0106 0000 

  0x000002b6b280b34c: ;   {metadata(method data for {method} {0x000002b6cf254370} 'compareAndSet' '(Ljava/lang/invoke/VarHandle;Ljava/lang/Object;Ljava/lang/Object;Ljava/lang/Object;)Z' in 'java/lang/invoke/VarHandleReferences$FieldInstanceReadWrite')}
  0x000002b6b280b34c: 0048 be20 | 3162 11b7 | 0200 0048 | 8386 9001 

  0x000002b6b280b35c: ;   {metadata(method data for {method} {0x000002b6cf465068} 'cast' '(Ljava/lang/Object;)Ljava/lang/Object;' in 'java/lang/Class')}
  0x000002b6b280b35c: 0000 0148 | b888 5620 | 10b7 0200 | 008b b0cc | 0000 0083 | c602 89b0 | cc00 0000 | 81e6 feff 
  0x000002b6b280b37c: 1f00 85f6 | 0f84 0a28 

  0x000002b6b280b384: ;   {metadata(method data for {method} {0x000002b6cf465068} 'cast' '(Ljava/lang/Object;)Ljava/lang/Object;' in 'java/lang/Class')}
  0x000002b6b280b384: 0000 48b8 | 8856 2010 | b702 0000 | ff80 1001 

  0x000002b6b280b394: ;   {oop(a 'java/lang/Class'{0x0000000601000900} = 'java/lang/Thread')}
  0x000002b6b280b394: 0000 48b8 | 0009 0001 | 0600 0000 

  0x000002b6b280b3a0: ;   {metadata(method data for {method} {0x000002b6cf254370} 'compareAndSet' '(Ljava/lang/invoke/VarHandle;Ljava/lang/Object;Ljava/lang/Object;Ljava/lang/Object;)Z' in 'java/lang/invoke/VarHandleReferences$FieldInstanceReadWrite')}
  0x000002b6b280b3a0: 48be 2031 | 6211 b702 | 0000 4883 | 86c8 0100 

  0x000002b6b280b3b0: ;   {metadata(method data for {method} {0x000002b6cf465068} 'cast' '(Ljava/lang/Object;)Ljava/lang/Object;' in 'java/lang/Class')}
  0x000002b6b280b3b0: 0001 48b8 | 8856 2010 | b702 0000 | 8bb0 cc00 | 0000 83c6 | 0289 b0cc | 0000 0081 | e6fe ff1f 
  0x000002b6b280b3d0: 0085 f60f | 84d8 2700 | 0048 85db 

  0x000002b6b280b3dc: ;   {metadata(method data for {method} {0x000002b6cf465068} 'cast' '(Ljava/lang/Object;)Ljava/lang/Object;' in 'java/lang/Class')}
  0x000002b6b280b3dc: 48b8 8856 | 2010 b702 | 0000 48c7 | c610 0100 | 0074 0748 | c7c6 2001 | 0000 488b | 3c30 488d 
  0x000002b6b280b3fc: 7f01 4889 | 3c30 0f84 | 8800 0000 

  0x000002b6b280b408: ;   {oop(a 'java/lang/Class'{0x0000000601000900} = 'java/lang/Thread')}
  0x000002b6b280b408: 48b8 0009 | 0001 0600 

  0x000002b6b280b410: ;   {metadata(method data for {method} {0x000002b6cf465068} 'cast' '(Ljava/lang/Object;)Ljava/lang/Object;' in 'java/lang/Class')}
  0x000002b6b280b410: 0000 48be | 8856 2010 | b702 0000 | 4883 8630 | 0100 0001 | 4885 db0f | 8429 0000 

  0x000002b6b280b42c: ;   {metadata('java/lang/Thread')}
  0x000002b6b280b42c: 0048 b998 | 6e01 cfb6 | 0200 008b | 7b08 49ba | 0000 00cf | b602 0000 | 4903 fa48 | 3b4f 380f 
  0x000002b6b280b44c: 8505 0000 | 00e9 0500 | 0000 4833 | c0eb 0748 | c7c0 0100 | 0000 85c0 

  0x000002b6b280b464: ;   {metadata(method data for {method} {0x000002b6cf465068} 'cast' '(Ljava/lang/Object;)Ljava/lang/Object;' in 'java/lang/Class')}
  0x000002b6b280b464: 48b8 8856 | 2010 b702 | 0000 48c7 | c678 0100 | 0074 0748 | c7c6 6801 | 0000 488b | 3c30 488d 
  0x000002b6b280b484: 7f01 4889 | 3c30 0f84 | 5f24 0000 | 48c7 c018 | 0000 0048 | 8d34 0241 | 0fbe 4740 | 85c0 0f85 
  0x000002b6b280b4a4: 2a27 0000 

  0x000002b6b280b4a8: ;   {oop(nullptr)}
  0x000002b6b280b4a8: 48b8 0000 | 0000 0000 | 0000 48c1 | e803 4c8b | d349 c1ea | 03f0 440f | b116 bf01 | 0000 0074 
  0x000002b6b280b4c8: 05bf 0000 | 0000 488b | c648 33c3 | 48c1 e816 | 4883 f800 | 0f85 0e27 | 0000 83e7 | 0183 e701 
  0x000002b6b280b4e8: ;   {metadata(method data for {method} {0x000002b7116d5020} 'run' '()V' in 'java/util/concurrent/FutureTask')}
  0x000002b6b280b4e8: 85ff 48be | 382d 6211 | b702 0000 | 48c7 c7b0 | 0100 0074 | 0748 c7c7 | a001 0000 | 488b 1c3e 
  0x000002b6b280b508: 488d 5b01 | 4889 1c3e | 0f84 421b | 0000 8b72 | 1048 c1e6 | 0348 85f6 

  0x000002b6b280b520: ;   {metadata(method data for {method} {0x000002b7116d5020} 'run' '()V' in 'java/util/concurrent/FutureTask')}
  0x000002b6b280b520: 48bf 382d | 6211 b702 | 0000 48c7 | c3c0 0100 | 0074 0748 | c7c3 d001 | 0000 488b | 041f 488d 
  0x000002b6b280b540: 4001 4889 | 041f 0f84 | 4816 0000 | 8b7a 0c85 

  0x000002b6b280b550: ;   {metadata(method data for {method} {0x000002b7116d5020} 'run' '()V' in 'java/util/concurrent/FutureTask')}
  0x000002b6b280b550: ff48 bf38 | 2d62 11b7 | 0200 0048 | c7c3 e001 | 0000 7507 | 48c7 c3f0 | 0100 0048 | 8b04 1f48 
  0x000002b6b280b570: 8d40 0148 | 8904 1f0f | 8517 1600 | 0048 3b06 

  0x000002b6b280b580: ;   {metadata(method data for {method} {0x000002b7116d5020} 'run' '()V' in 'java/util/concurrent/FutureTask')}
  0x000002b6b280b580: 488b fe48 | bb38 2d62 | 11b7 0200 | 008b 7f08 | 49ba 0000 | 00cf b602 | 0000 4903 | fa48 3bbb 
  0x000002b6b280b5a0: 1002 0000 | 750d 4883 | 8318 0200 | 0001 e960 | 0000 0048 | 3bbb 2002 | 0000 750d | 4883 8328 
  0x000002b6b280b5c0: 0200 0001 | e94a 0000 | 0048 83bb | 1002 0000 | 0075 1748 | 89bb 1002 | 0000 48c7 | 8318 0200 
  0x000002b6b280b5e0: 0001 0000 | 00e9 2900 | 0000 4883 | bb20 0200 | 0000 7517 | 4889 bb20 | 0200 0048 | c783 2802 
  0x000002b6b280b600: 0000 0100 | 0000 e908 | 0000 0048 | 8383 0002 | 0000 0148 | 8bd6 0f1f | 8000 0000 | 0048 b830 
  0x000002b6b280b620: 3f02 16b7 

  0x000002b6b280b624: ;   {virtual_call}
  0x000002b6b280b624: 0200 00e8 

  0x000002b6b280b628: ; ImmutableOopMap {[232]=Oop }
                      ;*invokeinterface call {reexecute=0 rethrow=0 return_oop=0}
                      ; - java.util.concurrent.FutureTask::run@39 (line 317)
  0x000002b6b280b628: 6427 ab06 

  0x000002b6b280b62c: ;   {other}
  0x000002b6b280b62c: 0f1f 8400 | 1c0d 0000 

  0x000002b6b280b634: ;   {metadata(method data for {method} {0x000002b7116d5020} 'run' '()V' in 'java/util/concurrent/FutureTask')}
  0x000002b6b280b634: 49b8 382d | 6211 b702 | 0000 41ff | 8038 0200 | 00be 0100 | 0000 e99c | 0a00 0048 | 8b94 24e8 
  0x000002b6b280b654: 0000 0049 | 8b87 f804 | 0000 4d33 | d24d 8997 | f804 0000 | 4d33 d24d | 8997 0005 | 0000 4c8b 
  0x000002b6b280b674: ;   {metadata(method data for {method} {0x000002b7116d5020} 'run' '()V' in 'java/util/concurrent/FutureTask')}
  0x000002b6b280b674: c249 b938 | 2d62 11b7 

  0x000002b6b280b67c: ;   {metadata('java/util/concurrent/FutureTask')}
  0x000002b6b280b67c: 0200 0049 | bad8 6632 | d0b6 0200 | 004d 8991 | 6002 0000 | 4983 8168 | 0200 0001 

  0x000002b6b280b698: ;   {metadata(method data for {method} {0x000002b7116d4e58} 'setException' '(Ljava/lang/Throwable;)V' in 'java/util/concurrent/FutureTask')}
  0x000002b6b280b698: 49b8 b033 | 6211 b702 | 0000 458b | 88cc 0000 | 0041 83c1 | 0245 8988 | cc00 0000 | 4181 e1fe 
  0x000002b6b280b6b8: ff1f 0045 | 85c9 0f84 | 4925 0000 

  0x000002b6b280b6c4: ;   {metadata(method data for {method} {0x000002b7116d4e58} 'setException' '(Ljava/lang/Throwable;)V' in 'java/util/concurrent/FutureTask')}
  0x000002b6b280b6c4: 49b8 b033 | 6211 b702 | 0000 4d8d | 8048 0100 

  0x000002b6b280b6d4: ;   {metadata('java/util/concurrent/FutureTask')}
  0x000002b6b280b6d4: 0049 b9d8 | 6632 d0b6 | 0200 004d | 3348 0849 | f7c1 fcff | ffff 7404 | 4d89 4808 

  0x000002b6b280b6f0: ;   {metadata(method data for {method} {0x000002b6cf1562a0} 'guard_LII_Z' '(Ljava/lang/invoke/VarHandle;Ljava/lang/Object;IILjava/lang/invoke/VarHandle$AccessDescriptor;)Z' in 'java/lang/invoke/VarHandleGuards')}
  0x000002b6b280b6f0: 49b8 9864 | 6711 b702 | 0000 4d8d | 80e0 0300 

  0x000002b6b280b700: ;   {oop(a 'java/lang/invoke/VarHandleInts$FieldInstanceReadWrite'{0x0000000601f95890})}
  0x000002b6b280b700: 0049 b990 | 58f9 0106 | 0000 004d | 85c9 750b | 41f6 0001 | 7505 f049 

  0x000002b6b280b718: ;   {metadata(method data for {method} {0x000002b7116d4e58} 'setException' '(Ljava/lang/Throwable;)V' in 'java/util/concurrent/FutureTask')}
  0x000002b6b280b718: 8308 0149 | b8b0 3362 | 11b7 0200 | 0049 8380 | 1001 0000 

  0x000002b6b280b72c: ;   {metadata(method data for {method} {0x000002b6cf1562a0} 'guard_LII_Z' '(Ljava/lang/invoke/VarHandle;Ljava/lang/Object;IILjava/lang/invoke/VarHandle$AccessDescriptor;)Z' in 'java/lang/invoke/VarHandleGuards')}
  0x000002b6b280b72c: 0149 b898 | 6467 11b7 | 0200 0041 | 8bb8 cc00 | 0000 83c7 | 0241 89b8 | cc00 0000 | 81e7 feff 
  0x000002b6b280b74c: 1f00 85ff | 0f84 d824 

  0x000002b6b280b754: ;   {metadata(method data for {method} {0x000002b6cf1562a0} 'guard_LII_Z' '(Ljava/lang/invoke/VarHandle;Ljava/lang/Object;IILjava/lang/invoke/VarHandle$AccessDescriptor;)Z' in 'java/lang/invoke/VarHandleGuards')}
  0x000002b6b280b754: 0000 49b8 | 9864 6711 | b702 0000 | 4d8d 8048 

  0x000002b6b280b764: ;   {oop(a 'java/lang/invoke/VarHandle$AccessDescriptor'{0x0000000601f992c0})}
  0x000002b6b280b764: 0100 0048 | bfc0 92f9 | 0106 0000 | 0048 85ff | 750d 41f6 | 4008 0175 | 06f0 4983 

  0x000002b6b280b780: ;   {metadata(method data for {method} {0x000002b6cf1562a0} 'guard_LII_Z' '(Ljava/lang/invoke/VarHandle;Ljava/lang/Object;IILjava/lang/invoke/VarHandle$AccessDescriptor;)Z' in 'java/lang/invoke/VarHandleGuards')}
  0x000002b6b280b780: 4808 0149 | b898 6467 | 11b7 0200 | 0045 8b49 | 0849 ba00 | 0000 cfb6 | 0200 004d | 03ca 4d3b 
  0x000002b6b280b7a0: 8820 0100 | 0075 0d49 | 8380 2801 | 0000 01e9 | 6000 0000 | 4d3b 8830 | 0100 0075 | 0d49 8380 
  0x000002b6b280b7c0: 3801 0000 | 01e9 4a00 | 0000 4983 | b820 0100 | 0000 7517 | 4d89 8820 | 0100 0049 | c780 2801 
  0x000002b6b280b7e0: 0000 0100 | 0000 e929 | 0000 0049 | 83b8 3001 | 0000 0075 | 174d 8988 | 3001 0000 | 49c7 8038 
  0x000002b6b280b800: 0100 0001 | 0000 00e9 | 0800 0000 | 4983 8010 | 0100 0001 

  0x000002b6b280b814: ;   {metadata(method data for {method} {0x000002b6cf0936b8} 'checkAccessModeThenIsDirect' '(Ljava/lang/invoke/VarHandle$AccessDescriptor;)Z' in 'java/lang/invoke/VarHandle')}
  0x000002b6b280b814: 49b8 4890 | 1310 b702 | 0000 458b | 88cc 0000 | 0041 83c1 | 0245 8988 | cc00 0000 | 4181 e1fe 
  0x000002b6b280b834: ff1f 0045 | 85c9 0f84 | 0f24 0000 

  0x000002b6b280b840: ;   {metadata(method data for {method} {0x000002b6cf0936b8} 'checkAccessModeThenIsDirect' '(Ljava/lang/invoke/VarHandle$AccessDescriptor;)Z' in 'java/lang/invoke/VarHandle')}
  0x000002b6b280b840: 49b8 4890 | 1310 b702 | 0000 41ff | 8010 0100 

  0x000002b6b280b850: ;   {metadata(method data for {method} {0x000002b6cf1562a0} 'guard_LII_Z' '(Ljava/lang/invoke/VarHandle;Ljava/lang/Object;IILjava/lang/invoke/VarHandle$AccessDescriptor;)Z' in 'java/lang/invoke/VarHandleGuards')}
  0x000002b6b280b850: 0049 b898 | 6467 11b7 | 0200 0041 | ff80 7001 

  0x000002b6b280b860: ;   {metadata(method data for {method} {0x000002b6cf1562a0} 'guard_LII_Z' '(Ljava/lang/invoke/VarHandle;Ljava/lang/Object;IILjava/lang/invoke/VarHandle$AccessDescriptor;)Z' in 'java/lang/invoke/VarHandleGuards')}
  0x000002b6b280b860: 0000 49b8 | 9864 6711 | b702 0000 | 41ff 8090 

  0x000002b6b280b870: ;   {oop(a 'java/lang/invoke/VarForm'{0x00000006010ab0d8})}
  0x000002b6b280b870: 0100 0049 | b8d8 b00a | 0106 0000 

  0x000002b6b280b87c: ;   {metadata(method data for {method} {0x000002b6cf1562a0} 'guard_LII_Z' '(Ljava/lang/invoke/VarHandle;Ljava/lang/Object;IILjava/lang/invoke/VarHandle$AccessDescriptor;)Z' in 'java/lang/invoke/VarHandleGuards')}
  0x000002b6b280b87c: 0049 b998 | 6467 11b7 | 0200 0049 | 8381 a001 

  0x000002b6b280b88c: ;   {metadata(method data for {method} {0x000002b6cf1542f0} 'getMemberName' '(I)Ljava/lang/invoke/MemberName;' in 'java/lang/invoke/VarForm')}
  0x000002b6b280b88c: 0000 0149 | b850 9213 | 10b7 0200 | 0045 8b88 | cc00 0000 | 4183 c102 | 4589 88cc | 0000 0041 
  0x000002b6b280b8ac: 81e1 feff | 1f00 4585 | c90f 84b5 

  0x000002b6b280b8b8: ;   {metadata(method data for {method} {0x000002b6cf1542f0} 'getMemberName' '(I)Ljava/lang/invoke/MemberName;' in 'java/lang/invoke/VarForm')}
  0x000002b6b280b8b8: 2300 0049 | b850 9213 | 10b7 0200 | 0041 ff80 | 1001 0000 

  0x000002b6b280b8cc: ;   {metadata(method data for {method} {0x000002b6cf1562a0} 'guard_LII_Z' '(Ljava/lang/invoke/VarHandle;Ljava/lang/Object;IILjava/lang/invoke/VarHandle$AccessDescriptor;)Z' in 'java/lang/invoke/VarHandleGuards')}
  0x000002b6b280b8cc: 49b8 9864 | 6711 b702 | 0000 4d8d | 80d8 0100 

  0x000002b6b280b8dc: ;   {oop(a 'java/lang/invoke/MemberName'{0x0000000601f992e8} = {method} {0x000002b7102d19c8} 'compareAndSet' '(Ljava/lang/invoke/VarHandle;Ljava/lang/Object;II)Z' in 'java/lang/invoke/VarHandleInts$FieldInstanceReadWrite')}
  0x000002b6b280b8dc: 0049 b9e8 | 92f9 0106 | 0000 004d | 85c9 750b | 41f6 0001 | 7505 f049 

  0x000002b6b280b8f4: ;   {metadata(method data for {method} {0x000002b6cf1562a0} 'guard_LII_Z' '(Ljava/lang/invoke/VarHandle;Ljava/lang/Object;IILjava/lang/invoke/VarHandle$AccessDescriptor;)Z' in 'java/lang/invoke/VarHandleGuards')}
  0x000002b6b280b8f4: 8308 0149 | b898 6467 | 11b7 0200 | 004d 8d80 | f801 0000 

  0x000002b6b280b908: ;   {oop(a 'java/lang/invoke/VarHandleInts$FieldInstanceReadWrite'{0x0000000601f95890})}
  0x000002b6b280b908: 49b9 9058 | f901 0600 | 0000 4d85 | c975 0d41 | f640 0801 | 7506 f049 | 8348 0801 

  0x000002b6b280b924: ;   {metadata(method data for {method} {0x000002b6cf1562a0} 'guard_LII_Z' '(Ljava/lang/invoke/VarHandle;Ljava/lang/Object;IILjava/lang/invoke/VarHandle$AccessDescriptor;)Z' in 'java/lang/invoke/VarHandleGuards')}
  0x000002b6b280b924: 49b8 9864 | 6711 b702 | 0000 4983 | 80e8 0100 

  0x000002b6b280b934: ;   {metadata(method data for {method} {0x000002b7102d19c8} 'compareAndSet' '(Ljava/lang/invoke/VarHandle;Ljava/lang/Object;II)Z' in 'java/lang/invoke/VarHandleInts$FieldInstanceReadWrite')}
  0x000002b6b280b934: 0001 49b8 | d0bd 6711 | b702 0000 | 458b 88cc | 0000 0041 | 83c1 0245 | 8988 cc00 | 0000 4181 
  0x000002b6b280b954: e1fe ff1f | 0045 85c9 | 0f84 2f23 

  0x000002b6b280b960: ;   {oop(a 'java/lang/Class'{0x0000000601f95728} = 'java/util/concurrent/FutureTask')}
  0x000002b6b280b960: 0000 49b8 | 2857 f901 | 0600 0000 

  0x000002b6b280b96c: ;   {metadata(method data for {method} {0x000002b7102d19c8} 'compareAndSet' '(Ljava/lang/invoke/VarHandle;Ljava/lang/Object;II)Z' in 'java/lang/invoke/VarHandleInts$FieldInstanceReadWrite')}
  0x000002b6b280b96c: 49b9 d0bd | 6711 b702 | 0000 4983 | 8148 0100 

  0x000002b6b280b97c: ;   {metadata(method data for {method} {0x000002b6cf465068} 'cast' '(Ljava/lang/Object;)Ljava/lang/Object;' in 'java/lang/Class')}
  0x000002b6b280b97c: 0001 49b8 | 8856 2010 | b702 0000 | 458b 88cc | 0000 0041 | 83c1 0245 | 8988 cc00 | 0000 4181 
  0x000002b6b280b99c: e1fe ff1f | 0045 85c9 | 0f84 0823 

  0x000002b6b280b9a8: ;   {metadata(method data for {method} {0x000002b6cf465068} 'cast' '(Ljava/lang/Object;)Ljava/lang/Object;' in 'java/lang/Class')}
  0x000002b6b280b9a8: 0000 49b8 | 8856 2010 | b702 0000 | 41ff 8020 

  0x000002b6b280b9b8: ;   {oop(a 'java/lang/Class'{0x0000000601f95728} = 'java/util/concurrent/FutureTask')}
  0x000002b6b280b9b8: 0100 0049 | b828 57f9 | 0106 0000 

  0x000002b6b280b9c4: ;   {metadata(method data for {method} {0x000002b6cf465068} 'cast' '(Ljava/lang/Object;)Ljava/lang/Object;' in 'java/lang/Class')}
  0x000002b6b280b9c4: 0049 b988 | 5620 10b7 | 0200 0049 | 8381 3001 | 0000 0148 | 85d2 0f84 | 2900 0000 

  0x000002b6b280b9e0: ;   {metadata('java/util/concurrent/FutureTask')}
  0x000002b6b280b9e0: 48be d866 | 32d0 b602 | 0000 8b7a | 0849 ba00 | 0000 cfb6 | 0200 0049 | 03fa 483b | 7738 0f85 
  0x000002b6b280ba00: 0500 0000 | e905 0000 | 004d 33c0 | eb07 49c7 | c001 0000 | 0045 85c0 

  0x000002b6b280ba18: ;   {metadata(method data for {method} {0x000002b6cf465068} 'cast' '(Ljava/lang/Object;)Ljava/lang/Object;' in 'java/lang/Class')}
  0x000002b6b280ba18: 49b8 8856 | 2010 b702 | 0000 49c7 | c178 0100 | 0074 0749 | c7c1 6801 | 0000 4b8b | 3c08 488d 
  0x000002b6b280ba38: 7f01 4b89 | 3c08 0f84 | e818 0000 

  0x000002b6b280ba44: ;   {metadata(method data for {method} {0x000002b7102d19c8} 'compareAndSet' '(Ljava/lang/invoke/VarHandle;Ljava/lang/Object;II)Z' in 'java/lang/invoke/VarHandleInts$FieldInstanceReadWrite')}
  0x000002b6b280ba44: 49b8 d0bd | 6711 b702 | 0000 4983 | 8080 0100 

  0x000002b6b280ba54: ;   {metadata(method data for {method} {0x000002b6cf056488} 'requireNonNull' '(Ljava/lang/Object;)Ljava/lang/Object;' in 'java/util/Objects')}
  0x000002b6b280ba54: 0001 49b8 | d8f1 0010 | b702 0000 | 458b 88cc | 0000 0041 | 83c1 0245 | 8988 cc00 | 0000 4181 
  0x000002b6b280ba74: e1fe ff1f | 0045 85c9 | 0f84 5122 

  0x000002b6b280ba80: ;   {metadata(method data for {method} {0x000002b6cf056488} 'requireNonNull' '(Ljava/lang/Object;)Ljava/lang/Object;' in 'java/util/Objects')}
  0x000002b6b280ba80: 0000 49b8 | d8f1 0010 | b702 0000 | 41ff 8010 | 0100 0049 | c7c0 0c00 | 0000 4e8d | 0402 488b 
  0x000002b6b280baa0: d8b8 0000 | 0000 41b9 | 0100 0000 | f045 0fb1 | 0841 b801 | 0000 0074 | 0641 b800 | 0000 0041 
  0x000002b6b280bac0: 83e0 0141 | 83e0 0145 

  0x000002b6b280bac8: ;   {metadata(method data for {method} {0x000002b7116d4e58} 'setException' '(Ljava/lang/Throwable;)V' in 'java/util/concurrent/FutureTask')}
  0x000002b6b280bac8: 85c0 49b8 | b033 6211 | b702 0000 | 49c7 c160 | 0100 0074 | 0749 c7c1 | 7001 0000 | 4b8b 3c08 
  0x000002b6b280bae8: 488d 7f01 | 4b89 3c08 | 0f84 e605 | 0000 450f | be47 4045 | 85c0 0f85 | f021 0000 | 4c8b d349 
  0x000002b6b280bb08: c1ea 0344 | 8952 144c | 8bc2 4c33 | c349 c1e8 | 1649 83f8 | 000f 85f1 

  0x000002b6b280bb20: ;   {metadata(method data for {method} {0x000002b7116d4e58} 'setException' '(Ljava/lang/Throwable;)V' in 'java/util/concurrent/FutureTask')}
  0x000002b6b280bb20: 2100 0049 | b8b0 3362 | 11b7 0200 | 004d 8d80 | b801 0000 

  0x000002b6b280bb34: ;   {metadata('java/util/concurrent/FutureTask')}
  0x000002b6b280bb34: 49b9 d866 | 32d0 b602 | 0000 4d33 | 4808 49f7 | c1fc ffff | ff74 044d 

  0x000002b6b280bb4c: ;   {metadata(method data for {method} {0x000002b6cf156248} 'guard_LI_V' '(Ljava/lang/invoke/VarHandle;Ljava/lang/Object;ILjava/lang/invoke/VarHandle$AccessDescriptor;)V' in 'java/lang/invoke/VarHandleGuards')}
  0x000002b6b280bb4c: 8948 0849 | b800 3662 | 11b7 0200 | 004d 8d80 | 1805 0000 

  0x000002b6b280bb60: ;   {oop(a 'java/lang/invoke/VarHandleInts$FieldInstanceReadWrite'{0x0000000601f95890})}
  0x000002b6b280bb60: 49b9 9058 | f901 0600 | 0000 4d85 | c975 0d41 | f600 0175 | 47f0 4983 | 0801 eb40 

  0x000002b6b280bb7c: ;   {metadata('java/lang/invoke/VarHandleInts$FieldInstanceReadWrite')}
  0x000002b6b280bb7c: 48bf 38a0 | 07d0 b602 | 0000 4c8b | d749 3338 | 48f7 c7fc | ffff ff74 | 2740 f6c7 | 0275 2149 
  0x000002b6b280bb9c: f700 feff | ffff 7415 | 498b fa49 | 3338 48f7 | c7fc ffff | ff74 0949 | 8308 02eb | 0349 8938 
  0x000002b6b280bbbc: ;   {metadata('java/util/concurrent/FutureTask')}
  0x000002b6b280bbbc: 48bf d866 | 32d0 b602 | 0000 4c8b | d749 3378 | 1048 f7c7 | fcff ffff | 742b 40f6 | c702 7525 
  0x000002b6b280bbdc: 49f7 4010 | feff ffff | 7417 498b | fa49 3378 | 1048 f7c7 | fcff ffff | 740b 4983 | 4810 02eb 
  0x000002b6b280bbfc: 0449 8978 

  0x000002b6b280bc00: ;   {metadata(method data for {method} {0x000002b7116d4e58} 'setException' '(Ljava/lang/Throwable;)V' in 'java/util/concurrent/FutureTask')}
  0x000002b6b280bc00: 1049 b8b0 | 3362 11b7 | 0200 0049 | 8380 8001 

  0x000002b6b280bc10: ;   {metadata(method data for {method} {0x000002b6cf156248} 'guard_LI_V' '(Ljava/lang/invoke/VarHandle;Ljava/lang/Object;ILjava/lang/invoke/VarHandle$AccessDescriptor;)V' in 'java/lang/invoke/VarHandleGuards')}
  0x000002b6b280bc10: 0000 0149 | b800 3662 | 11b7 0200 | 0041 8bb8 | cc00 0000 | 83c7 0241 | 89b8 cc00 | 0000 81e7 
  0x000002b6b280bc30: feff 1f00 | 85ff 0f84 | f020 0000 

  0x000002b6b280bc3c: ;   {metadata(method data for {method} {0x000002b6cf156248} 'guard_LI_V' '(Ljava/lang/invoke/VarHandle;Ljava/lang/Object;ILjava/lang/invoke/VarHandle$AccessDescriptor;)V' in 'java/lang/invoke/VarHandleGuards')}
  0x000002b6b280bc3c: 49b8 0036 | 6211 b702 | 0000 4d8d | 8048 0100 

  0x000002b6b280bc4c: ;   {oop(a 'java/lang/invoke/VarHandle$AccessDescriptor'{0x0000000601f99318})}
  0x000002b6b280bc4c: 0048 bf18 | 93f9 0106 | 0000 0048 | 85ff 750d | 41f6 4008 | 0175 06f0 | 4983 4808 

  0x000002b6b280bc68: ;   {metadata(method data for {method} {0x000002b6cf156248} 'guard_LI_V' '(Ljava/lang/invoke/VarHandle;Ljava/lang/Object;ILjava/lang/invoke/VarHandle$AccessDescriptor;)V' in 'java/lang/invoke/VarHandleGuards')}
  0x000002b6b280bc68: 0149 b800 | 3662 11b7 | 0200 0045 | 8b49 0849 | ba00 0000 | cfb6 0200 | 004d 03ca | 4d3b 8820 
  0x000002b6b280bc88: 0100 0075 | 0d49 8380 | 2801 0000 | 01e9 6000 | 0000 4d3b | 8830 0100 | 0075 0d49 | 8380 3801 
  0x000002b6b280bca8: 0000 01e9 | 4a00 0000 | 4983 b820 | 0100 0000 | 7517 4d89 | 8820 0100 | 0049 c780 | 2801 0000 
  0x000002b6b280bcc8: 0100 0000 | e929 0000 | 0049 83b8 | 3001 0000 | 0075 174d | 8988 3001 | 0000 49c7 | 8038 0100 
  0x000002b6b280bce8: 0001 0000 | 00e9 0800 | 0000 4983 | 8010 0100 

  0x000002b6b280bcf8: ;   {metadata(method data for {method} {0x000002b6cf0936b8} 'checkAccessModeThenIsDirect' '(Ljava/lang/invoke/VarHandle$AccessDescriptor;)Z' in 'java/lang/invoke/VarHandle')}
  0x000002b6b280bcf8: 0001 49b8 | 4890 1310 | b702 0000 | 458b 88cc | 0000 0041 | 83c1 0245 | 8988 cc00 | 0000 4181 
  0x000002b6b280bd18: e1fe ff1f | 0045 85c9 | 0f84 2720 

  0x000002b6b280bd24: ;   {metadata(method data for {method} {0x000002b6cf0936b8} 'checkAccessModeThenIsDirect' '(Ljava/lang/invoke/VarHandle$AccessDescriptor;)Z' in 'java/lang/invoke/VarHandle')}
  0x000002b6b280bd24: 0000 49b8 | 4890 1310 | b702 0000 | 41ff 8010 

  0x000002b6b280bd34: ;   {metadata(method data for {method} {0x000002b6cf156248} 'guard_LI_V' '(Ljava/lang/invoke/VarHandle;Ljava/lang/Object;ILjava/lang/invoke/VarHandle$AccessDescriptor;)V' in 'java/lang/invoke/VarHandleGuards')}
  0x000002b6b280bd34: 0100 0049 | b800 3662 | 11b7 0200 | 0041 ff80 | 7001 0000 

  0x000002b6b280bd48: ;   {metadata(method data for {method} {0x000002b6cf156248} 'guard_LI_V' '(Ljava/lang/invoke/VarHandle;Ljava/lang/Object;ILjava/lang/invoke/VarHandle$AccessDescriptor;)V' in 'java/lang/invoke/VarHandleGuards')}
  0x000002b6b280bd48: 49b8 0036 | 6211 b702 | 0000 41ff | 8090 0100 

  0x000002b6b280bd58: ;   {oop(a 'java/lang/invoke/VarForm'{0x00000006010ab0d8})}
  0x000002b6b280bd58: 0049 b8d8 | b00a 0106 

  0x000002b6b280bd60: ;   {metadata(method data for {method} {0x000002b6cf156248} 'guard_LI_V' '(Ljava/lang/invoke/VarHandle;Ljava/lang/Object;ILjava/lang/invoke/VarHandle$AccessDescriptor;)V' in 'java/lang/invoke/VarHandleGuards')}
  0x000002b6b280bd60: 0000 0049 | b900 3662 | 11b7 0200 | 0049 8381 | a001 0000 

  0x000002b6b280bd74: ;   {metadata(method data for {method} {0x000002b6cf1542f0} 'getMemberName' '(I)Ljava/lang/invoke/MemberName;' in 'java/lang/invoke/VarForm')}
  0x000002b6b280bd74: 0149 b850 | 9213 10b7 | 0200 0045 | 8b88 cc00 | 0000 4183 | c102 4589 | 88cc 0000 | 0041 81e1 
  0x000002b6b280bd94: feff 1f00 | 4585 c90f | 84cd 1f00 

  0x000002b6b280bda0: ;   {metadata(method data for {method} {0x000002b6cf1542f0} 'getMemberName' '(I)Ljava/lang/invoke/MemberName;' in 'java/lang/invoke/VarForm')}
  0x000002b6b280bda0: 0049 b850 | 9213 10b7 | 0200 0041 | ff80 1001 

  0x000002b6b280bdb0: ;   {metadata(method data for {method} {0x000002b6cf156248} 'guard_LI_V' '(Ljava/lang/invoke/VarHandle;Ljava/lang/Object;ILjava/lang/invoke/VarHandle$AccessDescriptor;)V' in 'java/lang/invoke/VarHandleGuards')}
  0x000002b6b280bdb0: 0000 49b8 | 0036 6211 | b702 0000 | 4d8d 80d8 

  0x000002b6b280bdc0: ;   {oop(a 'java/lang/invoke/MemberName'{0x0000000601f99340} = {method} {0x000002b7102d18b8} 'setRelease' '(Ljava/lang/invoke/VarHandle;Ljava/lang/Object;I)V' in 'java/lang/invoke/VarHandleInts$FieldInstanceReadWrite')}
  0x000002b6b280bdc0: 0100 0049 | b940 93f9 | 0106 0000 | 004d 85c9 | 750b 41f6 | 0001 7505 | f049 8308 

  0x000002b6b280bddc: ;   {metadata(method data for {method} {0x000002b6cf156248} 'guard_LI_V' '(Ljava/lang/invoke/VarHandle;Ljava/lang/Object;ILjava/lang/invoke/VarHandle$AccessDescriptor;)V' in 'java/lang/invoke/VarHandleGuards')}
  0x000002b6b280bddc: 0149 b800 | 3662 11b7 | 0200 004d | 8d80 f801 

  0x000002b6b280bdec: ;   {oop(a 'java/lang/invoke/VarHandleInts$FieldInstanceReadWrite'{0x0000000601f95890})}
  0x000002b6b280bdec: 0000 49b9 | 9058 f901 | 0600 0000 | 4d85 c975 | 0f41 f640 | 0801 754d | f049 8348 | 0801 eb45 
  0x000002b6b280be0c: ;   {metadata('java/lang/invoke/VarHandleInts$FieldInstanceReadWrite')}
  0x000002b6b280be0c: 49b9 38a0 | 07d0 b602 | 0000 4d8b | d14d 3348 | 0849 f7c1 | fcff ffff | 742b 41f6 | c102 7525 
  0x000002b6b280be2c: 49f7 4008 | feff ffff | 7417 4d8b | ca4d 3348 | 0849 f7c1 | fcff ffff | 740b 4983 | 4808 02eb 
  0x000002b6b280be4c: 044d 8948 

  0x000002b6b280be50: ;   {metadata('java/util/concurrent/FutureTask')}
  0x000002b6b280be50: 0849 b9d8 | 6632 d0b6 | 0200 004d | 8bd1 4d33 | 4818 49f7 | c1fc ffff | ff74 2b41 | f6c1 0275 
  0x000002b6b280be70: 2549 f740 | 18fe ffff | ff74 174d | 8bca 4d33 | 4818 49f7 | c1fc ffff | ff74 0b49 | 8348 1802 
  0x000002b6b280be90: eb04 4d89 

  0x000002b6b280be94: ;   {metadata(method data for {method} {0x000002b6cf156248} 'guard_LI_V' '(Ljava/lang/invoke/VarHandle;Ljava/lang/Object;ILjava/lang/invoke/VarHandle$AccessDescriptor;)V' in 'java/lang/invoke/VarHandleGuards')}
  0x000002b6b280be94: 4818 49b8 | 0036 6211 | b702 0000 | 4983 80e8 | 0100 0001 

  0x000002b6b280bea8: ;   {metadata(method data for {method} {0x000002b7102d18b8} 'setRelease' '(Ljava/lang/invoke/VarHandle;Ljava/lang/Object;I)V' in 'java/lang/invoke/VarHandleInts$FieldInstanceReadWrite')}
  0x000002b6b280bea8: 49b8 303b | 6211 b702 | 0000 458b | 88cc 0000 | 0041 83c1 | 0245 8988 | cc00 0000 | 4181 e1fe 
  0x000002b6b280bec8: ff1f 0045 | 85c9 0f84 | bb1e 0000 

  0x000002b6b280bed4: ;   {oop(a 'java/lang/Class'{0x0000000601f95728} = 'java/util/concurrent/FutureTask')}
  0x000002b6b280bed4: 49b8 2857 | f901 0600 

  0x000002b6b280bedc: ;   {metadata(method data for {method} {0x000002b7102d18b8} 'setRelease' '(Ljava/lang/invoke/VarHandle;Ljava/lang/Object;I)V' in 'java/lang/invoke/VarHandleInts$FieldInstanceReadWrite')}
  0x000002b6b280bedc: 0000 49b9 | 303b 6211 | b702 0000 | 4983 8148 | 0100 0001 

  0x000002b6b280bef0: ;   {metadata(method data for {method} {0x000002b6cf465068} 'cast' '(Ljava/lang/Object;)Ljava/lang/Object;' in 'java/lang/Class')}
  0x000002b6b280bef0: 49b8 8856 | 2010 b702 | 0000 458b | 88cc 0000 | 0041 83c1 | 0245 8988 | cc00 0000 | 4181 e1fe 
  0x000002b6b280bf10: ff1f 0045 | 85c9 0f84 | 941e 0000 

  0x000002b6b280bf1c: ;   {metadata(method data for {method} {0x000002b6cf465068} 'cast' '(Ljava/lang/Object;)Ljava/lang/Object;' in 'java/lang/Class')}
  0x000002b6b280bf1c: 49b8 8856 | 2010 b702 | 0000 41ff | 8020 0100 

  0x000002b6b280bf2c: ;   {oop(a 'java/lang/Class'{0x0000000601f95728} = 'java/util/concurrent/FutureTask')}
  0x000002b6b280bf2c: 0049 b828 | 57f9 0106 

  0x000002b6b280bf34: ;   {metadata(method data for {method} {0x000002b6cf465068} 'cast' '(Ljava/lang/Object;)Ljava/lang/Object;' in 'java/lang/Class')}
  0x000002b6b280bf34: 0000 0049 | b988 5620 | 10b7 0200 | 0049 8381 | 3001 0000 | 0148 85d2 | 0f84 2900 

  0x000002b6b280bf50: ;   {metadata('java/util/concurrent/FutureTask')}
  0x000002b6b280bf50: 0000 48be | d866 32d0 | b602 0000 | 8b7a 0849 | ba00 0000 | cfb6 0200 | 0049 03fa | 483b 7738 
  0x000002b6b280bf70: 0f85 0500 | 0000 e905 | 0000 004d | 33c0 eb07 | 49c7 c001 | 0000 0045 

  0x000002b6b280bf88: ;   {metadata(method data for {method} {0x000002b6cf465068} 'cast' '(Ljava/lang/Object;)Ljava/lang/Object;' in 'java/lang/Class')}
  0x000002b6b280bf88: 85c0 49b8 | 8856 2010 | b702 0000 | 49c7 c178 | 0100 0074 | 0749 c7c1 | 6801 0000 | 4b8b 3c08 
  0x000002b6b280bfa8: 488d 7f01 | 4b89 3c08 | 0f84 8e12 

  0x000002b6b280bfb4: ;   {metadata(method data for {method} {0x000002b7102d18b8} 'setRelease' '(Ljava/lang/invoke/VarHandle;Ljava/lang/Object;I)V' in 'java/lang/invoke/VarHandleInts$FieldInstanceReadWrite')}
  0x000002b6b280bfb4: 0000 49b8 | 303b 6211 | b702 0000 | 4983 8080 | 0100 0001 

  0x000002b6b280bfc8: ;   {metadata(method data for {method} {0x000002b6cf056488} 'requireNonNull' '(Ljava/lang/Object;)Ljava/lang/Object;' in 'java/util/Objects')}
  0x000002b6b280bfc8: 49b8 d8f1 | 0010 b702 | 0000 458b | 88cc 0000 | 0041 83c1 | 0245 8988 | cc00 0000 | 4181 e1fe 
  0x000002b6b280bfe8: ff1f 0045 | 85c9 0f84 | dd1d 0000 

  0x000002b6b280bff4: ;   {metadata(method data for {method} {0x000002b6cf056488} 'requireNonNull' '(Ljava/lang/Object;)Ljava/lang/Object;' in 'java/util/Objects')}
  0x000002b6b280bff4: 49b8 d8f1 | 0010 b702 | 0000 41ff | 8010 0100 

  0x000002b6b280c004: ;   {metadata(method data for {method} {0x000002b7102d18b8} 'setRelease' '(Ljava/lang/invoke/VarHandle;Ljava/lang/Object;I)V' in 'java/lang/invoke/VarHandleInts$FieldInstanceReadWrite')}
  0x000002b6b280c004: 0049 b830 | 3b62 11b7 | 0200 004d | 8d80 c801 

  0x000002b6b280c014: ;   {metadata('java/util/concurrent/FutureTask')}
  0x000002b6b280c014: 0000 49b9 | d866 32d0 | b602 0000 | 4d8b d14d | 3348 0849 | f7c1 fcff | ffff 742b | 41f6 c102 
  0x000002b6b280c034: 7525 49f7 | 4008 feff | ffff 7417 | 4d8b ca4d | 3348 0849 | f7c1 fcff | ffff 740b | 4983 4808 
  0x000002b6b280c054: 02eb 044d 

  0x000002b6b280c058: ;   {oop(a 'jdk/internal/misc/Unsafe'{0x00000006010020b8})}
  0x000002b6b280c058: 8948 0848 | beb8 2000 | 0106 0000 | 004c 8bc6 

  0x000002b6b280c068: ;   {metadata(method data for {method} {0x000002b7102d18b8} 'setRelease' '(Ljava/lang/invoke/VarHandle;Ljava/lang/Object;I)V' in 'java/lang/invoke/VarHandleInts$FieldInstanceReadWrite')}
  0x000002b6b280c068: 49b9 303b | 6211 b702 | 0000 4983 | 8190 0100 | 0001 49c7 | c10c 0000 | 004c 8bc2 | bf03 0000 
  0x000002b6b280c088: 0048 8bd6 

  0x000002b6b280c08c: ;   {optimized virtual_call}
  0x000002b6b280c08c: 6666 90e8 

  0x000002b6b280c090: ; ImmutableOopMap {[232]=Oop }
                      ;*invokevirtual putIntRelease {reexecute=0 rethrow=0 return_oop=0}
                      ; - java.lang.invoke.VarHandleInts$FieldInstanceReadWrite::setRelease@24 (line 170)
                      ; - java.lang.invoke.VarHandleGuards::guard_LI_V@45 (line 122)
                      ; - java.util.concurrent.FutureTask::setException@22 (line 302)
                      ; - java.util.concurrent.FutureTask::run@59 (line 322)
  0x000002b6b280c090: ec29 9e06 

  0x000002b6b280c094: ;   {other}
  0x000002b6b280c094: 0f1f 8400 | 8417 0001 

  0x000002b6b280c09c: ;   {metadata(method data for {method} {0x000002b6cf156248} 'guard_LI_V' '(Ljava/lang/invoke/VarHandle;Ljava/lang/Object;ILjava/lang/invoke/VarHandle$AccessDescriptor;)V' in 'java/lang/invoke/VarHandleGuards')}
  0x000002b6b280c09c: 48ba 0036 | 6211 b702 | 0000 ff82 | 2002 0000 | 488b 9424 | e800 0000 

  0x000002b6b280c0b4: ;   {metadata(method data for {method} {0x000002b7116d4e58} 'setException' '(Ljava/lang/Throwable;)V' in 'java/util/concurrent/FutureTask')}
  0x000002b6b280c0b4: 48be b033 | 6211 b702 | 0000 4883 | 86d0 0100 | 0001 488b | 9424 e800 

  0x000002b6b280c0cc: ;   {optimized virtual_call}
  0x000002b6b280c0cc: 0000 90e8 

  0x000002b6b280c0d0: ; ImmutableOopMap {[232]=Oop }
                      ;*invokevirtual finishCompletion {reexecute=0 rethrow=0 return_oop=0}
                      ; - java.util.concurrent.FutureTask::setException@26 (line 303)
                      ; - java.util.concurrent.FutureTask::run@59 (line 322)
  0x000002b6b280c0d0: ac29 9e06 

  0x000002b6b280c0d4: ;   {other}
  0x000002b6b280c0d4: 0f1f 8400 | c417 0002 | be00 0000 

  0x000002b6b280c0e0: ;   {oop(nullptr)}
  0x000002b6b280c0e0: 0048 b800 | 0000 0000 | 0000 0085 

  0x000002b6b280c0ec: ;   {metadata(method data for {method} {0x000002b7116d5020} 'run' '()V' in 'java/util/concurrent/FutureTask')}
  0x000002b6b280c0ec: f649 b838 | 2d62 11b7 | 0200 0049 | c7c1 8802 | 0000 7407 | 49c7 c198 | 0200 004b | 8b3c 0848 
  0x000002b6b280c10c: 8d7f 014b | 893c 0848 | 8b94 24e8 | 0000 000f | 8473 0a00 | 004c 8bc2 

  0x000002b6b280c124: ;   {metadata(method data for {method} {0x000002b7116d5020} 'run' '()V' in 'java/util/concurrent/FutureTask')}
  0x000002b6b280c124: 49b9 382d | 6211 b702 

  0x000002b6b280c12c: ;   {metadata('java/util/concurrent/FutureTask')}
  0x000002b6b280c12c: 0000 49ba | d866 32d0 | b602 0000 | 4d89 91b8 | 0200 0049 | 8381 c002 

  0x000002b6b280c144: ;   {metadata(method data for {method} {0x000002b7116d4d70} 'set' '(Ljava/lang/Object;)V' in 'java/util/concurrent/FutureTask')}
  0x000002b6b280c144: 0000 0149 | b8c8 4162 | 11b7 0200 | 0045 8b88 | cc00 0000 | 4183 c102 | 4589 88cc | 0000 0041 
  0x000002b6b280c164: 81e1 feff | 1f00 4585 | c90f 847f 

  0x000002b6b280c170: ;   {metadata(method data for {method} {0x000002b7116d4d70} 'set' '(Ljava/lang/Object;)V' in 'java/util/concurrent/FutureTask')}
  0x000002b6b280c170: 1c00 0049 | b8c8 4162 | 11b7 0200 | 004d 8d80 | 4801 0000 

  0x000002b6b280c184: ;   {metadata('java/util/concurrent/FutureTask')}
  0x000002b6b280c184: 49b9 d866 | 32d0 b602 | 0000 4d33 | 4808 49f7 | c1fc ffff | ff74 044d 

  0x000002b6b280c19c: ;   {metadata(method data for {method} {0x000002b6cf1562a0} 'guard_LII_Z' '(Ljava/lang/invoke/VarHandle;Ljava/lang/Object;IILjava/lang/invoke/VarHandle$AccessDescriptor;)Z' in 'java/lang/invoke/VarHandleGuards')}
  0x000002b6b280c19c: 8948 0849 | b898 6467 | 11b7 0200 | 004d 8d80 | e003 0000 

  0x000002b6b280c1b0: ;   {oop(a 'java/lang/invoke/VarHandleInts$FieldInstanceReadWrite'{0x0000000601f95890})}
  0x000002b6b280c1b0: 49b9 9058 | f901 0600 | 0000 4d85 | c975 0b41 | f600 0175 | 05f0 4983 

  0x000002b6b280c1c8: ;   {metadata(method data for {method} {0x000002b7116d4d70} 'set' '(Ljava/lang/Object;)V' in 'java/util/concurrent/FutureTask')}
  0x000002b6b280c1c8: 0801 49b8 | c841 6211 | b702 0000 | 4983 8010 | 0100 0001 

  0x000002b6b280c1dc: ;   {metadata(method data for {method} {0x000002b6cf1562a0} 'guard_LII_Z' '(Ljava/lang/invoke/VarHandle;Ljava/lang/Object;IILjava/lang/invoke/VarHandle$AccessDescriptor;)Z' in 'java/lang/invoke/VarHandleGuards')}
  0x000002b6b280c1dc: 49b8 9864 | 6711 b702 | 0000 418b | b8cc 0000 | 0083 c702 | 4189 b8cc | 0000 0081 | e7fe ff1f 
  0x000002b6b280c1fc: 0085 ff0f | 840e 1c00 

  0x000002b6b280c204: ;   {metadata(method data for {method} {0x000002b6cf1562a0} 'guard_LII_Z' '(Ljava/lang/invoke/VarHandle;Ljava/lang/Object;IILjava/lang/invoke/VarHandle$AccessDescriptor;)Z' in 'java/lang/invoke/VarHandleGuards')}
  0x000002b6b280c204: 0049 b898 | 6467 11b7 | 0200 004d | 8d80 4801 

  0x000002b6b280c214: ;   {oop(a 'java/lang/invoke/VarHandle$AccessDescriptor'{0x0000000601f992c0})}
  0x000002b6b280c214: 0000 48bf | c092 f901 | 0600 0000 | 4885 ff75 | 0d41 f640 | 0801 7506 | f049 8348 

  0x000002b6b280c230: ;   {metadata(method data for {method} {0x000002b6cf1562a0} 'guard_LII_Z' '(Ljava/lang/invoke/VarHandle;Ljava/lang/Object;IILjava/lang/invoke/VarHandle$AccessDescriptor;)Z' in 'java/lang/invoke/VarHandleGuards')}
  0x000002b6b280c230: 0801 49b8 | 9864 6711 | b702 0000 | 458b 4908 | 49ba 0000 | 00cf b602 | 0000 4d03 | ca4d 3b88 
  0x000002b6b280c250: 2001 0000 | 750d 4983 | 8028 0100 | 0001 e960 | 0000 004d | 3b88 3001 | 0000 750d | 4983 8038 
  0x000002b6b280c270: 0100 0001 | e94a 0000 | 0049 83b8 | 2001 0000 | 0075 174d | 8988 2001 | 0000 49c7 | 8028 0100 
  0x000002b6b280c290: 0001 0000 | 00e9 2900 | 0000 4983 | b830 0100 | 0000 7517 | 4d89 8830 | 0100 0049 | c780 3801 
  0x000002b6b280c2b0: 0000 0100 | 0000 e908 | 0000 0049 | 8380 1001 

  0x000002b6b280c2c0: ;   {metadata(method data for {method} {0x000002b6cf0936b8} 'checkAccessModeThenIsDirect' '(Ljava/lang/invoke/VarHandle$AccessDescriptor;)Z' in 'java/lang/invoke/VarHandle')}
  0x000002b6b280c2c0: 0000 0149 | b848 9013 | 10b7 0200 | 0045 8b88 | cc00 0000 | 4183 c102 | 4589 88cc | 0000 0041 
  0x000002b6b280c2e0: 81e1 feff | 1f00 4585 | c90f 8445 

  0x000002b6b280c2ec: ;   {metadata(method data for {method} {0x000002b6cf0936b8} 'checkAccessModeThenIsDirect' '(Ljava/lang/invoke/VarHandle$AccessDescriptor;)Z' in 'java/lang/invoke/VarHandle')}
  0x000002b6b280c2ec: 1b00 0049 | b848 9013 | 10b7 0200 | 0041 ff80 | 1001 0000 

  0x000002b6b280c300: ;   {metadata(method data for {method} {0x000002b6cf1562a0} 'guard_LII_Z' '(Ljava/lang/invoke/VarHandle;Ljava/lang/Object;IILjava/lang/invoke/VarHandle$AccessDescriptor;)Z' in 'java/lang/invoke/VarHandleGuards')}
  0x000002b6b280c300: 49b8 9864 | 6711 b702 | 0000 41ff | 8070 0100 

  0x000002b6b280c310: ;   {metadata(method data for {method} {0x000002b6cf1562a0} 'guard_LII_Z' '(Ljava/lang/invoke/VarHandle;Ljava/lang/Object;IILjava/lang/invoke/VarHandle$AccessDescriptor;)Z' in 'java/lang/invoke/VarHandleGuards')}
  0x000002b6b280c310: 0049 b898 | 6467 11b7 | 0200 0041 | ff80 9001 

  0x000002b6b280c320: ;   {oop(a 'java/lang/invoke/VarForm'{0x00000006010ab0d8})}
  0x000002b6b280c320: 0000 49b8 | d8b0 0a01 | 0600 0000 

  0x000002b6b280c32c: ;   {metadata(method data for {method} {0x000002b6cf1562a0} 'guard_LII_Z' '(Ljava/lang/invoke/VarHandle;Ljava/lang/Object;IILjava/lang/invoke/VarHandle$AccessDescriptor;)Z' in 'java/lang/invoke/VarHandleGuards')}
  0x000002b6b280c32c: 49b9 9864 | 6711 b702 | 0000 4983 | 81a0 0100 

  0x000002b6b280c33c: ;   {metadata(method data for {method} {0x000002b6cf1542f0} 'getMemberName' '(I)Ljava/lang/invoke/MemberName;' in 'java/lang/invoke/VarForm')}
  0x000002b6b280c33c: 0001 49b8 | 5092 1310 | b702 0000 | 458b 88cc | 0000 0041 | 83c1 0245 | 8988 cc00 | 0000 4181 
  0x000002b6b280c35c: e1fe ff1f | 0045 85c9 | 0f84 eb1a 

  0x000002b6b280c368: ;   {metadata(method data for {method} {0x000002b6cf1542f0} 'getMemberName' '(I)Ljava/lang/invoke/MemberName;' in 'java/lang/invoke/VarForm')}
  0x000002b6b280c368: 0000 49b8 | 5092 1310 | b702 0000 | 41ff 8010 

  0x000002b6b280c378: ;   {metadata(method data for {method} {0x000002b6cf1562a0} 'guard_LII_Z' '(Ljava/lang/invoke/VarHandle;Ljava/lang/Object;IILjava/lang/invoke/VarHandle$AccessDescriptor;)Z' in 'java/lang/invoke/VarHandleGuards')}
  0x000002b6b280c378: 0100 0049 | b898 6467 | 11b7 0200 | 004d 8d80 | d801 0000 

  0x000002b6b280c38c: ;   {oop(a 'java/lang/invoke/MemberName'{0x0000000601f992e8} = {method} {0x000002b7102d19c8} 'compareAndSet' '(Ljava/lang/invoke/VarHandle;Ljava/lang/Object;II)Z' in 'java/lang/invoke/VarHandleInts$FieldInstanceReadWrite')}
  0x000002b6b280c38c: 49b9 e892 | f901 0600 | 0000 4d85 | c975 0b41 | f600 0175 | 05f0 4983 

  0x000002b6b280c3a4: ;   {metadata(method data for {method} {0x000002b6cf1562a0} 'guard_LII_Z' '(Ljava/lang/invoke/VarHandle;Ljava/lang/Object;IILjava/lang/invoke/VarHandle$AccessDescriptor;)Z' in 'java/lang/invoke/VarHandleGuards')}
  0x000002b6b280c3a4: 0801 49b8 | 9864 6711 | b702 0000 | 4d8d 80f8 

  0x000002b6b280c3b4: ;   {oop(a 'java/lang/invoke/VarHandleInts$FieldInstanceReadWrite'{0x0000000601f95890})}
  0x000002b6b280c3b4: 0100 0049 | b990 58f9 | 0106 0000 | 004d 85c9 | 750d 41f6 | 4008 0175 | 06f0 4983 

  0x000002b6b280c3d0: ;   {metadata(method data for {method} {0x000002b6cf1562a0} 'guard_LII_Z' '(Ljava/lang/invoke/VarHandle;Ljava/lang/Object;IILjava/lang/invoke/VarHandle$AccessDescriptor;)Z' in 'java/lang/invoke/VarHandleGuards')}
  0x000002b6b280c3d0: 4808 0149 | b898 6467 | 11b7 0200 | 0049 8380 | e801 0000 

  0x000002b6b280c3e4: ;   {metadata(method data for {method} {0x000002b7102d19c8} 'compareAndSet' '(Ljava/lang/invoke/VarHandle;Ljava/lang/Object;II)Z' in 'java/lang/invoke/VarHandleInts$FieldInstanceReadWrite')}
  0x000002b6b280c3e4: 0149 b8d0 | bd67 11b7 | 0200 0045 | 8b88 cc00 | 0000 4183 | c102 4589 | 88cc 0000 | 0041 81e1 
  0x000002b6b280c404: feff 1f00 | 4585 c90f | 8465 1a00 

  0x000002b6b280c410: ;   {oop(a 'java/lang/Class'{0x0000000601f95728} = 'java/util/concurrent/FutureTask')}
  0x000002b6b280c410: 0049 b828 | 57f9 0106 

  0x000002b6b280c418: ;   {metadata(method data for {method} {0x000002b7102d19c8} 'compareAndSet' '(Ljava/lang/invoke/VarHandle;Ljava/lang/Object;II)Z' in 'java/lang/invoke/VarHandleInts$FieldInstanceReadWrite')}
  0x000002b6b280c418: 0000 0049 | b9d0 bd67 | 11b7 0200 | 0049 8381 | 4801 0000 

  0x000002b6b280c42c: ;   {metadata(method data for {method} {0x000002b6cf465068} 'cast' '(Ljava/lang/Object;)Ljava/lang/Object;' in 'java/lang/Class')}
  0x000002b6b280c42c: 0149 b888 | 5620 10b7 | 0200 0045 | 8b88 cc00 | 0000 4183 | c102 4589 | 88cc 0000 | 0041 81e1 
  0x000002b6b280c44c: feff 1f00 | 4585 c90f | 843e 1a00 

  0x000002b6b280c458: ;   {metadata(method data for {method} {0x000002b6cf465068} 'cast' '(Ljava/lang/Object;)Ljava/lang/Object;' in 'java/lang/Class')}
  0x000002b6b280c458: 0049 b888 | 5620 10b7 | 0200 0041 | ff80 2001 

  0x000002b6b280c468: ;   {oop(a 'java/lang/Class'{0x0000000601f95728} = 'java/util/concurrent/FutureTask')}
  0x000002b6b280c468: 0000 49b8 | 2857 f901 | 0600 0000 

  0x000002b6b280c474: ;   {metadata(method data for {method} {0x000002b6cf465068} 'cast' '(Ljava/lang/Object;)Ljava/lang/Object;' in 'java/lang/Class')}
  0x000002b6b280c474: 49b9 8856 | 2010 b702 | 0000 4983 | 8130 0100 | 0001 4885 | d20f 8429 

  0x000002b6b280c48c: ;   {metadata('java/util/concurrent/FutureTask')}
  0x000002b6b280c48c: 0000 0048 | bed8 6632 | d0b6 0200 | 008b 7a08 | 49ba 0000 | 00cf b602 | 0000 4903 | fa48 3b77 
  0x000002b6b280c4ac: 380f 8505 | 0000 00e9 | 0500 0000 | 4d33 c0eb | 0749 c7c0 | 0100 0000 

  0x000002b6b280c4c4: ;   {metadata(method data for {method} {0x000002b6cf465068} 'cast' '(Ljava/lang/Object;)Ljava/lang/Object;' in 'java/lang/Class')}
  0x000002b6b280c4c4: 4585 c049 | b888 5620 | 10b7 0200 | 0049 c7c1 | 7801 0000 | 7407 49c7 | c168 0100 | 004b 8b3c 
  0x000002b6b280c4e4: 0848 8d7f | 014b 893c | 080f 8461 

  0x000002b6b280c4f0: ;   {metadata(method data for {method} {0x000002b7102d19c8} 'compareAndSet' '(Ljava/lang/invoke/VarHandle;Ljava/lang/Object;II)Z' in 'java/lang/invoke/VarHandleInts$FieldInstanceReadWrite')}
  0x000002b6b280c4f0: 0c00 0049 | b8d0 bd67 | 11b7 0200 | 0049 8380 | 8001 0000 

  0x000002b6b280c504: ;   {metadata(method data for {method} {0x000002b6cf056488} 'requireNonNull' '(Ljava/lang/Object;)Ljava/lang/Object;' in 'java/util/Objects')}
  0x000002b6b280c504: 0149 b8d8 | f100 10b7 | 0200 0045 | 8b88 cc00 | 0000 4183 | c102 4589 | 88cc 0000 | 0041 81e1 
  0x000002b6b280c524: feff 1f00 | 4585 c90f | 8487 1900 

  0x000002b6b280c530: ;   {metadata(method data for {method} {0x000002b6cf056488} 'requireNonNull' '(Ljava/lang/Object;)Ljava/lang/Object;' in 'java/util/Objects')}
  0x000002b6b280c530: 0049 b8d8 | f100 10b7 | 0200 0041 | ff80 1001 | 0000 49c7 | c00c 0000 | 004e 8d04 | 0248 8bd8 
  0x000002b6b280c550: b800 0000 | 0041 b901 | 0000 00f0 | 450f b108 | 41b8 0100 | 0000 7406 | 41b8 0000 | 0000 4183 
  0x000002b6b280c570: e001 4183 | e001 4585 

  0x000002b6b280c578: ;   {metadata(method data for {method} {0x000002b7116d4d70} 'set' '(Ljava/lang/Object;)V' in 'java/util/concurrent/FutureTask')}
  0x000002b6b280c578: c049 b8c8 | 4162 11b7 | 0200 0049 | c7c1 6001 | 0000 7407 | 49c7 c170 | 0100 004b | 8b3c 0848 
  0x000002b6b280c598: 8d7f 014b | 893c 080f | 84e7 0500 | 0045 0fbe | 4740 4585 | c00f 8526 | 1900 004c | 8bd3 49c1 
  0x000002b6b280c5b8: ea03 4489 | 5214 4c8b | c24c 33c3 | 49c1 e816 | 4983 f800 | 0f85 2719 

  0x000002b6b280c5d0: ;   {metadata(method data for {method} {0x000002b7116d4d70} 'set' '(Ljava/lang/Object;)V' in 'java/util/concurrent/FutureTask')}
  0x000002b6b280c5d0: 0000 49b8 | c841 6211 | b702 0000 | 4d8d 80b8 

  0x000002b6b280c5e0: ;   {metadata('java/util/concurrent/FutureTask')}
  0x000002b6b280c5e0: 0100 0049 | b9d8 6632 | d0b6 0200 | 004d 3348 | 0849 f7c1 | fcff ffff | 7404 4d89 

  0x000002b6b280c5fc: ;   {metadata(method data for {method} {0x000002b6cf156248} 'guard_LI_V' '(Ljava/lang/invoke/VarHandle;Ljava/lang/Object;ILjava/lang/invoke/VarHandle$AccessDescriptor;)V' in 'java/lang/invoke/VarHandleGuards')}
  0x000002b6b280c5fc: 4808 49b8 | 0036 6211 | b702 0000 | 4d8d 8018 

  0x000002b6b280c60c: ;   {oop(a 'java/lang/invoke/VarHandleInts$FieldInstanceReadWrite'{0x0000000601f95890})}
  0x000002b6b280c60c: 0500 0049 | b990 58f9 | 0106 0000 | 004d 85c9 | 750d 41f6 | 0001 7547 | f049 8308 

  0x000002b6b280c628: ;   {metadata('java/lang/invoke/VarHandleInts$FieldInstanceReadWrite')}
  0x000002b6b280c628: 01eb 4048 | bf38 a007 | d0b6 0200 | 004c 8bd7 | 4933 3848 | f7c7 fcff | ffff 7427 | 40f6 c702 
  0x000002b6b280c648: 7521 49f7 | 00fe ffff | ff74 1549 | 8bfa 4933 | 3848 f7c7 | fcff ffff | 7409 4983 | 0802 eb03 
  0x000002b6b280c668: ;   {metadata('java/util/concurrent/FutureTask')}
  0x000002b6b280c668: 4989 3848 | bfd8 6632 | d0b6 0200 | 004c 8bd7 | 4933 7810 | 48f7 c7fc | ffff ff74 | 2b40 f6c7 
  0x000002b6b280c688: 0275 2549 | f740 10fe | ffff ff74 | 1749 8bfa | 4933 7810 | 48f7 c7fc | ffff ff74 | 0b49 8348 
  0x000002b6b280c6a8: 1002 eb04 | 4989 7810 

  0x000002b6b280c6b0: ;   {metadata(method data for {method} {0x000002b7116d4d70} 'set' '(Ljava/lang/Object;)V' in 'java/util/concurrent/FutureTask')}
  0x000002b6b280c6b0: 49b8 c841 | 6211 b702 | 0000 4983 | 8080 0100 

  0x000002b6b280c6c0: ;   {metadata(method data for {method} {0x000002b6cf156248} 'guard_LI_V' '(Ljava/lang/invoke/VarHandle;Ljava/lang/Object;ILjava/lang/invoke/VarHandle$AccessDescriptor;)V' in 'java/lang/invoke/VarHandleGuards')}
  0x000002b6b280c6c0: 0001 49b8 | 0036 6211 | b702 0000 | 418b b8cc | 0000 0083 | c702 4189 | b8cc 0000 | 0081 e7fe 
  0x000002b6b280c6e0: ff1f 0085 | ff0f 8426 

  0x000002b6b280c6e8: ;   {metadata(method data for {method} {0x000002b6cf156248} 'guard_LI_V' '(Ljava/lang/invoke/VarHandle;Ljava/lang/Object;ILjava/lang/invoke/VarHandle$AccessDescriptor;)V' in 'java/lang/invoke/VarHandleGuards')}
  0x000002b6b280c6e8: 1800 0049 | b800 3662 | 11b7 0200 | 004d 8d80 | 4801 0000 

  0x000002b6b280c6fc: ;   {oop(a 'java/lang/invoke/VarHandle$AccessDescriptor'{0x0000000601f99318})}
  0x000002b6b280c6fc: 48bf 1893 | f901 0600 | 0000 4885 | ff75 0d41 | f640 0801 | 7506 f049 | 8348 0801 

  0x000002b6b280c718: ;   {metadata(method data for {method} {0x000002b6cf156248} 'guard_LI_V' '(Ljava/lang/invoke/VarHandle;Ljava/lang/Object;ILjava/lang/invoke/VarHandle$AccessDescriptor;)V' in 'java/lang/invoke/VarHandleGuards')}
  0x000002b6b280c718: 49b8 0036 | 6211 b702 | 0000 458b | 4908 49ba | 0000 00cf | b602 0000 | 4d03 ca4d | 3b88 2001 
  0x000002b6b280c738: 0000 750d | 4983 8028 | 0100 0001 | e960 0000 | 004d 3b88 | 3001 0000 | 750d 4983 | 8038 0100 
  0x000002b6b280c758: 0001 e94a | 0000 0049 | 83b8 2001 | 0000 0075 | 174d 8988 | 2001 0000 | 49c7 8028 | 0100 0001 
  0x000002b6b280c778: 0000 00e9 | 2900 0000 | 4983 b830 | 0100 0000 | 7517 4d89 | 8830 0100 | 0049 c780 | 3801 0000 
  0x000002b6b280c798: 0100 0000 | e908 0000 | 0049 8380 | 1001 0000 

  0x000002b6b280c7a8: ;   {metadata(method data for {method} {0x000002b6cf0936b8} 'checkAccessModeThenIsDirect' '(Ljava/lang/invoke/VarHandle$AccessDescriptor;)Z' in 'java/lang/invoke/VarHandle')}
  0x000002b6b280c7a8: 0149 b848 | 9013 10b7 | 0200 0045 | 8b88 cc00 | 0000 4183 | c102 4589 | 88cc 0000 | 0041 81e1 
  0x000002b6b280c7c8: feff 1f00 | 4585 c90f | 845d 1700 

  0x000002b6b280c7d4: ;   {metadata(method data for {method} {0x000002b6cf0936b8} 'checkAccessModeThenIsDirect' '(Ljava/lang/invoke/VarHandle$AccessDescriptor;)Z' in 'java/lang/invoke/VarHandle')}
  0x000002b6b280c7d4: 0049 b848 | 9013 10b7 | 0200 0041 | ff80 1001 

  0x000002b6b280c7e4: ;   {metadata(method data for {method} {0x000002b6cf156248} 'guard_LI_V' '(Ljava/lang/invoke/VarHandle;Ljava/lang/Object;ILjava/lang/invoke/VarHandle$AccessDescriptor;)V' in 'java/lang/invoke/VarHandleGuards')}
  0x000002b6b280c7e4: 0000 49b8 | 0036 6211 | b702 0000 | 41ff 8070 

  0x000002b6b280c7f4: ;   {metadata(method data for {method} {0x000002b6cf156248} 'guard_LI_V' '(Ljava/lang/invoke/VarHandle;Ljava/lang/Object;ILjava/lang/invoke/VarHandle$AccessDescriptor;)V' in 'java/lang/invoke/VarHandleGuards')}
  0x000002b6b280c7f4: 0100 0049 | b800 3662 | 11b7 0200 | 0041 ff80 | 9001 0000 

  0x000002b6b280c808: ;   {oop(a 'java/lang/invoke/VarForm'{0x00000006010ab0d8})}
  0x000002b6b280c808: 49b8 d8b0 | 0a01 0600 

  0x000002b6b280c810: ;   {metadata(method data for {method} {0x000002b6cf156248} 'guard_LI_V' '(Ljava/lang/invoke/VarHandle;Ljava/lang/Object;ILjava/lang/invoke/VarHandle$AccessDescriptor;)V' in 'java/lang/invoke/VarHandleGuards')}
  0x000002b6b280c810: 0000 49b9 | 0036 6211 | b702 0000 | 4983 81a0 | 0100 0001 

  0x000002b6b280c824: ;   {metadata(method data for {method} {0x000002b6cf1542f0} 'getMemberName' '(I)Ljava/lang/invoke/MemberName;' in 'java/lang/invoke/VarForm')}
  0x000002b6b280c824: 49b8 5092 | 1310 b702 | 0000 458b | 88cc 0000 | 0041 83c1 | 0245 8988 | cc00 0000 | 4181 e1fe 
  0x000002b6b280c844: ff1f 0045 | 85c9 0f84 | 0317 0000 

  0x000002b6b280c850: ;   {metadata(method data for {method} {0x000002b6cf1542f0} 'getMemberName' '(I)Ljava/lang/invoke/MemberName;' in 'java/lang/invoke/VarForm')}
  0x000002b6b280c850: 49b8 5092 | 1310 b702 | 0000 41ff | 8010 0100 

  0x000002b6b280c860: ;   {metadata(method data for {method} {0x000002b6cf156248} 'guard_LI_V' '(Ljava/lang/invoke/VarHandle;Ljava/lang/Object;ILjava/lang/invoke/VarHandle$AccessDescriptor;)V' in 'java/lang/invoke/VarHandleGuards')}
  0x000002b6b280c860: 0049 b800 | 3662 11b7 | 0200 004d | 8d80 d801 

  0x000002b6b280c870: ;   {oop(a 'java/lang/invoke/MemberName'{0x0000000601f99340} = {method} {0x000002b7102d18b8} 'setRelease' '(Ljava/lang/invoke/VarHandle;Ljava/lang/Object;I)V' in 'java/lang/invoke/VarHandleInts$FieldInstanceReadWrite')}
  0x000002b6b280c870: 0000 49b9 | 4093 f901 | 0600 0000 | 4d85 c975 | 0b41 f600 | 0175 05f0 | 4983 0801 

  0x000002b6b280c88c: ;   {metadata(method data for {method} {0x000002b6cf156248} 'guard_LI_V' '(Ljava/lang/invoke/VarHandle;Ljava/lang/Object;ILjava/lang/invoke/VarHandle$AccessDescriptor;)V' in 'java/lang/invoke/VarHandleGuards')}
  0x000002b6b280c88c: 49b8 0036 | 6211 b702 | 0000 4d8d | 80f8 0100 

  0x000002b6b280c89c: ;   {oop(a 'java/lang/invoke/VarHandleInts$FieldInstanceReadWrite'{0x0000000601f95890})}
  0x000002b6b280c89c: 0049 b990 | 58f9 0106 | 0000 004d | 85c9 750f | 41f6 4008 | 0175 4df0 | 4983 4808 

  0x000002b6b280c8b8: ;   {metadata('java/lang/invoke/VarHandleInts$FieldInstanceReadWrite')}
  0x000002b6b280c8b8: 01eb 4549 | b938 a007 | d0b6 0200 | 004d 8bd1 | 4d33 4808 | 49f7 c1fc | ffff ff74 | 2b41 f6c1 
  0x000002b6b280c8d8: 0275 2549 | f740 08fe | ffff ff74 | 174d 8bca | 4d33 4808 | 49f7 c1fc | ffff ff74 | 0b49 8348 
  0x000002b6b280c8f8: 0802 eb04 | 4d89 4808 

  0x000002b6b280c900: ;   {metadata('java/util/concurrent/FutureTask')}
  0x000002b6b280c900: 49b9 d866 | 32d0 b602 | 0000 4d8b | d14d 3348 | 1849 f7c1 | fcff ffff | 742b 41f6 | c102 7525 
  0x000002b6b280c920: 49f7 4018 | feff ffff | 7417 4d8b | ca4d 3348 | 1849 f7c1 | fcff ffff | 740b 4983 | 4818 02eb 
  0x000002b6b280c940: 044d 8948 

  0x000002b6b280c944: ;   {metadata(method data for {method} {0x000002b6cf156248} 'guard_LI_V' '(Ljava/lang/invoke/VarHandle;Ljava/lang/Object;ILjava/lang/invoke/VarHandle$AccessDescriptor;)V' in 'java/lang/invoke/VarHandleGuards')}
  0x000002b6b280c944: 1849 b800 | 3662 11b7 | 0200 0049 | 8380 e801 

  0x000002b6b280c954: ;   {metadata(method data for {method} {0x000002b7102d18b8} 'setRelease' '(Ljava/lang/invoke/VarHandle;Ljava/lang/Object;I)V' in 'java/lang/invoke/VarHandleInts$FieldInstanceReadWrite')}
  0x000002b6b280c954: 0000 0149 | b830 3b62 | 11b7 0200 | 0045 8b88 | cc00 0000 | 4183 c102 | 4589 88cc | 0000 0041 
  0x000002b6b280c974: 81e1 feff | 1f00 4585 | c90f 84f1 

  0x000002b6b280c980: ;   {oop(a 'java/lang/Class'{0x0000000601f95728} = 'java/util/concurrent/FutureTask')}
  0x000002b6b280c980: 1500 0049 | b828 57f9 | 0106 0000 

  0x000002b6b280c98c: ;   {metadata(method data for {method} {0x000002b7102d18b8} 'setRelease' '(Ljava/lang/invoke/VarHandle;Ljava/lang/Object;I)V' in 'java/lang/invoke/VarHandleInts$FieldInstanceReadWrite')}
  0x000002b6b280c98c: 0049 b930 | 3b62 11b7 | 0200 0049 | 8381 4801 

  0x000002b6b280c99c: ;   {metadata(method data for {method} {0x000002b6cf465068} 'cast' '(Ljava/lang/Object;)Ljava/lang/Object;' in 'java/lang/Class')}
  0x000002b6b280c99c: 0000 0149 | b888 5620 | 10b7 0200 | 0045 8b88 | cc00 0000 | 4183 c102 | 4589 88cc | 0000 0041 
  0x000002b6b280c9bc: 81e1 feff | 1f00 4585 | c90f 84ca 

  0x000002b6b280c9c8: ;   {metadata(method data for {method} {0x000002b6cf465068} 'cast' '(Ljava/lang/Object;)Ljava/lang/Object;' in 'java/lang/Class')}
  0x000002b6b280c9c8: 1500 0049 | b888 5620 | 10b7 0200 | 0041 ff80 | 2001 0000 

  0x000002b6b280c9dc: ;   {oop(a 'java/lang/Class'{0x0000000601f95728} = 'java/util/concurrent/FutureTask')}
  0x000002b6b280c9dc: 49b8 2857 | f901 0600 

  0x000002b6b280c9e4: ;   {metadata(method data for {method} {0x000002b6cf465068} 'cast' '(Ljava/lang/Object;)Ljava/lang/Object;' in 'java/lang/Class')}
  0x000002b6b280c9e4: 0000 49b9 | 8856 2010 | b702 0000 | 4983 8130 | 0100 0001 | 4885 d20f | 8429 0000 

  0x000002b6b280ca00: ;   {metadata('java/util/concurrent/FutureTask')}
  0x000002b6b280ca00: 0048 bed8 | 6632 d0b6 | 0200 008b | 7a08 49ba | 0000 00cf | b602 0000 | 4903 fa48 | 3b77 380f 
  0x000002b6b280ca20: 8505 0000 | 00e9 0500 | 0000 4d33 | c0eb 0749 | c7c0 0100 | 0000 4585 

  0x000002b6b280ca38: ;   {metadata(method data for {method} {0x000002b6cf465068} 'cast' '(Ljava/lang/Object;)Ljava/lang/Object;' in 'java/lang/Class')}
  0x000002b6b280ca38: c049 b888 | 5620 10b7 | 0200 0049 | c7c1 7801 | 0000 7407 | 49c7 c168 | 0100 004b | 8b3c 0848 
  0x000002b6b280ca58: 8d7f 014b | 893c 080f | 8409 0600 

  0x000002b6b280ca64: ;   {metadata(method data for {method} {0x000002b7102d18b8} 'setRelease' '(Ljava/lang/invoke/VarHandle;Ljava/lang/Object;I)V' in 'java/lang/invoke/VarHandleInts$FieldInstanceReadWrite')}
  0x000002b6b280ca64: 0049 b830 | 3b62 11b7 | 0200 0049 | 8380 8001 

  0x000002b6b280ca74: ;   {metadata(method data for {method} {0x000002b6cf056488} 'requireNonNull' '(Ljava/lang/Object;)Ljava/lang/Object;' in 'java/util/Objects')}
  0x000002b6b280ca74: 0000 0149 | b8d8 f100 | 10b7 0200 | 0045 8b88 | cc00 0000 | 4183 c102 | 4589 88cc | 0000 0041 
  0x000002b6b280ca94: 81e1 feff | 1f00 4585 | c90f 8413 

  0x000002b6b280caa0: ;   {metadata(method data for {method} {0x000002b6cf056488} 'requireNonNull' '(Ljava/lang/Object;)Ljava/lang/Object;' in 'java/util/Objects')}
  0x000002b6b280caa0: 1500 0049 | b8d8 f100 | 10b7 0200 | 0041 ff80 | 1001 0000 

  0x000002b6b280cab4: ;   {metadata(method data for {method} {0x000002b7102d18b8} 'setRelease' '(Ljava/lang/invoke/VarHandle;Ljava/lang/Object;I)V' in 'java/lang/invoke/VarHandleInts$FieldInstanceReadWrite')}
  0x000002b6b280cab4: 49b8 303b | 6211 b702 | 0000 4d8d | 80c8 0100 

  0x000002b6b280cac4: ;   {metadata('java/util/concurrent/FutureTask')}
  0x000002b6b280cac4: 0049 b9d8 | 6632 d0b6 | 0200 004d | 8bd1 4d33 | 4808 49f7 | c1fc ffff | ff74 2b41 | f6c1 0275 
  0x000002b6b280cae4: 2549 f740 | 08fe ffff | ff74 174d | 8bca 4d33 | 4808 49f7 | c1fc ffff | ff74 0b49 | 8348 0802 
  0x000002b6b280cb04: eb04 4d89 

  0x000002b6b280cb08: ;   {oop(a 'jdk/internal/misc/Unsafe'{0x00000006010020b8})}
  0x000002b6b280cb08: 4808 48be | b820 0001 | 0600 0000 

  0x000002b6b280cb14: ;   {metadata(method data for {method} {0x000002b7102d18b8} 'setRelease' '(Ljava/lang/invoke/VarHandle;Ljava/lang/Object;I)V' in 'java/lang/invoke/VarHandleInts$FieldInstanceReadWrite')}
  0x000002b6b280cb14: 4c8b c649 | b930 3b62 | 11b7 0200 | 0049 8381 | 9001 0000 | 0149 c7c1 | 0c00 0000 | 4c8b c2bf 
  0x000002b6b280cb34: 0200 0000 | 488b d60f 

  0x000002b6b280cb3c: ;   {optimized virtual_call}
  0x000002b6b280cb3c: 1f40 00e8 

  0x000002b6b280cb40: ; ImmutableOopMap {[232]=Oop }
                      ;*invokevirtual putIntRelease {reexecute=0 rethrow=0 return_oop=0}
                      ; - java.lang.invoke.VarHandleInts$FieldInstanceReadWrite::setRelease@24 (line 170)
                      ; - java.lang.invoke.VarHandleGuards::guard_LI_V@45 (line 122)
                      ; - java.util.concurrent.FutureTask::set@22 (line 284)
                      ; - java.util.concurrent.FutureTask::run@68 (line 325)
  0x000002b6b280cb40: fcf4 2c07 

  0x000002b6b280cb44: ;   {other}
  0x000002b6b280cb44: 0f1f 8400 | 3422 0003 

  0x000002b6b280cb4c: ;   {metadata(method data for {method} {0x000002b6cf156248} 'guard_LI_V' '(Ljava/lang/invoke/VarHandle;Ljava/lang/Object;ILjava/lang/invoke/VarHandle$AccessDescriptor;)V' in 'java/lang/invoke/VarHandleGuards')}
  0x000002b6b280cb4c: 48ba 0036 | 6211 b702 | 0000 ff82 | 2002 0000 | 488b 9424 | e800 0000 

  0x000002b6b280cb64: ;   {metadata(method data for {method} {0x000002b7116d4d70} 'set' '(Ljava/lang/Object;)V' in 'java/util/concurrent/FutureTask')}
  0x000002b6b280cb64: 48be c841 | 6211 b702 | 0000 4883 | 86d0 0100 | 0001 488b | 9424 e800 

  0x000002b6b280cb7c: ;   {optimized virtual_call}
  0x000002b6b280cb7c: 0000 90e8 

  0x000002b6b280cb80: ; ImmutableOopMap {[232]=Oop }
                      ;*invokevirtual finishCompletion {reexecute=0 rethrow=0 return_oop=0}
                      ; - java.util.concurrent.FutureTask::set@26 (line 285)
                      ; - java.util.concurrent.FutureTask::run@68 (line 325)
  0x000002b6b280cb80: 1c52 0200 

  0x000002b6b280cb84: ;   {other}
  0x000002b6b280cb84: 0f1f 8400 | 7422 0004 | 488b 9424 | e800 0000 

  0x000002b6b280cb94: ;   {oop(nullptr)}
  0x000002b6b280cb94: 48be 0000 | 0000 0000 | 0000 410f | be7f 4085 | ff0f 852c | 1400 004c | 8bd6 49c1 | ea03 4489 
  0x000002b6b280cbb4: 5218 f083 | 4424 c000 | 488b fa48 | 33fe 48c1 | ef16 4883 | ff00 0f85 | 2614 0000 | 8b72 0c83 
  0x000002b6b280cbd4: ;   {metadata(method data for {method} {0x000002b7116d5020} 'run' '()V' in 'java/util/concurrent/FutureTask')}
  0x000002b6b280cbd4: fe05 48bf | 382d 6211 | b702 0000 | 48c7 c3e0 | 0200 007c | 0748 c7c3 | f002 0000 | 488b 041f 
  0x000002b6b280cbf4: 488d 4001 | 4889 041f | 0f8c 3004 | 0000 488b 

  0x000002b6b280cc04: ;   {metadata(method data for {method} {0x000002b7116d5020} 'run' '()V' in 'java/util/concurrent/FutureTask')}
  0x000002b6b280cc04: fa48 bb38 | 2d62 11b7 | 0200 0048 | 8383 0003 

  0x000002b6b280cc14: ;   {metadata(method data for {method} {0x000002b7116d52f0} 'handlePossibleCancellationInterrupt' '(I)V' in 'java/util/concurrent/FutureTask')}
  0x000002b6b280cc14: 0000 0148 | bf18 4462 | 11b7 0200 | 008b 9fcc | 0000 0083 | c302 899f | cc00 0000 | 81e3 feff 
  0x000002b6b280cc34: 1f00 85db | 0f84 d013 | 0000 83fe 

  0x000002b6b280cc40: ;   {metadata(method data for {method} {0x000002b7116d52f0} 'handlePossibleCancellationInterrupt' '(I)V' in 'java/util/concurrent/FutureTask')}
  0x000002b6b280cc40: 0548 be18 | 4462 11b7 | 0200 0048 | c7c7 1001 | 0000 7507 | 48c7 c720 | 0100 0048 | 8b1c 3e48 
  0x000002b6b280cc60: 8d5b 0148 | 891c 3e0f | 85c5 0300 | 0066 6690 | 8b72 0c83 

  0x000002b6b280cc74: ;   {metadata(method data for {method} {0x000002b7116d52f0} 'handlePossibleCancellationInterrupt' '(I)V' in 'java/util/concurrent/FutureTask')}
  0x000002b6b280cc74: fe05 48be | 1844 6211 | b702 0000 | 48c7 c730 | 0100 0075 | 0748 c7c7 | 4001 0000 | 488b 1c3e 
  0x000002b6b280cc94: 488d 5b01 | 4889 1c3e | 0f85 9003 

  0x000002b6b280cca0: ;   {metadata(method data for {method} {0x000002b7116d52f0} 'handlePossibleCancellationInterrupt' '(I)V' in 'java/util/concurrent/FutureTask')}
  0x000002b6b280cca0: 0000 48be | 1844 6211 | b702 0000 | 4883 8650 | 0100 0001 

  0x000002b6b280ccb4: ;   {metadata(method data for {method} {0x000002b6cf429fc8} 'yield' '()V' in 'java/lang/Thread')}
  0x000002b6b280ccb4: 48be 509f | 3910 b702 | 0000 8bbe | cc00 0000 | 83c7 0289 | becc 0000 | 0081 e7fe | ff1f 0085 
  0x000002b6b280ccd4: ff0f 8454 

  0x000002b6b280ccd8: ;   {metadata(method data for {method} {0x000002b6cf429fc8} 'yield' '()V' in 'java/lang/Thread')}
  0x000002b6b280ccd8: 1300 0048 | be50 9f39 | 10b7 0200 | 0048 8386 | 1001 0000 | 0149 8bb7 | 8003 0000 | 488b 3648 
  0x000002b6b280ccf8: 85f6 7516 

  0x000002b6b280ccfc: ;   {metadata(method data for {method} {0x000002b6cf429fc8} 'yield' '()V' in 'java/lang/Thread')}
  0x000002b6b280ccfc: 48b8 509f | 3910 b702 | 0000 8088 | 1901 0000 | 01e9 cc00 

  0x000002b6b280cd10: ;   {metadata('java/lang/VirtualThread')}
  0x000002b6b280cd10: 0000 48b9 | 589d 02cf | b602 0000 | 8b5e 0849 | ba00 0000 | cfb6 0200 | 0049 03da | 483b cb0f 
  0x000002b6b280cd30: 858d 0000 

  0x000002b6b280cd34: ;   {metadata(method data for {method} {0x000002b6cf429fc8} 'yield' '()V' in 'java/lang/Thread')}
  0x000002b6b280cd34: 0048 b850 | 9f39 10b7 | 0200 008b | 4e08 49ba | 0000 00cf | b602 0000 | 4903 ca48 | 3b88 3001 
  0x000002b6b280cd54: 0000 750d | 4883 8038 | 0100 0001 | e97e 0000 | 0048 3b88 | 4001 0000 | 750d 4883 | 8048 0100 
  0x000002b6b280cd74: 0001 e968 | 0000 0048 | 83b8 3001 | 0000 0075 | 1748 8988 | 3001 0000 | 48c7 8038 | 0100 0001 
  0x000002b6b280cd94: 0000 00e9 | 4700 0000 | 4883 b840 | 0100 0000 | 7517 4889 | 8840 0100 | 0048 c780 | 4801 0000 
  0x000002b6b280cdb4: 0100 0000 | e926 0000 | 00e9 2100 

  0x000002b6b280cdc0: ;   {metadata(method data for {method} {0x000002b6cf429fc8} 'yield' '()V' in 'java/lang/Thread')}
  0x000002b6b280cdc0: 0000 48b8 | 509f 3910 | b702 0000 | 4883 a820 | 0100 0001 | e905 0000 | 00e9 0500 | 0000 4833 
  0x000002b6b280cde0: ffeb 0748 | c7c7 0100 | 0000 85ff 

  0x000002b6b280cdec: ;   {metadata(method data for {method} {0x000002b6cf429fc8} 'yield' '()V' in 'java/lang/Thread')}
  0x000002b6b280cdec: 48bf 509f | 3910 b702 | 0000 48c7 | c358 0100 | 0074 0748 | c7c3 6801 | 0000 488b | 041f 488d 
  0x000002b6b280ce0c: 4001 4889 | 041f 0f84 | a901 0000 | 4885 f675 

  0x000002b6b280ce1c: ;   {metadata(method data for {method} {0x000002b6cf429fc8} 'yield' '()V' in 'java/lang/Thread')}
  0x000002b6b280ce1c: 1648 bb50 | 9f39 10b7 | 0200 0080 | 8b71 0100 | 0001 e9cc 

  0x000002b6b280ce30: ;   {metadata('java/lang/VirtualThread')}
  0x000002b6b280ce30: 0000 0048 | b858 9d02 | cfb6 0200 | 008b 7e08 | 49ba 0000 | 00cf b602 | 0000 4903 | fa48 3bc7 
  0x000002b6b280ce50: 0f85 8d00 

  0x000002b6b280ce54: ;   {metadata(method data for {method} {0x000002b6cf429fc8} 'yield' '()V' in 'java/lang/Thread')}
  0x000002b6b280ce54: 0000 48bb | 509f 3910 | b702 0000 | 8b46 0849 | ba00 0000 | cfb6 0200 | 0049 03c2 | 483b 8388 
  0x000002b6b280ce74: 0100 0075 | 0d48 8383 | 9001 0000 | 01e9 7900 | 0000 483b | 8398 0100 | 0075 0d48 | 8383 a001 
  0x000002b6b280ce94: 0000 01e9 | 6300 0000 | 4883 bb88 | 0100 0000 | 7517 4889 | 8388 0100 | 0048 c783 | 9001 0000 
  0x000002b6b280ceb4: 0100 0000 | e942 0000 | 0048 83bb | 9801 0000 | 0075 1748 | 8983 9801 | 0000 48c7 | 83a0 0100 
  0x000002b6b280ced4: 0001 0000 | 00e9 2100 | 0000 e91c 

  0x000002b6b280cee0: ;   {metadata(method data for {method} {0x000002b6cf429fc8} 'yield' '()V' in 'java/lang/Thread')}
  0x000002b6b280cee0: 0000 0048 | bb50 9f39 | 10b7 0200 | 0048 83ab | 7801 0000 | 01e9 5611 | 0000 e900 | 0000 0048 
  0x000002b6b280cf00: 3b06 488b 

  0x000002b6b280cf04: ;   {metadata(method data for {method} {0x000002b6cf429fc8} 'yield' '()V' in 'java/lang/Thread')}
  0x000002b6b280cf04: fe48 bb50 | 9f39 10b7 | 0200 008b | 7f08 49ba | 0000 00cf | b602 0000 | 4903 fa48 | 3bbb c001 
  0x000002b6b280cf24: 0000 750d | 4883 83c8 | 0100 0001 | e960 0000 | 0048 3bbb | d001 0000 | 750d 4883 | 83d8 0100 
  0x000002b6b280cf44: 0001 e94a | 0000 0048 | 83bb c001 | 0000 0075 | 1748 89bb | c001 0000 | 48c7 83c8 | 0100 0001 
  0x000002b6b280cf64: 0000 00e9 | 2900 0000 | 4883 bbd0 | 0100 0000 | 7517 4889 | bbd0 0100 | 0048 c783 | d801 0000 
  0x000002b6b280cf84: 0100 0000 | e908 0000 | 0048 8383 | b001 0000 | 0148 8bd6 | 0f1f 8000 

  0x000002b6b280cf9c: ;   {optimized virtual_call}
  0x000002b6b280cf9c: 0000 00e8 

  0x000002b6b280cfa0: ; ImmutableOopMap {[232]=Oop }
                      ;*invokevirtual tryYield {reexecute=0 rethrow=0 return_oop=0}
                      ; - java.lang.Thread::yield@17 (line 443)
                      ; - java.util.concurrent.FutureTask::handlePossibleCancellationInterrupt@13 (line 386)
                      ; - java.util.concurrent.FutureTask::run@88 (line 335)
  0x000002b6b280cfa0: dc1a 9e06 

  0x000002b6b280cfa4: ;   {other}
  0x000002b6b280cfa4: 0f1f 8400 | 9426 0005 

  0x000002b6b280cfac: ;   {metadata(method data for {method} {0x000002b6cf429fc8} 'yield' '()V' in 'java/lang/Thread')}
  0x000002b6b280cfac: 48be 509f | 3910 b702 | 0000 ff86 | e801 0000 | e923 0000 

  0x000002b6b280cfc0: ;   {metadata(method data for {method} {0x000002b6cf429fc8} 'yield' '()V' in 'java/lang/Thread')}
  0x000002b6b280cfc0: 0048 be50 | 9f39 10b7 | 0200 0048 | 8386 0002 | 0000 010f 

  0x000002b6b280cfd4: ;   {static_call}
  0x000002b6b280cfd4: 1f40 00e8 

  0x000002b6b280cfd8: ; ImmutableOopMap {[232]=Oop }
                      ;*invokestatic yield0 {reexecute=0 rethrow=0 return_oop=0}
                      ; - java.lang.Thread::yield@23 (line 445)
                      ; - java.util.concurrent.FutureTask::handlePossibleCancellationInterrupt@13 (line 386)
                      ; - java.util.concurrent.FutureTask::run@88 (line 335)
  0x000002b6b280cfd8: a420 9e06 

  0x000002b6b280cfdc: ;   {other}
  0x000002b6b280cfdc: 0f1f 8400 | cc26 0006 

  0x000002b6b280cfe4: ;   {metadata(method data for {method} {0x000002b7116d52f0} 'handlePossibleCancellationInterrupt' '(I)V' in 'java/util/concurrent/FutureTask')}
  0x000002b6b280cfe4: 48ba 1844 | 6211 b702 | 0000 8bb2 | d000 0000 | 83c6 0289 | b2d0 0000 | 0081 e6fe | 3f00 0085 
  0x000002b6b280d004: f60f 8453 | 1000 004d | 8b97 5004 

  0x000002b6b280d010: ; ImmutableOopMap {[232]=Oop }
                      ;*goto {reexecute=1 rethrow=0 return_oop=0}
                      ; - (reexecute) java.util.concurrent.FutureTask::handlePossibleCancellationInterrupt@16 (line 386)
                      ; - java.util.concurrent.FutureTask::run@88 (line 335)
                      ;   {poll}
  0x000002b6b280d010: 0000 4185 

  0x000002b6b280d014: ;   {metadata(method data for {method} {0x000002b7116d52f0} 'handlePossibleCancellationInterrupt' '(I)V' in 'java/util/concurrent/FutureTask')}
  0x000002b6b280d014: 0248 ba18 | 4462 11b7 | 0200 00ff | 8260 0100 | 0048 8b94 | 24e8 0000 | 00e9 3efc 

  0x000002b6b280d030: ;   {metadata(method data for {method} {0x000002b7116d5020} 'run' '()V' in 'java/util/concurrent/FutureTask')}
  0x000002b6b280d030: ffff 48ba | 382d 6211 | b702 0000 | ff82 3803 | 0000 4881 | c450 0100 

  0x000002b6b280d048: ;   {poll_return}
  0x000002b6b280d048: 005d 493b | a748 0400 | 000f 8728 | 1000 00c3 | 4881 c450 | 0100 005d 

  0x000002b6b280d060: ;   {poll_return}
  0x000002b6b280d060: 493b a748 | 0400 000f | 8728 1000 

  0x000002b6b280d06c: ;   {metadata('java/lang/ClassCastException')}
  0x000002b6b280d06c: 00c3 48ba | 60ae 06cf | b602 0000 | 498b 87b8 | 0100 0048 | 8d78 2849 | 3bbf c801 | 0000 0f87 
  0x000002b6b280d08c: 1b10 0000 | 4989 bfb8 | 0100 0048 | c700 0100 | 0000 488b | ca49 ba00 | 0000 cfb6 | 0200 0049 
  0x000002b6b280d0ac: 2bca 8948 | 0848 33c9 | 8948 0c48 | 33c9 4889 | 4810 4889 | 4818 4889 

  0x000002b6b280d0c4: ;   {oop(a 'java/lang/Class'{0x0000000601f95728} = 'java/util/concurrent/FutureTask')}
  0x000002b6b280d0c4: 4820 48ba | 2857 f901 | 0600 0000 

  0x000002b6b280d0d0: ;   {metadata(method data for {method} {0x000002b6cf465068} 'cast' '(Ljava/lang/Object;)Ljava/lang/Object;' in 'java/lang/Class')}
  0x000002b6b280d0d0: 4c8b c248 | be88 5620 | 10b7 0200 | 0048 8386 | 8801 0000 | 014c 8b84 | 24e8 0000 | 0048 8984 
  0x000002b6b280d0f0: 24f0 0000 

  0x000002b6b280d0f4: ;   {optimized virtual_call}
  0x000002b6b280d0f4: 0066 90e8 

  0x000002b6b280d0f8: ; ImmutableOopMap {[232]=Oop [240]=Oop }
                      ;*invokevirtual cannotCastMsg {reexecute=0 rethrow=0 return_oop=0}
                      ; - java.lang.Class::cast@18 (line 4067)
                      ; - java.lang.invoke.VarHandleInts$FieldInstanceReadWrite::setRelease@13 (line 170)
                      ; - java.lang.invoke.VarHandleGuards::guard_LI_V@45 (line 122)
                      ; - java.util.concurrent.FutureTask::set@22 (line 284)
                      ; - java.util.concurrent.FutureTask::run@68 (line 325)
  0x000002b6b280d0f8: 8419 9e06 

  0x000002b6b280d0fc: ;   {other}
  0x000002b6b280d0fc: 0f1f 8400 | ec27 0008 | 4c8b 8424 | f000 0000 

  0x000002b6b280d10c: ;   {metadata(method data for {method} {0x000002b6cf465068} 'cast' '(Ljava/lang/Object;)Ljava/lang/Object;' in 'java/lang/Class')}
  0x000002b6b280d10c: 48ba 8856 | 2010 b702 | 0000 4883 | 82c0 0100 | 0001 4c8b | c048 8b94 | 24f0 0000 | 0066 0f1f 
  0x000002b6b280d12c: ;   {optimized virtual_call}
  0x000002b6b280d12c: 4400 00e8 

  0x000002b6b280d130: ; ImmutableOopMap {[232]=Oop [240]=Oop }
                      ;*invokespecial <init> {reexecute=0 rethrow=0 return_oop=0}
                      ; - java.lang.Class::cast@21 (line 4067)
                      ; - java.lang.invoke.VarHandleInts$FieldInstanceReadWrite::setRelease@13 (line 170)
                      ; - java.lang.invoke.VarHandleGuards::guard_LI_V@45 (line 122)
                      ; - java.util.concurrent.FutureTask::set@22 (line 284)
                      ; - java.util.concurrent.FutureTask::run@68 (line 325)
  0x000002b6b280d130: 4c19 9e06 

  0x000002b6b280d134: ;   {other}
  0x000002b6b280d134: 0f1f 8400 | 2428 0009 | 488b 8424 

  0x000002b6b280d140: ; ImmutableOopMap {rax=Oop [232]=Oop }
                      ;*athrow {reexecute=1 rethrow=0 return_oop=0}
                      ; - (reexecute) java.lang.Class::cast@24 (line 4067)
                      ; - java.lang.invoke.VarHandleInts$FieldInstanceReadWrite::setRelease@13 (line 170)
                      ; - java.lang.invoke.VarHandleGuards::guard_LI_V@45 (line 122)
                      ; - java.util.concurrent.FutureTask::set@22 (line 284)
                      ; - java.util.concurrent.FutureTask::run@68 (line 325)
  0x000002b6b280d140: f000 0000 

  0x000002b6b280d144: ;   {section_word}
  0x000002b6b280d144: 48ba 44d1 | 80b2 b602 

  0x000002b6b280d14c: ;   {runtime_call handle_exception_nofpu Runtime1 stub}
  0x000002b6b280d14c: 0000 e82d | 52aa 0690 | 4889 8424 | 0001 0000 

  0x000002b6b280d15c: ;   {metadata('java/lang/ClassCastException')}
  0x000002b6b280d15c: 48ba 60ae | 06cf b602 | 0000 498b | 87b8 0100 | 0048 8d78 | 2849 3bbf | c801 0000 | 0f87 3a0f 
  0x000002b6b280d17c: 0000 4989 | bfb8 0100 | 0048 c700 | 0100 0000 | 488b ca49 | ba00 0000 | cfb6 0200 | 0049 2bca 
  0x000002b6b280d19c: 8948 0848 | 33c9 8948 | 0c48 33c9 | 4889 4810 | 4889 4818 | 4889 4820 

  0x000002b6b280d1b4: ;   {oop(a 'java/lang/Class'{0x0000000601f95728} = 'java/util/concurrent/FutureTask')}
  0x000002b6b280d1b4: 48ba 2857 | f901 0600 | 0000 4c8b 

  0x000002b6b280d1c0: ;   {metadata(method data for {method} {0x000002b6cf465068} 'cast' '(Ljava/lang/Object;)Ljava/lang/Object;' in 'java/lang/Class')}
  0x000002b6b280d1c0: c248 be88 | 5620 10b7 | 0200 0048 | 8386 8801 | 0000 014c | 8b84 24e8 | 0000 0048 | 8984 24f8 
  0x000002b6b280d1e0: 0000 000f 

  0x000002b6b280d1e4: ;   {optimized virtual_call}
  0x000002b6b280d1e4: 1f40 00e8 

  0x000002b6b280d1e8: ; ImmutableOopMap {[232]=Oop [248]=Oop [256]=Oop }
                      ;*invokevirtual cannotCastMsg {reexecute=0 rethrow=0 return_oop=0}
                      ; - java.lang.Class::cast@18 (line 4067)
                      ; - java.lang.invoke.VarHandleInts$FieldInstanceReadWrite::compareAndSet@15 (line 178)
                      ; - java.lang.invoke.VarHandleGuards::guard_LII_Z@50 (line 137)
                      ; - java.util.concurrent.FutureTask::set@6 (line 282)
                      ; - java.util.concurrent.FutureTask::run@68 (line 325)
  0x000002b6b280d1e8: 9418 9e06 

  0x000002b6b280d1ec: ;   {other}
  0x000002b6b280d1ec: 0f1f 8400 | dc28 000b | 4c8b 8424 | f800 0000 

  0x000002b6b280d1fc: ;   {metadata(method data for {method} {0x000002b6cf465068} 'cast' '(Ljava/lang/Object;)Ljava/lang/Object;' in 'java/lang/Class')}
  0x000002b6b280d1fc: 48ba 8856 | 2010 b702 | 0000 4883 | 82c0 0100 | 0001 4c8b | c048 8b94 | 24f8 0000 | 0066 0f1f 
  0x000002b6b280d21c: ;   {optimized virtual_call}
  0x000002b6b280d21c: 4400 00e8 

  0x000002b6b280d220: ; ImmutableOopMap {[232]=Oop [248]=Oop [256]=Oop }
                      ;*invokespecial <init> {reexecute=0 rethrow=0 return_oop=0}
                      ; - java.lang.Class::cast@21 (line 4067)
                      ; - java.lang.invoke.VarHandleInts$FieldInstanceReadWrite::compareAndSet@15 (line 178)
                      ; - java.lang.invoke.VarHandleGuards::guard_LII_Z@50 (line 137)
                      ; - java.util.concurrent.FutureTask::set@6 (line 282)
                      ; - java.util.concurrent.FutureTask::run@68 (line 325)
  0x000002b6b280d220: 5c18 9e06 

  0x000002b6b280d224: ;   {other}
  0x000002b6b280d224: 0f1f 8400 | 1429 000c | 488b 8424 

  0x000002b6b280d230: ; ImmutableOopMap {rax=Oop [232]=Oop [256]=Oop }
                      ;*athrow {reexecute=1 rethrow=0 return_oop=0}
                      ; - (reexecute) java.lang.Class::cast@24 (line 4067)
                      ; - java.lang.invoke.VarHandleInts$FieldInstanceReadWrite::compareAndSet@15 (line 178)
                      ; - java.lang.invoke.VarHandleGuards::guard_LII_Z@50 (line 137)
                      ; - java.util.concurrent.FutureTask::set@6 (line 282)
                      ; - java.util.concurrent.FutureTask::run@68 (line 325)
  0x000002b6b280d230: f800 0000 

  0x000002b6b280d234: ;   {section_word}
  0x000002b6b280d234: 48ba 34d2 | 80b2 b602 

  0x000002b6b280d23c: ;   {runtime_call handle_exception_nofpu Runtime1 stub}
  0x000002b6b280d23c: 0000 e83d | 51aa 0690 

  0x000002b6b280d244: ;   {metadata('java/lang/ClassCastException')}
  0x000002b6b280d244: 48ba 60ae | 06cf b602 | 0000 498b | 87b8 0100 | 0048 8d78 | 2849 3bbf | c801 0000 | 0f87 5f0e 
  0x000002b6b280d264: 0000 4989 | bfb8 0100 | 0048 c700 | 0100 0000 | 488b ca49 | ba00 0000 | cfb6 0200 | 0049 2bca 
  0x000002b6b280d284: 8948 0848 | 33c9 8948 | 0c48 33c9 | 4889 4810 | 4889 4818 | 4889 4820 

  0x000002b6b280d29c: ;   {oop(a 'java/lang/Class'{0x0000000601f95728} = 'java/util/concurrent/FutureTask')}
  0x000002b6b280d29c: 48ba 2857 | f901 0600 | 0000 4c8b 

  0x000002b6b280d2a8: ;   {metadata(method data for {method} {0x000002b6cf465068} 'cast' '(Ljava/lang/Object;)Ljava/lang/Object;' in 'java/lang/Class')}
  0x000002b6b280d2a8: c248 be88 | 5620 10b7 | 0200 0048 | 8386 8801 | 0000 014c | 8b84 24e8 | 0000 0048 | 8984 2408 
  0x000002b6b280d2c8: 0100 000f 

  0x000002b6b280d2cc: ;   {optimized virtual_call}
  0x000002b6b280d2cc: 1f40 00e8 

  0x000002b6b280d2d0: ; ImmutableOopMap {[232]=Oop [264]=Oop }
                      ;*invokevirtual cannotCastMsg {reexecute=0 rethrow=0 return_oop=0}
                      ; - java.lang.Class::cast@18 (line 4067)
                      ; - java.lang.invoke.VarHandleInts$FieldInstanceReadWrite::setRelease@13 (line 170)
                      ; - java.lang.invoke.VarHandleGuards::guard_LI_V@45 (line 122)
                      ; - java.util.concurrent.FutureTask::setException@22 (line 302)
                      ; - java.util.concurrent.FutureTask::run@59 (line 322)
  0x000002b6b280d2d0: ac17 9e06 

  0x000002b6b280d2d4: ;   {other}
  0x000002b6b280d2d4: 0f1f 8400 | c429 000e | 4c8b 8424 | 0801 0000 

  0x000002b6b280d2e4: ;   {metadata(method data for {method} {0x000002b6cf465068} 'cast' '(Ljava/lang/Object;)Ljava/lang/Object;' in 'java/lang/Class')}
  0x000002b6b280d2e4: 48ba 8856 | 2010 b702 | 0000 4883 | 82c0 0100 | 0001 4c8b | c048 8b94 | 2408 0100 | 0066 0f1f 
  0x000002b6b280d304: ;   {optimized virtual_call}
  0x000002b6b280d304: 4400 00e8 

  0x000002b6b280d308: ; ImmutableOopMap {[232]=Oop [264]=Oop }
                      ;*invokespecial <init> {reexecute=0 rethrow=0 return_oop=0}
                      ; - java.lang.Class::cast@21 (line 4067)
                      ; - java.lang.invoke.VarHandleInts$FieldInstanceReadWrite::setRelease@13 (line 170)
                      ; - java.lang.invoke.VarHandleGuards::guard_LI_V@45 (line 122)
                      ; - java.util.concurrent.FutureTask::setException@22 (line 302)
                      ; - java.util.concurrent.FutureTask::run@59 (line 322)
  0x000002b6b280d308: 7417 9e06 

  0x000002b6b280d30c: ;   {other}
  0x000002b6b280d30c: 0f1f 8400 | fc29 000f | 488b 8424 

  0x000002b6b280d318: ; ImmutableOopMap {rax=Oop [232]=Oop }
                      ;*athrow {reexecute=1 rethrow=0 return_oop=0}
                      ; - (reexecute) java.lang.Class::cast@24 (line 4067)
                      ; - java.lang.invoke.VarHandleInts$FieldInstanceReadWrite::setRelease@13 (line 170)
                      ; - java.lang.invoke.VarHandleGuards::guard_LI_V@45 (line 122)
                      ; - java.util.concurrent.FutureTask::setException@22 (line 302)
                      ; - java.util.concurrent.FutureTask::run@59 (line 322)
  0x000002b6b280d318: 0801 0000 

  0x000002b6b280d31c: ;   {section_word}
  0x000002b6b280d31c: 48ba 1cd3 | 80b2 b602 

  0x000002b6b280d324: ;   {runtime_call handle_exception_nofpu Runtime1 stub}
  0x000002b6b280d324: 0000 e855 | 50aa 0690 | 4889 8424 | 1801 0000 

  0x000002b6b280d334: ;   {metadata('java/lang/ClassCastException')}
  0x000002b6b280d334: 48ba 60ae | 06cf b602 | 0000 498b | 87b8 0100 | 0048 8d78 | 2849 3bbf | c801 0000 | 0f87 7c0d 
  0x000002b6b280d354: 0000 4989 | bfb8 0100 | 0048 c700 | 0100 0000 | 488b ca49 | ba00 0000 | cfb6 0200 | 0049 2bca 
  0x000002b6b280d374: 8948 0848 | 33c9 8948 | 0c48 33c9 | 4889 4810 | 4889 4818 | 4889 4820 

  0x000002b6b280d38c: ;   {oop(a 'java/lang/Class'{0x0000000601f95728} = 'java/util/concurrent/FutureTask')}
  0x000002b6b280d38c: 48ba 2857 | f901 0600 | 0000 4c8b 

  0x000002b6b280d398: ;   {metadata(method data for {method} {0x000002b6cf465068} 'cast' '(Ljava/lang/Object;)Ljava/lang/Object;' in 'java/lang/Class')}
  0x000002b6b280d398: c248 be88 | 5620 10b7 | 0200 0048 | 8386 8801 | 0000 014c | 8b84 24e8 | 0000 0048 | 8984 2410 
  0x000002b6b280d3b8: 0100 000f 

  0x000002b6b280d3bc: ;   {optimized virtual_call}
  0x000002b6b280d3bc: 1f40 00e8 

  0x000002b6b280d3c0: ; ImmutableOopMap {[232]=Oop [272]=Oop [280]=Oop }
                      ;*invokevirtual cannotCastMsg {reexecute=0 rethrow=0 return_oop=0}
                      ; - java.lang.Class::cast@18 (line 4067)
                      ; - java.lang.invoke.VarHandleInts$FieldInstanceReadWrite::compareAndSet@15 (line 178)
                      ; - java.lang.invoke.VarHandleGuards::guard_LII_Z@50 (line 137)
                      ; - java.util.concurrent.FutureTask::setException@6 (line 300)
                      ; - java.util.concurrent.FutureTask::run@59 (line 322)
  0x000002b6b280d3c0: bc16 9e06 

  0x000002b6b280d3c4: ;   {other}
  0x000002b6b280d3c4: 0f1f 8400 | b42a 0011 | 4c8b 8424 | 1001 0000 

  0x000002b6b280d3d4: ;   {metadata(method data for {method} {0x000002b6cf465068} 'cast' '(Ljava/lang/Object;)Ljava/lang/Object;' in 'java/lang/Class')}
  0x000002b6b280d3d4: 48ba 8856 | 2010 b702 | 0000 4883 | 82c0 0100 | 0001 4c8b | c048 8b94 | 2410 0100 | 0066 0f1f 
  0x000002b6b280d3f4: ;   {optimized virtual_call}
  0x000002b6b280d3f4: 4400 00e8 

  0x000002b6b280d3f8: ; ImmutableOopMap {[232]=Oop [272]=Oop [280]=Oop }
                      ;*invokespecial <init> {reexecute=0 rethrow=0 return_oop=0}
                      ; - java.lang.Class::cast@21 (line 4067)
                      ; - java.lang.invoke.VarHandleInts$FieldInstanceReadWrite::compareAndSet@15 (line 178)
                      ; - java.lang.invoke.VarHandleGuards::guard_LII_Z@50 (line 137)
                      ; - java.util.concurrent.FutureTask::setException@6 (line 300)
                      ; - java.util.concurrent.FutureTask::run@59 (line 322)
  0x000002b6b280d3f8: 8416 9e06 

  0x000002b6b280d3fc: ;   {other}
  0x000002b6b280d3fc: 0f1f 8400 | ec2a 0012 | 488b 8424 

  0x000002b6b280d408: ; ImmutableOopMap {rax=Oop [232]=Oop [280]=Oop }
                      ;*athrow {reexecute=1 rethrow=0 return_oop=0}
                      ; - (reexecute) java.lang.Class::cast@24 (line 4067)
                      ; - java.lang.invoke.VarHandleInts$FieldInstanceReadWrite::compareAndSet@15 (line 178)
                      ; - java.lang.invoke.VarHandleGuards::guard_LII_Z@50 (line 137)
                      ; - java.util.concurrent.FutureTask::setException@6 (line 300)
                      ; - java.util.concurrent.FutureTask::run@59 (line 322)
  0x000002b6b280d408: 1001 0000 

  0x000002b6b280d40c: ;   {section_word}
  0x000002b6b280d40c: 48ba 0cd4 | 80b2 b602 

  0x000002b6b280d414: ;   {runtime_call handle_exception_nofpu Runtime1 stub}
  0x000002b6b280d414: 0000 e865 | 4faa 0690 | 498b 87f8 | 0400 004d | 33d2 4d89 | 97f8 0400 | 004d 33d2 | 4d89 9700 
  0x000002b6b280d434: 0500 0048 | 8984 2420 | 0100 0048 | 8b94 24e8 

  0x000002b6b280d444: ;   {oop(nullptr)}
  0x000002b6b280d444: 0000 0048 | be00 0000 | 0000 0000 | 0041 0fbe | 7f40 85ff | 0f85 810c | 0000 4c8b | d649 c1ea 
  0x000002b6b280d464: 0344 8952 | 18f0 8344 | 24c0 0048 | 8bfa 4833 | fe48 c1ef | 1648 83ff | 000f 857b | 0c00 008b 
  0x000002b6b280d484: 720c 83fe 

  0x000002b6b280d488: ;   {metadata(method data for {method} {0x000002b7116d5020} 'run' '()V' in 'java/util/concurrent/FutureTask')}
  0x000002b6b280d488: 0548 bf38 | 2d62 11b7 | 0200 0048 | c7c3 5003 | 0000 7c07 | 48c7 c360 | 0300 0048 | 8b0c 1f48 
  0x000002b6b280d4a8: 8d49 0148 | 890c 1f0f | 8c35 0400 | 0048 8bfa 

  0x000002b6b280d4b8: ;   {metadata(method data for {method} {0x000002b7116d5020} 'run' '()V' in 'java/util/concurrent/FutureTask')}
  0x000002b6b280d4b8: 48bb 382d | 6211 b702 | 0000 4883 | 8370 0300 

  0x000002b6b280d4c8: ;   {metadata(method data for {method} {0x000002b7116d52f0} 'handlePossibleCancellationInterrupt' '(I)V' in 'java/util/concurrent/FutureTask')}
  0x000002b6b280d4c8: 0001 48bf | 1844 6211 | b702 0000 | 8b9f cc00 | 0000 83c3 | 0289 9fcc | 0000 0081 | e3fe ff1f 
  0x000002b6b280d4e8: 0085 db0f | 8425 0c00 | 0083 fe05 

  0x000002b6b280d4f4: ;   {metadata(method data for {method} {0x000002b7116d52f0} 'handlePossibleCancellationInterrupt' '(I)V' in 'java/util/concurrent/FutureTask')}
  0x000002b6b280d4f4: 48be 1844 | 6211 b702 | 0000 48c7 | c710 0100 | 0075 0748 | c7c7 2001 | 0000 488b | 1c3e 488d 
  0x000002b6b280d514: 5b01 4889 | 1c3e 0f85 | c203 0000 | 8b72 0c83 

  0x000002b6b280d524: ;   {metadata(method data for {method} {0x000002b7116d52f0} 'handlePossibleCancellationInterrupt' '(I)V' in 'java/util/concurrent/FutureTask')}
  0x000002b6b280d524: fe05 48be | 1844 6211 | b702 0000 | 48c7 c730 | 0100 0075 | 0748 c7c7 | 4001 0000 | 488b 1c3e 
  0x000002b6b280d544: 488d 5b01 | 4889 1c3e | 0f85 9003 

  0x000002b6b280d550: ;   {metadata(method data for {method} {0x000002b7116d52f0} 'handlePossibleCancellationInterrupt' '(I)V' in 'java/util/concurrent/FutureTask')}
  0x000002b6b280d550: 0000 48be | 1844 6211 | b702 0000 | 4883 8650 | 0100 0001 

  0x000002b6b280d564: ;   {metadata(method data for {method} {0x000002b6cf429fc8} 'yield' '()V' in 'java/lang/Thread')}
  0x000002b6b280d564: 48be 509f | 3910 b702 | 0000 8bbe | cc00 0000 | 83c7 0289 | becc 0000 | 0081 e7fe | ff1f 0085 
  0x000002b6b280d584: ff0f 84ac 

  0x000002b6b280d588: ;   {metadata(method data for {method} {0x000002b6cf429fc8} 'yield' '()V' in 'java/lang/Thread')}
  0x000002b6b280d588: 0b00 0048 | be50 9f39 | 10b7 0200 | 0048 8386 | 1001 0000 | 0149 8bb7 | 8003 0000 | 488b 3648 
  0x000002b6b280d5a8: 85f6 7516 

  0x000002b6b280d5ac: ;   {metadata(method data for {method} {0x000002b6cf429fc8} 'yield' '()V' in 'java/lang/Thread')}
  0x000002b6b280d5ac: 48b9 509f | 3910 b702 | 0000 8089 | 1901 0000 | 01e9 cd00 

  0x000002b6b280d5c0: ;   {metadata('java/lang/VirtualThread')}
  0x000002b6b280d5c0: 0000 49b8 | 589d 02cf | b602 0000 | 8b5e 0849 | ba00 0000 | cfb6 0200 | 0049 03da | 4c3b c30f 
  0x000002b6b280d5e0: 858e 0000 

  0x000002b6b280d5e4: ;   {metadata(method data for {method} {0x000002b6cf429fc8} 'yield' '()V' in 'java/lang/Thread')}
  0x000002b6b280d5e4: 0048 b950 | 9f39 10b7 | 0200 0044 | 8b46 0849 | ba00 0000 | cfb6 0200 | 004d 03c2 | 4c3b 8130 
  0x000002b6b280d604: 0100 0075 | 0d48 8381 | 3801 0000 | 01e9 7e00 | 0000 4c3b | 8140 0100 | 0075 0d48 | 8381 4801 
  0x000002b6b280d624: 0000 01e9 | 6800 0000 | 4883 b930 | 0100 0000 | 7517 4c89 | 8130 0100 | 0048 c781 | 3801 0000 
  0x000002b6b280d644: 0100 0000 | e947 0000 | 0048 83b9 | 4001 0000 | 0075 174c | 8981 4001 | 0000 48c7 | 8148 0100 
  0x000002b6b280d664: 0001 0000 | 00e9 2600 | 0000 e921 

  0x000002b6b280d670: ;   {metadata(method data for {method} {0x000002b6cf429fc8} 'yield' '()V' in 'java/lang/Thread')}
  0x000002b6b280d670: 0000 0048 | b950 9f39 | 10b7 0200 | 0048 83a9 | 2001 0000 | 01e9 0500 | 0000 e905 | 0000 0048 
  0x000002b6b280d690: 33ff eb07 | 48c7 c701 | 0000 0085 

  0x000002b6b280d69c: ;   {metadata(method data for {method} {0x000002b6cf429fc8} 'yield' '()V' in 'java/lang/Thread')}
  0x000002b6b280d69c: ff48 bf50 | 9f39 10b7 | 0200 0048 | c7c3 5801 | 0000 7407 | 48c7 c368 | 0100 0048 | 8b0c 1f48 
  0x000002b6b280d6bc: 8d49 0148 | 890c 1f0f | 84a8 0100 | 0048 85f6 

  0x000002b6b280d6cc: ;   {metadata(method data for {method} {0x000002b6cf429fc8} 'yield' '()V' in 'java/lang/Thread')}
  0x000002b6b280d6cc: 7516 48bb | 509f 3910 | b702 0000 | 808b 7101 | 0000 01e9 | cc00 0000 

  0x000002b6b280d6e4: ;   {metadata('java/lang/VirtualThread')}
  0x000002b6b280d6e4: 48b9 589d | 02cf b602 | 0000 8b7e | 0849 ba00 | 0000 cfb6 | 0200 0049 | 03fa 483b | cf0f 858d 
  0x000002b6b280d704: ;   {metadata(method data for {method} {0x000002b6cf429fc8} 'yield' '()V' in 'java/lang/Thread')}
  0x000002b6b280d704: 0000 0048 | bb50 9f39 | 10b7 0200 | 008b 4e08 | 49ba 0000 | 00cf b602 | 0000 4903 | ca48 3b8b 
  0x000002b6b280d724: 8801 0000 | 750d 4883 | 8390 0100 | 0001 e979 | 0000 0048 | 3b8b 9801 | 0000 750d | 4883 83a0 
  0x000002b6b280d744: 0100 0001 | e963 0000 | 0048 83bb | 8801 0000 | 0075 1748 | 898b 8801 | 0000 48c7 | 8390 0100 
  0x000002b6b280d764: 0001 0000 | 00e9 4200 | 0000 4883 | bb98 0100 | 0000 7517 | 4889 8b98 | 0100 0048 | c783 a001 
  0x000002b6b280d784: 0000 0100 | 0000 e921 | 0000 00e9 | 1c00 0000 

  0x000002b6b280d794: ;   {metadata(method data for {method} {0x000002b6cf429fc8} 'yield' '()V' in 'java/lang/Thread')}
  0x000002b6b280d794: 48bb 509f | 3910 b702 | 0000 4883 | ab78 0100 | 0001 e9ad | 0900 00e9 | 0000 0000 

  0x000002b6b280d7b0: ; implicit exception: dispatches to 0x000002b6b280e161
  0x000002b6b280d7b0: 483b 0648 

  0x000002b6b280d7b4: ;   {metadata(method data for {method} {0x000002b6cf429fc8} 'yield' '()V' in 'java/lang/Thread')}
  0x000002b6b280d7b4: 8bfe 48bb | 509f 3910 | b702 0000 | 8b7f 0849 | ba00 0000 | cfb6 0200 | 0049 03fa | 483b bbc0 
  0x000002b6b280d7d4: 0100 0075 | 0d48 8383 | c801 0000 | 01e9 6000 | 0000 483b | bbd0 0100 | 0075 0d48 | 8383 d801 
  0x000002b6b280d7f4: 0000 01e9 | 4a00 0000 | 4883 bbc0 | 0100 0000 | 7517 4889 | bbc0 0100 | 0048 c783 | c801 0000 
  0x000002b6b280d814: 0100 0000 | e929 0000 | 0048 83bb | d001 0000 | 0075 1748 | 89bb d001 | 0000 48c7 | 83d8 0100 
  0x000002b6b280d834: 0001 0000 | 00e9 0800 | 0000 4883 | 83b0 0100 | 0001 488b | d666 0f1f 

  0x000002b6b280d84c: ;   {optimized virtual_call}
  0x000002b6b280d84c: 4400 00e8 

  0x000002b6b280d850: ; ImmutableOopMap {[232]=Oop [288]=Oop }
                      ;*invokevirtual tryYield {reexecute=0 rethrow=0 return_oop=0}
                      ; - java.lang.Thread::yield@17 (line 443)
                      ; - java.util.concurrent.FutureTask::handlePossibleCancellationInterrupt@13 (line 386)
                      ; - java.util.concurrent.FutureTask::run@116 (line 335)
  0x000002b6b280d850: 2c12 9e06 

  0x000002b6b280d854: ;   {other}
  0x000002b6b280d854: 0f1f 8400 | 442f 0014 

  0x000002b6b280d85c: ;   {metadata(method data for {method} {0x000002b6cf429fc8} 'yield' '()V' in 'java/lang/Thread')}
  0x000002b6b280d85c: 48be 509f | 3910 b702 | 0000 ff86 | e801 0000 | e923 0000 

  0x000002b6b280d870: ;   {metadata(method data for {method} {0x000002b6cf429fc8} 'yield' '()V' in 'java/lang/Thread')}
  0x000002b6b280d870: 0048 be50 | 9f39 10b7 | 0200 0048 | 8386 0002 | 0000 010f 

  0x000002b6b280d884: ;   {static_call}
  0x000002b6b280d884: 1f40 00e8 

  0x000002b6b280d888: ; ImmutableOopMap {[232]=Oop [288]=Oop }
                      ;*invokestatic yield0 {reexecute=0 rethrow=0 return_oop=0}
                      ; - java.lang.Thread::yield@23 (line 445)
                      ; - java.util.concurrent.FutureTask::handlePossibleCancellationInterrupt@13 (line 386)
                      ; - java.util.concurrent.FutureTask::run@116 (line 335)
  0x000002b6b280d888: f417 9e06 

  0x000002b6b280d88c: ;   {other}
  0x000002b6b280d88c: 0f1f 8400 | 7c2f 0015 

  0x000002b6b280d894: ;   {metadata(method data for {method} {0x000002b7116d52f0} 'handlePossibleCancellationInterrupt' '(I)V' in 'java/util/concurrent/FutureTask')}
  0x000002b6b280d894: 48b8 1844 | 6211 b702 | 0000 8b90 | d000 0000 | 83c2 0289 | 90d0 0000 | 0081 e2fe | 3f00 0085 
  0x000002b6b280d8b4: d20f 84ab | 0800 004d | 8b97 5004 

  0x000002b6b280d8c0: ; ImmutableOopMap {[232]=Oop [288]=Oop }
                      ;*goto {reexecute=1 rethrow=0 return_oop=0}
                      ; - (reexecute) java.util.concurrent.FutureTask::handlePossibleCancellationInterrupt@16 (line 386)
                      ; - java.util.concurrent.FutureTask::run@116 (line 335)
                      ;   {poll}
  0x000002b6b280d8c0: 0000 4185 

  0x000002b6b280d8c4: ;   {metadata(method data for {method} {0x000002b7116d52f0} 'handlePossibleCancellationInterrupt' '(I)V' in 'java/util/concurrent/FutureTask')}
  0x000002b6b280d8c4: 0248 b818 | 4462 11b7 | 0200 00ff | 8060 0100 | 0048 8b94 | 24e8 0000 | 00e9 3efc | ffff 488b 
  0x000002b6b280d8e4: 8424 2001 | 0000 e9cf 

  0x000002b6b280d8ec: ;   {metadata('java/lang/ClassCastException')}
  0x000002b6b280d8ec: 0800 0048 | ba60 ae06 | cfb6 0200 | 0049 8b87 | b801 0000 | 488d 7828 | 493b bfc8 | 0100 000f 
  0x000002b6b280d90c: 8776 0800 | 0049 89bf | b801 0000 | 48c7 0001 | 0000 0048 | 8bca 49ba | 0000 00cf | b602 0000 
  0x000002b6b280d92c: 492b ca89 | 4808 4833 | c989 480c | 4833 c948 | 8948 1048 | 8948 1848 

  0x000002b6b280d944: ;   {oop(a 'java/lang/Class'{0x0000000601000900} = 'java/lang/Thread')}
  0x000002b6b280d944: 8948 2048 | ba00 0900 | 0106 0000 | 004c 8bc2 

  0x000002b6b280d954: ;   {metadata(method data for {method} {0x000002b6cf465068} 'cast' '(Ljava/lang/Object;)Ljava/lang/Object;' in 'java/lang/Class')}
  0x000002b6b280d954: 48be 8856 | 2010 b702 | 0000 4883 | 8688 0100 | 0001 4c8b | c348 8984 | 2428 0100 | 0066 0f1f 
  0x000002b6b280d974: ;   {optimized virtual_call}
  0x000002b6b280d974: 4400 00e8 

  0x000002b6b280d978: ; ImmutableOopMap {[232]=Oop [296]=Oop }
                      ;*invokevirtual cannotCastMsg {reexecute=0 rethrow=0 return_oop=0}
                      ; - java.lang.Class::cast@18 (line 4067)
                      ; - java.lang.invoke.VarHandleReferences$FieldInstanceReadWrite::compareAndSet@41 (line 183)
                      ; - java.lang.invoke.VarHandleGuards::guard_LLL_Z@50 (line 68)
                      ; - java.util.concurrent.FutureTask::run@15 (line 309)
  0x000002b6b280d978: 0411 9e06 

  0x000002b6b280d97c: ;   {other}
  0x000002b6b280d97c: 0f1f 8400 | 6c30 0017 | 4c8b 8424 | 2801 0000 

  0x000002b6b280d98c: ;   {metadata(method data for {method} {0x000002b6cf465068} 'cast' '(Ljava/lang/Object;)Ljava/lang/Object;' in 'java/lang/Class')}
  0x000002b6b280d98c: 48ba 8856 | 2010 b702 | 0000 4883 | 82c0 0100 | 0001 4c8b | c048 8b94 | 2428 0100 | 0066 0f1f 
  0x000002b6b280d9ac: ;   {optimized virtual_call}
  0x000002b6b280d9ac: 4400 00e8 

  0x000002b6b280d9b0: ; ImmutableOopMap {[232]=Oop [296]=Oop }
                      ;*invokespecial <init> {reexecute=0 rethrow=0 return_oop=0}
                      ; - java.lang.Class::cast@21 (line 4067)
                      ; - java.lang.invoke.VarHandleReferences$FieldInstanceReadWrite::compareAndSet@41 (line 183)
                      ; - java.lang.invoke.VarHandleGuards::guard_LLL_Z@50 (line 68)
                      ; - java.util.concurrent.FutureTask::run@15 (line 309)
  0x000002b6b280d9b0: cc10 9e06 

  0x000002b6b280d9b4: ;   {other}
  0x000002b6b280d9b4: 0f1f 8400 | a430 0018 | 488b 8424 | 2801 0000 | e9f5 0700 | 0048 899c | 2438 0100 | 004c 8bca 
  0x000002b6b280d9d4: ;   {metadata('java/lang/ClassCastException')}
  0x000002b6b280d9d4: 48ba 60ae | 06cf b602 | 0000 498b | 87b8 0100 | 0048 8d78 | 2849 3bbf | c801 0000 | 0f87 9e07 
  0x000002b6b280d9f4: 0000 4989 | bfb8 0100 | 0048 c700 | 0100 0000 | 488b ca49 | ba00 0000 | cfb6 0200 | 0049 2bca 
  0x000002b6b280da14: 8948 0848 | 33c9 8948 | 0c48 33c9 | 4889 4810 | 4889 4818 | 4889 4820 

  0x000002b6b280da2c: ;   {oop(a 'java/lang/Class'{0x0000000601f95728} = 'java/util/concurrent/FutureTask')}
  0x000002b6b280da2c: 48ba 2857 | f901 0600 | 0000 4c8b 

  0x000002b6b280da38: ;   {metadata(method data for {method} {0x000002b6cf465068} 'cast' '(Ljava/lang/Object;)Ljava/lang/Object;' in 'java/lang/Class')}
  0x000002b6b280da38: c248 be88 | 5620 10b7 | 0200 0048 | 8386 8801 | 0000 014d | 8bc1 4889 | 8424 3001 

  0x000002b6b280da54: ;   {optimized virtual_call}
  0x000002b6b280da54: 0000 90e8 

  0x000002b6b280da58: ; ImmutableOopMap {[232]=Oop [304]=Oop [312]=Oop }
                      ;*invokevirtual cannotCastMsg {reexecute=0 rethrow=0 return_oop=0}
                      ; - java.lang.Class::cast@18 (line 4067)
                      ; - java.lang.invoke.VarHandleReferences$FieldInstanceReadWrite::compareAndSet@15 (line 180)
                      ; - java.lang.invoke.VarHandleGuards::guard_LLL_Z@50 (line 68)
                      ; - java.util.concurrent.FutureTask::run@15 (line 309)
  0x000002b6b280da58: 2410 9e06 

  0x000002b6b280da5c: ;   {other}
  0x000002b6b280da5c: 0f1f 8400 | 4c31 0019 | 4c8b 8424 | 3001 0000 

  0x000002b6b280da6c: ;   {metadata(method data for {method} {0x000002b6cf465068} 'cast' '(Ljava/lang/Object;)Ljava/lang/Object;' in 'java/lang/Class')}
  0x000002b6b280da6c: 48ba 8856 | 2010 b702 | 0000 4883 | 82c0 0100 | 0001 4c8b | c048 8b94 | 2430 0100 | 0066 0f1f 
  0x000002b6b280da8c: ;   {optimized virtual_call}
  0x000002b6b280da8c: 4400 00e8 

  0x000002b6b280da90: ; ImmutableOopMap {[232]=Oop [304]=Oop [312]=Oop }
                      ;*invokespecial <init> {reexecute=0 rethrow=0 return_oop=0}
                      ; - java.lang.Class::cast@21 (line 4067)
                      ; - java.lang.invoke.VarHandleReferences$FieldInstanceReadWrite::compareAndSet@15 (line 180)
                      ; - java.lang.invoke.VarHandleGuards::guard_LLL_Z@50 (line 68)
                      ; - java.util.concurrent.FutureTask::run@15 (line 309)
  0x000002b6b280da90: ec0f 9e06 

  0x000002b6b280da94: ;   {other}
  0x000002b6b280da94: 0f1f 8400 | 8431 001a | 488b 8424 | 3001 0000 | e915 0700 

  0x000002b6b280daa8: ;   {metadata({method} {0x000002b7116d5020} 'run' '()V' in 'java/util/concurrent/FutureTask')}
  0x000002b6b280daa8: 0049 ba18 | 506d 11b7 | 0200 004c | 8954 2408 | 48c7 0424 | ffff ffff 

  0x000002b6b280dac0: ;   {runtime_call counter_overflow Runtime1 stub}
  0x000002b6b280dac0: e83b 8baa 

  0x000002b6b280dac4: ; ImmutableOopMap {rdx=Oop [232]=Oop }
                      ;*synchronization entry
                      ; - java.util.concurrent.FutureTask::run@-1 (line 308)
  0x000002b6b280dac4: 06e9 84d4 

  0x000002b6b280dac8: ;   {metadata({method} {0x000002b6cf1560e8} 'guard_LLL_Z' '(Ljava/lang/invoke/VarHandle;Ljava/lang/Object;Ljava/lang/Object;Ljava/lang/Object;Ljava/lang/invoke/VarHandle$AccessDescriptor;)Z' in 'java/lang/invoke/VarHandleGuards')}
  0x000002b6b280dac8: ffff 49ba | e060 15cf | b602 0000 | 4c89 5424 | 0848 c704 | 24ff ffff 

  0x000002b6b280dae0: ;   {runtime_call counter_overflow Runtime1 stub}
  0x000002b6b280dae0: ffe8 1a8b 

  0x000002b6b280dae4: ; ImmutableOopMap {rdx=Oop rbx=Oop rsi=Oop [232]=Oop }
                      ;*synchronization entry
                      ; - java.lang.invoke.VarHandleGuards::guard_LLL_Z@-1 (line 66)
                      ; - java.util.concurrent.FutureTask::run@15 (line 309)
  0x000002b6b280dae4: aa06 e93f 

  0x000002b6b280dae8: ;   {metadata({method} {0x000002b6cf0936b8} 'checkAccessModeThenIsDirect' '(Ljava/lang/invoke/VarHandle$AccessDescriptor;)Z' in 'java/lang/invoke/VarHandle')}
  0x000002b6b280dae8: d5ff ff49 | bab0 3609 | cfb6 0200 | 004c 8954 | 2408 48c7 | 0424 ffff 

  0x000002b6b280db00: ;   {runtime_call counter_overflow Runtime1 stub}
  0x000002b6b280db00: ffff e8f9 

  0x000002b6b280db04: ; ImmutableOopMap {rdx=Oop rbx=Oop [232]=Oop }
                      ;*synchronization entry
                      ; - java.lang.invoke.VarHandle::checkAccessModeThenIsDirect@-1 (line 2075)
                      ; - java.lang.invoke.VarHandleGuards::guard_LLL_Z@3 (line 66)
                      ; - java.util.concurrent.FutureTask::run@15 (line 309)
  0x000002b6b280db04: 8aaa 06e9 | 01d6 ffff 

  0x000002b6b280db0c: ;   {metadata({method} {0x000002b6cf1542f0} 'getMemberName' '(I)Ljava/lang/invoke/MemberName;' in 'java/lang/invoke/VarForm')}
  0x000002b6b280db0c: 49ba e842 | 15cf b602 | 0000 4c89 | 5424 0848 | c704 24ff 

  0x000002b6b280db20: ;   {runtime_call counter_overflow Runtime1 stub}
  0x000002b6b280db20: ffff ffe8 

  0x000002b6b280db24: ; ImmutableOopMap {rdx=Oop rbx=Oop [232]=Oop }
                      ;*synchronization entry
                      ; - java.lang.invoke.VarForm::getMemberName@-1 (line 114)
                      ; - java.lang.invoke.VarHandleGuards::guard_LLL_Z@47 (line 68)
                      ; - java.util.concurrent.FutureTask::run@15 (line 309)
  0x000002b6b280db24: d88a aa06 | e953 d6ff 

  0x000002b6b280db2c: ;   {metadata({method} {0x000002b6cf254370} 'compareAndSet' '(Ljava/lang/invoke/VarHandle;Ljava/lang/Object;Ljava/lang/Object;Ljava/lang/Object;)Z' in 'java/lang/invoke/VarHandleReferences$FieldInstanceReadWrite')}
  0x000002b6b280db2c: ff49 ba68 | 4325 cfb6 | 0200 004c | 8954 2408 | 48c7 0424 | ffff ffff 

  0x000002b6b280db44: ;   {runtime_call counter_overflow Runtime1 stub}
  0x000002b6b280db44: e8b7 8aaa 

  0x000002b6b280db48: ; ImmutableOopMap {rdx=Oop rbx=Oop [232]=Oop }
                      ;*synchronization entry
                      ; - java.lang.invoke.VarHandleReferences$FieldInstanceReadWrite::compareAndSet@-1 (line 179)
                      ; - java.lang.invoke.VarHandleGuards::guard_LLL_Z@50 (line 68)
                      ; - java.util.concurrent.FutureTask::run@15 (line 309)
  0x000002b6b280db48: 06e9 d1d6 

  0x000002b6b280db4c: ;   {metadata({method} {0x000002b6cf465068} 'cast' '(Ljava/lang/Object;)Ljava/lang/Object;' in 'java/lang/Class')}
  0x000002b6b280db4c: ffff 49ba | 6050 46cf | b602 0000 | 4c89 5424 | 0848 c704 | 24ff ffff 

  0x000002b6b280db64: ;   {runtime_call counter_overflow Runtime1 stub}
  0x000002b6b280db64: ffe8 968a 

  0x000002b6b280db68: ; ImmutableOopMap {rdx=Oop rbx=Oop [232]=Oop }
                      ;*synchronization entry
                      ; - java.lang.Class::cast@-1 (line 4066)
                      ; - java.lang.invoke.VarHandleReferences$FieldInstanceReadWrite::compareAndSet@15 (line 180)
                      ; - java.lang.invoke.VarHandleGuards::guard_LLL_Z@50 (line 68)
                      ; - java.util.concurrent.FutureTask::run@15 (line 309)
  0x000002b6b280db68: aa06 e9f3 

  0x000002b6b280db6c: ;   {metadata({method} {0x000002b6cf056488} 'requireNonNull' '(Ljava/lang/Object;)Ljava/lang/Object;' in 'java/util/Objects')}
  0x000002b6b280db6c: d6ff ff49 | ba80 6405 | cfb6 0200 | 004c 8954 | 2408 48c7 | 0424 ffff 

  0x000002b6b280db84: ;   {runtime_call counter_overflow Runtime1 stub}
  0x000002b6b280db84: ffff e875 

  0x000002b6b280db88: ; ImmutableOopMap {rdx=Oop rbx=Oop [232]=Oop }
                      ;*synchronization entry
                      ; - java.util.Objects::requireNonNull@-1 (line 232)
                      ; - java.lang.invoke.VarHandleReferences$FieldInstanceReadWrite::compareAndSet@18 (line 180)
                      ; - java.lang.invoke.VarHandleGuards::guard_LLL_Z@50 (line 68)
                      ; - java.util.concurrent.FutureTask::run@15 (line 309)
  0x000002b6b280db88: 8aaa 06e9 | a3d7 ffff 

  0x000002b6b280db90: ;   {metadata({method} {0x000002b6cf465068} 'cast' '(Ljava/lang/Object;)Ljava/lang/Object;' in 'java/lang/Class')}
  0x000002b6b280db90: 49ba 6050 | 46cf b602 | 0000 4c89 | 5424 0848 | c704 24ff 

  0x000002b6b280dba4: ;   {runtime_call counter_overflow Runtime1 stub}
  0x000002b6b280dba4: ffff ffe8 

  0x000002b6b280dba8: ; ImmutableOopMap {rdx=Oop rbx=Oop [232]=Oop }
                      ;*synchronization entry
                      ; - java.lang.Class::cast@-1 (line 4066)
                      ; - java.lang.invoke.VarHandleReferences$FieldInstanceReadWrite::compareAndSet@32 (line 182)
                      ; - java.lang.invoke.VarHandleGuards::guard_LLL_Z@50 (line 68)
                      ; - java.util.concurrent.FutureTask::run@15 (line 309)
  0x000002b6b280dba8: 548a aa06 | e9d5 d7ff 

  0x000002b6b280dbb0: ;   {metadata({method} {0x000002b6cf465068} 'cast' '(Ljava/lang/Object;)Ljava/lang/Object;' in 'java/lang/Class')}
  0x000002b6b280dbb0: ff49 ba60 | 5046 cfb6 | 0200 004c | 8954 2408 | 48c7 0424 | ffff ffff 

  0x000002b6b280dbc8: ;   {runtime_call counter_overflow Runtime1 stub}
  0x000002b6b280dbc8: e833 8aaa 

  0x000002b6b280dbcc: ; ImmutableOopMap {rdx=Oop rbx=Oop [232]=Oop }
                      ;*synchronization entry
                      ; - java.lang.Class::cast@-1 (line 4066)
                      ; - java.lang.invoke.VarHandleReferences$FieldInstanceReadWrite::compareAndSet@41 (line 183)
                      ; - java.lang.invoke.VarHandleGuards::guard_LLL_Z@50 (line 68)
                      ; - java.util.concurrent.FutureTask::run@15 (line 309)
  0x000002b6b280dbcc: 06e9 07d8 | ffff 8b06 | 48c1 e003 | 4883 f800 | 0f84 c6d8 | ffff 4889 

  0x000002b6b280dbe4: ;   {runtime_call g1_pre_barrier_slow}
  0x000002b6b280dbe4: 0424 e815 | 90aa 06e9 | b8d8 ffff | 4883 fb00 | 0f84 e8d8 | ffff 4889 

  0x000002b6b280dbfc: ;   {runtime_call g1_post_barrier_slow}
  0x000002b6b280dbfc: 3424 e8fd | 92aa 06e9 | dad8 ffff 

  0x000002b6b280dc08: ;   {runtime_call throw_null_pointer_exception Runtime1 stub}
  0x000002b6b280dc08: e873 2faa 

  0x000002b6b280dc0c: ; ImmutableOopMap {rsi=Oop [232]=Oop }
                      ;*invokeinterface call {reexecute=0 rethrow=0 return_oop=0}
                      ; - java.util.concurrent.FutureTask::run@39 (line 317)
                      ;   {metadata({method} {0x000002b7116d4e58} 'setException' '(Ljava/lang/Throwable;)V' in 'java/util/concurrent/FutureTask')}
  0x000002b6b280dc0c: 0649 ba50 | 4e6d 11b7 | 0200 004c | 8954 2408 | 48c7 0424 | ffff ffff 

  0x000002b6b280dc24: ;   {runtime_call counter_overflow Runtime1 stub}
  0x000002b6b280dc24: e8d7 89aa 

  0x000002b6b280dc28: ; ImmutableOopMap {rdx=Oop rax=Oop [232]=Oop }
                      ;*synchronization entry
                      ; - java.util.concurrent.FutureTask::setException@-1 (line 300)
                      ; - java.util.concurrent.FutureTask::run@59 (line 322)
  0x000002b6b280dc28: 06e9 96da 

  0x000002b6b280dc2c: ;   {metadata({method} {0x000002b6cf1562a0} 'guard_LII_Z' '(Ljava/lang/invoke/VarHandle;Ljava/lang/Object;IILjava/lang/invoke/VarHandle$AccessDescriptor;)Z' in 'java/lang/invoke/VarHandleGuards')}
  0x000002b6b280dc2c: ffff 49ba | 9862 15cf | b602 0000 | 4c89 5424 | 0848 c704 | 24ff ffff 

  0x000002b6b280dc44: ;   {runtime_call counter_overflow Runtime1 stub}
  0x000002b6b280dc44: ffe8 b689 

  0x000002b6b280dc48: ; ImmutableOopMap {rdx=Oop rax=Oop r9=Oop [232]=Oop }
                      ;*synchronization entry
                      ; - java.lang.invoke.VarHandleGuards::guard_LII_Z@-1 (line 135)
                      ; - java.util.concurrent.FutureTask::setException@6 (line 300)
                      ; - java.util.concurrent.FutureTask::run@59 (line 322)
  0x000002b6b280dc48: aa06 e907 

  0x000002b6b280dc4c: ;   {metadata({method} {0x000002b6cf0936b8} 'checkAccessModeThenIsDirect' '(Ljava/lang/invoke/VarHandle$AccessDescriptor;)Z' in 'java/lang/invoke/VarHandle')}
  0x000002b6b280dc4c: dbff ff49 | bab0 3609 | cfb6 0200 | 004c 8954 | 2408 48c7 | 0424 ffff 

  0x000002b6b280dc64: ;   {runtime_call counter_overflow Runtime1 stub}
  0x000002b6b280dc64: ffff e895 

  0x000002b6b280dc68: ; ImmutableOopMap {rdx=Oop rax=Oop [232]=Oop }
                      ;*synchronization entry
                      ; - java.lang.invoke.VarHandle::checkAccessModeThenIsDirect@-1 (line 2075)
                      ; - java.lang.invoke.VarHandleGuards::guard_LII_Z@3 (line 135)
                      ; - java.util.concurrent.FutureTask::setException@6 (line 300)
                      ; - java.util.concurrent.FutureTask::run@59 (line 322)
  0x000002b6b280dc68: 89aa 06e9 | d0db ffff 

  0x000002b6b280dc70: ;   {metadata({method} {0x000002b6cf1542f0} 'getMemberName' '(I)Ljava/lang/invoke/MemberName;' in 'java/lang/invoke/VarForm')}
  0x000002b6b280dc70: 49ba e842 | 15cf b602 | 0000 4c89 | 5424 0848 | c704 24ff 

  0x000002b6b280dc84: ;   {runtime_call counter_overflow Runtime1 stub}
  0x000002b6b280dc84: ffff ffe8 

  0x000002b6b280dc88: ; ImmutableOopMap {rdx=Oop rax=Oop [232]=Oop }
                      ;*synchronization entry
                      ; - java.lang.invoke.VarForm::getMemberName@-1 (line 114)
                      ; - java.lang.invoke.VarHandleGuards::guard_LII_Z@47 (line 137)
                      ; - java.util.concurrent.FutureTask::setException@6 (line 300)
                      ; - java.util.concurrent.FutureTask::run@59 (line 322)
  0x000002b6b280dc88: 7489 aa06 | e92a dcff 

  0x000002b6b280dc90: ;   {metadata({method} {0x000002b7102d19c8} 'compareAndSet' '(Ljava/lang/invoke/VarHandle;Ljava/lang/Object;II)Z' in 'java/lang/invoke/VarHandleInts$FieldInstanceReadWrite')}
  0x000002b6b280dc90: ff49 bac0 | 192d 10b7 | 0200 004c | 8954 2408 | 48c7 0424 | ffff ffff 

  0x000002b6b280dca8: ;   {runtime_call counter_overflow Runtime1 stub}
  0x000002b6b280dca8: e853 89aa 

  0x000002b6b280dcac: ; ImmutableOopMap {rdx=Oop rax=Oop [232]=Oop }
                      ;*synchronization entry
                      ; - java.lang.invoke.VarHandleInts$FieldInstanceReadWrite::compareAndSet@-1 (line 177)
                      ; - java.lang.invoke.VarHandleGuards::guard_LII_Z@50 (line 137)
                      ; - java.util.concurrent.FutureTask::setException@6 (line 300)
                      ; - java.util.concurrent.FutureTask::run@59 (line 322)
  0x000002b6b280dcac: 06e9 b0dc 

  0x000002b6b280dcb0: ;   {metadata({method} {0x000002b6cf465068} 'cast' '(Ljava/lang/Object;)Ljava/lang/Object;' in 'java/lang/Class')}
  0x000002b6b280dcb0: ffff 49ba | 6050 46cf | b602 0000 | 4c89 5424 | 0848 c704 | 24ff ffff 

  0x000002b6b280dcc8: ;   {runtime_call counter_overflow Runtime1 stub}
  0x000002b6b280dcc8: ffe8 3289 

  0x000002b6b280dccc: ; ImmutableOopMap {rdx=Oop rax=Oop [232]=Oop }
                      ;*synchronization entry
                      ; - java.lang.Class::cast@-1 (line 4066)
                      ; - java.lang.invoke.VarHandleInts$FieldInstanceReadWrite::compareAndSet@15 (line 178)
                      ; - java.lang.invoke.VarHandleGuards::guard_LII_Z@50 (line 137)
                      ; - java.util.concurrent.FutureTask::setException@6 (line 300)
                      ; - java.util.concurrent.FutureTask::run@59 (line 322)
  0x000002b6b280dccc: aa06 e9d7 

  0x000002b6b280dcd0: ;   {metadata({method} {0x000002b6cf056488} 'requireNonNull' '(Ljava/lang/Object;)Ljava/lang/Object;' in 'java/util/Objects')}
  0x000002b6b280dcd0: dcff ff49 | ba80 6405 | cfb6 0200 | 004c 8954 | 2408 48c7 | 0424 ffff 

  0x000002b6b280dce8: ;   {runtime_call counter_overflow Runtime1 stub}
  0x000002b6b280dce8: ffff e811 

  0x000002b6b280dcec: ; ImmutableOopMap {rdx=Oop rax=Oop [232]=Oop }
                      ;*synchronization entry
                      ; - java.util.Objects::requireNonNull@-1 (line 232)
                      ; - java.lang.invoke.VarHandleInts$FieldInstanceReadWrite::compareAndSet@18 (line 178)
                      ; - java.lang.invoke.VarHandleGuards::guard_LII_Z@50 (line 137)
                      ; - java.util.concurrent.FutureTask::setException@6 (line 300)
                      ; - java.util.concurrent.FutureTask::run@59 (line 322)
  0x000002b6b280dcec: 89aa 06e9 | 8edd ffff | 448b 4214 | 49c1 e003 | 4983 f800 | 0f84 fedd | ffff 4c89 

  0x000002b6b280dd08: ;   {runtime_call g1_pre_barrier_slow}
  0x000002b6b280dd08: 0424 e8f1 | 8eaa 06e9 | f0dd ffff | 4883 fb00 | 0f84 05de | ffff 4889 

  0x000002b6b280dd20: ;   {runtime_call g1_post_barrier_slow}
  0x000002b6b280dd20: 1424 e8d9 | 91aa 06e9 | f7dd ffff 

  0x000002b6b280dd2c: ;   {metadata({method} {0x000002b6cf156248} 'guard_LI_V' '(Ljava/lang/invoke/VarHandle;Ljava/lang/Object;ILjava/lang/invoke/VarHandle$AccessDescriptor;)V' in 'java/lang/invoke/VarHandleGuards')}
  0x000002b6b280dd2c: 49ba 4062 | 15cf b602 | 0000 4c89 | 5424 0848 | c704 24ff 

  0x000002b6b280dd40: ;   {runtime_call counter_overflow Runtime1 stub}
  0x000002b6b280dd40: ffff ffe8 

  0x000002b6b280dd44: ; ImmutableOopMap {rdx=Oop r9=Oop [232]=Oop }
                      ;*synchronization entry
                      ; - java.lang.invoke.VarHandleGuards::guard_LI_V@-1 (line 120)
                      ; - java.util.concurrent.FutureTask::setException@22 (line 302)
                      ; - java.util.concurrent.FutureTask::run@59 (line 322)
  0x000002b6b280dd44: b888 aa06 | e9ef deff 

  0x000002b6b280dd4c: ;   {metadata({method} {0x000002b6cf0936b8} 'checkAccessModeThenIsDirect' '(Ljava/lang/invoke/VarHandle$AccessDescriptor;)Z' in 'java/lang/invoke/VarHandle')}
  0x000002b6b280dd4c: ff49 bab0 | 3609 cfb6 | 0200 004c | 8954 2408 | 48c7 0424 | ffff ffff 

  0x000002b6b280dd64: ;   {runtime_call counter_overflow Runtime1 stub}
  0x000002b6b280dd64: e897 88aa 

  0x000002b6b280dd68: ; ImmutableOopMap {rdx=Oop [232]=Oop }
                      ;*synchronization entry
                      ; - java.lang.invoke.VarHandle::checkAccessModeThenIsDirect@-1 (line 2075)
                      ; - java.lang.invoke.VarHandleGuards::guard_LI_V@2 (line 120)
                      ; - java.util.concurrent.FutureTask::setException@22 (line 302)
                      ; - java.util.concurrent.FutureTask::run@59 (line 322)
  0x000002b6b280dd68: 06e9 b8df 

  0x000002b6b280dd6c: ;   {metadata({method} {0x000002b6cf1542f0} 'getMemberName' '(I)Ljava/lang/invoke/MemberName;' in 'java/lang/invoke/VarForm')}
  0x000002b6b280dd6c: ffff 49ba | e842 15cf | b602 0000 | 4c89 5424 | 0848 c704 | 24ff ffff 

  0x000002b6b280dd84: ;   {runtime_call counter_overflow Runtime1 stub}
  0x000002b6b280dd84: ffe8 7688 

  0x000002b6b280dd88: ; ImmutableOopMap {rdx=Oop [232]=Oop }
                      ;*synchronization entry
                      ; - java.lang.invoke.VarForm::getMemberName@-1 (line 114)
                      ; - java.lang.invoke.VarHandleGuards::guard_LI_V@42 (line 122)
                      ; - java.util.concurrent.FutureTask::setException@22 (line 302)
                      ; - java.util.concurrent.FutureTask::run@59 (line 322)
  0x000002b6b280dd88: aa06 e912 

  0x000002b6b280dd8c: ;   {metadata({method} {0x000002b7102d18b8} 'setRelease' '(Ljava/lang/invoke/VarHandle;Ljava/lang/Object;I)V' in 'java/lang/invoke/VarHandleInts$FieldInstanceReadWrite')}
  0x000002b6b280dd8c: e0ff ff49 | bab0 182d | 10b7 0200 | 004c 8954 | 2408 48c7 | 0424 ffff 

  0x000002b6b280dda4: ;   {runtime_call counter_overflow Runtime1 stub}
  0x000002b6b280dda4: ffff e855 

  0x000002b6b280dda8: ; ImmutableOopMap {rdx=Oop [232]=Oop }
                      ;*synchronization entry
                      ; - java.lang.invoke.VarHandleInts$FieldInstanceReadWrite::setRelease@-1 (line 169)
                      ; - java.lang.invoke.VarHandleGuards::guard_LI_V@45 (line 122)
                      ; - java.util.concurrent.FutureTask::setException@22 (line 302)
                      ; - java.util.concurrent.FutureTask::run@59 (line 322)
  0x000002b6b280dda8: 88aa 06e9 | 24e1 ffff 

  0x000002b6b280ddb0: ;   {metadata({method} {0x000002b6cf465068} 'cast' '(Ljava/lang/Object;)Ljava/lang/Object;' in 'java/lang/Class')}
  0x000002b6b280ddb0: 49ba 6050 | 46cf b602 | 0000 4c89 | 5424 0848 | c704 24ff 

  0x000002b6b280ddc4: ;   {runtime_call counter_overflow Runtime1 stub}
  0x000002b6b280ddc4: ffff ffe8 

  0x000002b6b280ddc8: ; ImmutableOopMap {rdx=Oop [232]=Oop }
                      ;*synchronization entry
                      ; - java.lang.Class::cast@-1 (line 4066)
                      ; - java.lang.invoke.VarHandleInts$FieldInstanceReadWrite::setRelease@13 (line 170)
                      ; - java.lang.invoke.VarHandleGuards::guard_LI_V@45 (line 122)
                      ; - java.util.concurrent.FutureTask::setException@22 (line 302)
                      ; - java.util.concurrent.FutureTask::run@59 (line 322)
  0x000002b6b280ddc8: 3488 aa06 | e94b e1ff 

  0x000002b6b280ddd0: ;   {metadata({method} {0x000002b6cf056488} 'requireNonNull' '(Ljava/lang/Object;)Ljava/lang/Object;' in 'java/util/Objects')}
  0x000002b6b280ddd0: ff49 ba80 | 6405 cfb6 | 0200 004c | 8954 2408 | 48c7 0424 | ffff ffff 

  0x000002b6b280dde8: ;   {runtime_call counter_overflow Runtime1 stub}
  0x000002b6b280dde8: e813 88aa 

  0x000002b6b280ddec: ; ImmutableOopMap {rdx=Oop [232]=Oop }
                      ;*synchronization entry
                      ; - java.util.Objects::requireNonNull@-1 (line 232)
                      ; - java.lang.invoke.VarHandleInts$FieldInstanceReadWrite::setRelease@16 (line 170)
                      ; - java.lang.invoke.VarHandleGuards::guard_LI_V@45 (line 122)
                      ; - java.util.concurrent.FutureTask::setException@22 (line 302)
                      ; - java.util.concurrent.FutureTask::run@59 (line 322)
  0x000002b6b280ddec: 06e9 02e2 

  0x000002b6b280ddf0: ;   {metadata({method} {0x000002b7116d4d70} 'set' '(Ljava/lang/Object;)V' in 'java/util/concurrent/FutureTask')}
  0x000002b6b280ddf0: ffff 49ba | 684d 6d11 | b702 0000 | 4c89 5424 | 0848 c704 | 24ff ffff 

  0x000002b6b280de08: ;   {runtime_call counter_overflow Runtime1 stub}
  0x000002b6b280de08: ffe8 f287 

  0x000002b6b280de0c: ; ImmutableOopMap {rdx=Oop rax=Oop [232]=Oop }
                      ;*synchronization entry
                      ; - java.util.concurrent.FutureTask::set@-1 (line 282)
                      ; - java.util.concurrent.FutureTask::run@68 (line 325)
  0x000002b6b280de0c: aa06 e960 

  0x000002b6b280de10: ;   {metadata({method} {0x000002b6cf1562a0} 'guard_LII_Z' '(Ljava/lang/invoke/VarHandle;Ljava/lang/Object;IILjava/lang/invoke/VarHandle$AccessDescriptor;)Z' in 'java/lang/invoke/VarHandleGuards')}
  0x000002b6b280de10: e3ff ff49 | ba98 6215 | cfb6 0200 | 004c 8954 | 2408 48c7 | 0424 ffff 

  0x000002b6b280de28: ;   {runtime_call counter_overflow Runtime1 stub}
  0x000002b6b280de28: ffff e8d1 

  0x000002b6b280de2c: ; ImmutableOopMap {rdx=Oop rax=Oop r9=Oop [232]=Oop }
                      ;*synchronization entry
                      ; - java.lang.invoke.VarHandleGuards::guard_LII_Z@-1 (line 135)
                      ; - java.util.concurrent.FutureTask::set@6 (line 282)
                      ; - java.util.concurrent.FutureTask::run@68 (line 325)
  0x000002b6b280de2c: 87aa 06e9 | d1e3 ffff 

  0x000002b6b280de34: ;   {metadata({method} {0x000002b6cf0936b8} 'checkAccessModeThenIsDirect' '(Ljava/lang/invoke/VarHandle$AccessDescriptor;)Z' in 'java/lang/invoke/VarHandle')}
  0x000002b6b280de34: 49ba b036 | 09cf b602 | 0000 4c89 | 5424 0848 | c704 24ff 

  0x000002b6b280de48: ;   {runtime_call counter_overflow Runtime1 stub}
  0x000002b6b280de48: ffff ffe8 

  0x000002b6b280de4c: ; ImmutableOopMap {rdx=Oop rax=Oop [232]=Oop }
                      ;*synchronization entry
                      ; - java.lang.invoke.VarHandle::checkAccessModeThenIsDirect@-1 (line 2075)
                      ; - java.lang.invoke.VarHandleGuards::guard_LII_Z@3 (line 135)
                      ; - java.util.concurrent.FutureTask::set@6 (line 282)
                      ; - java.util.concurrent.FutureTask::run@68 (line 325)
  0x000002b6b280de4c: b087 aa06 | e99a e4ff 

  0x000002b6b280de54: ;   {metadata({method} {0x000002b6cf1542f0} 'getMemberName' '(I)Ljava/lang/invoke/MemberName;' in 'java/lang/invoke/VarForm')}
  0x000002b6b280de54: ff49 bae8 | 4215 cfb6 | 0200 004c | 8954 2408 | 48c7 0424 | ffff ffff 

  0x000002b6b280de6c: ;   {runtime_call counter_overflow Runtime1 stub}
  0x000002b6b280de6c: e88f 87aa 

  0x000002b6b280de70: ; ImmutableOopMap {rdx=Oop rax=Oop [232]=Oop }
                      ;*synchronization entry
                      ; - java.lang.invoke.VarForm::getMemberName@-1 (line 114)
                      ; - java.lang.invoke.VarHandleGuards::guard_LII_Z@47 (line 137)
                      ; - java.util.concurrent.FutureTask::set@6 (line 282)
                      ; - java.util.concurrent.FutureTask::run@68 (line 325)
  0x000002b6b280de70: 06e9 f4e4 

  0x000002b6b280de74: ;   {metadata({method} {0x000002b7102d19c8} 'compareAndSet' '(Ljava/lang/invoke/VarHandle;Ljava/lang/Object;II)Z' in 'java/lang/invoke/VarHandleInts$FieldInstanceReadWrite')}
  0x000002b6b280de74: ffff 49ba | c019 2d10 | b702 0000 | 4c89 5424 | 0848 c704 | 24ff ffff 

  0x000002b6b280de8c: ;   {runtime_call counter_overflow Runtime1 stub}
  0x000002b6b280de8c: ffe8 6e87 

  0x000002b6b280de90: ; ImmutableOopMap {rdx=Oop rax=Oop [232]=Oop }
                      ;*synchronization entry
                      ; - java.lang.invoke.VarHandleInts$FieldInstanceReadWrite::compareAndSet@-1 (line 177)
                      ; - java.lang.invoke.VarHandleGuards::guard_LII_Z@50 (line 137)
                      ; - java.util.concurrent.FutureTask::set@6 (line 282)
                      ; - java.util.concurrent.FutureTask::run@68 (line 325)
  0x000002b6b280de90: aa06 e97a 

  0x000002b6b280de94: ;   {metadata({method} {0x000002b6cf465068} 'cast' '(Ljava/lang/Object;)Ljava/lang/Object;' in 'java/lang/Class')}
  0x000002b6b280de94: e5ff ff49 | ba60 5046 | cfb6 0200 | 004c 8954 | 2408 48c7 | 0424 ffff 

  0x000002b6b280deac: ;   {runtime_call counter_overflow Runtime1 stub}
  0x000002b6b280deac: ffff e84d 

  0x000002b6b280deb0: ; ImmutableOopMap {rdx=Oop rax=Oop [232]=Oop }
                      ;*synchronization entry
                      ; - java.lang.Class::cast@-1 (line 4066)
                      ; - java.lang.invoke.VarHandleInts$FieldInstanceReadWrite::compareAndSet@15 (line 178)
                      ; - java.lang.invoke.VarHandleGuards::guard_LII_Z@50 (line 137)
                      ; - java.util.concurrent.FutureTask::set@6 (line 282)
                      ; - java.util.concurrent.FutureTask::run@68 (line 325)
  0x000002b6b280deb0: 87aa 06e9 | a1e5 ffff 

  0x000002b6b280deb8: ;   {metadata({method} {0x000002b6cf056488} 'requireNonNull' '(Ljava/lang/Object;)Ljava/lang/Object;' in 'java/util/Objects')}
  0x000002b6b280deb8: 49ba 8064 | 05cf b602 | 0000 4c89 | 5424 0848 | c704 24ff 

  0x000002b6b280decc: ;   {runtime_call counter_overflow Runtime1 stub}
  0x000002b6b280decc: ffff ffe8 

  0x000002b6b280ded0: ; ImmutableOopMap {rdx=Oop rax=Oop [232]=Oop }
                      ;*synchronization entry
                      ; - java.util.Objects::requireNonNull@-1 (line 232)
                      ; - java.lang.invoke.VarHandleInts$FieldInstanceReadWrite::compareAndSet@18 (line 178)
                      ; - java.lang.invoke.VarHandleGuards::guard_LII_Z@50 (line 137)
                      ; - java.util.concurrent.FutureTask::set@6 (line 282)
                      ; - java.util.concurrent.FutureTask::run@68 (line 325)
  0x000002b6b280ded0: 2c87 aa06 | e958 e6ff | ff44 8b42 | 1449 c1e0 | 0349 83f8 | 000f 84c8 | e6ff ff4c 

  0x000002b6b280deec: ;   {runtime_call g1_pre_barrier_slow}
  0x000002b6b280deec: 8904 24e8 | 0c8d aa06 | e9ba e6ff | ff48 83fb | 000f 84cf | e6ff ff48 

  0x000002b6b280df04: ;   {runtime_call g1_post_barrier_slow}
  0x000002b6b280df04: 8914 24e8 | f48f aa06 | e9c1 e6ff 

  0x000002b6b280df10: ;   {metadata({method} {0x000002b6cf156248} 'guard_LI_V' '(Ljava/lang/invoke/VarHandle;Ljava/lang/Object;ILjava/lang/invoke/VarHandle$AccessDescriptor;)V' in 'java/lang/invoke/VarHandleGuards')}
  0x000002b6b280df10: ff49 ba40 | 6215 cfb6 | 0200 004c | 8954 2408 | 48c7 0424 | ffff ffff 

  0x000002b6b280df28: ;   {runtime_call counter_overflow Runtime1 stub}
  0x000002b6b280df28: e8d3 86aa 

  0x000002b6b280df2c: ; ImmutableOopMap {rdx=Oop r9=Oop [232]=Oop }
                      ;*synchronization entry
                      ; - java.lang.invoke.VarHandleGuards::guard_LI_V@-1 (line 120)
                      ; - java.util.concurrent.FutureTask::set@22 (line 284)
                      ; - java.util.concurrent.FutureTask::run@68 (line 325)
  0x000002b6b280df2c: 06e9 b9e7 

  0x000002b6b280df30: ;   {metadata({method} {0x000002b6cf0936b8} 'checkAccessModeThenIsDirect' '(Ljava/lang/invoke/VarHandle$AccessDescriptor;)Z' in 'java/lang/invoke/VarHandle')}
  0x000002b6b280df30: ffff 49ba | b036 09cf | b602 0000 | 4c89 5424 | 0848 c704 | 24ff ffff 

  0x000002b6b280df48: ;   {runtime_call counter_overflow Runtime1 stub}
  0x000002b6b280df48: ffe8 b286 

  0x000002b6b280df4c: ; ImmutableOopMap {rdx=Oop [232]=Oop }
                      ;*synchronization entry
                      ; - java.lang.invoke.VarHandle::checkAccessModeThenIsDirect@-1 (line 2075)
                      ; - java.lang.invoke.VarHandleGuards::guard_LI_V@2 (line 120)
                      ; - java.util.concurrent.FutureTask::set@22 (line 284)
                      ; - java.util.concurrent.FutureTask::run@68 (line 325)
  0x000002b6b280df4c: aa06 e982 

  0x000002b6b280df50: ;   {metadata({method} {0x000002b6cf1542f0} 'getMemberName' '(I)Ljava/lang/invoke/MemberName;' in 'java/lang/invoke/VarForm')}
  0x000002b6b280df50: e8ff ff49 | bae8 4215 | cfb6 0200 | 004c 8954 | 2408 48c7 | 0424 ffff 

  0x000002b6b280df68: ;   {runtime_call counter_overflow Runtime1 stub}
  0x000002b6b280df68: ffff e891 

  0x000002b6b280df6c: ; ImmutableOopMap {rdx=Oop [232]=Oop }
                      ;*synchronization entry
                      ; - java.lang.invoke.VarForm::getMemberName@-1 (line 114)
                      ; - java.lang.invoke.VarHandleGuards::guard_LI_V@42 (line 122)
                      ; - java.util.concurrent.FutureTask::set@22 (line 284)
                      ; - java.util.concurrent.FutureTask::run@68 (line 325)
  0x000002b6b280df6c: 86aa 06e9 | dce8 ffff 

  0x000002b6b280df74: ;   {metadata({method} {0x000002b7102d18b8} 'setRelease' '(Ljava/lang/invoke/VarHandle;Ljava/lang/Object;I)V' in 'java/lang/invoke/VarHandleInts$FieldInstanceReadWrite')}
  0x000002b6b280df74: 49ba b018 | 2d10 b702 | 0000 4c89 | 5424 0848 | c704 24ff 

  0x000002b6b280df88: ;   {runtime_call counter_overflow Runtime1 stub}
  0x000002b6b280df88: ffff ffe8 

  0x000002b6b280df8c: ; ImmutableOopMap {rdx=Oop [232]=Oop }
                      ;*synchronization entry
                      ; - java.lang.invoke.VarHandleInts$FieldInstanceReadWrite::setRelease@-1 (line 169)
                      ; - java.lang.invoke.VarHandleGuards::guard_LI_V@45 (line 122)
                      ; - java.util.concurrent.FutureTask::set@22 (line 284)
                      ; - java.util.concurrent.FutureTask::run@68 (line 325)
  0x000002b6b280df8c: 7086 aa06 | e9ee e9ff 

  0x000002b6b280df94: ;   {metadata({method} {0x000002b6cf465068} 'cast' '(Ljava/lang/Object;)Ljava/lang/Object;' in 'java/lang/Class')}
  0x000002b6b280df94: ff49 ba60 | 5046 cfb6 | 0200 004c | 8954 2408 | 48c7 0424 | ffff ffff 

  0x000002b6b280dfac: ;   {runtime_call counter_overflow Runtime1 stub}
  0x000002b6b280dfac: e84f 86aa 

  0x000002b6b280dfb0: ; ImmutableOopMap {rdx=Oop [232]=Oop }
                      ;*synchronization entry
                      ; - java.lang.Class::cast@-1 (line 4066)
                      ; - java.lang.invoke.VarHandleInts$FieldInstanceReadWrite::setRelease@13 (line 170)
                      ; - java.lang.invoke.VarHandleGuards::guard_LI_V@45 (line 122)
                      ; - java.util.concurrent.FutureTask::set@22 (line 284)
                      ; - java.util.concurrent.FutureTask::run@68 (line 325)
  0x000002b6b280dfb0: 06e9 15ea 

  0x000002b6b280dfb4: ;   {metadata({method} {0x000002b6cf056488} 'requireNonNull' '(Ljava/lang/Object;)Ljava/lang/Object;' in 'java/util/Objects')}
  0x000002b6b280dfb4: ffff 49ba | 8064 05cf | b602 0000 | 4c89 5424 | 0848 c704 | 24ff ffff 

  0x000002b6b280dfcc: ;   {runtime_call counter_overflow Runtime1 stub}
  0x000002b6b280dfcc: ffe8 2e86 

  0x000002b6b280dfd0: ; ImmutableOopMap {rdx=Oop [232]=Oop }
                      ;*synchronization entry
                      ; - java.util.Objects::requireNonNull@-1 (line 232)
                      ; - java.lang.invoke.VarHandleInts$FieldInstanceReadWrite::setRelease@16 (line 170)
                      ; - java.lang.invoke.VarHandleGuards::guard_LI_V@45 (line 122)
                      ; - java.util.concurrent.FutureTask::set@22 (line 284)
                      ; - java.util.concurrent.FutureTask::run@68 (line 325)
  0x000002b6b280dfd0: aa06 e9cc | eaff ff8b | 7a18 48c1 | e703 4883 | ff00 0f84 | c3eb ffff | 4889 3c24 

  0x000002b6b280dfec: ;   {runtime_call g1_pre_barrier_slow}
  0x000002b6b280dfec: e80f 8caa | 06e9 b5eb | ffff 4883 | fe00 0f84 | d0eb ffff | 4889 1424 

  0x000002b6b280e004: ;   {runtime_call g1_post_barrier_slow}
  0x000002b6b280e004: e8f7 8eaa | 06e9 c2eb 

  0x000002b6b280e00c: ;   {metadata({method} {0x000002b7116d52f0} 'handlePossibleCancellationInterrupt' '(I)V' in 'java/util/concurrent/FutureTask')}
  0x000002b6b280e00c: ffff 49ba | e852 6d11 | b702 0000 | 4c89 5424 | 0848 c704 | 24ff ffff 

  0x000002b6b280e024: ;   {runtime_call counter_overflow Runtime1 stub}
  0x000002b6b280e024: ffe8 d685 

  0x000002b6b280e028: ; ImmutableOopMap {rdx=Oop [232]=Oop }
                      ;*synchronization entry
                      ; - java.util.concurrent.FutureTask::handlePossibleCancellationInterrupt@-1 (line 384)
                      ; - java.util.concurrent.FutureTask::run@88 (line 335)
  0x000002b6b280e028: aa06 e90f 

  0x000002b6b280e02c: ;   {metadata({method} {0x000002b6cf429fc8} 'yield' '()V' in 'java/lang/Thread')}
  0x000002b6b280e02c: ecff ff49 | bac0 9f42 | cfb6 0200 | 004c 8954 | 2408 48c7 | 0424 ffff 

  0x000002b6b280e044: ;   {runtime_call counter_overflow Runtime1 stub}
  0x000002b6b280e044: ffff e8b5 

  0x000002b6b280e048: ; ImmutableOopMap {rdx=Oop [232]=Oop }
                      ;*synchronization entry
                      ; - java.lang.Thread::yield@-1 (line 442)
                      ; - java.util.concurrent.FutureTask::handlePossibleCancellationInterrupt@13 (line 386)
                      ; - java.util.concurrent.FutureTask::run@88 (line 335)
  0x000002b6b280e048: 85aa 06e9 | 8bec ffff | 4889 3424 

  0x000002b6b280e054: ;   {runtime_call throw_class_cast_exception Runtime1 stub}
  0x000002b6b280e054: e827 4faa 

  0x000002b6b280e058: ; ImmutableOopMap {[232]=Oop }
                      ;*checkcast {reexecute=0 rethrow=0 return_oop=0}
                      ; - java.lang.Thread::yield@12 (line 442)
                      ; - java.util.concurrent.FutureTask::handlePossibleCancellationInterrupt@13 (line 386)
                      ; - java.util.concurrent.FutureTask::run@88 (line 335)
                      ;   {runtime_call throw_null_pointer_exception Runtime1 stub}
  0x000002b6b280e058: 06e8 222b 

  0x000002b6b280e05c: ; ImmutableOopMap {rsi=Oop [232]=Oop }
                      ;*invokevirtual tryYield {reexecute=0 rethrow=0 return_oop=0}
                      ; - java.lang.Thread::yield@17 (line 443)
                      ; - java.util.concurrent.FutureTask::handlePossibleCancellationInterrupt@13 (line 386)
                      ; - java.util.concurrent.FutureTask::run@88 (line 335)
                      ;   {metadata({method} {0x000002b7116d52f0} 'handlePossibleCancellationInterrupt' '(I)V' in 'java/util/concurrent/FutureTask')}
  0x000002b6b280e05c: aa06 49ba | e852 6d11 | b702 0000 | 4c89 5424 | 0848 c704 | 2410 0000 

  0x000002b6b280e074: ;   {runtime_call counter_overflow Runtime1 stub}
  0x000002b6b280e074: 00e8 8685 

  0x000002b6b280e078: ; ImmutableOopMap {[232]=Oop }
                      ;*goto {reexecute=1 rethrow=0 return_oop=0}
                      ; - (reexecute) java.util.concurrent.FutureTask::handlePossibleCancellationInterrupt@16 (line 386)
                      ; - java.util.concurrent.FutureTask::run@88 (line 335)
  0x000002b6b280e078: aa06 e98c 

  0x000002b6b280e07c: ;   {internal_word}
  0x000002b6b280e07c: efff ff49 | ba4a d080 | b2b6 0200 | 004d 8997 | 6004 0000 

  0x000002b6b280e090: ;   {runtime_call SafepointBlob}
  0x000002b6b280e090: e96b 769e 

  0x000002b6b280e094: ;   {internal_word}
  0x000002b6b280e094: 0649 ba60 | d080 b2b6 | 0200 004d | 8997 6004 

  0x000002b6b280e0a4: ;   {runtime_call SafepointBlob}
  0x000002b6b280e0a4: 0000 e955 | 769e 0648 

  0x000002b6b280e0ac: ;   {runtime_call fast_new_instance Runtime1 stub}
  0x000002b6b280e0ac: 8bd2 e8cd 

  0x000002b6b280e0b0: ; ImmutableOopMap {[232]=Oop }
                      ;*new {reexecute=0 rethrow=0 return_oop=0}
                      ; - java.lang.Class::cast@12 (line 4067)
                      ; - java.lang.invoke.VarHandleInts$FieldInstanceReadWrite::setRelease@13 (line 170)
                      ; - java.lang.invoke.VarHandleGuards::guard_LI_V@45 (line 122)
                      ; - java.util.concurrent.FutureTask::set@22 (line 284)
                      ; - java.util.concurrent.FutureTask::run@68 (line 325)
  0x000002b6b280e0b0: 33aa 06e9 | 0ef0 ffff 

  0x000002b6b280e0b8: ;   {runtime_call fast_new_instance Runtime1 stub}
  0x000002b6b280e0b8: 488b d2e8 

  0x000002b6b280e0bc: ; ImmutableOopMap {[232]=Oop [256]=Oop }
                      ;*new {reexecute=0 rethrow=0 return_oop=0}
                      ; - java.lang.Class::cast@12 (line 4067)
                      ; - java.lang.invoke.VarHandleInts$FieldInstanceReadWrite::compareAndSet@15 (line 178)
                      ; - java.lang.invoke.VarHandleGuards::guard_LII_Z@50 (line 137)
                      ; - java.util.concurrent.FutureTask::set@6 (line 282)
                      ; - java.util.concurrent.FutureTask::run@68 (line 325)
  0x000002b6b280e0bc: c033 aa06 | e9ef f0ff | ff48 8bd2 

  0x000002b6b280e0c8: ;   {runtime_call fast_new_instance Runtime1 stub}
  0x000002b6b280e0c8: e8b3 33aa 

  0x000002b6b280e0cc: ; ImmutableOopMap {[232]=Oop }
                      ;*new {reexecute=0 rethrow=0 return_oop=0}
                      ; - java.lang.Class::cast@12 (line 4067)
                      ; - java.lang.invoke.VarHandleInts$FieldInstanceReadWrite::setRelease@13 (line 170)
                      ; - java.lang.invoke.VarHandleGuards::guard_LI_V@45 (line 122)
                      ; - java.util.concurrent.FutureTask::setException@22 (line 302)
                      ; - java.util.concurrent.FutureTask::run@59 (line 322)
  0x000002b6b280e0cc: 06e9 caf1 | ffff 488b 

  0x000002b6b280e0d4: ;   {runtime_call fast_new_instance Runtime1 stub}
  0x000002b6b280e0d4: d2e8 a633 

  0x000002b6b280e0d8: ; ImmutableOopMap {[232]=Oop [280]=Oop }
                      ;*new {reexecute=0 rethrow=0 return_oop=0}
                      ; - java.lang.Class::cast@12 (line 4067)
                      ; - java.lang.invoke.VarHandleInts$FieldInstanceReadWrite::compareAndSet@15 (line 178)
                      ; - java.lang.invoke.VarHandleGuards::guard_LII_Z@50 (line 137)
                      ; - java.util.concurrent.FutureTask::setException@6 (line 300)
                      ; - java.util.concurrent.FutureTask::run@59 (line 322)
  0x000002b6b280e0d8: aa06 e9ad | f2ff ff8b | 7a18 48c1 | e703 4883 | ff00 0f84 | 6ef3 ffff | 4889 3c24 

  0x000002b6b280e0f4: ;   {runtime_call g1_pre_barrier_slow}
  0x000002b6b280e0f4: e807 8baa | 06e9 60f3 | ffff 4883 | fe00 0f84 | 7bf3 ffff | 4889 1424 

  0x000002b6b280e10c: ;   {runtime_call g1_post_barrier_slow}
  0x000002b6b280e10c: e8ef 8daa | 06e9 6df3 

  0x000002b6b280e114: ;   {metadata({method} {0x000002b7116d52f0} 'handlePossibleCancellationInterrupt' '(I)V' in 'java/util/concurrent/FutureTask')}
  0x000002b6b280e114: ffff 49ba | e852 6d11 | b702 0000 | 4c89 5424 | 0848 c704 | 24ff ffff 

  0x000002b6b280e12c: ;   {runtime_call counter_overflow Runtime1 stub}
  0x000002b6b280e12c: ffe8 ce84 

  0x000002b6b280e130: ; ImmutableOopMap {rax=Oop rdx=Oop [232]=Oop [288]=Oop }
                      ;*synchronization entry
                      ; - java.util.concurrent.FutureTask::handlePossibleCancellationInterrupt@-1 (line 384)
                      ; - java.util.concurrent.FutureTask::run@116 (line 335)
  0x000002b6b280e130: aa06 e9ba 

  0x000002b6b280e134: ;   {metadata({method} {0x000002b6cf429fc8} 'yield' '()V' in 'java/lang/Thread')}
  0x000002b6b280e134: f3ff ff49 | bac0 9f42 | cfb6 0200 | 004c 8954 | 2408 48c7 | 0424 ffff 

  0x000002b6b280e14c: ;   {runtime_call counter_overflow Runtime1 stub}
  0x000002b6b280e14c: ffff e8ad 

  0x000002b6b280e150: ; ImmutableOopMap {rdx=Oop [232]=Oop [288]=Oop }
                      ;*synchronization entry
                      ; - java.lang.Thread::yield@-1 (line 442)
                      ; - java.util.concurrent.FutureTask::handlePossibleCancellationInterrupt@13 (line 386)
                      ; - java.util.concurrent.FutureTask::run@116 (line 335)
  0x000002b6b280e150: 84aa 06e9 | 33f4 ffff | 4889 3424 

  0x000002b6b280e15c: ;   {runtime_call throw_class_cast_exception Runtime1 stub}
  0x000002b6b280e15c: e81f 4eaa 

  0x000002b6b280e160: ; ImmutableOopMap {[232]=Oop [288]=Oop }
                      ;*checkcast {reexecute=0 rethrow=0 return_oop=0}
                      ; - java.lang.Thread::yield@12 (line 442)
                      ; - java.util.concurrent.FutureTask::handlePossibleCancellationInterrupt@13 (line 386)
                      ; - java.util.concurrent.FutureTask::run@116 (line 335)
                      ;   {runtime_call throw_null_pointer_exception Runtime1 stub}
  0x000002b6b280e160: 06e8 1a2a 

  0x000002b6b280e164: ; ImmutableOopMap {rsi=Oop [232]=Oop [288]=Oop }
                      ;*invokevirtual tryYield {reexecute=0 rethrow=0 return_oop=0}
                      ; - java.lang.Thread::yield@17 (line 443)
                      ; - java.util.concurrent.FutureTask::handlePossibleCancellationInterrupt@13 (line 386)
                      ; - java.util.concurrent.FutureTask::run@116 (line 335)
                      ;   {metadata({method} {0x000002b7116d52f0} 'handlePossibleCancellationInterrupt' '(I)V' in 'java/util/concurrent/FutureTask')}
  0x000002b6b280e164: aa06 49ba | e852 6d11 | b702 0000 | 4c89 5424 | 0848 c704 | 2410 0000 

  0x000002b6b280e17c: ;   {runtime_call counter_overflow Runtime1 stub}
  0x000002b6b280e17c: 00e8 7e84 

  0x000002b6b280e180: ; ImmutableOopMap {[232]=Oop [288]=Oop }
                      ;*goto {reexecute=1 rethrow=0 return_oop=0}
                      ; - (reexecute) java.util.concurrent.FutureTask::handlePossibleCancellationInterrupt@16 (line 386)
                      ; - java.util.concurrent.FutureTask::run@116 (line 335)
  0x000002b6b280e180: aa06 e934 | f7ff ff48 

  0x000002b6b280e188: ;   {runtime_call fast_new_instance Runtime1 stub}
  0x000002b6b280e188: 8bd2 e8f1 

  0x000002b6b280e18c: ; ImmutableOopMap {rbx=Oop [232]=Oop }
                      ;*new {reexecute=0 rethrow=0 return_oop=0}
                      ; - java.lang.Class::cast@12 (line 4067)
                      ; - java.lang.invoke.VarHandleReferences$FieldInstanceReadWrite::compareAndSet@41 (line 183)
                      ; - java.lang.invoke.VarHandleGuards::guard_LLL_Z@50 (line 68)
                      ; - java.util.concurrent.FutureTask::run@15 (line 309)
  0x000002b6b280e18c: 32aa 06e9 | b3f7 ffff 

  0x000002b6b280e194: ;   {runtime_call fast_new_instance Runtime1 stub}
  0x000002b6b280e194: 488b d2e8 

  0x000002b6b280e198: ; ImmutableOopMap {r9=Oop [232]=Oop [312]=Oop }
                      ;*new {reexecute=0 rethrow=0 return_oop=0}
                      ; - java.lang.Class::cast@12 (line 4067)
                      ; - java.lang.invoke.VarHandleReferences$FieldInstanceReadWrite::compareAndSet@15 (line 180)
                      ; - java.lang.invoke.VarHandleGuards::guard_LLL_Z@50 (line 68)
                      ; - java.util.concurrent.FutureTask::run@15 (line 309)
  0x000002b6b280e198: e432 aa06 | e98b f8ff | ff49 8b87 | f804 0000 | 49c7 87f8 | 0400 0000 | 0000 0049 | c787 0005 
  0x000002b6b280e1b8: 0000 0000 | 0000 4881 | c450 0100 

  0x000002b6b280e1c4: ;   {runtime_call unwind_exception Runtime1 stub}
  0x000002b6b280e1c4: 005d e9b5 | 1aaa 06f4 | f4f4 f4f4 
[Stub Code]
  0x000002b6b280e1d0: ;   {no_reloc}
  0x000002b6b280e1d0: 0f1f 4400 

  0x000002b6b280e1d4: ;   {static_stub}
  0x000002b6b280e1d4: 0048 bb00 | 0000 0000 

  0x000002b6b280e1dc: ;   {runtime_call nmethod}
  0x000002b6b280e1dc: 0000 00e9 | fbff ffff 

  0x000002b6b280e1e4: ;   {static_stub}
  0x000002b6b280e1e4: 9048 bb00 | 0000 0000 

  0x000002b6b280e1ec: ;   {runtime_call nmethod}
  0x000002b6b280e1ec: 0000 00e9 | fbff ffff 

  0x000002b6b280e1f4: ;   {static_stub}
  0x000002b6b280e1f4: 9048 bb00 | 0000 0000 

  0x000002b6b280e1fc: ;   {runtime_call nmethod}
  0x000002b6b280e1fc: 0000 00e9 | fbff ffff 

  0x000002b6b280e204: ;   {static_stub}
  0x000002b6b280e204: 48bb 0000 | 0000 0000 

  0x000002b6b280e20c: ;   {runtime_call nmethod}
  0x000002b6b280e20c: 0000 e9fb 

  0x000002b6b280e210: ;   {static_stub}
  0x000002b6b280e210: ffff ff48 | bb00 0000 | 0000 0000 

  0x000002b6b280e21c: ;   {runtime_call nmethod}
  0x000002b6b280e21c: 00e9 fbff 

  0x000002b6b280e220: ;   {static_stub}
  0x000002b6b280e220: ffff 48bb | 78ce 43cf | b602 0000 

  0x000002b6b280e22c: ;   {runtime_call I2C/C2I adapters}
  0x000002b6b280e22c: e93d b09d 

  0x000002b6b280e230: ;   {static_stub}
  0x000002b6b280e230: 0648 bb18 | 546d 11b7 

  0x000002b6b280e238: ;   {runtime_call I2C/C2I adapters}
  0x000002b6b280e238: 0200 00e9 | 2352 9e06 

  0x000002b6b280e240: ;   {static_stub}
  0x000002b6b280e240: 48bb 0000 | 0000 0000 

  0x000002b6b280e248: ;   {runtime_call nmethod}
  0x000002b6b280e248: 0000 e9fb 

  0x000002b6b280e24c: ;   {runtime_call handle_exception_from_callee Runtime1 stub}
  0x000002b6b280e24c: ffff ffe8 | 2c47 aa06 

  0x000002b6b280e254: ;   {external_word}
  0x000002b6b280e254: 48b9 506f | c9ed fc7f | 0000 4883 

  0x000002b6b280e260: ;   {runtime_call}
  0x000002b6b280e260: e4f0 48b8 | d040 8ced | fc7f 0000 

  0x000002b6b280e26c: ;   {section_word}
  0x000002b6b280e26c: ffd0 f449 | ba6f e280 | b2b6 0200 

  0x000002b6b280e278: ;   {runtime_call DeoptimizationBlob}
  0x000002b6b280e278: 0041 52e9 | 2067 9e06 
[/MachCode]


---------------  P R O C E S S  ---------------

Threads class SMR info:
_java_thread_list=0x000002b7143c1380, length=26, elements={
0x000002b6a7b8e810, 0x000002b6cdf9b920, 0x000002b6cdf9d730, 0x000002b6ce711ab0,
0x000002b6ce712500, 0x000002b6ce7158b0, 0x000002b6ce716c50, 0x000002b6ce71d9e0,
0x000002b6ce724c50, 0x000002b6ce864120, 0x000002b6ce866570, 0x000002b7151ef400,
0x000002b7167fd920, 0x000002b7163849a0, 0x000002b716e010e0, 0x000002b715ab1810,
0x000002b717c5f2b0, 0x000002b717e5fd70, 0x000002b71564d9f0, 0x000002b71564e080,
0x000002b715650150, 0x000002b7150e3390, 0x000002b7150e9600, 0x000002b7150e2d00,
0x000002b71727d8d0, 0x000002b7172806c0
}

Java Threads: ( => current thread )
  0x000002b6a7b8e810 JavaThread "main"                              [_thread_blocked, id=17676, stack(0x000000dd8ba00000,0x000000dd8bb00000) (1024K)]
  0x000002b6cdf9b920 JavaThread "Reference Handler"          daemon [_thread_blocked, id=18972, stack(0x000000dd8c200000,0x000000dd8c300000) (1024K)]
  0x000002b6cdf9d730 JavaThread "Finalizer"                  daemon [_thread_blocked, id=27100, stack(0x000000dd8c300000,0x000000dd8c400000) (1024K)]
  0x000002b6ce711ab0 JavaThread "Signal Dispatcher"          daemon [_thread_blocked, id=26656, stack(0x000000dd8c400000,0x000000dd8c500000) (1024K)]
  0x000002b6ce712500 JavaThread "Attach Listener"            daemon [_thread_blocked, id=28512, stack(0x000000dd8c500000,0x000000dd8c600000) (1024K)]
  0x000002b6ce7158b0 JavaThread "Service Thread"             daemon [_thread_blocked, id=8036, stack(0x000000dd8c600000,0x000000dd8c700000) (1024K)]
  0x000002b6ce716c50 JavaThread "Monitor Deflation Thread"   daemon [_thread_blocked, id=19028, stack(0x000000dd8c700000,0x000000dd8c800000) (1024K)]
  0x000002b6ce71d9e0 JavaThread "C2 CompilerThread0"         daemon [_thread_blocked, id=17156, stack(0x000000dd8c800000,0x000000dd8c900000) (1024K)]
  0x000002b6ce724c50 JavaThread "C1 CompilerThread0"         daemon [_thread_blocked, id=22928, stack(0x000000dd8c900000,0x000000dd8ca00000) (1024K)]
  0x000002b6ce864120 JavaThread "Notification Thread"        daemon [_thread_blocked, id=3224, stack(0x000000dd8ca00000,0x000000dd8cb00000) (1024K)]
  0x000002b6ce866570 JavaThread "Common-Cleaner"             daemon [_thread_blocked, id=16328, stack(0x000000dd8cb00000,0x000000dd8cc00000) (1024K)]
  0x000002b7151ef400 JavaThread "Thread-1"                   daemon [_thread_blocked, id=24912, stack(0x000000dd8d700000,0x000000dd8d800000) (1024K)]
  0x000002b7167fd920 JavaThread "ForkJoinPool.commonPool-worker-1" daemon [_thread_blocked, id=26636, stack(0x000000dd8d800000,0x000000dd8d900000) (1024K)]
  0x000002b7163849a0 JavaThread "ForkJoinPool.commonPool-worker-2" daemon [_thread_blocked, id=14144, stack(0x000000dd8d900000,0x000000dd8da00000) (1024K)]
  0x000002b716e010e0 JavaThread "Java2D Disposer"            daemon [_thread_blocked, id=21880, stack(0x000000dd8db00000,0x000000dd8dc00000) (1024K)]
  0x000002b715ab1810 JavaThread "AWT-Shutdown"                      [_thread_blocked, id=14988, stack(0x000000dd8dc00000,0x000000dd8dd00000) (1024K)]
  0x000002b717c5f2b0 JavaThread "AWT-Windows"                daemon [_thread_in_native, id=1016, stack(0x000000dd8dd00000,0x000000dd8de00000) (1024K)]
  0x000002b717e5fd70 JavaThread "AWT-EventQueue-0"                  [_thread_blocked, id=25104, stack(0x000000dd8de00000,0x000000dd8df00000) (1024K)]
  0x000002b71564d9f0 JavaThread "D3D Screen Updater"         daemon [_thread_blocked, id=1804, stack(0x000000dd8cd00000,0x000000dd8ce00000) (1024K)]
  0x000002b71564e080 JavaThread "TimerQueue"                 daemon [_thread_blocked, id=26820, stack(0x000000dd8e200000,0x000000dd8e300000) (1024K)]
  0x000002b715650150 JavaThread "Swing-Shell"                daemon [_thread_blocked, id=24332, stack(0x000000dd8e360000,0x000000dd8e460000) (1024K)]
  0x000002b7150e3390 JavaThread "SwingWorker-pool-2-thread-1" daemon [_thread_blocked, id=28096, stack(0x000000dd8e870000,0x000000dd8e970000) (1024K)]
  0x000002b7150e9600 JavaThread "JavaCPP Deallocator"        daemon [_thread_blocked, id=20956, stack(0x000000dd8ea70000,0x000000dd8eb70000) (1024K)]
  0x000002b7150e2d00 JavaThread "SwingWorker-pool-2-thread-2" daemon [_thread_blocked, id=2144, stack(0x000000dd8cc00000,0x000000dd8cd00000) (1024K)]
=>0x000002b71727d8d0 JavaThread "SwingWorker-pool-2-thread-3" daemon [_thread_in_native, id=25680, stack(0x000000dd91070000,0x000000dd91170000) (1024K)]
  0x000002b7172806c0 JavaThread "SwingWorker-pool-2-thread-4" daemon [_thread_in_native, id=19204, stack(0x000000dd91170000,0x000000dd91270000) (1024K)]
Total: 26

Other Threads:
  0x000002b6cdf7ff10 VMThread "VM Thread"                           [id=5268, stack(0x000000dd8c100000,0x000000dd8c200000) (1024K)]
  0x000002b6cdf6d050 WatcherThread "VM Periodic Task Thread"        [id=21608, stack(0x000000dd8c000000,0x000000dd8c100000) (1024K)]
  0x000002b6a7e183c0 WorkerThread "GC Thread#0"                     [id=23648, stack(0x000000dd8bb00000,0x000000dd8bc00000) (1024K)]
  0x000002b714c33370 WorkerThread "GC Thread#1"                     [id=27304, stack(0x000000dd8ce00000,0x000000dd8cf00000) (1024K)]
  0x000002b71440eb80 WorkerThread "GC Thread#2"                     [id=11024, stack(0x000000dd8cf00000,0x000000dd8d000000) (1024K)]
  0x000002b714b8bae0 WorkerThread "GC Thread#3"                     [id=17476, stack(0x000000dd8d000000,0x000000dd8d100000) (1024K)]
  0x000002b714407810 WorkerThread "GC Thread#4"                     [id=26560, stack(0x000000dd8d100000,0x000000dd8d200000) (1024K)]
  0x000002b714bca2d0 WorkerThread "GC Thread#5"                     [id=13356, stack(0x000000dd8d200000,0x000000dd8d300000) (1024K)]
  0x000002b714bcaa80 WorkerThread "GC Thread#6"                     [id=10468, stack(0x000000dd8d300000,0x000000dd8d400000) (1024K)]
  0x000002b714bc4310 WorkerThread "GC Thread#7"                     [id=21408, stack(0x000000dd8d400000,0x000000dd8d500000) (1024K)]
  0x000002b71498d2c0 WorkerThread "GC Thread#8"                     [id=28600, stack(0x000000dd8d500000,0x000000dd8d600000) (1024K)]
  0x000002b7146ccf00 WorkerThread "GC Thread#9"                     [id=23432, stack(0x000000dd8d600000,0x000000dd8d700000) (1024K)]
  0x000002b6a7e29cf0 ConcurrentGCThread "G1 Main Marker"            [id=6928, stack(0x000000dd8bc00000,0x000000dd8bd00000) (1024K)]
  0x000002b6a7e2af90 WorkerThread "G1 Conc#0"                       [id=13144, stack(0x000000dd8bd00000,0x000000dd8be00000) (1024K)]
  0x000002b714d46470 WorkerThread "G1 Conc#1"                       [id=17108, stack(0x000000dd8e000000,0x000000dd8e100000) (1024K)]
  0x000002b714d44b10 WorkerThread "G1 Conc#2"                       [id=26836, stack(0x000000dd8e100000,0x000000dd8e200000) (1024K)]
  0x000002b6cde308c0 ConcurrentGCThread "G1 Refine#0"               [id=3668, stack(0x000000dd8be00000,0x000000dd8bf00000) (1024K)]
  0x000002b6cde31240 ConcurrentGCThread "G1 Service"                [id=22072, stack(0x000000dd8bf00000,0x000000dd8c000000) (1024K)]
Total: 18

Threads with active compile tasks:
Total: 0

VM state: not at safepoint (normal execution)

VM Mutex/Monitor currently owned by a thread: None

Heap address: 0x0000000600c00000, size: 8180 MB, Compressed Oops mode: Zero based, Oop shift amount: 3

CDS archive(s) mapped at: [0x000002b6cf000000-0x000002b6cfc80000-0x000002b6cfc80000), size 13107200, SharedBaseAddress: 0x000002b6cf000000, ArchiveRelocationMode: 1.
Compressed class space mapped at: 0x000002b6d0000000-0x000002b710000000, reserved size: 1073741824
Narrow klass base: 0x000002b6cf000000, Narrow klass shift: 0, Narrow klass range: 0x100000000

GC Precious Log:
 CardTable entry size: 512
 Card Set container configuration: InlinePtr #cards 4 size 8 Array Of Cards #cards 32 size 80 Howl #buckets 8 coarsen threshold 7372 Howl Bitmap #cards 1024 size 144 coarsen threshold 921 Card regions per heap region 1 cards per card region 8192
 CPUs: 12 total, 12 available
 Memory: 32719M
 Large Page Support: Disabled
 NUMA Support: Disabled
 Compressed Oops: Enabled (Zero based)
 Heap Region Size: 4M
 Heap Min Capacity: 8M
 Heap Initial Capacity: 512M
 Heap Max Capacity: 8180M
 Pre-touch: Disabled
 Parallel Workers: 10
 Concurrent Workers: 3
 Concurrent Refinement Workers: 10
 Periodic GC: Disabled

Heap:
 garbage-first heap   total 69632K, used 23830K [0x0000000600c00000, 0x0000000800000000)
  region size 4096K, 1 young (4096K), 0 survivors (0K)
 Metaspace       used 38344K, committed 38656K, reserved 1114112K
  class space    used 3897K, committed 4032K, reserved 1048576K

Heap Regions: E=young(eden), S=young(survivor), O=old, HS=humongous(starts), HC=humongous(continues), CS=collection set, F=free, TAMS=top-at-mark-start, PB=parsable bottom
|   0|0x0000000600c00000, 0x0000000600fffff8, 0x0000000601000000| 99%| O|  |TAMS 0x0000000600c00000| PB 0x0000000600c00000| Untracked 
|   1|0x0000000601000000, 0x0000000601400000, 0x0000000601400000|100%| O|  |TAMS 0x0000000601000000| PB 0x0000000601000000| Untracked 
|   2|0x0000000601400000, 0x0000000601800000, 0x0000000601800000|100%| O|  |TAMS 0x0000000601400000| PB 0x0000000601400000| Untracked 
|   3|0x0000000601800000, 0x0000000601c00000, 0x0000000601c00000|100%| O|  |TAMS 0x0000000601800000| PB 0x0000000601800000| Untracked 
|   4|0x0000000601c00000, 0x0000000601ffffe0, 0x0000000602000000| 99%| O|  |TAMS 0x0000000601c00000| PB 0x0000000601c00000| Untracked 
|   5|0x0000000602000000, 0x0000000602345c10, 0x0000000602400000| 81%| O|  |TAMS 0x0000000602000000| PB 0x0000000602000000| Untracked 
|   6|0x0000000602400000, 0x0000000602400000, 0x0000000602800000|  0%| F|  |TAMS 0x0000000602400000| PB 0x0000000602400000| Untracked 
|   7|0x0000000602800000, 0x0000000602800000, 0x0000000602c00000|  0%| F|  |TAMS 0x0000000602800000| PB 0x0000000602800000| Untracked 
|   8|0x0000000602c00000, 0x0000000602c00000, 0x0000000603000000|  0%| F|  |TAMS 0x0000000602c00000| PB 0x0000000602c00000| Untracked 
|   9|0x0000000603000000, 0x0000000603000000, 0x0000000603400000|  0%| F|  |TAMS 0x0000000603000000| PB 0x0000000603000000| Untracked 
|  10|0x0000000603400000, 0x0000000603400000, 0x0000000603800000|  0%| F|  |TAMS 0x0000000603400000| PB 0x0000000603400000| Untracked 
|  11|0x0000000603800000, 0x0000000603800000, 0x0000000603c00000|  0%| F|  |TAMS 0x0000000603800000| PB 0x0000000603800000| Untracked 
|  12|0x0000000603c00000, 0x0000000603c00000, 0x0000000604000000|  0%| F|  |TAMS 0x0000000603c00000| PB 0x0000000603c00000| Untracked 
|  13|0x0000000604000000, 0x0000000604000000, 0x0000000604400000|  0%| F|  |TAMS 0x0000000604000000| PB 0x0000000604000000| Untracked 
|  14|0x0000000604400000, 0x0000000604400000, 0x0000000604800000|  0%| F|  |TAMS 0x0000000604400000| PB 0x0000000604400000| Untracked 
| 116|0x000000061dc00000, 0x000000061dc00000, 0x000000061e000000|  0%| F|  |TAMS 0x000000061dc00000| PB 0x000000061dc00000| Untracked 
| 127|0x0000000620800000, 0x00000006208ad130, 0x0000000620c00000| 16%| E|  |TAMS 0x0000000620800000| PB 0x0000000620800000| Complete 

Card table byte_map: [0x000002b6c28f0000,0x000002b6c38f0000] _byte_map_base: 0x000002b6bf8ea000

Marking Bits: (CMBitMap*) 0x000002b6a7e192d0
 Bits: [0x000002b6c38f0000, 0x000002b6cb8c0000)

Polling page: 0x000002b6a7b40000

Metaspace:

Usage:
  Non-class:     33.64 MB used.
      Class:      3.81 MB used.
       Both:     37.45 MB used.

Virtual space:
  Non-class space:       64.00 MB reserved,      33.81 MB ( 53%) committed,  1 nodes.
      Class space:        1.00 GB reserved,       3.94 MB ( <1%) committed,  1 nodes.
             Both:        1.06 GB reserved,      37.75 MB (  3%) committed. 

Chunk freelists:
   Non-Class:  13.94 MB
       Class:  12.08 MB
        Both:  26.02 MB

MaxMetaspaceSize: unlimited
CompressedClassSpaceSize: 1.00 GB
Initial GC threshold: 21.00 MB
Current GC threshold: 62.94 MB
CDS: on
 - commit_granule_bytes: 65536.
 - commit_granule_words: 8192.
 - virtual_space_node_default_size: 8388608.
 - enlarge_chunks_in_place: 1.
 - use_allocation_guard: 0.


Internal statistics:

num_allocs_failed_limit: 6.
num_arena_births: 366.
num_arena_deaths: 0.
num_vsnodes_births: 2.
num_vsnodes_deaths: 0.
num_space_committed: 602.
num_space_uncommitted: 0.
num_chunks_returned_to_freelist: 6.
num_chunks_taken_from_freelist: 1303.
num_chunk_merges: 3.
num_chunk_splits: 945.
num_chunks_enlarged: 757.
num_inconsistent_stats: 0.

CodeHeap 'non-profiled nmethods': size=120000Kb used=3434Kb max_used=4159Kb free=116566Kb
 bounds [0x000002b6b9740000, 0x000002b6b9b50000, 0x000002b6c0c70000]
CodeHeap 'profiled nmethods': size=120000Kb used=11808Kb max_used=14679Kb free=108191Kb
 bounds [0x000002b6b1c70000, 0x000002b6b2ad0000, 0x000002b6b91a0000]
CodeHeap 'non-nmethods': size=5760Kb used=2558Kb max_used=2593Kb free=3201Kb
 bounds [0x000002b6b91a0000, 0x000002b6b9430000, 0x000002b6b9740000]
 total_blobs=7203 nmethods=5829 adapters=1278
 compilation: enabled
              stopped_count=0, restarted_count=0
 full_count=0

Compilation events (20 events):
Event: 19.113 Thread 0x000002b6ce724c50 7047       1       java.awt.Window::getFocusableWindowState (5 bytes)
Event: 19.113 Thread 0x000002b6ce724c50 nmethod 7047 0x000002b6b9884290 code [0x000002b6b9884420, 0x000002b6b98844f0]
Event: 19.113 Thread 0x000002b6ce724c50 7048       3       javax.swing.RepaintManager$PaintManager::paint (201 bytes)
Event: 19.114 Thread 0x000002b6ce724c50 nmethod 7048 0x000002b6b1fdbf90 code [0x000002b6b1fdc2a0, 0x000002b6b1fdd748]
Event: 19.114 Thread 0x000002b6ce724c50 7049   !   3       javax.swing.JComponent::paintToOffscreen (108 bytes)
Event: 19.115 Thread 0x000002b6ce724c50 nmethod 7049 0x000002b6b1ea9e90 code [0x000002b6b1eaa0e0, 0x000002b6b1eaaaf8]
Event: 19.221 Thread 0x000002b6ce724c50 7051       3       java.awt.Component::firePropertyChange (26 bytes)
Event: 19.222 Thread 0x000002b6ce724c50 nmethod 7051 0x000002b6b27e6210 code [0x000002b6b27e63e0, 0x000002b6b27e67d0]
Event: 19.295 Thread 0x000002b6ce724c50 7052       3       java.awt.EventQueue::invokeLater (18 bytes)
Event: 19.295 Thread 0x000002b6ce724c50 nmethod 7052 0x000002b6b1cc5810 code [0x000002b6b1cc5a80, 0x000002b6b1cc62b0]
Event: 19.296 Thread 0x000002b6ce724c50 7053       3       sun.awt.shell.Win32ShellFolder2$FolderDisposer$1::call (68 bytes)
Event: 19.296 Thread 0x000002b6ce724c50 nmethod 7053 0x000002b6b1ed6090 code [0x000002b6b1ed6260, 0x000002b6b1ed64f0]
Event: 19.307 Thread 0x000002b6ce724c50 7054       3       java.awt.Component::isFocusOwner (5 bytes)
Event: 19.307 Thread 0x000002b6ce71d9e0 7056       4       java.awt.Component::isDisplayable (13 bytes)
Event: 19.308 Thread 0x000002b6ce724c50 nmethod 7054 0x000002b6b2263790 code [0x000002b6b2263980, 0x000002b6b2263d48]
Event: 19.308 Thread 0x000002b6ce724c50 7055   !   3       java.awt.EventQueue::removeSourceEvents (316 bytes)
Event: 19.308 Thread 0x000002b6ce71d9e0 nmethod 7056 0x000002b6b97f2d10 code [0x000002b6b97f2ea0, 0x000002b6b97f2f30]
Event: 19.309 Thread 0x000002b6ce724c50 nmethod 7055 0x000002b6b1ce8e10 code [0x000002b6b1ce9180, 0x000002b6b1ceaeb0]
Event: 19.324 Thread 0x000002b6ce724c50 7057       3       java.io.OutputStream::flush (1 bytes)
Event: 19.324 Thread 0x000002b6ce724c50 nmethod 7057 0x000002b6b2222d10 code [0x000002b6b2222ea0, 0x000002b6b2222fa8]

GC Heap History (20 events):
Event: 7.641 GC heap after
{Heap after GC invocations=8 (full 0):
 garbage-first heap   total 86016K, used 20508K [0x0000000600c00000, 0x0000000800000000)
  region size 4096K, 2 young (8192K), 2 survivors (8192K)
 Metaspace       used 30426K, committed 30848K, reserved 1114112K
  class space    used 3496K, committed 3712K, reserved 1048576K
}
Event: 8.134 GC heap before
{Heap before GC invocations=8 (full 0):
 garbage-first heap   total 86016K, used 61468K [0x0000000600c00000, 0x0000000800000000)
  region size 4096K, 12 young (49152K), 2 survivors (8192K)
 Metaspace       used 35292K, committed 35648K, reserved 1114112K
  class space    used 3550K, committed 3712K, reserved 1048576K
}
Event: 8.136 GC heap after
{Heap after GC invocations=9 (full 0):
 garbage-first heap   total 86016K, used 20312K [0x0000000600c00000, 0x0000000800000000)
  region size 4096K, 2 young (8192K), 2 survivors (8192K)
 Metaspace       used 35292K, committed 35648K, reserved 1114112K
  class space    used 3550K, committed 3712K, reserved 1048576K
}
Event: 8.291 GC heap before
{Heap before GC invocations=9 (full 0):
 garbage-first heap   total 86016K, used 61272K [0x0000000600c00000, 0x0000000800000000)
  region size 4096K, 12 young (49152K), 2 survivors (8192K)
 Metaspace       used 35293K, committed 35648K, reserved 1114112K
  class space    used 3550K, committed 3712K, reserved 1048576K
}
Event: 8.294 GC heap after
{Heap after GC invocations=10 (full 0):
 garbage-first heap   total 86016K, used 20130K [0x0000000600c00000, 0x0000000800000000)
  region size 4096K, 1 young (4096K), 1 survivors (4096K)
 Metaspace       used 35293K, committed 35648K, reserved 1114112K
  class space    used 3550K, committed 3712K, reserved 1048576K
}
Event: 8.440 GC heap before
{Heap before GC invocations=10 (full 0):
 garbage-first heap   total 86016K, used 65186K [0x0000000600c00000, 0x0000000800000000)
  region size 4096K, 12 young (49152K), 1 survivors (4096K)
 Metaspace       used 35298K, committed 35648K, reserved 1114112K
  class space    used 3550K, committed 3712K, reserved 1048576K
}
Event: 8.443 GC heap after
{Heap after GC invocations=11 (full 0):
 garbage-first heap   total 86016K, used 20043K [0x0000000600c00000, 0x0000000800000000)
  region size 4096K, 1 young (4096K), 1 survivors (4096K)
 Metaspace       used 35298K, committed 35648K, reserved 1114112K
  class space    used 3550K, committed 3712K, reserved 1048576K
}
Event: 8.484 GC heap before
{Heap before GC invocations=11 (full 0):
 garbage-first heap   total 86016K, used 28235K [0x0000000600c00000, 0x0000000800000000)
  region size 4096K, 4 young (16384K), 1 survivors (4096K)
 Metaspace       used 35601K, committed 35968K, reserved 1114112K
  class space    used 3594K, committed 3776K, reserved 1048576K
}
Event: 8.488 GC heap after
{Heap after GC invocations=12 (full 0):
 garbage-first heap   total 307200K, used 19991K [0x0000000600c00000, 0x0000000800000000)
  region size 4096K, 1 young (4096K), 1 survivors (4096K)
 Metaspace       used 35601K, committed 35968K, reserved 1114112K
  class space    used 3594K, committed 3776K, reserved 1048576K
}
Event: 9.056 GC heap before
{Heap before GC invocations=13 (full 0):
 garbage-first heap   total 69632K, used 56855K [0x0000000600c00000, 0x0000000800000000)
  region size 4096K, 12 young (49152K), 1 survivors (4096K)
 Metaspace       used 36961K, committed 37376K, reserved 1114112K
  class space    used 3788K, committed 3968K, reserved 1048576K
}
Event: 9.108 GC heap after
{Heap after GC invocations=14 (full 1):
 garbage-first heap   total 69632K, used 22667K [0x0000000600c00000, 0x0000000800000000)
  region size 4096K, 0 young (0K), 0 survivors (0K)
 Metaspace       used 36961K, committed 37376K, reserved 1114112K
  class space    used 3788K, committed 3968K, reserved 1048576K
}
Event: 10.355 GC heap before
{Heap before GC invocations=14 (full 1):
 garbage-first heap   total 69632K, used 22667K [0x0000000600c00000, 0x0000000800000000)
  region size 4096K, 1 young (4096K), 0 survivors (0K)
 Metaspace       used 37051K, committed 37440K, reserved 1114112K
  class space    used 3793K, committed 3968K, reserved 1048576K
}
Event: 10.405 GC heap after
{Heap after GC invocations=15 (full 2):
 garbage-first heap   total 69632K, used 22659K [0x0000000600c00000, 0x0000000800000000)
  region size 4096K, 0 young (0K), 0 survivors (0K)
 Metaspace       used 37051K, committed 37440K, reserved 1114112K
  class space    used 3793K, committed 3968K, reserved 1048576K
}
Event: 10.437 GC heap before
{Heap before GC invocations=15 (full 2):
 garbage-first heap   total 69632K, used 22659K [0x0000000600c00000, 0x0000000800000000)
  region size 4096K, 1 young (4096K), 0 survivors (0K)
 Metaspace       used 37061K, committed 37440K, reserved 1114112K
  class space    used 3795K, committed 3968K, reserved 1048576K
}
Event: 10.486 GC heap after
{Heap after GC invocations=16 (full 3):
 garbage-first heap   total 69632K, used 22672K [0x0000000600c00000, 0x0000000800000000)
  region size 4096K, 0 young (0K), 0 survivors (0K)
 Metaspace       used 37061K, committed 37440K, reserved 1114112K
  class space    used 3795K, committed 3968K, reserved 1048576K
}
Event: 13.109 GC heap before
{Heap before GC invocations=16 (full 3):
 garbage-first heap   total 69632K, used 63632K [0x0000000600c00000, 0x0000000800000000)
  region size 4096K, 10 young (40960K), 0 survivors (0K)
 Metaspace       used 37680K, committed 38144K, reserved 1114112K
  class space    used 3831K, committed 4032K, reserved 1048576K
}
Event: 13.111 GC heap after
{Heap after GC invocations=17 (full 3):
 garbage-first heap   total 69632K, used 23164K [0x0000000600c00000, 0x0000000800000000)
  region size 4096K, 1 young (4096K), 1 survivors (4096K)
 Metaspace       used 37680K, committed 38144K, reserved 1114112K
  class space    used 3831K, committed 4032K, reserved 1048576K
}
Event: 19.228 GC heap before
{Heap before GC invocations=17 (full 3):
 garbage-first heap   total 69632K, used 35452K [0x0000000600c00000, 0x0000000800000000)
  region size 4096K, 6 young (24576K), 1 survivors (4096K)
 Metaspace       used 38334K, committed 38656K, reserved 1114112K
  class space    used 3896K, committed 4032K, reserved 1048576K
}
Event: 19.295 GC heap after
{Heap after GC invocations=18 (full 4):
 garbage-first heap   total 69632K, used 23844K [0x0000000600c00000, 0x0000000800000000)
  region size 4096K, 0 young (0K), 0 survivors (0K)
 Metaspace       used 38334K, committed 38656K, reserved 1114112K
  class space    used 3896K, committed 4032K, reserved 1048576K
}
Event: 19.326 GC heap before
{Heap before GC invocations=18 (full 4):
 garbage-first heap   total 69632K, used 23844K [0x0000000600c00000, 0x0000000800000000)
  region size 4096K, 1 young (4096K), 0 survivors (0K)
 Metaspace       used 38342K, committed 38656K, reserved 1114112K
  class space    used 3897K, committed 4032K, reserved 1048576K
}

Dll operation events (20 events):
Event: 7.497 Loaded shared library C:\Users\ethan\.javacpp\cache\ffmpeg-6.0-1.5.9-windows-x86_64.jar\org\bytedeco\ffmpeg\windows-x86_64\swresample-4.dll
Event: 7.509 Loaded shared library C:\Users\ethan\.javacpp\cache\ffmpeg-6.0-1.5.9-windows-x86_64.jar\org\bytedeco\ffmpeg\windows-x86_64\jniswresample.dll
Event: 7.542 Loaded shared library C:\Users\ethan\.javacpp\cache\ffmpeg-6.0-1.5.9-windows-x86_64.jar\org\bytedeco\ffmpeg\windows-x86_64\avcodec-60.dll
Event: 7.556 Loaded shared library C:\Users\ethan\.javacpp\cache\ffmpeg-6.0-1.5.9-windows-x86_64.jar\org\bytedeco\ffmpeg\windows-x86_64\jniavcodec.dll
Event: 7.600 Loaded shared library C:\Users\ethan\.javacpp\cache\ffmpeg-6.0-1.5.9-windows-x86_64.jar\org\bytedeco\ffmpeg\windows-x86_64\avformat-60.dll
Event: 7.612 Loaded shared library C:\Users\ethan\.javacpp\cache\ffmpeg-6.0-1.5.9-windows-x86_64.jar\org\bytedeco\ffmpeg\windows-x86_64\jniavformat.dll
Event: 7.667 Loaded shared library C:\Users\ethan\.javacpp\cache\ffmpeg-6.0-1.5.9-windows-x86_64.jar\org\bytedeco\ffmpeg\windows-x86_64\swscale-7.dll
Event: 7.681 Loaded shared library C:\Users\ethan\.javacpp\cache\ffmpeg-6.0-1.5.9-windows-x86_64.jar\org\bytedeco\ffmpeg\windows-x86_64\jniswscale.dll
Event: 7.739 Loaded shared library C:\Users\ethan\.javacpp\cache\ffmpeg-6.0-1.5.9-windows-x86_64.jar\org\bytedeco\ffmpeg\windows-x86_64\avfilter-9.dll
Event: 7.751 Loaded shared library C:\Users\ethan\.javacpp\cache\ffmpeg-6.0-1.5.9-windows-x86_64.jar\org\bytedeco\ffmpeg\windows-x86_64\jniavfilter.dll
Event: 7.777 Loaded shared library C:\Users\ethan\.javacpp\cache\ffmpeg-6.0-1.5.9-windows-x86_64.jar\org\bytedeco\ffmpeg\windows-x86_64\avdevice-60.dll
Event: 7.792 Loaded shared library C:\Users\ethan\.javacpp\cache\ffmpeg-6.0-1.5.9-windows-x86_64.jar\org\bytedeco\ffmpeg\windows-x86_64\jniavdevice.dll
Event: 8.021 Loaded shared library C:\Users\ethan\.javacpp\cache\openblas-0.3.23-1.5.9-windows-x86_64.jar\org\bytedeco\openblas\windows-x86_64\libopenblas_nolapack.dll
Event: 8.031 Loaded shared library C:\Users\ethan\.javacpp\cache\openblas-0.3.23-1.5.9-windows-x86_64.jar\org\bytedeco\openblas\windows-x86_64\jniopenblas_nolapack.dll
Event: 8.091 Loaded shared library C:\Users\ethan\.javacpp\cache\openblas-0.3.23-1.5.9-windows-x86_64.jar\org\bytedeco\openblas\windows-x86_64\libopenblas.dll
Event: 8.101 Loaded shared library C:\Users\ethan\.javacpp\cache\openblas-0.3.23-1.5.9-windows-x86_64.jar\org\bytedeco\openblas\windows-x86_64\jniopenblas.dll
Event: 8.431 Loaded shared library C:\Users\ethan\.javacpp\cache\opencv-4.9.0-1.5.10-windows-x86_64.jar\org\bytedeco\opencv\windows-x86_64\opencv_core490.dll
Event: 8.453 Loaded shared library C:\Users\ethan\.javacpp\cache\opencv-4.9.0-1.5.10-windows-x86_64.jar\org\bytedeco\opencv\windows-x86_64\opencv_imgproc490.dll
Event: 8.471 Loaded shared library C:\Users\ethan\.javacpp\cache\opencv-4.9.0-1.5.10-windows-x86_64.jar\org\bytedeco\opencv\windows-x86_64\jniopencv_core.dll
Event: 10.590 Loaded shared library C:\Users\ethan\.javacpp\cache\opencv-4.9.0-1.5.10-windows-x86_64.jar\org\bytedeco\opencv\windows-x86_64\jniopencv_imgproc.dll

Deoptimization events (20 events):
Event: 13.034 Thread 0x000002b717e5fd70 DEOPT PACKING pc=0x000002b6b1ec7ea8 sp=0x000000dd8defeb70
Event: 13.034 Thread 0x000002b717e5fd70 DEOPT UNPACKING pc=0x000002b6b91f4e42 sp=0x000000dd8defe168 mode 0
Event: 13.083 Thread 0x000002b717e5fd70 DEOPT PACKING pc=0x000002b6b1e71efa sp=0x000000dd8defeb60
Event: 13.083 Thread 0x000002b717e5fd70 DEOPT UNPACKING pc=0x000002b6b91f4e42 sp=0x000000dd8defe108 mode 0
Event: 13.153 Thread 0x000002b717e5fd70 Uncommon trap: trap_request=0xffffff45 fr.pc=0x000002b6b979e8e8 relative=0x00000000000000c8
Event: 13.153 Thread 0x000002b717e5fd70 Uncommon trap: reason=unstable_if action=reinterpret pc=0x000002b6b979e8e8 method=java.lang.Math.round(D)J @ 48 c2
Event: 13.153 Thread 0x000002b717e5fd70 DEOPT PACKING pc=0x000002b6b979e8e8 sp=0x000000dd8defe720
Event: 13.153 Thread 0x000002b717e5fd70 DEOPT UNPACKING pc=0x000002b6b91f46a2 sp=0x000000dd8defe680 mode 2
Event: 13.205 Thread 0x000002b717e5fd70 Uncommon trap: trap_request=0xffffff45 fr.pc=0x000002b6b98d5908 relative=0x0000000000000488
Event: 13.205 Thread 0x000002b717e5fd70 Uncommon trap: reason=unstable_if action=reinterpret pc=0x000002b6b98d5908 method=java.awt.Container.findComponentAtImpl(IIZ)Ljava/awt/Component; @ 17 c2
Event: 13.205 Thread 0x000002b717e5fd70 DEOPT PACKING pc=0x000002b6b98d5908 sp=0x000000dd8defca30
Event: 13.205 Thread 0x000002b717e5fd70 DEOPT UNPACKING pc=0x000002b6b91f46a2 sp=0x000000dd8defc9b0 mode 2
Event: 13.205 Thread 0x000002b717e5fd70 Uncommon trap: trap_request=0xffffff45 fr.pc=0x000002b6b9af055c relative=0x0000000000000a7c
Event: 13.205 Thread 0x000002b717e5fd70 Uncommon trap: reason=unstable_if action=reinterpret pc=0x000002b6b9af055c method=java.awt.Container.findComponentAtImpl(IIZ)Ljava/awt/Component; @ 17 c2
Event: 13.205 Thread 0x000002b717e5fd70 DEOPT PACKING pc=0x000002b6b9af055c sp=0x000000dd8defc930
Event: 13.205 Thread 0x000002b717e5fd70 DEOPT UNPACKING pc=0x000002b6b91f46a2 sp=0x000000dd8defc888 mode 2
Event: 19.296 Thread 0x000002b717e5fd70 Uncommon trap: trap_request=0xffffff45 fr.pc=0x000002b6b9a5ce28 relative=0x0000000000000628
Event: 19.296 Thread 0x000002b717e5fd70 Uncommon trap: reason=unstable_if action=reinterpret pc=0x000002b6b9a5ce28 method=java.lang.Integer.stringSize(I)I @ 19 c2
Event: 19.296 Thread 0x000002b717e5fd70 DEOPT PACKING pc=0x000002b6b9a5ce28 sp=0x000000dd8defd790
Event: 19.296 Thread 0x000002b717e5fd70 DEOPT UNPACKING pc=0x000002b6b91f46a2 sp=0x000000dd8defd680 mode 2

Classes loaded (20 events):
Event: 13.214 Loading class sun/java2d/marlin/DMarlinRenderingEngine$NormMode$2
Event: 13.214 Loading class sun/java2d/marlin/DMarlinRenderingEngine$NormMode$2 done
Event: 13.214 Loading class sun/java2d/marlin/DMarlinRenderingEngine$NormMode$3
Event: 13.214 Loading class sun/java2d/marlin/DMarlinRenderingEngine$NormMode$3 done
Event: 13.214 Loading class java/awt/geom/EllipseIterator
Event: 13.214 Loading class java/awt/geom/EllipseIterator done
Event: 13.214 Loading class sun/java2d/marlin/Helpers
Event: 13.214 Loading class sun/java2d/marlin/Helpers done
Event: 13.214 Loading class java/lang/FdLibm$Cbrt
Event: 13.215 Loading class java/lang/FdLibm$Cbrt done
Event: 13.215 Loading class java/lang/FdLibm
Event: 13.215 Loading class java/lang/FdLibm done
Event: 13.215 Loading class java/lang/FdLibm$Acos
Event: 13.215 Loading class java/lang/FdLibm$Acos done
Event: 13.216 Loading class sun/java2d/marlin/ArrayCacheConst
Event: 13.216 Loading class sun/java2d/marlin/ArrayCacheConst done
Event: 13.226 Loading class java/util/Vector$1
Event: 13.226 Loading class java/util/Vector$1 done
Event: 13.226 Loading class javax/swing/JToggleButton$1
Event: 13.226 Loading class javax/swing/JToggleButton$1 done

Classes unloaded (0 events):
No events

Classes redefined (0 events):
No events

Internal exceptions (20 events):
Event: 3.285 Thread 0x000002b6a7b8e810 Exception <a 'java/lang/NoSuchMethodError'{0x000000061f915660}: 'long java.lang.invoke.DelegatingMethodHandle$Holder.reinvoke_L(java.lang.Object, java.lang.Object)'> (0x000000061f915660) 
thrown [s\src\hotspot\share\interpreter\linkResolver.cpp, line 773]
Event: 3.285 Thread 0x000002b6a7b8e810 Exception <a 'java/lang/NoSuchMethodError'{0x000000061f91f4a8}: 'void java.lang.invoke.DelegatingMethodHandle$Holder.reinvoke_L(java.lang.Object, java.lang.Object, long)'> (0x000000061f91f4a8) 
thrown [s\src\hotspot\share\interpreter\linkResolver.cpp, line 773]
Event: 3.391 Thread 0x000002b7151b2f10 Exception <a 'java/lang/NoSuchMethodError'{0x000000061ed87c50}: 'void java.lang.invoke.Invokers$Holder.invoke_MT(java.lang.Object, java.lang.Object, java.lang.Object)'> (0x000000061ed87c50) 
thrown [s\src\hotspot\share\interpreter\linkResolver.cpp, line 773]
Event: 3.400 Thread 0x000002b7151b2f10 Exception <a 'java/lang/ClassNotFoundException'{0x000000061edc1c38}: sun/awt/resources/spi/awtProvider> (0x000000061edc1c38) 
thrown [s\src\hotspot\share\classfile\systemDictionary.cpp, line 312]
Event: 3.410 Thread 0x000002b7151b2f10 Exception <a 'java/io/FileNotFoundException'{0x000000061edfca40}> (0x000000061edfca40) 
thrown [s\src\hotspot\share\prims\jni.cpp, line 520]
Event: 3.414 Thread 0x000002b7151b2f10 Exception <a 'java/io/FileNotFoundException'{0x000000061ee270f8}> (0x000000061ee270f8) 
thrown [s\src\hotspot\share\prims\jni.cpp, line 520]
Event: 3.495 Thread 0x000002b7151b2f10 Exception <a 'java/lang/NoSuchMethodError'{0x000000061ee97910}: 'void java.lang.invoke.DirectMethodHandle$Holder.invokeStaticInit(java.lang.Object)'> (0x000000061ee97910) 
thrown [s\src\hotspot\share\interpreter\linkResolver.cpp, line 773]
Event: 3.503 Thread 0x000002b7151b2f10 Exception <a 'java/lang/NoSuchMethodError'{0x000000061eee10f0}: 'java.lang.Object java.lang.invoke.DirectMethodHandle$Holder.invokeStatic(java.lang.Object, int, java.lang.Object)'> (0x000000061eee10f0) 
thrown [s\src\hotspot\share\interpreter\linkResolver.cpp, line 773]
Event: 3.517 Thread 0x000002b7151b2f10 Exception <a 'java/lang/ClassNotFoundException'{0x000000061e98f820}: com/sun/java/swing/plaf/windows/resources/spi/windowsProvider> (0x000000061e98f820) 
thrown [s\src\hotspot\share\classfile\systemDictionary.cpp, line 312]
Event: 3.518 Thread 0x000002b7151b2f10 Exception <a 'java/lang/ClassNotFoundException'{0x000000061e9939d8}: com/sun/swing/internal/plaf/basic/resources/spi/basicProvider> (0x000000061e9939d8) 
thrown [s\src\hotspot\share\classfile\systemDictionary.cpp, line 312]
Event: 3.522 Thread 0x000002b7151b2f10 Exception <a 'java/lang/NoSuchMethodError'{0x000000061e9a14b0}: 'java.lang.Object java.lang.invoke.DirectMethodHandle$Holder.invokeStatic(java.lang.Object, java.lang.Object, int, java.lang.Object)'> (0x000000061e9a14b0) 
thrown [s\src\hotspot\share\interpreter\linkResolver.cpp, line 773]
Event: 3.522 Thread 0x000002b7151b2f10 Exception <a 'java/lang/NoSuchMethodError'{0x000000061e9a76b8}: 'java.lang.Object java.lang.invoke.DirectMethodHandle$Holder.newInvokeSpecial(java.lang.Object, java.lang.Object, int)'> (0x000000061e9a76b8) 
thrown [s\src\hotspot\share\interpreter\linkResolver.cpp, line 773]
Event: 3.820 Thread 0x000002b717e5fd70 Exception <a 'java/lang/NoSuchMethodError'{0x000000062084bd80}: 'int java.lang.invoke.Invokers$Holder.invokeExact_MT(java.lang.Object, java.lang.Object)'> (0x000000062084bd80) 
thrown [s\src\hotspot\share\interpreter\linkResolver.cpp, line 773]
Event: 5.019 Thread 0x000002b717e5fd70 Implicit null exception at 0x000002b6b9970376 to 0x000002b6b9970633
Event: 5.026 Thread 0x000002b71564f430 Exception <a 'java/lang/NoSuchMethodError'{0x000000060340c9f8}: 'java.lang.Object java.lang.invoke.DirectMethodHandle$Holder.newInvokeSpecial(java.lang.Object, java.lang.Object, java.lang.Object, int, int, int, int, int)'> (0x000000060340c9f8) 
thrown [s\src\hotspot\share\interpreter\linkResolver.cpp, line 773]
Event: 5.541 Thread 0x000002b717e5fd70 Implicit null exception at 0x000002b6b9a93ebe to 0x000002b6b9a94114
Event: 5.576 Thread 0x000002b717e5fd70 Exception <a 'java/lang/NoSuchMethodError'{0x0000000603624690}: 'int java.lang.invoke.DirectMethodHandle$Holder.invokeStatic(java.lang.Object)'> (0x0000000603624690) 
thrown [s\src\hotspot\share\interpreter\linkResolver.cpp, line 773]
Event: 5.601 Thread 0x000002b717e5fd70 Exception <a 'java/lang/NoSuchMethodError'{0x000000060366d808}: 'java.lang.Object java.lang.invoke.DirectMethodHandle$Holder.newInvokeSpecial(java.lang.Object, int, java.lang.Object)'> (0x000000060366d808) 
thrown [s\src\hotspot\share\interpreter\linkResolver.cpp, line 773]
Event: 7.158 Thread 0x000002b7150e3390 Exception <a 'java/lang/NoSuchMethodError'{0x00000006028a4fd0}: 'int java.lang.invoke.DirectMethodHandle$Holder.invokeStaticInit(java.lang.Object, java.lang.Object, java.lang.Object, java.lang.Object)'> (0x00000006028a4fd0) 
thrown [s\src\hotspot\share\interpreter\linkResolver.cpp, line 773]
Event: 7.158 Thread 0x000002b7150e3390 Exception <a 'java/lang/IncompatibleClassChangeError'{0x00000006028ad360}: Found class java.lang.Object, but interface was expected> (0x00000006028ad360) 
thrown [s\src\hotspot\share\interpreter\linkResolver.cpp, line 840]

ZGC Phase Switch (0 events):
No events

VM Operations (20 events):
Event: 11.494 Executing VM operation: Cleanup done
Event: 12.497 Executing VM operation: Cleanup
Event: 12.497 Executing VM operation: Cleanup done
Event: 13.109 Executing VM operation: G1CollectForAllocation (G1 Evacuation Pause)
Event: 13.111 Executing VM operation: G1CollectForAllocation (G1 Evacuation Pause) done
Event: 13.206 Executing VM operation: HandshakeAllThreads (Deoptimize)
Event: 13.206 Executing VM operation: HandshakeAllThreads (Deoptimize) done
Event: 13.207 Executing VM operation: HandshakeAllThreads (Deoptimize)
Event: 13.207 Executing VM operation: HandshakeAllThreads (Deoptimize) done
Event: 14.213 Executing VM operation: Cleanup
Event: 14.213 Executing VM operation: Cleanup done
Event: 15.217 Executing VM operation: Cleanup
Event: 15.217 Executing VM operation: Cleanup done
Event: 16.224 Executing VM operation: Cleanup
Event: 16.224 Executing VM operation: Cleanup done
Event: 18.235 Executing VM operation: Cleanup
Event: 18.235 Executing VM operation: Cleanup done
Event: 19.228 Executing VM operation: G1CollectFull (System.gc())
Event: 19.295 Executing VM operation: G1CollectFull (System.gc()) done
Event: 19.326 Executing VM operation: G1CollectFull (System.gc())

Memory protections (0 events):
No events

Nmethod flushes (20 events):
Event: 10.467 Thread 0x000002b6cdf7ff10 flushing  nmethod 0x000002b6b2759890
Event: 10.467 Thread 0x000002b6cdf7ff10 flushing  nmethod 0x000002b6b2765190
Event: 10.467 Thread 0x000002b6cdf7ff10 flushing  nmethod 0x000002b6b2765710
Event: 10.467 Thread 0x000002b6cdf7ff10 flushing  nmethod 0x000002b6b2770190
Event: 10.467 Thread 0x000002b6cdf7ff10 flushing  nmethod 0x000002b6b2770a90
Event: 10.467 Thread 0x000002b6cdf7ff10 flushing  nmethod 0x000002b6b2773c10
Event: 10.467 Thread 0x000002b6cdf7ff10 flushing  nmethod 0x000002b6b2779610
Event: 10.467 Thread 0x000002b6cdf7ff10 flushing  nmethod 0x000002b6b2813410
Event: 10.467 Thread 0x000002b6cdf7ff10 flushing  nmethod 0x000002b6b283e990
Event: 10.467 Thread 0x000002b6cdf7ff10 flushing  nmethod 0x000002b6b283ec90
Event: 10.467 Thread 0x000002b6cdf7ff10 flushing  nmethod 0x000002b6b283f010
Event: 10.467 Thread 0x000002b6cdf7ff10 flushing  nmethod 0x000002b6b283f310
Event: 19.266 Thread 0x000002b6cdf7ff10 flushing  nmethod 0x000002b6b99a0c90
Event: 19.266 Thread 0x000002b6cdf7ff10 flushing  nmethod 0x000002b6b99aea90
Event: 19.266 Thread 0x000002b6cdf7ff10 flushing  nmethod 0x000002b6b99bfb10
Event: 19.266 Thread 0x000002b6cdf7ff10 flushing  nmethod 0x000002b6b99ca490
Event: 19.266 Thread 0x000002b6cdf7ff10 flushing  nmethod 0x000002b6b99dae90
Event: 19.266 Thread 0x000002b6cdf7ff10 flushing  nmethod 0x000002b6b99df490
Event: 19.266 Thread 0x000002b6cdf7ff10 flushing  nmethod 0x000002b6b24a0010
Event: 19.266 Thread 0x000002b6cdf7ff10 flushing  nmethod 0x000002b6b24a1e90

Events (20 events):
Event: 5.025 Thread 0x000002b717e5fd70 Thread added: 0x000002b71564f430
Event: 5.073 Thread 0x000002b717e5fd70 Thread added: 0x000002b715650150
Event: 5.517 Thread 0x000002b717e5fd70 Thread added: 0x000002b7156507e0
Event: 5.518 Thread 0x000002b717e5fd70 Thread added: 0x000002b71564fac0
Event: 5.519 Thread 0x000002b7156507e0 Thread exited: 0x000002b7156507e0
Event: 5.521 Thread 0x000002b71564fac0 Thread exited: 0x000002b71564fac0
Event: 5.560 Thread 0x000002b717e5fd70 Thread added: 0x000002b71564fac0
Event: 5.561 Thread 0x000002b71564fac0 Thread exited: 0x000002b71564fac0
Event: 6.688 Thread 0x000002b717e5fd70 Thread added: 0x000002b71564fac0
Event: 6.689 Thread 0x000002b71564fac0 Thread exited: 0x000002b71564fac0
Event: 7.128 Thread 0x000002b717e5fd70 Thread added: 0x000002b7150e3390
Event: 7.368 Thread 0x000002b6ce724c50 Thread added: 0x000002b7159cf930
Event: 7.384 Thread 0x000002b7150e3390 Thread added: 0x000002b7150e9600
Event: 8.659 Thread 0x000002b7159cf930 Thread added: 0x000002b722b63750
Event: 8.913 Thread 0x000002b722b63750 Thread exited: 0x000002b722b63750
Event: 8.913 Thread 0x000002b7159cf930 Thread exited: 0x000002b7159cf930
Event: 10.029 Thread 0x000002b71564f430 Thread exited: 0x000002b71564f430
Event: 10.425 Thread 0x000002b717e5fd70 Thread added: 0x000002b7150e2d00
Event: 18.312 Thread 0x000002b717e5fd70 Thread added: 0x000002b71727d8d0
Event: 19.221 Thread 0x000002b717e5fd70 Thread added: 0x000002b7172806c0


Dynamic libraries:
0x00007ff615360000 - 0x00007ff61536e000 	C:\Program Files\Eclipse Adoptium\jdk-21.0.5.11-hotspot\bin\java.exe
0x00007ffd78890000 - 0x00007ffd78a88000 	C:\WINDOWS\SYSTEM32\ntdll.dll
0x00007ffd77e60000 - 0x00007ffd77f22000 	C:\WINDOWS\System32\KERNEL32.DLL
0x00007ffd76450000 - 0x00007ffd7674f000 	C:\WINDOWS\System32\KERNELBASE.dll
0x00007ffd76100000 - 0x00007ffd76200000 	C:\WINDOWS\System32\ucrtbase.dll
0x00007ffd6ca10000 - 0x00007ffd6ca2e000 	C:\Program Files\Eclipse Adoptium\jdk-21.0.5.11-hotspot\bin\VCRUNTIME140.dll
0x00007ffd6c9d0000 - 0x00007ffd6c9e8000 	C:\Program Files\Eclipse Adoptium\jdk-21.0.5.11-hotspot\bin\jli.dll
0x00007ffd786b0000 - 0x00007ffd7884d000 	C:\WINDOWS\System32\USER32.dll
0x00007ffd76880000 - 0x00007ffd768a2000 	C:\WINDOWS\System32\win32u.dll
0x00007ffd64580000 - 0x00007ffd6481a000 	C:\WINDOWS\WinSxS\amd64_microsoft.windows.common-controls_6595b64144ccf1df_6.0.19041.4355_none_60b8b9eb71f62e16\COMCTL32.dll
0x00007ffd768b0000 - 0x00007ffd768db000 	C:\WINDOWS\System32\GDI32.dll
0x00007ffd777d0000 - 0x00007ffd7786e000 	C:\WINDOWS\System32\msvcrt.dll
0x00007ffd76280000 - 0x00007ffd7639a000 	C:\WINDOWS\System32\gdi32full.dll
0x00007ffd76750000 - 0x00007ffd767ed000 	C:\WINDOWS\System32\msvcp_win.dll
0x00007ffd77b70000 - 0x00007ffd77b9f000 	C:\WINDOWS\System32\IMM32.DLL
0x00007ffd70270000 - 0x00007ffd7027c000 	C:\Program Files\Eclipse Adoptium\jdk-21.0.5.11-hotspot\bin\vcruntime140_1.dll
0x00007ffd561b0000 - 0x00007ffd5623d000 	C:\Program Files\Eclipse Adoptium\jdk-21.0.5.11-hotspot\bin\msvcp140.dll
0x00007ffced2a0000 - 0x00007ffcee02f000 	C:\Program Files\Eclipse Adoptium\jdk-21.0.5.11-hotspot\bin\server\jvm.dll
0x00007ffd77950000 - 0x00007ffd779ff000 	C:\WINDOWS\System32\ADVAPI32.dll
0x00007ffd77db0000 - 0x00007ffd77e4f000 	C:\WINDOWS\System32\sechost.dll
0x00007ffd76bd0000 - 0x00007ffd76cf3000 	C:\WINDOWS\System32\RPCRT4.dll
0x00007ffd76250000 - 0x00007ffd76277000 	C:\WINDOWS\System32\bcrypt.dll
0x00007ffd77400000 - 0x00007ffd7746b000 	C:\WINDOWS\System32\WS2_32.dll
0x00007ffd75ac0000 - 0x00007ffd75b0b000 	C:\WINDOWS\SYSTEM32\POWRPROF.dll
0x00007ffd72cf0000 - 0x00007ffd72cfa000 	C:\WINDOWS\SYSTEM32\VERSION.dll
0x00007ffd6b0c0000 - 0x00007ffd6b0e7000 	C:\WINDOWS\SYSTEM32\WINMM.dll
0x00007ffd75a80000 - 0x00007ffd75a92000 	C:\WINDOWS\SYSTEM32\UMPDC.dll
0x00007ffd73cf0000 - 0x00007ffd73d02000 	C:\WINDOWS\SYSTEM32\kernel.appcore.dll
0x00007ffd6eca0000 - 0x00007ffd6ecaa000 	C:\Program Files\Eclipse Adoptium\jdk-21.0.5.11-hotspot\bin\jimage.dll
0x00007ffd68fc0000 - 0x00007ffd691a4000 	C:\WINDOWS\SYSTEM32\DBGHELP.DLL
0x00007ffd57380000 - 0x00007ffd573b4000 	C:\WINDOWS\SYSTEM32\dbgcore.DLL
0x00007ffd767f0000 - 0x00007ffd76872000 	C:\WINDOWS\System32\bcryptPrimitives.dll
0x00007ffd6c9b0000 - 0x00007ffd6c9cf000 	C:\Program Files\Eclipse Adoptium\jdk-21.0.5.11-hotspot\bin\java.dll
0x00007ffd77f40000 - 0x00007ffd786ad000 	C:\WINDOWS\System32\SHELL32.dll
0x00007ffd73fd0000 - 0x00007ffd74774000 	C:\WINDOWS\SYSTEM32\windows.storage.dll
0x00007ffd77470000 - 0x00007ffd777c5000 	C:\WINDOWS\System32\combase.dll
0x00007ffd75890000 - 0x00007ffd758bb000 	C:\WINDOWS\SYSTEM32\Wldp.dll
0x00007ffd77870000 - 0x00007ffd7793d000 	C:\WINDOWS\System32\OLEAUT32.dll
0x00007ffd77a00000 - 0x00007ffd77aad000 	C:\WINDOWS\System32\SHCORE.dll
0x00007ffd77ab0000 - 0x00007ffd77b05000 	C:\WINDOWS\System32\shlwapi.dll
0x00007ffd75e60000 - 0x00007ffd75e85000 	C:\WINDOWS\SYSTEM32\profapi.dll
0x00007ffd42240000 - 0x00007ffd42317000 	C:\Program Files\Eclipse Adoptium\jdk-21.0.5.11-hotspot\bin\jsvml.dll
0x00007ffd6ec30000 - 0x00007ffd6ec40000 	C:\Program Files\Eclipse Adoptium\jdk-21.0.5.11-hotspot\bin\net.dll
0x00007ffd6ed30000 - 0x00007ffd6ee3a000 	C:\WINDOWS\SYSTEM32\WINHTTP.dll
0x00007ffd755f0000 - 0x00007ffd7565c000 	C:\WINDOWS\system32\mswsock.dll
0x00007ffd6b540000 - 0x00007ffd6b556000 	C:\Program Files\Eclipse Adoptium\jdk-21.0.5.11-hotspot\bin\nio.dll
0x00007ffd6b520000 - 0x00007ffd6b538000 	C:\Program Files\Eclipse Adoptium\jdk-21.0.5.11-hotspot\bin\zip.dll
0x00007ffd6b4f0000 - 0x00007ffd6b514000 	C:\ProgramData\chocolatey\lib\maven\apache-maven-3.9.9\lib\jansi-native\Windows\x86_64\jansi.dll
0x00007ffd6caf0000 - 0x00007ffd6cb00000 	C:\Program Files\Eclipse Adoptium\jdk-21.0.5.11-hotspot\bin\verify.dll
0x00007ffd41e10000 - 0x00007ffd41f9e000 	C:\Program Files\Eclipse Adoptium\jdk-21.0.5.11-hotspot\bin\awt.dll
0x00007ffd72bf0000 - 0x00007ffd72c84000 	C:\WINDOWS\SYSTEM32\apphelp.dll
0x00007ffd738e0000 - 0x00007ffd7397e000 	C:\WINDOWS\system32\uxtheme.dll
0x00007ffd77c30000 - 0x00007ffd77d45000 	C:\WINDOWS\System32\MSCTF.dll
0x00007ffd768e0000 - 0x00007ffd76a0b000 	C:\WINDOWS\System32\ole32.dll
0x00007ffd73cc0000 - 0x00007ffd73cef000 	C:\WINDOWS\system32\DWMAPI.DLL
0x00007ffd41600000 - 0x00007ffd41728000 	C:\WINDOWS\system32\opengl32.dll
0x00007ffd64c60000 - 0x00007ffd64c8c000 	C:\WINDOWS\SYSTEM32\GLU32.dll
0x00007ffd6e580000 - 0x00007ffd6e751000 	C:\WINDOWS\system32\d3d9.dll
0x00007ffd3c160000 - 0x00007ffd3c222000 	C:\WINDOWS\System32\DriverStore\FileRepository\nv_dispi.inf_amd64_9d15b9aa9e1c885b\nvldumdx.dll
0x00007ffd75aa0000 - 0x00007ffd75ab2000 	C:\WINDOWS\SYSTEM32\msasn1.dll
0x00007ffd6dde0000 - 0x00007ffd6de11000 	C:\WINDOWS\SYSTEM32\cryptnet.dll
0x00007ffd75fa0000 - 0x00007ffd760fc000 	C:\WINDOWS\System32\CRYPT32.dll
0x00007ffd75800000 - 0x00007ffd7580c000 	C:\WINDOWS\SYSTEM32\cryptbase.dll
0x00007ffd6d970000 - 0x00007ffd6dab7000 	C:\WINDOWS\SYSTEM32\drvstore.dll
0x00007ffd75cc0000 - 0x00007ffd75cf3000 	C:\WINDOWS\SYSTEM32\devobj.dll
0x00007ffd76200000 - 0x00007ffd7624e000 	C:\WINDOWS\System32\cfgmgr32.dll
0x00007ffd75f30000 - 0x00007ffd75f98000 	C:\WINDOWS\System32\wintrust.dll
0x00007ffd773e0000 - 0x00007ffd773fd000 	C:\WINDOWS\System32\imagehlp.dll
0x00007ffd757e0000 - 0x00007ffd757f8000 	C:\WINDOWS\SYSTEM32\CRYPTSP.dll
0x00007ffd74f10000 - 0x00007ffd74f48000 	C:\WINDOWS\system32\rsaenh.dll
0x00007ffca53e0000 - 0x00007ffca8b7a000 	C:\WINDOWS\System32\DriverStore\FileRepository\nv_dispi.inf_amd64_9d15b9aa9e1c885b\nvgpucomp64.dll
0x00007ffd22990000 - 0x00007ffd22a67000 	C:\WINDOWS\System32\DriverStore\FileRepository\nv_dispi.inf_amd64_9d15b9aa9e1c885b\NvMemMapStoragex.dll
0x00007ffceb1d0000 - 0x00007ffced297000 	C:\WINDOWS\System32\DriverStore\FileRepository\nv_dispi.inf_amd64_9d15b9aa9e1c885b\nvd3dumx.dll
0x00007ffd6e870000 - 0x00007ffd6eb40000 	C:\WINDOWS\system32\nvspcap64.dll
0x00007ffd75160000 - 0x00007ffd75193000 	C:\WINDOWS\SYSTEM32\ntmarta.dll
0x00007ffd74790000 - 0x00007ffd747b3000 	C:\WINDOWS\SYSTEM32\gpapi.dll
0x00007ffd1a570000 - 0x00007ffd1a724000 	C:\WINDOWS\System32\DriverStore\FileRepository\nv_dispi.inf_amd64_9d15b9aa9e1c885b\nvppex.dll
0x00007ffd6b1d0000 - 0x00007ffd6b20b000 	C:\WINDOWS\SYSTEM32\dxcore.dll
0x00007ffd4f860000 - 0x00007ffd4f8e7000 	C:\Program Files\Eclipse Adoptium\jdk-21.0.5.11-hotspot\bin\freetype.dll
0x00007ffd42160000 - 0x00007ffd4223b000 	C:\Program Files\Eclipse Adoptium\jdk-21.0.5.11-hotspot\bin\fontmanager.dll
0x00007ffd581e0000 - 0x00007ffd582d9000 	C:\WINDOWS\SYSTEM32\textinputframework.dll
0x00007ffd71e40000 - 0x00007ffd7219b000 	C:\WINDOWS\System32\CoreUIComponents.dll
0x00007ffd721e0000 - 0x00007ffd722d2000 	C:\WINDOWS\System32\CoreMessaging.dll
0x00007ffd730b0000 - 0x00007ffd73207000 	C:\WINDOWS\SYSTEM32\wintypes.dll
0x00007ffd644b0000 - 0x00007ffd64516000 	C:\WINDOWS\system32\Oleacc.dll
0x00007ffd5ff30000 - 0x00007ffd5ffe0000 	C:\WINDOWS\WinSxS\amd64_microsoft.windows.common-controls_6595b64144ccf1df_5.82.19041.4355_none_792ecafd2442822f\comctl32.dll
0x00007ffd76d00000 - 0x00007ffd76da9000 	C:\WINDOWS\System32\clbcatq.dll
0x00007ffd72d00000 - 0x00007ffd72df6000 	C:\WINDOWS\system32\propsys.dll
0x00007ffd58960000 - 0x00007ffd58977000 	C:\WINDOWS\system32\NetworkExplorer.dll
0x00007ffd736a0000 - 0x00007ffd73854000 	C:\WINDOWS\SYSTEM32\WindowsCodecs.dll
0x00007ffd528a0000 - 0x00007ffd52906000 	C:\Windows\System32\thumbcache.dll
0x00007ffd624a0000 - 0x00007ffd62691000 	C:\Windows\System32\urlmon.dll
0x00007ffd61c70000 - 0x00007ffd61f2f000 	C:\Windows\System32\iertutil.dll
0x00007ffd753e0000 - 0x00007ffd753ec000 	C:\Windows\System32\netutils.dll
0x00007ffd63a70000 - 0x00007ffd63a98000 	C:\Windows\System32\srvcli.dll
0x00007ffd75de0000 - 0x00007ffd75e12000 	C:\Windows\System32\SspiCli.dll
0x00007ffd626d0000 - 0x00007ffd626ed000 	C:\WINDOWS\SYSTEM32\MPR.dll
0x00007ffd4f5d0000 - 0x00007ffd4f5db000 	C:\WINDOWS\System32\drprov.dll
0x00007ffd75900000 - 0x00007ffd7595b000 	C:\WINDOWS\System32\WINSTA.dll
0x00007ffd4f270000 - 0x00007ffd4f28f000 	C:\WINDOWS\System32\ntlanman.dll
0x00007ffd4f090000 - 0x00007ffd4f0ae000 	C:\WINDOWS\System32\davclnt.dll
0x00007ffd4f080000 - 0x00007ffd4f08d000 	C:\WINDOWS\System32\DAVHLPR.dll
0x00007ffd75030000 - 0x00007ffd75049000 	C:\WINDOWS\System32\wkscli.dll
0x00007ffd51c30000 - 0x00007ffd51c42000 	C:\WINDOWS\SYSTEM32\cscapi.dll
0x00007ffd61b90000 - 0x00007ffd61be6000 	C:\Windows\System32\dlnashext.dll
0x00007ffd5fca0000 - 0x00007ffd5fd04000 	C:\Windows\System32\PlayToDevice.dll
0x00007ffd54710000 - 0x00007ffd54730000 	C:\Windows\System32\DevDispItemProvider.dll
0x00007ffd6f630000 - 0x00007ffd6f6b9000 	C:\WINDOWS\System32\MMDevApi.dll
0x00007ffd43090000 - 0x00007ffd43131000 	C:\WINDOWS\system32\wpdshext.dll
0x00007ffd64820000 - 0x00007ffd649c8000 	C:\WINDOWS\WinSxS\amd64_microsoft.windows.gdiplus_6595b64144ccf1df_1.1.19041.5369_none_91a453e0cc8824e6\gdiplus.dll
0x00007ffd725d0000 - 0x00007ffd72673000 	C:\Windows\System32\PortableDeviceApi.dll
0x00007ffd76f60000 - 0x00007ffd773d1000 	C:\WINDOWS\System32\SETUPAPI.dll
0x00007ffd61ab0000 - 0x00007ffd61ae7000 	C:\Windows\System32\EhStorShell.dll
0x00007ffd58080000 - 0x00007ffd580a6000 	C:\Windows\System32\EhStorAPI.dll
0x00007ffd72cd0000 - 0x00007ffd72ce4000 	C:\Windows\System32\WTSAPI32.dll
0x00007ffd51be0000 - 0x00007ffd51bed000 	C:\WINDOWS\SYSTEM32\LINKINFO.dll
0x00007ffd60450000 - 0x00007ffd6045c000 	C:\WINDOWS\SYSTEM32\Secur32.dll
0x00007ffd52910000 - 0x00007ffd5294e000 	C:\WINDOWS\system32\dataexchange.dll
0x00007ffd71060000 - 0x00007ffd712c3000 	C:\WINDOWS\system32\d3d11.dll
0x00007ffd718b0000 - 0x00007ffd71a94000 	C:\WINDOWS\system32\dcomp.dll
0x00007ffd747c0000 - 0x00007ffd748b6000 	C:\WINDOWS\system32\dxgi.dll
0x00007ffd6e110000 - 0x00007ffd6e313000 	C:\WINDOWS\system32\twinapi.appcore.dll
0x00007ffd60880000 - 0x00007ffd60978000 	C:\Windows\System32\MrmCoreR.dll
0x00007ffd61850000 - 0x00007ffd61861000 	C:\WINDOWS\SYSTEM32\windows.staterepositorycore.dll
0x000002b721f10000 - 0x000002b721f14000 	C:\Users\ethan\.javacpp\cache\javacpp-1.5.9-windows-x86_64.jar\org\bytedeco\javacpp\windows-x86_64\api-ms-win-crt-locale-l1-1-0.dll
0x000002b721f20000 - 0x000002b721f25000 	C:\Users\ethan\.javacpp\cache\javacpp-1.5.9-windows-x86_64.jar\org\bytedeco\javacpp\windows-x86_64\api-ms-win-crt-string-l1-1-0.dll
0x000002b721f30000 - 0x000002b721f35000 	C:\Users\ethan\.javacpp\cache\javacpp-1.5.9-windows-x86_64.jar\org\bytedeco\javacpp\windows-x86_64\api-ms-win-crt-stdio-l1-1-0.dll
0x000002b721f40000 - 0x000002b721f46000 	C:\Users\ethan\.javacpp\cache\javacpp-1.5.9-windows-x86_64.jar\org\bytedeco\javacpp\windows-x86_64\api-ms-win-crt-math-l1-1-0.dll

dbghelp: loaded successfully - version: 4.0.5 - missing functions: none
symbol engine: initialized successfully - sym options: 0x614 - pdb path: .;C:\Program Files\Eclipse Adoptium\jdk-21.0.5.11-hotspot\bin;C:\WINDOWS\SYSTEM32;C:\WINDOWS\WinSxS\amd64_microsoft.windows.common-controls_6595b64144ccf1df_6.0.19041.4355_none_60b8b9eb71f62e16;C:\Program Files\Eclipse Adoptium\jdk-21.0.5.11-hotspot\bin\server;C:\ProgramData\chocolatey\lib\maven\apache-maven-3.9.9\lib\jansi-native\Windows\x86_64;C:\WINDOWS\System32\DriverStore\FileRepository\nv_dispi.inf_amd64_9d15b9aa9e1c885b;C:\WINDOWS\WinSxS\amd64_microsoft.windows.common-controls_6595b64144ccf1df_5.82.19041.4355_none_792ecafd2442822f;C:\WINDOWS\WinSxS\amd64_microsoft.windows.gdiplus_6595b64144ccf1df_1.1.19041.5369_none_91a453e0cc8824e6;C:\Users\ethan\.javacpp\cache\javacpp-1.5.9-windows-x86_64.jar\org\bytedeco\javacpp\windows-x86_64;C:\Users\ethan\.javacpp\cache\ffmpeg-6.0-1.5.9-windows-x86_64.jar\org\bytedeco\ffmpeg\windows-x86_64;C:\Users\ethan\.javacpp\cache\openblas-0.3.23-1.5.9-windows-x86_64.jar\org\bytedeco\openblas\windows-x86_64;C:\Users\ethan\.javacpp\cache\opencv-4.9.0-1.5.10-windows-x86_64.jar\org\bytedeco\opencv\windows-x86_64

VM Arguments:
jvm_args: -Dclassworlds.conf=C:\ProgramData\chocolatey\lib\maven\apache-maven-3.9.9\bin\m2.conf -Dmaven.home=C:\ProgramData\chocolatey\lib\maven\apache-maven-3.9.9 -Dlibrary.jansi.path=C:\ProgramData\chocolatey\lib\maven\apache-maven-3.9.9\lib\jansi-native -Dmaven.multiModuleProjectDirectory=A:\Kinoui\SMU\COURSE WORK\year 2 sem 2\OOP\proj\OOPs 
java_command: org.codehaus.plexus.classworlds.launcher.Launcher exec:java -Dexec.mainClass=com.main.MainApplication
java_class_path (initial): C:\ProgramData\chocolatey\lib\maven\apache-maven-3.9.9\boot\plexus-classworlds-2.8.0.jar
Launcher Type: SUN_STANDARD

[Global flags]
     intx CICompilerCount                          = 4                                         {product} {ergonomic}
     uint ConcGCThreads                            = 3                                         {product} {ergonomic}
     uint G1ConcRefinementThreads                  = 10                                        {product} {ergonomic}
   size_t G1HeapRegionSize                         = 4194304                                   {product} {ergonomic}
    uintx GCDrainStackTargetSize                   = 64                                        {product} {ergonomic}
   size_t InitialHeapSize                          = 536870912                                 {product} {ergonomic}
   size_t MarkStackSize                            = 4194304                                   {product} {ergonomic}
   size_t MaxHeapSize                              = 8577351680                                {product} {ergonomic}
   size_t MaxNewSize                               = 5146411008                                {product} {ergonomic}
   size_t MinHeapDeltaBytes                        = 4194304                                   {product} {ergonomic}
   size_t MinHeapSize                              = 8388608                                   {product} {ergonomic}
    uintx NonNMethodCodeHeapSize                   = 5839372                                {pd product} {ergonomic}
    uintx NonProfiledCodeHeapSize                  = 122909434                              {pd product} {ergonomic}
    uintx ProfiledCodeHeapSize                     = 122909434                              {pd product} {ergonomic}
    uintx ReservedCodeCacheSize                    = 251658240                              {pd product} {ergonomic}
     bool SegmentedCodeCache                       = true                                      {product} {ergonomic}
   size_t SoftMaxHeapSize                          = 8577351680                             {manageable} {ergonomic}
     bool UseCompressedOops                        = true                           {product lp64_product} {ergonomic}
     bool UseG1GC                                  = true                                      {product} {ergonomic}
     bool UseLargePagesIndividualAllocation        = false                                  {pd product} {ergonomic}

Logging:
Log output configuration:
 #0: stdout all=warning uptime,level,tags foldmultilines=false
 #1: stderr all=off uptime,level,tags foldmultilines=false

Environment Variables:
JAVA_HOME=C:\Program Files\Eclipse Adoptium\jdk-21.0.5.11-hotspot
PATH=C:\Program Files\Eclipse Adoptium\jdk-21.0.5.11-hotspot\bin;C:\Users\ethan\AppData\Local\Programs\Eclipse Adoptium\jdk-21.0.6.7-hotspot\bin;C:\Program Files (x86)\Common Files\Oracle\Java\javapath;C:\Windows\system32;C:\Windows;C:\Windows\System32\Wbem;C:\Windows\System32\WindowsPowerShell\v1.0\;C:\Windows\System32\OpenSSH\;C:\Program Files (x86)\NVIDIA Corporation\PhysX\Common;C:\Program Files\NVIDIA Corporation\NVIDIA NvDLISR;C:\Program Files\Calibre2\;C:\WINDOWS\system32;C:\WINDOWS;C:\WINDOWS\System32\Wbem;C:\WINDOWS\System32\WindowsPowerShell\v1.0\;C:\WINDOWS\System32\OpenSSH\;C:\Program Files\dotnet\;A:\Kinoui\servers\remoteit\resources\x64;A:\Kinoui\[a]ss\app\remoteit\resources\x64;A:\Kinoui\[a]ss\app\remoteit\resources\x64;C:\Users\ethan\AppData\Roaming\nvm;C:\Program Files\nodejs;C:\ProgramData\chocolatey\bin;C:\ProgramData\chocolatey\lib\maven\apache-maven-3.9.9\bin;C:\Program Files\Eclipse Adoptium\jdk-21.0.5.11-hotspot\bin;C:\Program Files (x86)\Common Files\Oracle\Java\javapath;C:\Windows\system32;C:\Windows;C:\Windows\System32\Wbem;C:\Windows\System32\WindowsPowerShell\v1.0\;C:\Windows\System32\OpenSSH\;C:\Program Files (x86)\NVIDIA Corporation\PhysX\Common;C:\Program Files\NVIDIA Corporation\NVIDIA NvDLISR;C:\Program Files\Calibre2\;C:\WINDOWS\system32;C:\WINDOWS;C:\WINDOWS\System32\Wbem;C:\WINDOWS\System32\WindowsPowerShell\v1.0\;C:\WINDOWS\System32\OpenSSH\;C:\Program Files\dotnet\;A:\Kinoui\servers\remoteit\resources\x64;A:\Kinoui\[a]ss\app\remoteit\resources\x64;A:\Kinoui\[a]ss\app\remoteit\resources\x64;C:\Users\ethan\AppData\Roaming\nvm;C:\Program Files\nodejs;C:\ProgramData\chocolatey\bin;C:\ProgramData\chocolatey\lib\maven\apache-maven-3.9.9\bin;C:\Users\ethan\AppData\Local\Programs\Eclipse Adoptium\jdk-21.0.6.7-hotspot\bin;C:\Users\ethan\AppData\Local\Microsoft\WindowsApps;G:\Coding\Coding software\Microsoft VS Code\bin;C:\Users\ethan\AppData\Local\GitHubDesktop\bin;C:\Users\ethan\AppData\;C:\Program Files\Eclipse Adoptium\jre-17.0.13.11-hotspot;C:\Program Files\Eclipse Adoptium\jdk-21.0.5.11-hotspot;
USERNAME=ethan
OS=Windows_NT
PROCESSOR_IDENTIFIER=AMD64 Family 23 Model 8 Stepping 2, AuthenticAMD
TMP=C:\Users\ethan\AppData\Local\Temp
TEMP=C:\Users\ethan\AppData\Local\Temp




Periodic native trim disabled

---------------  S Y S T E M  ---------------

OS:
 Windows 10 , 64 bit Build 19041 (10.0.19041.5438)
OS uptime: 3 days 6:32 hours

CPU: total 12 (initial active 12) (12 cores per cpu, 2 threads per core) family 23 model 8 stepping 2 microcode 0x0, cx8, cmov, fxsr, ht, mmx, 3dnowpref, sse, sse2, sse3, ssse3, sse4a, sse4.1, sse4.2, popcnt, lzcnt, tsc, tscinvbit, avx, avx2, aes, clmul, bmi1, bmi2, adx, sha, fma, vzeroupper, clflush, clflushopt, rdtscp, f16c
Processor Information for all 12 processors :
  Max Mhz: 3400, Current Mhz: 3400, Mhz Limit: 3400

Memory: 4k page, system-wide physical 32719M (16658M free)
TotalPageFile size 37583M (AvailPageFile size 4382M)
current process WorkingSet (physical memory assigned to process): 315M, peak: 417M
current process commit charge ("private bytes"): 3225M, peak: 3427M

vm_info: OpenJDK 64-Bit Server VM (21.0.5+11-LTS) for windows-amd64 JRE (21.0.5+11-LTS), built on 2024-10-15T00:00:00Z by "admin" with MS VC++ 17.7 (VS2022)

END.
