#
# A fatal error has been detected by the Java Runtime Environment:
#
#  EXCEPTION_ACCESS_VIOLATION (0xc0000005) at pc=0x00007ffccbf192be, pid=18416, tid=10468
#
# JRE version: OpenJDK Runtime Environment Temurin-21.0.5+11 (21.0.5+11) (build 21.0.5+11-LTS)
# Java VM: OpenJDK 64-Bit Server VM Temurin-21.0.5+11 (21.0.5+11-LTS, mixed mode, sharing, tiered, compressed oops, compressed class ptrs, g1 gc, windows-amd64)
# Problematic frame:
# C  0x00007ffccbf192be
#
# No core dump will be written. Minidumps are not enabled by default on client versions of Windows
#
# If you would like to submit a bug report, please visit:
#   https://github.com/adoptium/adoptium-support/issues
# The crash happened outside the Java Virtual Machine in native code.
# See problematic frame for where to report the bug.
#

---------------  S U M M A R Y ------------

Command Line: -Dclassworlds.conf=C:\ProgramData\chocolatey\lib\maven\apache-maven-3.9.9\bin\m2.conf -Dmaven.home=C:\ProgramData\chocolatey\lib\maven\apache-maven-3.9.9 -Dlibrary.jansi.path=C:\ProgramData\chocolatey\lib\maven\apache-maven-3.9.9\lib\jansi-native -Dmaven.multiModuleProjectDirectory=A:\Kinoui\SMU\COURSE WORK\year 2 sem 2\OOP\proj\OOPs org.codehaus.plexus.classworlds.launcher.Launcher exec:java -Dexec.mainClass=com.main.MainApplication

Host: AMD Ryzen 5 2600 Six-Core Processor            , 12 cores, 31G,  Windows 10 , 64 bit Build 19041 (10.0.19041.5438)
Time: Mon Mar 24 04:03:56 2025 Malay Peninsula Standard Time elapsed time: 59.910074 seconds (0d 0h 0m 59s)

---------------  T H R E A D  ---------------

Current thread (0x0000021b78eb9150):  JavaThread "SwingWorker-pool-2-thread-6" daemon [_thread_in_native, id=10468, stack(0x0000009115820000,0x0000009115920000) (1024K)]

Stack: [0x0000009115820000,0x0000009115920000],  sp=0x000000911591e480,  free space=1017k
Native frames: (J=compiled Java code, j=interpreted, Vv=VM code, C=native code)
C  0x00007ffccbf192be

Java frames: (J=compiled Java code, j=interpreted, Vv=VM code)
j  org.bytedeco.opencv.global.opencv_imgproc.grabCut(Lorg/bytedeco/opencv/opencv_core/Mat;Lorg/bytedeco/opencv/opencv_core/Mat;Lorg/bytedeco/opencv/opencv_core/Rect;Lorg/bytedeco/opencv/opencv_core/Mat;Lorg/bytedeco/opencv/opencv_core/Mat;II)V+0
j  com.editor.BackgroundRemover.refineSegmentation(Ljava/util/List;Ljava/util/List;I)Lorg/bytedeco/javacv/Frame;+82
j  com.ui.handlers.ForegroundRefinementHandler$3.doInBackground()Lorg/bytedeco/javacv/Frame;+19
j  com.ui.handlers.ForegroundRefinementHandler$3.doInBackground()Ljava/lang/Object;+1
j  javax.swing.SwingWorker$1.call()Ljava/lang/Object;+14 java.desktop@21.0.5
J 5774 c1 java.util.concurrent.FutureTask.run()V java.base@21.0.5 (123 bytes) @ 0x0000021b56e2a52c [0x0000021b56e29de0+0x000000000000074c]
j  javax.swing.SwingWorker.run()V+4 java.desktop@21.0.5
j  java.util.concurrent.ThreadPoolExecutor.runWorker(Ljava/util/concurrent/ThreadPoolExecutor$Worker;)V+92 java.base@21.0.5
j  java.util.concurrent.ThreadPoolExecutor$Worker.run()V+5 java.base@21.0.5
j  java.lang.Thread.runWith(Ljava/lang/Object;Ljava/lang/Runnable;)V+5 java.base@21.0.5
j  java.lang.Thread.run()V+19 java.base@21.0.5
v  ~StubRoutines::call_stub 0x0000021b5d7d100d

siginfo: EXCEPTION_ACCESS_VIOLATION (0xc0000005), reading address 0x000000000008ac71


Registers:
RAX=0x0000000000000000, RBX=0x0000000000000071, RCX=0x000000000008ac71, RDX=0x0000000000000153
RSP=0x000000911591e480, RBP=0x000000911591e580, RSI=0x000000000000022b, RDI=0x0000000000000071
R8 =0x00007ffd761f0950, R9 =0x000000911591e138, R10=0x00007ffd761c3a80, R11=0x000000911591e460
R12=0x0000000000000004, R13=0x0000000000000001, R14=0x000000000000022b, R15=0x0000021b79c18510
RIP=0x00007ffccbf192be, EFLAGS=0x0000000000010206


Register to memory mapping:

RAX=0x0 is null
RBX=0x0000000000000071 is an unknown value
RCX=0x000000000008ac71 is an unknown value
RDX=0x0000000000000153 is an unknown value
RSP=0x000000911591e480 is pointing into the stack for thread: 0x0000021b78eb9150
RBP=0x000000911591e580 is pointing into the stack for thread: 0x0000021b78eb9150
RSI=0x000000000000022b is an unknown value
RDI=0x0000000000000071 is an unknown value
R8 =0x00007ffd761f0950 ucrtbase.dll
R9 =0x000000911591e138 is pointing into the stack for thread: 0x0000021b78eb9150
R10=0x00007ffd761c3a80 ucrtbase.dll
R11=0x000000911591e460 is pointing into the stack for thread: 0x0000021b78eb9150
R12=0x0000000000000004 is an unknown value
R13=0x0000000000000001 is an unknown value
R14=0x000000000000022b is an unknown value
R15=0x0000021b79c18510 points into unknown readable memory: 0x0000000242ff4000 | 00 40 ff 42 02 00 00 00

Top of Stack: (sp=0x000000911591e480)
0x000000911591e480:   0000000000000070 000000911591e580
0x000000911591e490:   000000000000022b 0000000000000070
0x000000911591e4a0:   407c200000000000 000000911591e790
0x000000911591e4b0:   000000911591e730 000000911591e6d0
0x000000911591e4c0:   000000911591e670 000000911591e5b0
0x000000911591e4d0:   0000024900000005 4035000000000000
0x000000911591e4e0:   401c000000000000 4020000000000000
0x000000911591e4f0:   0000021b00000000 00007ffce4f7d040
0x000000911591e500:   4050c00000000000 4047000000000000
0x000000911591e510:   4048800000000000 0000000000000000
0x000000911591e520:   0000000000000000 0000021b00000000
0x000000911591e530:   0000021b0003def0 000000060436bc58
0x000000911591e540:   000000911591e568 0000021b0003def0
0x000000911591e550:   0000000242ff4010 0000040000000249
0x000000911591e560:   0000021b481fc040 0000021b481fc040
0x000000911591e570:   0000021b483b2c40 0000021b483b2c40
0x000000911591e580:   0000000000000000 0000000000000000
0x000000911591e590:   000000911591e558 000000911591e5a0
0x000000911591e5a0:   0000000000000c00 0000000000000003
0x000000911591e5b0:   0000000000000000 0000000000000000
0x000000911591e5c0:   0000000000000000 0000000000000000
0x000000911591e5d0:   0000000000000000 0000000000000000
0x000000911591e5e0:   0000000000000000 000000060436bb80
0x000000911591e5f0:   000000060436bc58 000000911591e5f8
0x000000911591e600:   0000021b0091adba 000000000000000a
0x000000911591e610:   0000000242ff4004 0000040000000249
0x000000911591e620:   0000021b48ca5080 0000021b48ca5080
0x000000911591e630:   0000021b48eee080 0000021b48eee080
0x000000911591e640:   0000000000000000 0000021b7ad28620
0x000000911591e650:   000000911591e618 000000911591e660
0x000000911591e660:   0000000000001000 0000000000000004
0x000000911591e670:   0000000242ff4006 0000040000000249 

Instructions: (pc=0x00007ffccbf192be)
0x00007ffccbf191be:   00 e8 46 16 30 00 90 48 8d 8d 50 01 00 00 e8 39
0x00007ffccbf191ce:   16 30 00 90 48 8d 8d f0 00 00 00 e8 2c 16 30 00
0x00007ffccbf191de:   90 f2 0f 10 05 c1 61 39 00 f2 0f 11 44 24 30 f2
0x00007ffccbf191ee:   0f 11 74 24 28 48 8d 85 f0 00 00 00 48 89 44 24
0x00007ffccbf191fe:   20 4c 8d 8d 50 01 00 00 4c 8d 85 b0 01 00 00 48
0x00007ffccbf1920e:   8d 95 10 02 00 00 48 8d 4d d0 e8 53 eb ff ff 33
0x00007ffccbf1921e:   db 44 8b e3 85 f6 0f 84 ef 04 00 00 f2 0f 10 35
0x00007ffccbf1922e:   7e 61 39 00 0f 57 c0 f3 0f 7f 45 30 48 89 5d 40
0x00007ffccbf1923e:   f3 0f 7f 45 48 48 89 5d 58 f2 0f 11 7d 60 44 8b
0x00007ffccbf1924e:   f3 8b 45 d8 85 c0 0f 8e ee 00 00 00 66 0f 1f 44
0x00007ffccbf1925e:   00 00 83 7d dc 00 0f 8e cd 00 00 00 49 63 f6 0f
0x00007ffccbf1926e:   1f 00 48 63 fb 48 8b ce 48 8b 45 18 48 0f af 08
0x00007ffccbf1927e:   48 8d 14 7f 48 03 4d e0 0f b6 04 0a 66 0f 6e c0
0x00007ffccbf1928e:   f3 0f e6 c0 0f b6 44 0a 01 66 0f 6e c8 f3 0f e6
0x00007ffccbf1929e:   c9 0f b6 44 0a 02 66 0f 6e d0 f3 0f e6 d2 49 8b
0x00007ffccbf192ae:   47 48 48 8b ce 48 0f af 08 48 03 cf 49 8b 47 10
0x00007ffccbf192be:   f6 04 01 fd 74 2c f2 0f 11 44 24 58 f2 0f 11 4c
0x00007ffccbf192ce:   24 60 f2 0f 11 54 24 68 48 8d 54 24 58 48 8d 8d
0x00007ffccbf192de:   70 02 00 00 eb 26 0f 1f 40 00 0f 1f 84 00 00 00
0x00007ffccbf192ee:   00 00 f2 0f 11 45 80 f2 0f 11 4d 88 f2 0f 11 55
0x00007ffccbf192fe:   90 48 8d 55 80 48 8d 8d 70 06 00 00 e8 b1 1b 00
0x00007ffccbf1930e:   00 8b d0 48 8b ce 48 8b 85 d8 00 00 00 48 0f af
0x00007ffccbf1931e:   08 48 03 8d a0 00 00 00 89 14 b9 ff c3 3b 5d dc
0x00007ffccbf1932e:   0f 8c 3c ff ff ff 8b 45 d8 41 ff c6 44 3b f0 bb
0x00007ffccbf1933e:   00 00 00 00 0f 8c 18 ff ff ff 41 83 fd 03 0f 84
0x00007ffccbf1934e:   e8 01 00 00 4c 8b c3 48 8d 8d f8 08 00 00 48 8d
0x00007ffccbf1935e:   95 80 08 00 00 0f 1f 40 00 66 0f 1f 84 00 00 00
0x00007ffccbf1936e:   00 00 48 89 5a 08 48 89 1a 48 89 5a f8 48 89 59
0x00007ffccbf1937e:   08 48 89 19 48 89 59 f8 48 89 59 20 48 89 59 18
0x00007ffccbf1938e:   48 89 59 10 48 89 59 38 48 89 59 30 48 89 59 28
0x00007ffccbf1939e:   42 89 9c 85 58 0a 00 00 49 ff c0 48 8d 52 18 48
0x00007ffccbf193ae:   8d 49 48 49 83 f8 05 7c b9 89 9d 6c 0a 00 00 4c 


Stack slot to memory mapping:

stack at sp + 0 slots: 0x0000000000000070 is an unknown value
stack at sp + 1 slots: 0x000000911591e580 is pointing into the stack for thread: 0x0000021b78eb9150
stack at sp + 2 slots: 0x000000000000022b is an unknown value
stack at sp + 3 slots: 0x0000000000000070 is an unknown value
stack at sp + 4 slots: 0x407c200000000000 is an unknown value
stack at sp + 5 slots: 0x000000911591e790 is pointing into the stack for thread: 0x0000021b78eb9150
stack at sp + 6 slots: 0x000000911591e730 is pointing into the stack for thread: 0x0000021b78eb9150
stack at sp + 7 slots: 0x000000911591e6d0 is pointing into the stack for thread: 0x0000021b78eb9150


Compiled method (c1) 59995 5774   !   3       java.util.concurrent.FutureTask::run (123 bytes)
 total in heap  [0x0000021b56e29810,0x0000021b56e2e000] = 18416
 relocation     [0x0000021b56e29970,0x0000021b56e29dd8] = 1128
 main code      [0x0000021b56e29de0,0x0000021b56e2d0d0] = 13040
 stub code      [0x0000021b56e2d0d0,0x0000021b56e2d180] = 176
 oops           [0x0000021b56e2d180,0x0000021b56e2d1d0] = 80
 metadata       [0x0000021b56e2d1d0,0x0000021b56e2d250] = 128
 scopes data    [0x0000021b56e2d250,0x0000021b56e2d8a0] = 1616
 scopes pcs     [0x0000021b56e2d8a0,0x0000021b56e2ddb0] = 1296
 dependencies   [0x0000021b56e2ddb0,0x0000021b56e2ddb8] = 8
 handler table  [0x0000021b56e2ddb8,0x0000021b56e2dfe0] = 552
 nul chk table  [0x0000021b56e2dfe0,0x0000021b56e2e000] = 32

[Constant Pool (empty)]

[MachCode]
[Entry Point]
  # {method} {0x0000021b747e89d8} 'run' '()V' in 'java/util/concurrent/FutureTask'
  #           [sp+0x160]  (sp of caller)
  0x0000021b56e29de0: 448b 5208 | 49bb 0000 | 0000 1b02 | 0000 4d03 | d34c 3bd0 

  0x0000021b56e29df4: ;   {runtime_call ic_miss_stub}
  0x0000021b56e29df4: 0f85 8649 | 9f06 660f | 1f44 0000 
[Verified Entry Point]
  0x0000021b56e29e00: 8984 2400 | 80ff ff55 | 4881 ec50 | 0100 0090 | 4181 7f20 | 0a00 0000 

  0x0000021b56e29e18: ;   {runtime_call StubRoutines (final stubs)}
  0x0000021b56e29e18: 7405 e841 | af9d 0648 | 8994 24e8 

  0x0000021b56e29e24: ;   {metadata(method data for {method} {0x0000021b747e89d8} 'run' '()V' in 'java/util/concurrent/FutureTask')}
  0x0000021b56e29e24: 0000 0048 | b8a8 6173 | 741b 0200 | 008b b0cc | 0000 0083 | c602 89b0 | cc00 0000 | 81e6 fe07 
  0x0000021b56e29e44: 0000 85f6 | 0f84 5b2b | 0000 8b42 

  0x0000021b56e29e50: ;   {metadata(method data for {method} {0x0000021b747e89d8} 'run' '()V' in 'java/util/concurrent/FutureTask')}
  0x0000021b56e29e50: 0c85 c048 | b8a8 6173 | 741b 0200 | 0048 c7c6 | 1001 0000 | 7507 48c7 | c620 0100 | 0048 8b3c 
  0x0000021b56e29e70: 3048 8d7f | 0148 893c | 300f 85d9 

  0x0000021b56e29e7c: ;   {metadata(method data for {method} {0x0000021b747e89d8} 'run' '()V' in 'java/util/concurrent/FutureTask')}
  0x0000021b56e29e7c: 2000 0048 | b8a8 6173 | 741b 0200 | 0048 8380 | 3001 0000 | 0149 8b87 | 8003 0000 

  0x0000021b56e29e98: ;   {metadata(method data for {method} {0x0000021b747e89d8} 'run' '()V' in 'java/util/concurrent/FutureTask')}
  0x0000021b56e29e98: 488b 1848 | b8a8 6173 | 741b 0200 | 0048 8d80 | 7801 0000 

  0x0000021b56e29eac: ;   {metadata('java/util/concurrent/FutureTask')}
  0x0000021b56e29eac: 48be d866 | 3201 1b02 | 0000 4833 | 7008 48f7 | c6fc ffff | ff74 0448 

  0x0000021b56e29ec4: ;   {metadata(method data for {method} {0x0000021b001560e8} 'guard_LLL_Z' '(Ljava/lang/invoke/VarHandle;Ljava/lang/Object;Ljava/lang/Object;Ljava/lang/Object;Ljava/lang/invoke/VarHandle$AccessDescriptor;)Z' in 'java/lang/invoke/VarHandleGuards')}
  0x0000021b56e29ec4: 8970 0848 | b818 6b72 | 741b 0200 | 0048 8d80 | e003 0000 

  0x0000021b56e29ed8: ;   {oop(a 'java/lang/invoke/VarHandleReferences$FieldInstanceReadWrite'{0x0000000600fbbd88})}
  0x0000021b56e29ed8: 48be 88bd | fb00 0600 | 0000 4885 | f675 0af6 | 0001 7505 | f048 8308 

  0x0000021b56e29ef0: ;   {metadata(method data for {method} {0x0000021b747e89d8} 'run' '()V' in 'java/util/concurrent/FutureTask')}
  0x0000021b56e29ef0: 0148 b8a8 | 6173 741b | 0200 0048 | 8380 4001 

  0x0000021b56e29f00: ;   {metadata(method data for {method} {0x0000021b001560e8} 'guard_LLL_Z' '(Ljava/lang/invoke/VarHandle;Ljava/lang/Object;Ljava/lang/Object;Ljava/lang/Object;Ljava/lang/invoke/VarHandle$AccessDescriptor;)Z' in 'java/lang/invoke/VarHandleGuards')}
  0x0000021b56e29f00: 0000 0148 | b818 6b72 | 741b 0200 | 008b b8cc | 0000 0083 | c702 89b8 | cc00 0000 | 81e7 feff 
  0x0000021b56e29f20: 1f00 85ff | 0f84 a02a 

  0x0000021b56e29f28: ;   {metadata(method data for {method} {0x0000021b001560e8} 'guard_LLL_Z' '(Ljava/lang/invoke/VarHandle;Ljava/lang/Object;Ljava/lang/Object;Ljava/lang/Object;Ljava/lang/invoke/VarHandle$AccessDescriptor;)Z' in 'java/lang/invoke/VarHandleGuards')}
  0x0000021b56e29f28: 0000 48b8 | 186b 7274 | 1b02 0000 | 488d 8048 

  0x0000021b56e29f38: ;   {oop(a 'java/lang/invoke/VarHandle$AccessDescriptor'{0x0000000600fbbc70})}
  0x0000021b56e29f38: 0100 0048 | bf70 bcfb | 0006 0000 | 0048 85ff | 750c f640 | 0801 7506 | f048 8348 

  0x0000021b56e29f54: ;   {metadata(method data for {method} {0x0000021b001560e8} 'guard_LLL_Z' '(Ljava/lang/invoke/VarHandle;Ljava/lang/Object;Ljava/lang/Object;Ljava/lang/Object;Ljava/lang/invoke/VarHandle$AccessDescriptor;)Z' in 'java/lang/invoke/VarHandleGuards')}
  0x0000021b56e29f54: 0801 48b8 | 186b 7274 | 1b02 0000 | 8b76 0849 | ba00 0000 | 001b 0200 | 0049 03f2 | 483b b020 
  0x0000021b56e29f74: 0100 0075 | 0d48 8380 | 2801 0000 | 01e9 6000 | 0000 483b | b030 0100 | 0075 0d48 | 8380 3801 
  0x0000021b56e29f94: 0000 01e9 | 4a00 0000 | 4883 b820 | 0100 0000 | 7517 4889 | b020 0100 | 0048 c780 | 2801 0000 
  0x0000021b56e29fb4: 0100 0000 | e929 0000 | 0048 83b8 | 3001 0000 | 0075 1748 | 89b0 3001 | 0000 48c7 | 8038 0100 
  0x0000021b56e29fd4: 0001 0000 | 00e9 0800 | 0000 4883 | 8010 0100 

  0x0000021b56e29fe4: ;   {metadata(method data for {method} {0x0000021b000936b8} 'checkAccessModeThenIsDirect' '(Ljava/lang/invoke/VarHandle$AccessDescriptor;)Z' in 'java/lang/invoke/VarHandle')}
  0x0000021b56e29fe4: 0001 48b8 | 38f4 1373 | 1b02 0000 | 8bb0 cc00 | 0000 83c6 | 0289 b0cc | 0000 0081 | e6fe ff1f 
  0x0000021b56e2a004: 0085 f60f | 84de 2900 

  0x0000021b56e2a00c: ;   {metadata(method data for {method} {0x0000021b000936b8} 'checkAccessModeThenIsDirect' '(Ljava/lang/invoke/VarHandle$AccessDescriptor;)Z' in 'java/lang/invoke/VarHandle')}
  0x0000021b56e2a00c: 0048 b838 | f413 731b | 0200 00ff | 8010 0100 

  0x0000021b56e2a01c: ;   {metadata(method data for {method} {0x0000021b001560e8} 'guard_LLL_Z' '(Ljava/lang/invoke/VarHandle;Ljava/lang/Object;Ljava/lang/Object;Ljava/lang/Object;Ljava/lang/invoke/VarHandle$AccessDescriptor;)Z' in 'java/lang/invoke/VarHandleGuards')}
  0x0000021b56e2a01c: 0048 b818 | 6b72 741b | 0200 00ff | 8070 0100 

  0x0000021b56e2a02c: ;   {metadata(method data for {method} {0x0000021b001560e8} 'guard_LLL_Z' '(Ljava/lang/invoke/VarHandle;Ljava/lang/Object;Ljava/lang/Object;Ljava/lang/Object;Ljava/lang/invoke/VarHandle$AccessDescriptor;)Z' in 'java/lang/invoke/VarHandleGuards')}
  0x0000021b56e2a02c: 0048 b818 | 6b72 741b | 0200 00ff | 8090 0100 

  0x0000021b56e2a03c: ;   {oop(a 'java/lang/invoke/VarForm'{0x00000006010963d0})}
  0x0000021b56e2a03c: 0048 b8d0 | 6309 0106 

  0x0000021b56e2a044: ;   {metadata(method data for {method} {0x0000021b001560e8} 'guard_LLL_Z' '(Ljava/lang/invoke/VarHandle;Ljava/lang/Object;Ljava/lang/Object;Ljava/lang/Object;Ljava/lang/invoke/VarHandle$AccessDescriptor;)Z' in 'java/lang/invoke/VarHandleGuards')}
  0x0000021b56e2a044: 0000 0048 | be18 6b72 | 741b 0200 | 0048 8386 | a001 0000 

  0x0000021b56e2a058: ;   {metadata(method data for {method} {0x0000021b001542f0} 'getMemberName' '(I)Ljava/lang/invoke/MemberName;' in 'java/lang/invoke/VarForm')}
  0x0000021b56e2a058: 0148 b840 | f613 731b | 0200 008b | b0cc 0000 | 0083 c602 | 89b0 cc00 | 0000 81e6 | feff 1f00 
  0x0000021b56e2a078: 85f6 0f84 | 8c29 0000 

  0x0000021b56e2a080: ;   {metadata(method data for {method} {0x0000021b001542f0} 'getMemberName' '(I)Ljava/lang/invoke/MemberName;' in 'java/lang/invoke/VarForm')}
  0x0000021b56e2a080: 48b8 40f6 | 1373 1b02 | 0000 ff80 | 1001 0000 

  0x0000021b56e2a090: ;   {metadata(method data for {method} {0x0000021b001560e8} 'guard_LLL_Z' '(Ljava/lang/invoke/VarHandle;Ljava/lang/Object;Ljava/lang/Object;Ljava/lang/Object;Ljava/lang/invoke/VarHandle$AccessDescriptor;)Z' in 'java/lang/invoke/VarHandleGuards')}
  0x0000021b56e2a090: 48b8 186b | 7274 1b02 | 0000 488d | 80d8 0100 

  0x0000021b56e2a0a0: ;   {oop(a 'java/lang/invoke/MemberName'{0x0000000601fda410} = {method} {0x0000021b00254370} 'compareAndSet' '(Ljava/lang/invoke/VarHandle;Ljava/lang/Object;Ljava/lang/Object;Ljava/lang/Object;)Z' in 'java/lang/invoke/VarHandleReferences$FieldInstanceReadWrite')}
  0x0000021b56e2a0a0: 0048 be10 | a4fd 0106 | 0000 0048 | 85f6 750a | f600 0175 | 05f0 4883 

  0x0000021b56e2a0b8: ;   {metadata(method data for {method} {0x0000021b001560e8} 'guard_LLL_Z' '(Ljava/lang/invoke/VarHandle;Ljava/lang/Object;Ljava/lang/Object;Ljava/lang/Object;Ljava/lang/invoke/VarHandle$AccessDescriptor;)Z' in 'java/lang/invoke/VarHandleGuards')}
  0x0000021b56e2a0b8: 0801 48b8 | 186b 7274 | 1b02 0000 | 488d 80f8 

  0x0000021b56e2a0c8: ;   {oop(a 'java/lang/invoke/VarHandleReferences$FieldInstanceReadWrite'{0x0000000600fbbd88})}
  0x0000021b56e2a0c8: 0100 0048 | be88 bdfb | 0006 0000 | 0048 85f6 | 750c f640 | 0801 7506 | f048 8348 

  0x0000021b56e2a0e4: ;   {metadata(method data for {method} {0x0000021b001560e8} 'guard_LLL_Z' '(Ljava/lang/invoke/VarHandle;Ljava/lang/Object;Ljava/lang/Object;Ljava/lang/Object;Ljava/lang/invoke/VarHandle$AccessDescriptor;)Z' in 'java/lang/invoke/VarHandleGuards')}
  0x0000021b56e2a0e4: 0801 48b8 | 186b 7274 | 1b02 0000 | 4883 80e8 | 0100 0001 

  0x0000021b56e2a0f8: ;   {metadata(method data for {method} {0x0000021b00254370} 'compareAndSet' '(Ljava/lang/invoke/VarHandle;Ljava/lang/Object;Ljava/lang/Object;Ljava/lang/Object;)Z' in 'java/lang/invoke/VarHandleReferences$FieldInstanceReadWrite')}
  0x0000021b56e2a0f8: 48b8 9065 | 7374 1b02 | 0000 8bb0 | cc00 0000 | 83c6 0289 | b0cc 0000 | 0081 e6fe | ff1f 0085 
  0x0000021b56e2a118: f60f 840e 

  0x0000021b56e2a11c: ;   {oop(a 'java/lang/Class'{0x0000000600fbb118} = 'java/util/concurrent/FutureTask')}
  0x0000021b56e2a11c: 2900 0048 | b818 b1fb | 0006 0000 

  0x0000021b56e2a128: ;   {metadata(method data for {method} {0x0000021b00254370} 'compareAndSet' '(Ljava/lang/invoke/VarHandle;Ljava/lang/Object;Ljava/lang/Object;Ljava/lang/Object;)Z' in 'java/lang/invoke/VarHandleReferences$FieldInstanceReadWrite')}
  0x0000021b56e2a128: 0048 be90 | 6573 741b | 0200 0048 | 8386 4801 

  0x0000021b56e2a138: ;   {metadata(method data for {method} {0x0000021b00465068} 'cast' '(Ljava/lang/Object;)Ljava/lang/Object;' in 'java/lang/Class')}
  0x0000021b56e2a138: 0000 0148 | b870 8220 | 731b 0200 | 008b b0cc | 0000 0083 | c602 89b0 | cc00 0000 | 81e6 feff 
  0x0000021b56e2a158: 1f00 85f6 | 0f84 ec28 

  0x0000021b56e2a160: ;   {metadata(method data for {method} {0x0000021b00465068} 'cast' '(Ljava/lang/Object;)Ljava/lang/Object;' in 'java/lang/Class')}
  0x0000021b56e2a160: 0000 48b8 | 7082 2073 | 1b02 0000 | ff80 2001 

  0x0000021b56e2a170: ;   {oop(a 'java/lang/Class'{0x0000000600fbb118} = 'java/util/concurrent/FutureTask')}
  0x0000021b56e2a170: 0000 48b8 | 18b1 fb00 | 0600 0000 

  0x0000021b56e2a17c: ;   {metadata(method data for {method} {0x0000021b00465068} 'cast' '(Ljava/lang/Object;)Ljava/lang/Object;' in 'java/lang/Class')}
  0x0000021b56e2a17c: 48be 7082 | 2073 1b02 | 0000 4883 | 8630 0100 | 0001 4885 | d20f 8429 

  0x0000021b56e2a194: ;   {metadata('java/util/concurrent/FutureTask')}
  0x0000021b56e2a194: 0000 0048 | b9d8 6632 | 011b 0200 | 008b 7a08 | 49ba 0000 | 0000 1b02 | 0000 4903 | fa48 3b4f 
  0x0000021b56e2a1b4: 380f 8505 | 0000 00e9 | 0500 0000 | 4833 c0eb | 0748 c7c0 | 0100 0000 

  0x0000021b56e2a1cc: ;   {metadata(method data for {method} {0x0000021b00465068} 'cast' '(Ljava/lang/Object;)Ljava/lang/Object;' in 'java/lang/Class')}
  0x0000021b56e2a1cc: 85c0 48b8 | 7082 2073 | 1b02 0000 | 48c7 c678 | 0100 0074 | 0748 c7c6 | 6801 0000 | 488b 3c30 
  0x0000021b56e2a1ec: 488d 7f01 | 4889 3c30 | 0f84 cf26 

  0x0000021b56e2a1f8: ;   {metadata(method data for {method} {0x0000021b00254370} 'compareAndSet' '(Ljava/lang/invoke/VarHandle;Ljava/lang/Object;Ljava/lang/Object;Ljava/lang/Object;)Z' in 'java/lang/invoke/VarHandleReferences$FieldInstanceReadWrite')}
  0x0000021b56e2a1f8: 0000 48b8 | 9065 7374 | 1b02 0000 | 4883 8080 | 0100 0001 

  0x0000021b56e2a20c: ;   {metadata(method data for {method} {0x0000021b00056488} 'requireNonNull' '(Ljava/lang/Object;)Ljava/lang/Object;' in 'java/util/Objects')}
  0x0000021b56e2a20c: 48b8 40f4 | 0073 1b02 | 0000 8bb0 | cc00 0000 | 83c6 0289 | b0cc 0000 | 0081 e6fe | ff1f 0085 
  0x0000021b56e2a22c: f60f 843c 

  0x0000021b56e2a230: ;   {metadata(method data for {method} {0x0000021b00056488} 'requireNonNull' '(Ljava/lang/Object;)Ljava/lang/Object;' in 'java/util/Objects')}
  0x0000021b56e2a230: 2800 0048 | b840 f400 | 731b 0200 | 00ff 8010 

  0x0000021b56e2a240: ;   {oop(a 'java/lang/Class'{0x0000000601001110} = 'java/lang/Thread')}
  0x0000021b56e2a240: 0100 0048 | b810 1100 | 0106 0000 

  0x0000021b56e2a24c: ;   {metadata(method data for {method} {0x0000021b00254370} 'compareAndSet' '(Ljava/lang/invoke/VarHandle;Ljava/lang/Object;Ljava/lang/Object;Ljava/lang/Object;)Z' in 'java/lang/invoke/VarHandleReferences$FieldInstanceReadWrite')}
  0x0000021b56e2a24c: 0048 be90 | 6573 741b | 0200 0048 | 8386 9001 

  0x0000021b56e2a25c: ;   {metadata(method data for {method} {0x0000021b00465068} 'cast' '(Ljava/lang/Object;)Ljava/lang/Object;' in 'java/lang/Class')}
  0x0000021b56e2a25c: 0000 0148 | b870 8220 | 731b 0200 | 008b b0cc | 0000 0083 | c602 89b0 | cc00 0000 | 81e6 feff 
  0x0000021b56e2a27c: 1f00 85f6 | 0f84 0a28 

  0x0000021b56e2a284: ;   {metadata(method data for {method} {0x0000021b00465068} 'cast' '(Ljava/lang/Object;)Ljava/lang/Object;' in 'java/lang/Class')}
  0x0000021b56e2a284: 0000 48b8 | 7082 2073 | 1b02 0000 | ff80 1001 

  0x0000021b56e2a294: ;   {oop(a 'java/lang/Class'{0x0000000601001110} = 'java/lang/Thread')}
  0x0000021b56e2a294: 0000 48b8 | 1011 0001 | 0600 0000 

  0x0000021b56e2a2a0: ;   {metadata(method data for {method} {0x0000021b00254370} 'compareAndSet' '(Ljava/lang/invoke/VarHandle;Ljava/lang/Object;Ljava/lang/Object;Ljava/lang/Object;)Z' in 'java/lang/invoke/VarHandleReferences$FieldInstanceReadWrite')}
  0x0000021b56e2a2a0: 48be 9065 | 7374 1b02 | 0000 4883 | 86c8 0100 

  0x0000021b56e2a2b0: ;   {metadata(method data for {method} {0x0000021b00465068} 'cast' '(Ljava/lang/Object;)Ljava/lang/Object;' in 'java/lang/Class')}
  0x0000021b56e2a2b0: 0001 48b8 | 7082 2073 | 1b02 0000 | 8bb0 cc00 | 0000 83c6 | 0289 b0cc | 0000 0081 | e6fe ff1f 
  0x0000021b56e2a2d0: 0085 f60f | 84d8 2700 | 0048 85db 

  0x0000021b56e2a2dc: ;   {metadata(method data for {method} {0x0000021b00465068} 'cast' '(Ljava/lang/Object;)Ljava/lang/Object;' in 'java/lang/Class')}
  0x0000021b56e2a2dc: 48b8 7082 | 2073 1b02 | 0000 48c7 | c610 0100 | 0074 0748 | c7c6 2001 | 0000 488b | 3c30 488d 
  0x0000021b56e2a2fc: 7f01 4889 | 3c30 0f84 | 8800 0000 

  0x0000021b56e2a308: ;   {oop(a 'java/lang/Class'{0x0000000601001110} = 'java/lang/Thread')}
  0x0000021b56e2a308: 48b8 1011 | 0001 0600 

  0x0000021b56e2a310: ;   {metadata(method data for {method} {0x0000021b00465068} 'cast' '(Ljava/lang/Object;)Ljava/lang/Object;' in 'java/lang/Class')}
  0x0000021b56e2a310: 0000 48be | 7082 2073 | 1b02 0000 | 4883 8630 | 0100 0001 | 4885 db0f | 8429 0000 

  0x0000021b56e2a32c: ;   {metadata('java/lang/Thread')}
  0x0000021b56e2a32c: 0048 b998 | 6e01 001b | 0200 008b | 7b08 49ba | 0000 0000 | 1b02 0000 | 4903 fa48 | 3b4f 380f 
  0x0000021b56e2a34c: 8505 0000 | 00e9 0500 | 0000 4833 | c0eb 0748 | c7c0 0100 | 0000 85c0 

  0x0000021b56e2a364: ;   {metadata(method data for {method} {0x0000021b00465068} 'cast' '(Ljava/lang/Object;)Ljava/lang/Object;' in 'java/lang/Class')}
  0x0000021b56e2a364: 48b8 7082 | 2073 1b02 | 0000 48c7 | c678 0100 | 0074 0748 | c7c6 6801 | 0000 488b | 3c30 488d 
  0x0000021b56e2a384: 7f01 4889 | 3c30 0f84 | 5f24 0000 | 48c7 c018 | 0000 0048 | 8d34 0241 | 0fbe 4740 | 85c0 0f85 
  0x0000021b56e2a3a4: 2a27 0000 

  0x0000021b56e2a3a8: ;   {oop(nullptr)}
  0x0000021b56e2a3a8: 48b8 0000 | 0000 0000 | 0000 48c1 | e803 4c8b | d349 c1ea | 03f0 440f | b116 bf01 | 0000 0074 
  0x0000021b56e2a3c8: 05bf 0000 | 0000 488b | c648 33c3 | 48c1 e816 | 4883 f800 | 0f85 0e27 | 0000 83e7 | 0183 e701 
  0x0000021b56e2a3e8: ;   {metadata(method data for {method} {0x0000021b747e89d8} 'run' '()V' in 'java/util/concurrent/FutureTask')}
  0x0000021b56e2a3e8: 85ff 48be | a861 7374 | 1b02 0000 | 48c7 c7b0 | 0100 0074 | 0748 c7c7 | a001 0000 | 488b 1c3e 
  0x0000021b56e2a408: 488d 5b01 | 4889 1c3e | 0f84 421b | 0000 8b72 | 1048 c1e6 | 0348 85f6 

  0x0000021b56e2a420: ;   {metadata(method data for {method} {0x0000021b747e89d8} 'run' '()V' in 'java/util/concurrent/FutureTask')}
  0x0000021b56e2a420: 48bf a861 | 7374 1b02 | 0000 48c7 | c3c0 0100 | 0074 0748 | c7c3 d001 | 0000 488b | 041f 488d 
  0x0000021b56e2a440: 4001 4889 | 041f 0f84 | 4816 0000 | 8b7a 0c85 

  0x0000021b56e2a450: ;   {metadata(method data for {method} {0x0000021b747e89d8} 'run' '()V' in 'java/util/concurrent/FutureTask')}
  0x0000021b56e2a450: ff48 bfa8 | 6173 741b | 0200 0048 | c7c3 e001 | 0000 7507 | 48c7 c3f0 | 0100 0048 | 8b04 1f48 
  0x0000021b56e2a470: 8d40 0148 | 8904 1f0f | 8517 1600 | 0048 3b06 

  0x0000021b56e2a480: ;   {metadata(method data for {method} {0x0000021b747e89d8} 'run' '()V' in 'java/util/concurrent/FutureTask')}
  0x0000021b56e2a480: 488b fe48 | bba8 6173 | 741b 0200 | 008b 7f08 | 49ba 0000 | 0000 1b02 | 0000 4903 | fa48 3bbb 
  0x0000021b56e2a4a0: 1002 0000 | 750d 4883 | 8318 0200 | 0001 e960 | 0000 0048 | 3bbb 2002 | 0000 750d | 4883 8328 
  0x0000021b56e2a4c0: 0200 0001 | e94a 0000 | 0048 83bb | 1002 0000 | 0075 1748 | 89bb 1002 | 0000 48c7 | 8318 0200 
  0x0000021b56e2a4e0: 0001 0000 | 00e9 2900 | 0000 4883 | bb20 0200 | 0000 7517 | 4889 bb20 | 0200 0048 | c783 2802 
  0x0000021b56e2a500: 0000 0100 | 0000 e908 | 0000 0048 | 8383 0002 | 0000 0148 | 8bd6 0f1f | 8000 0000 | 0048 b880 
  0x0000021b56e2a520: 6303 781b 

  0x0000021b56e2a524: ;   {virtual_call}
  0x0000021b56e2a524: 0200 00e8 

  0x0000021b56e2a528: ; ImmutableOopMap {[232]=Oop }
                      ;*invokeinterface call {reexecute=0 rethrow=0 return_oop=0}
                      ; - java.util.concurrent.FutureTask::run@39 (line 317)
  0x0000021b56e2a528: 641c ac06 

  0x0000021b56e2a52c: ;   {other}
  0x0000021b56e2a52c: 0f1f 8400 | 1c0d 0000 

  0x0000021b56e2a534: ;   {metadata(method data for {method} {0x0000021b747e89d8} 'run' '()V' in 'java/util/concurrent/FutureTask')}
  0x0000021b56e2a534: 49b8 a861 | 7374 1b02 | 0000 41ff | 8038 0200 | 00be 0100 | 0000 e99c | 0a00 0048 | 8b94 24e8 
  0x0000021b56e2a554: 0000 0049 | 8b87 f804 | 0000 4d33 | d24d 8997 | f804 0000 | 4d33 d24d | 8997 0005 | 0000 4c8b 
  0x0000021b56e2a574: ;   {metadata(method data for {method} {0x0000021b747e89d8} 'run' '()V' in 'java/util/concurrent/FutureTask')}
  0x0000021b56e2a574: c249 b9a8 | 6173 741b 

  0x0000021b56e2a57c: ;   {metadata('java/util/concurrent/FutureTask')}
  0x0000021b56e2a57c: 0200 0049 | bad8 6632 | 011b 0200 | 004d 8991 | 6002 0000 | 4983 8168 | 0200 0001 

  0x0000021b56e2a598: ;   {metadata(method data for {method} {0x0000021b747e8810} 'setException' '(Ljava/lang/Throwable;)V' in 'java/util/concurrent/FutureTask')}
  0x0000021b56e2a598: 49b8 2068 | 7374 1b02 | 0000 458b | 88cc 0000 | 0041 83c1 | 0245 8988 | cc00 0000 | 4181 e1fe 
  0x0000021b56e2a5b8: ff1f 0045 | 85c9 0f84 | 4925 0000 

  0x0000021b56e2a5c4: ;   {metadata(method data for {method} {0x0000021b747e8810} 'setException' '(Ljava/lang/Throwable;)V' in 'java/util/concurrent/FutureTask')}
  0x0000021b56e2a5c4: 49b8 2068 | 7374 1b02 | 0000 4d8d | 8048 0100 

  0x0000021b56e2a5d4: ;   {metadata('java/util/concurrent/FutureTask')}
  0x0000021b56e2a5d4: 0049 b9d8 | 6632 011b | 0200 004d | 3348 0849 | f7c1 fcff | ffff 7404 | 4d89 4808 

  0x0000021b56e2a5f0: ;   {metadata(method data for {method} {0x0000021b001562a0} 'guard_LII_Z' '(Ljava/lang/invoke/VarHandle;Ljava/lang/Object;IILjava/lang/invoke/VarHandle$AccessDescriptor;)Z' in 'java/lang/invoke/VarHandleGuards')}
  0x0000021b56e2a5f0: 49b8 2874 | 7274 1b02 | 0000 4d8d | 80e0 0300 

  0x0000021b56e2a600: ;   {oop(a 'java/lang/invoke/VarHandleInts$FieldInstanceReadWrite'{0x0000000600fbbdb8})}
  0x0000021b56e2a600: 0049 b9b8 | bdfb 0006 | 0000 004d | 85c9 750b | 41f6 0001 | 7505 f049 

  0x0000021b56e2a618: ;   {metadata(method data for {method} {0x0000021b747e8810} 'setException' '(Ljava/lang/Throwable;)V' in 'java/util/concurrent/FutureTask')}
  0x0000021b56e2a618: 8308 0149 | b820 6873 | 741b 0200 | 0049 8380 | 1001 0000 

  0x0000021b56e2a62c: ;   {metadata(method data for {method} {0x0000021b001562a0} 'guard_LII_Z' '(Ljava/lang/invoke/VarHandle;Ljava/lang/Object;IILjava/lang/invoke/VarHandle$AccessDescriptor;)Z' in 'java/lang/invoke/VarHandleGuards')}
  0x0000021b56e2a62c: 0149 b828 | 7472 741b | 0200 0041 | 8bb8 cc00 | 0000 83c7 | 0241 89b8 | cc00 0000 | 81e7 feff 
  0x0000021b56e2a64c: 1f00 85ff | 0f84 d824 

  0x0000021b56e2a654: ;   {metadata(method data for {method} {0x0000021b001562a0} 'guard_LII_Z' '(Ljava/lang/invoke/VarHandle;Ljava/lang/Object;IILjava/lang/invoke/VarHandle$AccessDescriptor;)Z' in 'java/lang/invoke/VarHandleGuards')}
  0x0000021b56e2a654: 0000 49b8 | 2874 7274 | 1b02 0000 | 4d8d 8048 

  0x0000021b56e2a664: ;   {oop(a 'java/lang/invoke/VarHandle$AccessDescriptor'{0x0000000600fbbb00})}
  0x0000021b56e2a664: 0100 0048 | bf00 bbfb | 0006 0000 | 0048 85ff | 750d 41f6 | 4008 0175 | 06f0 4983 

  0x0000021b56e2a680: ;   {metadata(method data for {method} {0x0000021b001562a0} 'guard_LII_Z' '(Ljava/lang/invoke/VarHandle;Ljava/lang/Object;IILjava/lang/invoke/VarHandle$AccessDescriptor;)Z' in 'java/lang/invoke/VarHandleGuards')}
  0x0000021b56e2a680: 4808 0149 | b828 7472 | 741b 0200 | 0045 8b49 | 0849 ba00 | 0000 001b | 0200 004d | 03ca 4d3b 
  0x0000021b56e2a6a0: 8820 0100 | 0075 0d49 | 8380 2801 | 0000 01e9 | 6000 0000 | 4d3b 8830 | 0100 0075 | 0d49 8380 
  0x0000021b56e2a6c0: 3801 0000 | 01e9 4a00 | 0000 4983 | b820 0100 | 0000 7517 | 4d89 8820 | 0100 0049 | c780 2801 
  0x0000021b56e2a6e0: 0000 0100 | 0000 e929 | 0000 0049 | 83b8 3001 | 0000 0075 | 174d 8988 | 3001 0000 | 49c7 8038 
  0x0000021b56e2a700: 0100 0001 | 0000 00e9 | 0800 0000 | 4983 8010 | 0100 0001 

  0x0000021b56e2a714: ;   {metadata(method data for {method} {0x0000021b000936b8} 'checkAccessModeThenIsDirect' '(Ljava/lang/invoke/VarHandle$AccessDescriptor;)Z' in 'java/lang/invoke/VarHandle')}
  0x0000021b56e2a714: 49b8 38f4 | 1373 1b02 | 0000 458b | 88cc 0000 | 0041 83c1 | 0245 8988 | cc00 0000 | 4181 e1fe 
  0x0000021b56e2a734: ff1f 0045 | 85c9 0f84 | 0f24 0000 

  0x0000021b56e2a740: ;   {metadata(method data for {method} {0x0000021b000936b8} 'checkAccessModeThenIsDirect' '(Ljava/lang/invoke/VarHandle$AccessDescriptor;)Z' in 'java/lang/invoke/VarHandle')}
  0x0000021b56e2a740: 49b8 38f4 | 1373 1b02 | 0000 41ff | 8010 0100 

  0x0000021b56e2a750: ;   {metadata(method data for {method} {0x0000021b001562a0} 'guard_LII_Z' '(Ljava/lang/invoke/VarHandle;Ljava/lang/Object;IILjava/lang/invoke/VarHandle$AccessDescriptor;)Z' in 'java/lang/invoke/VarHandleGuards')}
  0x0000021b56e2a750: 0049 b828 | 7472 741b | 0200 0041 | ff80 7001 

  0x0000021b56e2a760: ;   {metadata(method data for {method} {0x0000021b001562a0} 'guard_LII_Z' '(Ljava/lang/invoke/VarHandle;Ljava/lang/Object;IILjava/lang/invoke/VarHandle$AccessDescriptor;)Z' in 'java/lang/invoke/VarHandleGuards')}
  0x0000021b56e2a760: 0000 49b8 | 2874 7274 | 1b02 0000 | 41ff 8090 

  0x0000021b56e2a770: ;   {oop(a 'java/lang/invoke/VarForm'{0x00000006010963f0})}
  0x0000021b56e2a770: 0100 0049 | b8f0 6309 | 0106 0000 

  0x0000021b56e2a77c: ;   {metadata(method data for {method} {0x0000021b001562a0} 'guard_LII_Z' '(Ljava/lang/invoke/VarHandle;Ljava/lang/Object;IILjava/lang/invoke/VarHandle$AccessDescriptor;)Z' in 'java/lang/invoke/VarHandleGuards')}
  0x0000021b56e2a77c: 0049 b928 | 7472 741b | 0200 0049 | 8381 a001 

  0x0000021b56e2a78c: ;   {metadata(method data for {method} {0x0000021b001542f0} 'getMemberName' '(I)Ljava/lang/invoke/MemberName;' in 'java/lang/invoke/VarForm')}
  0x0000021b56e2a78c: 0000 0149 | b840 f613 | 731b 0200 | 0045 8b88 | cc00 0000 | 4183 c102 | 4589 88cc | 0000 0041 
  0x0000021b56e2a7ac: 81e1 feff | 1f00 4585 | c90f 84b5 

  0x0000021b56e2a7b8: ;   {metadata(method data for {method} {0x0000021b001542f0} 'getMemberName' '(I)Ljava/lang/invoke/MemberName;' in 'java/lang/invoke/VarForm')}
  0x0000021b56e2a7b8: 2300 0049 | b840 f613 | 731b 0200 | 0041 ff80 | 1001 0000 

  0x0000021b56e2a7cc: ;   {metadata(method data for {method} {0x0000021b001562a0} 'guard_LII_Z' '(Ljava/lang/invoke/VarHandle;Ljava/lang/Object;IILjava/lang/invoke/VarHandle$AccessDescriptor;)Z' in 'java/lang/invoke/VarHandleGuards')}
  0x0000021b56e2a7cc: 49b8 2874 | 7274 1b02 | 0000 4d8d | 80d8 0100 

  0x0000021b56e2a7dc: ;   {oop(a 'java/lang/invoke/MemberName'{0x0000000601fda4a0} = {method} {0x0000021b732d2eb8} 'compareAndSet' '(Ljava/lang/invoke/VarHandle;Ljava/lang/Object;II)Z' in 'java/lang/invoke/VarHandleInts$FieldInstanceReadWrite')}
  0x0000021b56e2a7dc: 0049 b9a0 | a4fd 0106 | 0000 004d | 85c9 750b | 41f6 0001 | 7505 f049 

  0x0000021b56e2a7f4: ;   {metadata(method data for {method} {0x0000021b001562a0} 'guard_LII_Z' '(Ljava/lang/invoke/VarHandle;Ljava/lang/Object;IILjava/lang/invoke/VarHandle$AccessDescriptor;)Z' in 'java/lang/invoke/VarHandleGuards')}
  0x0000021b56e2a7f4: 8308 0149 | b828 7472 | 741b 0200 | 004d 8d80 | f801 0000 

  0x0000021b56e2a808: ;   {oop(a 'java/lang/invoke/VarHandleInts$FieldInstanceReadWrite'{0x0000000600fbbdb8})}
  0x0000021b56e2a808: 49b9 b8bd | fb00 0600 | 0000 4d85 | c975 0d41 | f640 0801 | 7506 f049 | 8348 0801 

  0x0000021b56e2a824: ;   {metadata(method data for {method} {0x0000021b001562a0} 'guard_LII_Z' '(Ljava/lang/invoke/VarHandle;Ljava/lang/Object;IILjava/lang/invoke/VarHandle$AccessDescriptor;)Z' in 'java/lang/invoke/VarHandleGuards')}
  0x0000021b56e2a824: 49b8 2874 | 7274 1b02 | 0000 4983 | 80e8 0100 

  0x0000021b56e2a834: ;   {metadata(method data for {method} {0x0000021b732d2eb8} 'compareAndSet' '(Ljava/lang/invoke/VarHandle;Ljava/lang/Object;II)Z' in 'java/lang/invoke/VarHandleInts$FieldInstanceReadWrite')}
  0x0000021b56e2a834: 0001 49b8 | 3879 7274 | 1b02 0000 | 458b 88cc | 0000 0041 | 83c1 0245 | 8988 cc00 | 0000 4181 
  0x0000021b56e2a854: e1fe ff1f | 0045 85c9 | 0f84 2f23 

  0x0000021b56e2a860: ;   {oop(a 'java/lang/Class'{0x0000000600fbb118} = 'java/util/concurrent/FutureTask')}
  0x0000021b56e2a860: 0000 49b8 | 18b1 fb00 | 0600 0000 

  0x0000021b56e2a86c: ;   {metadata(method data for {method} {0x0000021b732d2eb8} 'compareAndSet' '(Ljava/lang/invoke/VarHandle;Ljava/lang/Object;II)Z' in 'java/lang/invoke/VarHandleInts$FieldInstanceReadWrite')}
  0x0000021b56e2a86c: 49b9 3879 | 7274 1b02 | 0000 4983 | 8148 0100 

  0x0000021b56e2a87c: ;   {metadata(method data for {method} {0x0000021b00465068} 'cast' '(Ljava/lang/Object;)Ljava/lang/Object;' in 'java/lang/Class')}
  0x0000021b56e2a87c: 0001 49b8 | 7082 2073 | 1b02 0000 | 458b 88cc | 0000 0041 | 83c1 0245 | 8988 cc00 | 0000 4181 
  0x0000021b56e2a89c: e1fe ff1f | 0045 85c9 | 0f84 0823 

  0x0000021b56e2a8a8: ;   {metadata(method data for {method} {0x0000021b00465068} 'cast' '(Ljava/lang/Object;)Ljava/lang/Object;' in 'java/lang/Class')}
  0x0000021b56e2a8a8: 0000 49b8 | 7082 2073 | 1b02 0000 | 41ff 8020 

  0x0000021b56e2a8b8: ;   {oop(a 'java/lang/Class'{0x0000000600fbb118} = 'java/util/concurrent/FutureTask')}
  0x0000021b56e2a8b8: 0100 0049 | b818 b1fb | 0006 0000 

  0x0000021b56e2a8c4: ;   {metadata(method data for {method} {0x0000021b00465068} 'cast' '(Ljava/lang/Object;)Ljava/lang/Object;' in 'java/lang/Class')}
  0x0000021b56e2a8c4: 0049 b970 | 8220 731b | 0200 0049 | 8381 3001 | 0000 0148 | 85d2 0f84 | 2900 0000 

  0x0000021b56e2a8e0: ;   {metadata('java/util/concurrent/FutureTask')}
  0x0000021b56e2a8e0: 48be d866 | 3201 1b02 | 0000 8b7a | 0849 ba00 | 0000 001b | 0200 0049 | 03fa 483b | 7738 0f85 
  0x0000021b56e2a900: 0500 0000 | e905 0000 | 004d 33c0 | eb07 49c7 | c001 0000 | 0045 85c0 

  0x0000021b56e2a918: ;   {metadata(method data for {method} {0x0000021b00465068} 'cast' '(Ljava/lang/Object;)Ljava/lang/Object;' in 'java/lang/Class')}
  0x0000021b56e2a918: 49b8 7082 | 2073 1b02 | 0000 49c7 | c178 0100 | 0074 0749 | c7c1 6801 | 0000 4b8b | 3c08 488d 
  0x0000021b56e2a938: 7f01 4b89 | 3c08 0f84 | e818 0000 

  0x0000021b56e2a944: ;   {metadata(method data for {method} {0x0000021b732d2eb8} 'compareAndSet' '(Ljava/lang/invoke/VarHandle;Ljava/lang/Object;II)Z' in 'java/lang/invoke/VarHandleInts$FieldInstanceReadWrite')}
  0x0000021b56e2a944: 49b8 3879 | 7274 1b02 | 0000 4983 | 8080 0100 

  0x0000021b56e2a954: ;   {metadata(method data for {method} {0x0000021b00056488} 'requireNonNull' '(Ljava/lang/Object;)Ljava/lang/Object;' in 'java/util/Objects')}
  0x0000021b56e2a954: 0001 49b8 | 40f4 0073 | 1b02 0000 | 458b 88cc | 0000 0041 | 83c1 0245 | 8988 cc00 | 0000 4181 
  0x0000021b56e2a974: e1fe ff1f | 0045 85c9 | 0f84 5122 

  0x0000021b56e2a980: ;   {metadata(method data for {method} {0x0000021b00056488} 'requireNonNull' '(Ljava/lang/Object;)Ljava/lang/Object;' in 'java/util/Objects')}
  0x0000021b56e2a980: 0000 49b8 | 40f4 0073 | 1b02 0000 | 41ff 8010 | 0100 0049 | c7c0 0c00 | 0000 4e8d | 0402 488b 
  0x0000021b56e2a9a0: d8b8 0000 | 0000 41b9 | 0100 0000 | f045 0fb1 | 0841 b801 | 0000 0074 | 0641 b800 | 0000 0041 
  0x0000021b56e2a9c0: 83e0 0141 | 83e0 0145 

  0x0000021b56e2a9c8: ;   {metadata(method data for {method} {0x0000021b747e8810} 'setException' '(Ljava/lang/Throwable;)V' in 'java/util/concurrent/FutureTask')}
  0x0000021b56e2a9c8: 85c0 49b8 | 2068 7374 | 1b02 0000 | 49c7 c160 | 0100 0074 | 0749 c7c1 | 7001 0000 | 4b8b 3c08 
  0x0000021b56e2a9e8: 488d 7f01 | 4b89 3c08 | 0f84 e605 | 0000 450f | be47 4045 | 85c0 0f85 | f021 0000 | 4c8b d349 
  0x0000021b56e2aa08: c1ea 0344 | 8952 144c | 8bc2 4c33 | c349 c1e8 | 1649 83f8 | 000f 85f1 

  0x0000021b56e2aa20: ;   {metadata(method data for {method} {0x0000021b747e8810} 'setException' '(Ljava/lang/Throwable;)V' in 'java/util/concurrent/FutureTask')}
  0x0000021b56e2aa20: 2100 0049 | b820 6873 | 741b 0200 | 004d 8d80 | b801 0000 

  0x0000021b56e2aa34: ;   {metadata('java/util/concurrent/FutureTask')}
  0x0000021b56e2aa34: 49b9 d866 | 3201 1b02 | 0000 4d33 | 4808 49f7 | c1fc ffff | ff74 044d 

  0x0000021b56e2aa4c: ;   {metadata(method data for {method} {0x0000021b00156248} 'guard_LI_V' '(Ljava/lang/invoke/VarHandle;Ljava/lang/Object;ILjava/lang/invoke/VarHandle$AccessDescriptor;)V' in 'java/lang/invoke/VarHandleGuards')}
  0x0000021b56e2aa4c: 8948 0849 | b870 6a73 | 741b 0200 | 004d 8d80 | 1805 0000 

  0x0000021b56e2aa60: ;   {oop(a 'java/lang/invoke/VarHandleInts$FieldInstanceReadWrite'{0x0000000600fbbdb8})}
  0x0000021b56e2aa60: 49b9 b8bd | fb00 0600 | 0000 4d85 | c975 0d41 | f600 0175 | 47f0 4983 | 0801 eb40 

  0x0000021b56e2aa7c: ;   {metadata('java/lang/invoke/VarHandleInts$FieldInstanceReadWrite')}
  0x0000021b56e2aa7c: 48bf 38a0 | 0701 1b02 | 0000 4c8b | d749 3338 | 48f7 c7fc | ffff ff74 | 2740 f6c7 | 0275 2149 
  0x0000021b56e2aa9c: f700 feff | ffff 7415 | 498b fa49 | 3338 48f7 | c7fc ffff | ff74 0949 | 8308 02eb | 0349 8938 
  0x0000021b56e2aabc: ;   {metadata('java/util/concurrent/FutureTask')}
  0x0000021b56e2aabc: 48bf d866 | 3201 1b02 | 0000 4c8b | d749 3378 | 1048 f7c7 | fcff ffff | 742b 40f6 | c702 7525 
  0x0000021b56e2aadc: 49f7 4010 | feff ffff | 7417 498b | fa49 3378 | 1048 f7c7 | fcff ffff | 740b 4983 | 4810 02eb 
  0x0000021b56e2aafc: 0449 8978 

  0x0000021b56e2ab00: ;   {metadata(method data for {method} {0x0000021b747e8810} 'setException' '(Ljava/lang/Throwable;)V' in 'java/util/concurrent/FutureTask')}
  0x0000021b56e2ab00: 1049 b820 | 6873 741b | 0200 0049 | 8380 8001 

  0x0000021b56e2ab10: ;   {metadata(method data for {method} {0x0000021b00156248} 'guard_LI_V' '(Ljava/lang/invoke/VarHandle;Ljava/lang/Object;ILjava/lang/invoke/VarHandle$AccessDescriptor;)V' in 'java/lang/invoke/VarHandleGuards')}
  0x0000021b56e2ab10: 0000 0149 | b870 6a73 | 741b 0200 | 0041 8bb8 | cc00 0000 | 83c7 0241 | 89b8 cc00 | 0000 81e7 
  0x0000021b56e2ab30: feff 1f00 | 85ff 0f84 | f020 0000 

  0x0000021b56e2ab3c: ;   {metadata(method data for {method} {0x0000021b00156248} 'guard_LI_V' '(Ljava/lang/invoke/VarHandle;Ljava/lang/Object;ILjava/lang/invoke/VarHandle$AccessDescriptor;)V' in 'java/lang/invoke/VarHandleGuards')}
  0x0000021b56e2ab3c: 49b8 706a | 7374 1b02 | 0000 4d8d | 8048 0100 

  0x0000021b56e2ab4c: ;   {oop(a 'java/lang/invoke/VarHandle$AccessDescriptor'{0x0000000600fbba50})}
  0x0000021b56e2ab4c: 0048 bf50 | bafb 0006 | 0000 0048 | 85ff 750d | 41f6 4008 | 0175 06f0 | 4983 4808 

  0x0000021b56e2ab68: ;   {metadata(method data for {method} {0x0000021b00156248} 'guard_LI_V' '(Ljava/lang/invoke/VarHandle;Ljava/lang/Object;ILjava/lang/invoke/VarHandle$AccessDescriptor;)V' in 'java/lang/invoke/VarHandleGuards')}
  0x0000021b56e2ab68: 0149 b870 | 6a73 741b | 0200 0045 | 8b49 0849 | ba00 0000 | 001b 0200 | 004d 03ca | 4d3b 8820 
  0x0000021b56e2ab88: 0100 0075 | 0d49 8380 | 2801 0000 | 01e9 6000 | 0000 4d3b | 8830 0100 | 0075 0d49 | 8380 3801 
  0x0000021b56e2aba8: 0000 01e9 | 4a00 0000 | 4983 b820 | 0100 0000 | 7517 4d89 | 8820 0100 | 0049 c780 | 2801 0000 
  0x0000021b56e2abc8: 0100 0000 | e929 0000 | 0049 83b8 | 3001 0000 | 0075 174d | 8988 3001 | 0000 49c7 | 8038 0100 
  0x0000021b56e2abe8: 0001 0000 | 00e9 0800 | 0000 4983 | 8010 0100 

  0x0000021b56e2abf8: ;   {metadata(method data for {method} {0x0000021b000936b8} 'checkAccessModeThenIsDirect' '(Ljava/lang/invoke/VarHandle$AccessDescriptor;)Z' in 'java/lang/invoke/VarHandle')}
  0x0000021b56e2abf8: 0001 49b8 | 38f4 1373 | 1b02 0000 | 458b 88cc | 0000 0041 | 83c1 0245 | 8988 cc00 | 0000 4181 
  0x0000021b56e2ac18: e1fe ff1f | 0045 85c9 | 0f84 2720 

  0x0000021b56e2ac24: ;   {metadata(method data for {method} {0x0000021b000936b8} 'checkAccessModeThenIsDirect' '(Ljava/lang/invoke/VarHandle$AccessDescriptor;)Z' in 'java/lang/invoke/VarHandle')}
  0x0000021b56e2ac24: 0000 49b8 | 38f4 1373 | 1b02 0000 | 41ff 8010 

  0x0000021b56e2ac34: ;   {metadata(method data for {method} {0x0000021b00156248} 'guard_LI_V' '(Ljava/lang/invoke/VarHandle;Ljava/lang/Object;ILjava/lang/invoke/VarHandle$AccessDescriptor;)V' in 'java/lang/invoke/VarHandleGuards')}
  0x0000021b56e2ac34: 0100 0049 | b870 6a73 | 741b 0200 | 0041 ff80 | 7001 0000 

  0x0000021b56e2ac48: ;   {metadata(method data for {method} {0x0000021b00156248} 'guard_LI_V' '(Ljava/lang/invoke/VarHandle;Ljava/lang/Object;ILjava/lang/invoke/VarHandle$AccessDescriptor;)V' in 'java/lang/invoke/VarHandleGuards')}
  0x0000021b56e2ac48: 49b8 706a | 7374 1b02 | 0000 41ff | 8090 0100 

  0x0000021b56e2ac58: ;   {oop(a 'java/lang/invoke/VarForm'{0x00000006010963f0})}
  0x0000021b56e2ac58: 0049 b8f0 | 6309 0106 

  0x0000021b56e2ac60: ;   {metadata(method data for {method} {0x0000021b00156248} 'guard_LI_V' '(Ljava/lang/invoke/VarHandle;Ljava/lang/Object;ILjava/lang/invoke/VarHandle$AccessDescriptor;)V' in 'java/lang/invoke/VarHandleGuards')}
  0x0000021b56e2ac60: 0000 0049 | b970 6a73 | 741b 0200 | 0049 8381 | a001 0000 

  0x0000021b56e2ac74: ;   {metadata(method data for {method} {0x0000021b001542f0} 'getMemberName' '(I)Ljava/lang/invoke/MemberName;' in 'java/lang/invoke/VarForm')}
  0x0000021b56e2ac74: 0149 b840 | f613 731b | 0200 0045 | 8b88 cc00 | 0000 4183 | c102 4589 | 88cc 0000 | 0041 81e1 
  0x0000021b56e2ac94: feff 1f00 | 4585 c90f | 84cd 1f00 

  0x0000021b56e2aca0: ;   {metadata(method data for {method} {0x0000021b001542f0} 'getMemberName' '(I)Ljava/lang/invoke/MemberName;' in 'java/lang/invoke/VarForm')}
  0x0000021b56e2aca0: 0049 b840 | f613 731b | 0200 0041 | ff80 1001 

  0x0000021b56e2acb0: ;   {metadata(method data for {method} {0x0000021b00156248} 'guard_LI_V' '(Ljava/lang/invoke/VarHandle;Ljava/lang/Object;ILjava/lang/invoke/VarHandle$AccessDescriptor;)V' in 'java/lang/invoke/VarHandleGuards')}
  0x0000021b56e2acb0: 0000 49b8 | 706a 7374 | 1b02 0000 | 4d8d 80d8 

  0x0000021b56e2acc0: ;   {oop(a 'java/lang/invoke/MemberName'{0x0000000601fda678} = {method} {0x0000021b732d2da8} 'setRelease' '(Ljava/lang/invoke/VarHandle;Ljava/lang/Object;I)V' in 'java/lang/invoke/VarHandleInts$FieldInstanceReadWrite')}
  0x0000021b56e2acc0: 0100 0049 | b978 a6fd | 0106 0000 | 004d 85c9 | 750b 41f6 | 0001 7505 | f049 8308 

  0x0000021b56e2acdc: ;   {metadata(method data for {method} {0x0000021b00156248} 'guard_LI_V' '(Ljava/lang/invoke/VarHandle;Ljava/lang/Object;ILjava/lang/invoke/VarHandle$AccessDescriptor;)V' in 'java/lang/invoke/VarHandleGuards')}
  0x0000021b56e2acdc: 0149 b870 | 6a73 741b | 0200 004d | 8d80 f801 

  0x0000021b56e2acec: ;   {oop(a 'java/lang/invoke/VarHandleInts$FieldInstanceReadWrite'{0x0000000600fbbdb8})}
  0x0000021b56e2acec: 0000 49b9 | b8bd fb00 | 0600 0000 | 4d85 c975 | 0f41 f640 | 0801 754d | f049 8348 | 0801 eb45 
  0x0000021b56e2ad0c: ;   {metadata('java/lang/invoke/VarHandleInts$FieldInstanceReadWrite')}
  0x0000021b56e2ad0c: 49b9 38a0 | 0701 1b02 | 0000 4d8b | d14d 3348 | 0849 f7c1 | fcff ffff | 742b 41f6 | c102 7525 
  0x0000021b56e2ad2c: 49f7 4008 | feff ffff | 7417 4d8b | ca4d 3348 | 0849 f7c1 | fcff ffff | 740b 4983 | 4808 02eb 
  0x0000021b56e2ad4c: 044d 8948 

  0x0000021b56e2ad50: ;   {metadata('java/util/concurrent/FutureTask')}
  0x0000021b56e2ad50: 0849 b9d8 | 6632 011b | 0200 004d | 8bd1 4d33 | 4818 49f7 | c1fc ffff | ff74 2b41 | f6c1 0275 
  0x0000021b56e2ad70: 2549 f740 | 18fe ffff | ff74 174d | 8bca 4d33 | 4818 49f7 | c1fc ffff | ff74 0b49 | 8348 1802 
  0x0000021b56e2ad90: eb04 4d89 

  0x0000021b56e2ad94: ;   {metadata(method data for {method} {0x0000021b00156248} 'guard_LI_V' '(Ljava/lang/invoke/VarHandle;Ljava/lang/Object;ILjava/lang/invoke/VarHandle$AccessDescriptor;)V' in 'java/lang/invoke/VarHandleGuards')}
  0x0000021b56e2ad94: 4818 49b8 | 706a 7374 | 1b02 0000 | 4983 80e8 | 0100 0001 

  0x0000021b56e2ada8: ;   {metadata(method data for {method} {0x0000021b732d2da8} 'setRelease' '(Ljava/lang/invoke/VarHandle;Ljava/lang/Object;I)V' in 'java/lang/invoke/VarHandleInts$FieldInstanceReadWrite')}
  0x0000021b56e2ada8: 49b8 a06f | 7374 1b02 | 0000 458b | 88cc 0000 | 0041 83c1 | 0245 8988 | cc00 0000 | 4181 e1fe 
  0x0000021b56e2adc8: ff1f 0045 | 85c9 0f84 | bb1e 0000 

  0x0000021b56e2add4: ;   {oop(a 'java/lang/Class'{0x0000000600fbb118} = 'java/util/concurrent/FutureTask')}
  0x0000021b56e2add4: 49b8 18b1 | fb00 0600 

  0x0000021b56e2addc: ;   {metadata(method data for {method} {0x0000021b732d2da8} 'setRelease' '(Ljava/lang/invoke/VarHandle;Ljava/lang/Object;I)V' in 'java/lang/invoke/VarHandleInts$FieldInstanceReadWrite')}
  0x0000021b56e2addc: 0000 49b9 | a06f 7374 | 1b02 0000 | 4983 8148 | 0100 0001 

  0x0000021b56e2adf0: ;   {metadata(method data for {method} {0x0000021b00465068} 'cast' '(Ljava/lang/Object;)Ljava/lang/Object;' in 'java/lang/Class')}
  0x0000021b56e2adf0: 49b8 7082 | 2073 1b02 | 0000 458b | 88cc 0000 | 0041 83c1 | 0245 8988 | cc00 0000 | 4181 e1fe 
  0x0000021b56e2ae10: ff1f 0045 | 85c9 0f84 | 941e 0000 

  0x0000021b56e2ae1c: ;   {metadata(method data for {method} {0x0000021b00465068} 'cast' '(Ljava/lang/Object;)Ljava/lang/Object;' in 'java/lang/Class')}
  0x0000021b56e2ae1c: 49b8 7082 | 2073 1b02 | 0000 41ff | 8020 0100 

  0x0000021b56e2ae2c: ;   {oop(a 'java/lang/Class'{0x0000000600fbb118} = 'java/util/concurrent/FutureTask')}
  0x0000021b56e2ae2c: 0049 b818 | b1fb 0006 

  0x0000021b56e2ae34: ;   {metadata(method data for {method} {0x0000021b00465068} 'cast' '(Ljava/lang/Object;)Ljava/lang/Object;' in 'java/lang/Class')}
  0x0000021b56e2ae34: 0000 0049 | b970 8220 | 731b 0200 | 0049 8381 | 3001 0000 | 0148 85d2 | 0f84 2900 

  0x0000021b56e2ae50: ;   {metadata('java/util/concurrent/FutureTask')}
  0x0000021b56e2ae50: 0000 48be | d866 3201 | 1b02 0000 | 8b7a 0849 | ba00 0000 | 001b 0200 | 0049 03fa | 483b 7738 
  0x0000021b56e2ae70: 0f85 0500 | 0000 e905 | 0000 004d | 33c0 eb07 | 49c7 c001 | 0000 0045 

  0x0000021b56e2ae88: ;   {metadata(method data for {method} {0x0000021b00465068} 'cast' '(Ljava/lang/Object;)Ljava/lang/Object;' in 'java/lang/Class')}
  0x0000021b56e2ae88: 85c0 49b8 | 7082 2073 | 1b02 0000 | 49c7 c178 | 0100 0074 | 0749 c7c1 | 6801 0000 | 4b8b 3c08 
  0x0000021b56e2aea8: 488d 7f01 | 4b89 3c08 | 0f84 8e12 

  0x0000021b56e2aeb4: ;   {metadata(method data for {method} {0x0000021b732d2da8} 'setRelease' '(Ljava/lang/invoke/VarHandle;Ljava/lang/Object;I)V' in 'java/lang/invoke/VarHandleInts$FieldInstanceReadWrite')}
  0x0000021b56e2aeb4: 0000 49b8 | a06f 7374 | 1b02 0000 | 4983 8080 | 0100 0001 

  0x0000021b56e2aec8: ;   {metadata(method data for {method} {0x0000021b00056488} 'requireNonNull' '(Ljava/lang/Object;)Ljava/lang/Object;' in 'java/util/Objects')}
  0x0000021b56e2aec8: 49b8 40f4 | 0073 1b02 | 0000 458b | 88cc 0000 | 0041 83c1 | 0245 8988 | cc00 0000 | 4181 e1fe 
  0x0000021b56e2aee8: ff1f 0045 | 85c9 0f84 | dd1d 0000 

  0x0000021b56e2aef4: ;   {metadata(method data for {method} {0x0000021b00056488} 'requireNonNull' '(Ljava/lang/Object;)Ljava/lang/Object;' in 'java/util/Objects')}
  0x0000021b56e2aef4: 49b8 40f4 | 0073 1b02 | 0000 41ff | 8010 0100 

  0x0000021b56e2af04: ;   {metadata(method data for {method} {0x0000021b732d2da8} 'setRelease' '(Ljava/lang/invoke/VarHandle;Ljava/lang/Object;I)V' in 'java/lang/invoke/VarHandleInts$FieldInstanceReadWrite')}
  0x0000021b56e2af04: 0049 b8a0 | 6f73 741b | 0200 004d | 8d80 c801 

  0x0000021b56e2af14: ;   {metadata('java/util/concurrent/FutureTask')}
  0x0000021b56e2af14: 0000 49b9 | d866 3201 | 1b02 0000 | 4d8b d14d | 3348 0849 | f7c1 fcff | ffff 742b | 41f6 c102 
  0x0000021b56e2af34: 7525 49f7 | 4008 feff | ffff 7417 | 4d8b ca4d | 3348 0849 | f7c1 fcff | ffff 740b | 4983 4808 
  0x0000021b56e2af54: 02eb 044d 

  0x0000021b56e2af58: ;   {oop(a 'jdk/internal/misc/Unsafe'{0x00000006010020e8})}
  0x0000021b56e2af58: 8948 0848 | bee8 2000 | 0106 0000 | 004c 8bc6 

  0x0000021b56e2af68: ;   {metadata(method data for {method} {0x0000021b732d2da8} 'setRelease' '(Ljava/lang/invoke/VarHandle;Ljava/lang/Object;I)V' in 'java/lang/invoke/VarHandleInts$FieldInstanceReadWrite')}
  0x0000021b56e2af68: 49b9 a06f | 7374 1b02 | 0000 4983 | 8190 0100 | 0001 49c7 | c10c 0000 | 004c 8bc2 | bf03 0000 
  0x0000021b56e2af88: 0048 8bd6 

  0x0000021b56e2af8c: ;   {optimized virtual_call}
  0x0000021b56e2af8c: 6666 90e8 

  0x0000021b56e2af90: ; ImmutableOopMap {[232]=Oop }
                      ;*invokevirtual putIntRelease {reexecute=0 rethrow=0 return_oop=0}
                      ; - java.lang.invoke.VarHandleInts$FieldInstanceReadWrite::setRelease@24 (line 170)
                      ; - java.lang.invoke.VarHandleGuards::guard_LI_V@45 (line 122)
                      ; - java.util.concurrent.FutureTask::setException@22 (line 302)
                      ; - java.util.concurrent.FutureTask::run@59 (line 322)
  0x0000021b56e2af90: ec3a 9f06 

  0x0000021b56e2af94: ;   {other}
  0x0000021b56e2af94: 0f1f 8400 | 8417 0001 

  0x0000021b56e2af9c: ;   {metadata(method data for {method} {0x0000021b00156248} 'guard_LI_V' '(Ljava/lang/invoke/VarHandle;Ljava/lang/Object;ILjava/lang/invoke/VarHandle$AccessDescriptor;)V' in 'java/lang/invoke/VarHandleGuards')}
  0x0000021b56e2af9c: 48ba 706a | 7374 1b02 | 0000 ff82 | 2002 0000 | 488b 9424 | e800 0000 

  0x0000021b56e2afb4: ;   {metadata(method data for {method} {0x0000021b747e8810} 'setException' '(Ljava/lang/Throwable;)V' in 'java/util/concurrent/FutureTask')}
  0x0000021b56e2afb4: 48be 2068 | 7374 1b02 | 0000 4883 | 86d0 0100 | 0001 488b | 9424 e800 

  0x0000021b56e2afcc: ;   {optimized virtual_call}
  0x0000021b56e2afcc: 0000 90e8 

  0x0000021b56e2afd0: ; ImmutableOopMap {[232]=Oop }
                      ;*invokevirtual finishCompletion {reexecute=0 rethrow=0 return_oop=0}
                      ; - java.util.concurrent.FutureTask::setException@26 (line 303)
                      ; - java.util.concurrent.FutureTask::run@59 (line 322)
  0x0000021b56e2afd0: ac3a 9f06 

  0x0000021b56e2afd4: ;   {other}
  0x0000021b56e2afd4: 0f1f 8400 | c417 0002 | be00 0000 

  0x0000021b56e2afe0: ;   {oop(nullptr)}
  0x0000021b56e2afe0: 0048 b800 | 0000 0000 | 0000 0085 

  0x0000021b56e2afec: ;   {metadata(method data for {method} {0x0000021b747e89d8} 'run' '()V' in 'java/util/concurrent/FutureTask')}
  0x0000021b56e2afec: f649 b8a8 | 6173 741b | 0200 0049 | c7c1 8802 | 0000 7407 | 49c7 c198 | 0200 004b | 8b3c 0848 
  0x0000021b56e2b00c: 8d7f 014b | 893c 0848 | 8b94 24e8 | 0000 000f | 8473 0a00 | 004c 8bc2 

  0x0000021b56e2b024: ;   {metadata(method data for {method} {0x0000021b747e89d8} 'run' '()V' in 'java/util/concurrent/FutureTask')}
  0x0000021b56e2b024: 49b9 a861 | 7374 1b02 

  0x0000021b56e2b02c: ;   {metadata('java/util/concurrent/FutureTask')}
  0x0000021b56e2b02c: 0000 49ba | d866 3201 | 1b02 0000 | 4d89 91b8 | 0200 0049 | 8381 c002 

  0x0000021b56e2b044: ;   {metadata(method data for {method} {0x0000021b747e8728} 'set' '(Ljava/lang/Object;)V' in 'java/util/concurrent/FutureTask')}
  0x0000021b56e2b044: 0000 0149 | b838 7673 | 741b 0200 | 0045 8b88 | cc00 0000 | 4183 c102 | 4589 88cc | 0000 0041 
  0x0000021b56e2b064: 81e1 feff | 1f00 4585 | c90f 847f 

  0x0000021b56e2b070: ;   {metadata(method data for {method} {0x0000021b747e8728} 'set' '(Ljava/lang/Object;)V' in 'java/util/concurrent/FutureTask')}
  0x0000021b56e2b070: 1c00 0049 | b838 7673 | 741b 0200 | 004d 8d80 | 4801 0000 

  0x0000021b56e2b084: ;   {metadata('java/util/concurrent/FutureTask')}
  0x0000021b56e2b084: 49b9 d866 | 3201 1b02 | 0000 4d33 | 4808 49f7 | c1fc ffff | ff74 044d 

  0x0000021b56e2b09c: ;   {metadata(method data for {method} {0x0000021b001562a0} 'guard_LII_Z' '(Ljava/lang/invoke/VarHandle;Ljava/lang/Object;IILjava/lang/invoke/VarHandle$AccessDescriptor;)Z' in 'java/lang/invoke/VarHandleGuards')}
  0x0000021b56e2b09c: 8948 0849 | b828 7472 | 741b 0200 | 004d 8d80 | e003 0000 

  0x0000021b56e2b0b0: ;   {oop(a 'java/lang/invoke/VarHandleInts$FieldInstanceReadWrite'{0x0000000600fbbdb8})}
  0x0000021b56e2b0b0: 49b9 b8bd | fb00 0600 | 0000 4d85 | c975 0b41 | f600 0175 | 05f0 4983 

  0x0000021b56e2b0c8: ;   {metadata(method data for {method} {0x0000021b747e8728} 'set' '(Ljava/lang/Object;)V' in 'java/util/concurrent/FutureTask')}
  0x0000021b56e2b0c8: 0801 49b8 | 3876 7374 | 1b02 0000 | 4983 8010 | 0100 0001 

  0x0000021b56e2b0dc: ;   {metadata(method data for {method} {0x0000021b001562a0} 'guard_LII_Z' '(Ljava/lang/invoke/VarHandle;Ljava/lang/Object;IILjava/lang/invoke/VarHandle$AccessDescriptor;)Z' in 'java/lang/invoke/VarHandleGuards')}
  0x0000021b56e2b0dc: 49b8 2874 | 7274 1b02 | 0000 418b | b8cc 0000 | 0083 c702 | 4189 b8cc | 0000 0081 | e7fe ff1f 
  0x0000021b56e2b0fc: 0085 ff0f | 840e 1c00 

  0x0000021b56e2b104: ;   {metadata(method data for {method} {0x0000021b001562a0} 'guard_LII_Z' '(Ljava/lang/invoke/VarHandle;Ljava/lang/Object;IILjava/lang/invoke/VarHandle$AccessDescriptor;)Z' in 'java/lang/invoke/VarHandleGuards')}
  0x0000021b56e2b104: 0049 b828 | 7472 741b | 0200 004d | 8d80 4801 

  0x0000021b56e2b114: ;   {oop(a 'java/lang/invoke/VarHandle$AccessDescriptor'{0x0000000600fbbb00})}
  0x0000021b56e2b114: 0000 48bf | 00bb fb00 | 0600 0000 | 4885 ff75 | 0d41 f640 | 0801 7506 | f049 8348 

  0x0000021b56e2b130: ;   {metadata(method data for {method} {0x0000021b001562a0} 'guard_LII_Z' '(Ljava/lang/invoke/VarHandle;Ljava/lang/Object;IILjava/lang/invoke/VarHandle$AccessDescriptor;)Z' in 'java/lang/invoke/VarHandleGuards')}
  0x0000021b56e2b130: 0801 49b8 | 2874 7274 | 1b02 0000 | 458b 4908 | 49ba 0000 | 0000 1b02 | 0000 4d03 | ca4d 3b88 
  0x0000021b56e2b150: 2001 0000 | 750d 4983 | 8028 0100 | 0001 e960 | 0000 004d | 3b88 3001 | 0000 750d | 4983 8038 
  0x0000021b56e2b170: 0100 0001 | e94a 0000 | 0049 83b8 | 2001 0000 | 0075 174d | 8988 2001 | 0000 49c7 | 8028 0100 
  0x0000021b56e2b190: 0001 0000 | 00e9 2900 | 0000 4983 | b830 0100 | 0000 7517 | 4d89 8830 | 0100 0049 | c780 3801 
  0x0000021b56e2b1b0: 0000 0100 | 0000 e908 | 0000 0049 | 8380 1001 

  0x0000021b56e2b1c0: ;   {metadata(method data for {method} {0x0000021b000936b8} 'checkAccessModeThenIsDirect' '(Ljava/lang/invoke/VarHandle$AccessDescriptor;)Z' in 'java/lang/invoke/VarHandle')}
  0x0000021b56e2b1c0: 0000 0149 | b838 f413 | 731b 0200 | 0045 8b88 | cc00 0000 | 4183 c102 | 4589 88cc | 0000 0041 
  0x0000021b56e2b1e0: 81e1 feff | 1f00 4585 | c90f 8445 

  0x0000021b56e2b1ec: ;   {metadata(method data for {method} {0x0000021b000936b8} 'checkAccessModeThenIsDirect' '(Ljava/lang/invoke/VarHandle$AccessDescriptor;)Z' in 'java/lang/invoke/VarHandle')}
  0x0000021b56e2b1ec: 1b00 0049 | b838 f413 | 731b 0200 | 0041 ff80 | 1001 0000 

  0x0000021b56e2b200: ;   {metadata(method data for {method} {0x0000021b001562a0} 'guard_LII_Z' '(Ljava/lang/invoke/VarHandle;Ljava/lang/Object;IILjava/lang/invoke/VarHandle$AccessDescriptor;)Z' in 'java/lang/invoke/VarHandleGuards')}
  0x0000021b56e2b200: 49b8 2874 | 7274 1b02 | 0000 41ff | 8070 0100 

  0x0000021b56e2b210: ;   {metadata(method data for {method} {0x0000021b001562a0} 'guard_LII_Z' '(Ljava/lang/invoke/VarHandle;Ljava/lang/Object;IILjava/lang/invoke/VarHandle$AccessDescriptor;)Z' in 'java/lang/invoke/VarHandleGuards')}
  0x0000021b56e2b210: 0049 b828 | 7472 741b | 0200 0041 | ff80 9001 

  0x0000021b56e2b220: ;   {oop(a 'java/lang/invoke/VarForm'{0x00000006010963f0})}
  0x0000021b56e2b220: 0000 49b8 | f063 0901 | 0600 0000 

  0x0000021b56e2b22c: ;   {metadata(method data for {method} {0x0000021b001562a0} 'guard_LII_Z' '(Ljava/lang/invoke/VarHandle;Ljava/lang/Object;IILjava/lang/invoke/VarHandle$AccessDescriptor;)Z' in 'java/lang/invoke/VarHandleGuards')}
  0x0000021b56e2b22c: 49b9 2874 | 7274 1b02 | 0000 4983 | 81a0 0100 

  0x0000021b56e2b23c: ;   {metadata(method data for {method} {0x0000021b001542f0} 'getMemberName' '(I)Ljava/lang/invoke/MemberName;' in 'java/lang/invoke/VarForm')}
  0x0000021b56e2b23c: 0001 49b8 | 40f6 1373 | 1b02 0000 | 458b 88cc | 0000 0041 | 83c1 0245 | 8988 cc00 | 0000 4181 
  0x0000021b56e2b25c: e1fe ff1f | 0045 85c9 | 0f84 eb1a 

  0x0000021b56e2b268: ;   {metadata(method data for {method} {0x0000021b001542f0} 'getMemberName' '(I)Ljava/lang/invoke/MemberName;' in 'java/lang/invoke/VarForm')}
  0x0000021b56e2b268: 0000 49b8 | 40f6 1373 | 1b02 0000 | 41ff 8010 

  0x0000021b56e2b278: ;   {metadata(method data for {method} {0x0000021b001562a0} 'guard_LII_Z' '(Ljava/lang/invoke/VarHandle;Ljava/lang/Object;IILjava/lang/invoke/VarHandle$AccessDescriptor;)Z' in 'java/lang/invoke/VarHandleGuards')}
  0x0000021b56e2b278: 0100 0049 | b828 7472 | 741b 0200 | 004d 8d80 | d801 0000 

  0x0000021b56e2b28c: ;   {oop(a 'java/lang/invoke/MemberName'{0x0000000601fda4a0} = {method} {0x0000021b732d2eb8} 'compareAndSet' '(Ljava/lang/invoke/VarHandle;Ljava/lang/Object;II)Z' in 'java/lang/invoke/VarHandleInts$FieldInstanceReadWrite')}
  0x0000021b56e2b28c: 49b9 a0a4 | fd01 0600 | 0000 4d85 | c975 0b41 | f600 0175 | 05f0 4983 

  0x0000021b56e2b2a4: ;   {metadata(method data for {method} {0x0000021b001562a0} 'guard_LII_Z' '(Ljava/lang/invoke/VarHandle;Ljava/lang/Object;IILjava/lang/invoke/VarHandle$AccessDescriptor;)Z' in 'java/lang/invoke/VarHandleGuards')}
  0x0000021b56e2b2a4: 0801 49b8 | 2874 7274 | 1b02 0000 | 4d8d 80f8 

  0x0000021b56e2b2b4: ;   {oop(a 'java/lang/invoke/VarHandleInts$FieldInstanceReadWrite'{0x0000000600fbbdb8})}
  0x0000021b56e2b2b4: 0100 0049 | b9b8 bdfb | 0006 0000 | 004d 85c9 | 750d 41f6 | 4008 0175 | 06f0 4983 

  0x0000021b56e2b2d0: ;   {metadata(method data for {method} {0x0000021b001562a0} 'guard_LII_Z' '(Ljava/lang/invoke/VarHandle;Ljava/lang/Object;IILjava/lang/invoke/VarHandle$AccessDescriptor;)Z' in 'java/lang/invoke/VarHandleGuards')}
  0x0000021b56e2b2d0: 4808 0149 | b828 7472 | 741b 0200 | 0049 8380 | e801 0000 

  0x0000021b56e2b2e4: ;   {metadata(method data for {method} {0x0000021b732d2eb8} 'compareAndSet' '(Ljava/lang/invoke/VarHandle;Ljava/lang/Object;II)Z' in 'java/lang/invoke/VarHandleInts$FieldInstanceReadWrite')}
  0x0000021b56e2b2e4: 0149 b838 | 7972 741b | 0200 0045 | 8b88 cc00 | 0000 4183 | c102 4589 | 88cc 0000 | 0041 81e1 
  0x0000021b56e2b304: feff 1f00 | 4585 c90f | 8465 1a00 

  0x0000021b56e2b310: ;   {oop(a 'java/lang/Class'{0x0000000600fbb118} = 'java/util/concurrent/FutureTask')}
  0x0000021b56e2b310: 0049 b818 | b1fb 0006 

  0x0000021b56e2b318: ;   {metadata(method data for {method} {0x0000021b732d2eb8} 'compareAndSet' '(Ljava/lang/invoke/VarHandle;Ljava/lang/Object;II)Z' in 'java/lang/invoke/VarHandleInts$FieldInstanceReadWrite')}
  0x0000021b56e2b318: 0000 0049 | b938 7972 | 741b 0200 | 0049 8381 | 4801 0000 

  0x0000021b56e2b32c: ;   {metadata(method data for {method} {0x0000021b00465068} 'cast' '(Ljava/lang/Object;)Ljava/lang/Object;' in 'java/lang/Class')}
  0x0000021b56e2b32c: 0149 b870 | 8220 731b | 0200 0045 | 8b88 cc00 | 0000 4183 | c102 4589 | 88cc 0000 | 0041 81e1 
  0x0000021b56e2b34c: feff 1f00 | 4585 c90f | 843e 1a00 

  0x0000021b56e2b358: ;   {metadata(method data for {method} {0x0000021b00465068} 'cast' '(Ljava/lang/Object;)Ljava/lang/Object;' in 'java/lang/Class')}
  0x0000021b56e2b358: 0049 b870 | 8220 731b | 0200 0041 | ff80 2001 

  0x0000021b56e2b368: ;   {oop(a 'java/lang/Class'{0x0000000600fbb118} = 'java/util/concurrent/FutureTask')}
  0x0000021b56e2b368: 0000 49b8 | 18b1 fb00 | 0600 0000 

  0x0000021b56e2b374: ;   {metadata(method data for {method} {0x0000021b00465068} 'cast' '(Ljava/lang/Object;)Ljava/lang/Object;' in 'java/lang/Class')}
  0x0000021b56e2b374: 49b9 7082 | 2073 1b02 | 0000 4983 | 8130 0100 | 0001 4885 | d20f 8429 

  0x0000021b56e2b38c: ;   {metadata('java/util/concurrent/FutureTask')}
  0x0000021b56e2b38c: 0000 0048 | bed8 6632 | 011b 0200 | 008b 7a08 | 49ba 0000 | 0000 1b02 | 0000 4903 | fa48 3b77 
  0x0000021b56e2b3ac: 380f 8505 | 0000 00e9 | 0500 0000 | 4d33 c0eb | 0749 c7c0 | 0100 0000 

  0x0000021b56e2b3c4: ;   {metadata(method data for {method} {0x0000021b00465068} 'cast' '(Ljava/lang/Object;)Ljava/lang/Object;' in 'java/lang/Class')}
  0x0000021b56e2b3c4: 4585 c049 | b870 8220 | 731b 0200 | 0049 c7c1 | 7801 0000 | 7407 49c7 | c168 0100 | 004b 8b3c 
  0x0000021b56e2b3e4: 0848 8d7f | 014b 893c | 080f 8461 

  0x0000021b56e2b3f0: ;   {metadata(method data for {method} {0x0000021b732d2eb8} 'compareAndSet' '(Ljava/lang/invoke/VarHandle;Ljava/lang/Object;II)Z' in 'java/lang/invoke/VarHandleInts$FieldInstanceReadWrite')}
  0x0000021b56e2b3f0: 0c00 0049 | b838 7972 | 741b 0200 | 0049 8380 | 8001 0000 

  0x0000021b56e2b404: ;   {metadata(method data for {method} {0x0000021b00056488} 'requireNonNull' '(Ljava/lang/Object;)Ljava/lang/Object;' in 'java/util/Objects')}
  0x0000021b56e2b404: 0149 b840 | f400 731b | 0200 0045 | 8b88 cc00 | 0000 4183 | c102 4589 | 88cc 0000 | 0041 81e1 
  0x0000021b56e2b424: feff 1f00 | 4585 c90f | 8487 1900 

  0x0000021b56e2b430: ;   {metadata(method data for {method} {0x0000021b00056488} 'requireNonNull' '(Ljava/lang/Object;)Ljava/lang/Object;' in 'java/util/Objects')}
  0x0000021b56e2b430: 0049 b840 | f400 731b | 0200 0041 | ff80 1001 | 0000 49c7 | c00c 0000 | 004e 8d04 | 0248 8bd8 
  0x0000021b56e2b450: b800 0000 | 0041 b901 | 0000 00f0 | 450f b108 | 41b8 0100 | 0000 7406 | 41b8 0000 | 0000 4183 
  0x0000021b56e2b470: e001 4183 | e001 4585 

  0x0000021b56e2b478: ;   {metadata(method data for {method} {0x0000021b747e8728} 'set' '(Ljava/lang/Object;)V' in 'java/util/concurrent/FutureTask')}
  0x0000021b56e2b478: c049 b838 | 7673 741b | 0200 0049 | c7c1 6001 | 0000 7407 | 49c7 c170 | 0100 004b | 8b3c 0848 
  0x0000021b56e2b498: 8d7f 014b | 893c 080f | 84e7 0500 | 0045 0fbe | 4740 4585 | c00f 8526 | 1900 004c | 8bd3 49c1 
  0x0000021b56e2b4b8: ea03 4489 | 5214 4c8b | c24c 33c3 | 49c1 e816 | 4983 f800 | 0f85 2719 

  0x0000021b56e2b4d0: ;   {metadata(method data for {method} {0x0000021b747e8728} 'set' '(Ljava/lang/Object;)V' in 'java/util/concurrent/FutureTask')}
  0x0000021b56e2b4d0: 0000 49b8 | 3876 7374 | 1b02 0000 | 4d8d 80b8 

  0x0000021b56e2b4e0: ;   {metadata('java/util/concurrent/FutureTask')}
  0x0000021b56e2b4e0: 0100 0049 | b9d8 6632 | 011b 0200 | 004d 3348 | 0849 f7c1 | fcff ffff | 7404 4d89 

  0x0000021b56e2b4fc: ;   {metadata(method data for {method} {0x0000021b00156248} 'guard_LI_V' '(Ljava/lang/invoke/VarHandle;Ljava/lang/Object;ILjava/lang/invoke/VarHandle$AccessDescriptor;)V' in 'java/lang/invoke/VarHandleGuards')}
  0x0000021b56e2b4fc: 4808 49b8 | 706a 7374 | 1b02 0000 | 4d8d 8018 

  0x0000021b56e2b50c: ;   {oop(a 'java/lang/invoke/VarHandleInts$FieldInstanceReadWrite'{0x0000000600fbbdb8})}
  0x0000021b56e2b50c: 0500 0049 | b9b8 bdfb | 0006 0000 | 004d 85c9 | 750d 41f6 | 0001 7547 | f049 8308 

  0x0000021b56e2b528: ;   {metadata('java/lang/invoke/VarHandleInts$FieldInstanceReadWrite')}
  0x0000021b56e2b528: 01eb 4048 | bf38 a007 | 011b 0200 | 004c 8bd7 | 4933 3848 | f7c7 fcff | ffff 7427 | 40f6 c702 
  0x0000021b56e2b548: 7521 49f7 | 00fe ffff | ff74 1549 | 8bfa 4933 | 3848 f7c7 | fcff ffff | 7409 4983 | 0802 eb03 
  0x0000021b56e2b568: ;   {metadata('java/util/concurrent/FutureTask')}
  0x0000021b56e2b568: 4989 3848 | bfd8 6632 | 011b 0200 | 004c 8bd7 | 4933 7810 | 48f7 c7fc | ffff ff74 | 2b40 f6c7 
  0x0000021b56e2b588: 0275 2549 | f740 10fe | ffff ff74 | 1749 8bfa | 4933 7810 | 48f7 c7fc | ffff ff74 | 0b49 8348 
  0x0000021b56e2b5a8: 1002 eb04 | 4989 7810 

  0x0000021b56e2b5b0: ;   {metadata(method data for {method} {0x0000021b747e8728} 'set' '(Ljava/lang/Object;)V' in 'java/util/concurrent/FutureTask')}
  0x0000021b56e2b5b0: 49b8 3876 | 7374 1b02 | 0000 4983 | 8080 0100 

  0x0000021b56e2b5c0: ;   {metadata(method data for {method} {0x0000021b00156248} 'guard_LI_V' '(Ljava/lang/invoke/VarHandle;Ljava/lang/Object;ILjava/lang/invoke/VarHandle$AccessDescriptor;)V' in 'java/lang/invoke/VarHandleGuards')}
  0x0000021b56e2b5c0: 0001 49b8 | 706a 7374 | 1b02 0000 | 418b b8cc | 0000 0083 | c702 4189 | b8cc 0000 | 0081 e7fe 
  0x0000021b56e2b5e0: ff1f 0085 | ff0f 8426 

  0x0000021b56e2b5e8: ;   {metadata(method data for {method} {0x0000021b00156248} 'guard_LI_V' '(Ljava/lang/invoke/VarHandle;Ljava/lang/Object;ILjava/lang/invoke/VarHandle$AccessDescriptor;)V' in 'java/lang/invoke/VarHandleGuards')}
  0x0000021b56e2b5e8: 1800 0049 | b870 6a73 | 741b 0200 | 004d 8d80 | 4801 0000 

  0x0000021b56e2b5fc: ;   {oop(a 'java/lang/invoke/VarHandle$AccessDescriptor'{0x0000000600fbba50})}
  0x0000021b56e2b5fc: 48bf 50ba | fb00 0600 | 0000 4885 | ff75 0d41 | f640 0801 | 7506 f049 | 8348 0801 

  0x0000021b56e2b618: ;   {metadata(method data for {method} {0x0000021b00156248} 'guard_LI_V' '(Ljava/lang/invoke/VarHandle;Ljava/lang/Object;ILjava/lang/invoke/VarHandle$AccessDescriptor;)V' in 'java/lang/invoke/VarHandleGuards')}
  0x0000021b56e2b618: 49b8 706a | 7374 1b02 | 0000 458b | 4908 49ba | 0000 0000 | 1b02 0000 | 4d03 ca4d | 3b88 2001 
  0x0000021b56e2b638: 0000 750d | 4983 8028 | 0100 0001 | e960 0000 | 004d 3b88 | 3001 0000 | 750d 4983 | 8038 0100 
  0x0000021b56e2b658: 0001 e94a | 0000 0049 | 83b8 2001 | 0000 0075 | 174d 8988 | 2001 0000 | 49c7 8028 | 0100 0001 
  0x0000021b56e2b678: 0000 00e9 | 2900 0000 | 4983 b830 | 0100 0000 | 7517 4d89 | 8830 0100 | 0049 c780 | 3801 0000 
  0x0000021b56e2b698: 0100 0000 | e908 0000 | 0049 8380 | 1001 0000 

  0x0000021b56e2b6a8: ;   {metadata(method data for {method} {0x0000021b000936b8} 'checkAccessModeThenIsDirect' '(Ljava/lang/invoke/VarHandle$AccessDescriptor;)Z' in 'java/lang/invoke/VarHandle')}
  0x0000021b56e2b6a8: 0149 b838 | f413 731b | 0200 0045 | 8b88 cc00 | 0000 4183 | c102 4589 | 88cc 0000 | 0041 81e1 
  0x0000021b56e2b6c8: feff 1f00 | 4585 c90f | 845d 1700 

  0x0000021b56e2b6d4: ;   {metadata(method data for {method} {0x0000021b000936b8} 'checkAccessModeThenIsDirect' '(Ljava/lang/invoke/VarHandle$AccessDescriptor;)Z' in 'java/lang/invoke/VarHandle')}
  0x0000021b56e2b6d4: 0049 b838 | f413 731b | 0200 0041 | ff80 1001 

  0x0000021b56e2b6e4: ;   {metadata(method data for {method} {0x0000021b00156248} 'guard_LI_V' '(Ljava/lang/invoke/VarHandle;Ljava/lang/Object;ILjava/lang/invoke/VarHandle$AccessDescriptor;)V' in 'java/lang/invoke/VarHandleGuards')}
  0x0000021b56e2b6e4: 0000 49b8 | 706a 7374 | 1b02 0000 | 41ff 8070 

  0x0000021b56e2b6f4: ;   {metadata(method data for {method} {0x0000021b00156248} 'guard_LI_V' '(Ljava/lang/invoke/VarHandle;Ljava/lang/Object;ILjava/lang/invoke/VarHandle$AccessDescriptor;)V' in 'java/lang/invoke/VarHandleGuards')}
  0x0000021b56e2b6f4: 0100 0049 | b870 6a73 | 741b 0200 | 0041 ff80 | 9001 0000 

  0x0000021b56e2b708: ;   {oop(a 'java/lang/invoke/VarForm'{0x00000006010963f0})}
  0x0000021b56e2b708: 49b8 f063 | 0901 0600 

  0x0000021b56e2b710: ;   {metadata(method data for {method} {0x0000021b00156248} 'guard_LI_V' '(Ljava/lang/invoke/VarHandle;Ljava/lang/Object;ILjava/lang/invoke/VarHandle$AccessDescriptor;)V' in 'java/lang/invoke/VarHandleGuards')}
  0x0000021b56e2b710: 0000 49b9 | 706a 7374 | 1b02 0000 | 4983 81a0 | 0100 0001 

  0x0000021b56e2b724: ;   {metadata(method data for {method} {0x0000021b001542f0} 'getMemberName' '(I)Ljava/lang/invoke/MemberName;' in 'java/lang/invoke/VarForm')}
  0x0000021b56e2b724: 49b8 40f6 | 1373 1b02 | 0000 458b | 88cc 0000 | 0041 83c1 | 0245 8988 | cc00 0000 | 4181 e1fe 
  0x0000021b56e2b744: ff1f 0045 | 85c9 0f84 | 0317 0000 

  0x0000021b56e2b750: ;   {metadata(method data for {method} {0x0000021b001542f0} 'getMemberName' '(I)Ljava/lang/invoke/MemberName;' in 'java/lang/invoke/VarForm')}
  0x0000021b56e2b750: 49b8 40f6 | 1373 1b02 | 0000 41ff | 8010 0100 

  0x0000021b56e2b760: ;   {metadata(method data for {method} {0x0000021b00156248} 'guard_LI_V' '(Ljava/lang/invoke/VarHandle;Ljava/lang/Object;ILjava/lang/invoke/VarHandle$AccessDescriptor;)V' in 'java/lang/invoke/VarHandleGuards')}
  0x0000021b56e2b760: 0049 b870 | 6a73 741b | 0200 004d | 8d80 d801 

  0x0000021b56e2b770: ;   {oop(a 'java/lang/invoke/MemberName'{0x0000000601fda678} = {method} {0x0000021b732d2da8} 'setRelease' '(Ljava/lang/invoke/VarHandle;Ljava/lang/Object;I)V' in 'java/lang/invoke/VarHandleInts$FieldInstanceReadWrite')}
  0x0000021b56e2b770: 0000 49b9 | 78a6 fd01 | 0600 0000 | 4d85 c975 | 0b41 f600 | 0175 05f0 | 4983 0801 

  0x0000021b56e2b78c: ;   {metadata(method data for {method} {0x0000021b00156248} 'guard_LI_V' '(Ljava/lang/invoke/VarHandle;Ljava/lang/Object;ILjava/lang/invoke/VarHandle$AccessDescriptor;)V' in 'java/lang/invoke/VarHandleGuards')}
  0x0000021b56e2b78c: 49b8 706a | 7374 1b02 | 0000 4d8d | 80f8 0100 

  0x0000021b56e2b79c: ;   {oop(a 'java/lang/invoke/VarHandleInts$FieldInstanceReadWrite'{0x0000000600fbbdb8})}
  0x0000021b56e2b79c: 0049 b9b8 | bdfb 0006 | 0000 004d | 85c9 750f | 41f6 4008 | 0175 4df0 | 4983 4808 

  0x0000021b56e2b7b8: ;   {metadata('java/lang/invoke/VarHandleInts$FieldInstanceReadWrite')}
  0x0000021b56e2b7b8: 01eb 4549 | b938 a007 | 011b 0200 | 004d 8bd1 | 4d33 4808 | 49f7 c1fc | ffff ff74 | 2b41 f6c1 
  0x0000021b56e2b7d8: 0275 2549 | f740 08fe | ffff ff74 | 174d 8bca | 4d33 4808 | 49f7 c1fc | ffff ff74 | 0b49 8348 
  0x0000021b56e2b7f8: 0802 eb04 | 4d89 4808 

  0x0000021b56e2b800: ;   {metadata('java/util/concurrent/FutureTask')}
  0x0000021b56e2b800: 49b9 d866 | 3201 1b02 | 0000 4d8b | d14d 3348 | 1849 f7c1 | fcff ffff | 742b 41f6 | c102 7525 
  0x0000021b56e2b820: 49f7 4018 | feff ffff | 7417 4d8b | ca4d 3348 | 1849 f7c1 | fcff ffff | 740b 4983 | 4818 02eb 
  0x0000021b56e2b840: 044d 8948 

  0x0000021b56e2b844: ;   {metadata(method data for {method} {0x0000021b00156248} 'guard_LI_V' '(Ljava/lang/invoke/VarHandle;Ljava/lang/Object;ILjava/lang/invoke/VarHandle$AccessDescriptor;)V' in 'java/lang/invoke/VarHandleGuards')}
  0x0000021b56e2b844: 1849 b870 | 6a73 741b | 0200 0049 | 8380 e801 

  0x0000021b56e2b854: ;   {metadata(method data for {method} {0x0000021b732d2da8} 'setRelease' '(Ljava/lang/invoke/VarHandle;Ljava/lang/Object;I)V' in 'java/lang/invoke/VarHandleInts$FieldInstanceReadWrite')}
  0x0000021b56e2b854: 0000 0149 | b8a0 6f73 | 741b 0200 | 0045 8b88 | cc00 0000 | 4183 c102 | 4589 88cc | 0000 0041 
  0x0000021b56e2b874: 81e1 feff | 1f00 4585 | c90f 84f1 

  0x0000021b56e2b880: ;   {oop(a 'java/lang/Class'{0x0000000600fbb118} = 'java/util/concurrent/FutureTask')}
  0x0000021b56e2b880: 1500 0049 | b818 b1fb | 0006 0000 

  0x0000021b56e2b88c: ;   {metadata(method data for {method} {0x0000021b732d2da8} 'setRelease' '(Ljava/lang/invoke/VarHandle;Ljava/lang/Object;I)V' in 'java/lang/invoke/VarHandleInts$FieldInstanceReadWrite')}
  0x0000021b56e2b88c: 0049 b9a0 | 6f73 741b | 0200 0049 | 8381 4801 

  0x0000021b56e2b89c: ;   {metadata(method data for {method} {0x0000021b00465068} 'cast' '(Ljava/lang/Object;)Ljava/lang/Object;' in 'java/lang/Class')}
  0x0000021b56e2b89c: 0000 0149 | b870 8220 | 731b 0200 | 0045 8b88 | cc00 0000 | 4183 c102 | 4589 88cc | 0000 0041 
  0x0000021b56e2b8bc: 81e1 feff | 1f00 4585 | c90f 84ca 

  0x0000021b56e2b8c8: ;   {metadata(method data for {method} {0x0000021b00465068} 'cast' '(Ljava/lang/Object;)Ljava/lang/Object;' in 'java/lang/Class')}
  0x0000021b56e2b8c8: 1500 0049 | b870 8220 | 731b 0200 | 0041 ff80 | 2001 0000 

  0x0000021b56e2b8dc: ;   {oop(a 'java/lang/Class'{0x0000000600fbb118} = 'java/util/concurrent/FutureTask')}
  0x0000021b56e2b8dc: 49b8 18b1 | fb00 0600 

  0x0000021b56e2b8e4: ;   {metadata(method data for {method} {0x0000021b00465068} 'cast' '(Ljava/lang/Object;)Ljava/lang/Object;' in 'java/lang/Class')}
  0x0000021b56e2b8e4: 0000 49b9 | 7082 2073 | 1b02 0000 | 4983 8130 | 0100 0001 | 4885 d20f | 8429 0000 

  0x0000021b56e2b900: ;   {metadata('java/util/concurrent/FutureTask')}
  0x0000021b56e2b900: 0048 bed8 | 6632 011b | 0200 008b | 7a08 49ba | 0000 0000 | 1b02 0000 | 4903 fa48 | 3b77 380f 
  0x0000021b56e2b920: 8505 0000 | 00e9 0500 | 0000 4d33 | c0eb 0749 | c7c0 0100 | 0000 4585 

  0x0000021b56e2b938: ;   {metadata(method data for {method} {0x0000021b00465068} 'cast' '(Ljava/lang/Object;)Ljava/lang/Object;' in 'java/lang/Class')}
  0x0000021b56e2b938: c049 b870 | 8220 731b | 0200 0049 | c7c1 7801 | 0000 7407 | 49c7 c168 | 0100 004b | 8b3c 0848 
  0x0000021b56e2b958: 8d7f 014b | 893c 080f | 8409 0600 

  0x0000021b56e2b964: ;   {metadata(method data for {method} {0x0000021b732d2da8} 'setRelease' '(Ljava/lang/invoke/VarHandle;Ljava/lang/Object;I)V' in 'java/lang/invoke/VarHandleInts$FieldInstanceReadWrite')}
  0x0000021b56e2b964: 0049 b8a0 | 6f73 741b | 0200 0049 | 8380 8001 

  0x0000021b56e2b974: ;   {metadata(method data for {method} {0x0000021b00056488} 'requireNonNull' '(Ljava/lang/Object;)Ljava/lang/Object;' in 'java/util/Objects')}
  0x0000021b56e2b974: 0000 0149 | b840 f400 | 731b 0200 | 0045 8b88 | cc00 0000 | 4183 c102 | 4589 88cc | 0000 0041 
  0x0000021b56e2b994: 81e1 feff | 1f00 4585 | c90f 8413 

  0x0000021b56e2b9a0: ;   {metadata(method data for {method} {0x0000021b00056488} 'requireNonNull' '(Ljava/lang/Object;)Ljava/lang/Object;' in 'java/util/Objects')}
  0x0000021b56e2b9a0: 1500 0049 | b840 f400 | 731b 0200 | 0041 ff80 | 1001 0000 

  0x0000021b56e2b9b4: ;   {metadata(method data for {method} {0x0000021b732d2da8} 'setRelease' '(Ljava/lang/invoke/VarHandle;Ljava/lang/Object;I)V' in 'java/lang/invoke/VarHandleInts$FieldInstanceReadWrite')}
  0x0000021b56e2b9b4: 49b8 a06f | 7374 1b02 | 0000 4d8d | 80c8 0100 

  0x0000021b56e2b9c4: ;   {metadata('java/util/concurrent/FutureTask')}
  0x0000021b56e2b9c4: 0049 b9d8 | 6632 011b | 0200 004d | 8bd1 4d33 | 4808 49f7 | c1fc ffff | ff74 2b41 | f6c1 0275 
  0x0000021b56e2b9e4: 2549 f740 | 08fe ffff | ff74 174d | 8bca 4d33 | 4808 49f7 | c1fc ffff | ff74 0b49 | 8348 0802 
  0x0000021b56e2ba04: eb04 4d89 

  0x0000021b56e2ba08: ;   {oop(a 'jdk/internal/misc/Unsafe'{0x00000006010020e8})}
  0x0000021b56e2ba08: 4808 48be | e820 0001 | 0600 0000 

  0x0000021b56e2ba14: ;   {metadata(method data for {method} {0x0000021b732d2da8} 'setRelease' '(Ljava/lang/invoke/VarHandle;Ljava/lang/Object;I)V' in 'java/lang/invoke/VarHandleInts$FieldInstanceReadWrite')}
  0x0000021b56e2ba14: 4c8b c649 | b9a0 6f73 | 741b 0200 | 0049 8381 | 9001 0000 | 0149 c7c1 | 0c00 0000 | 4c8b c2bf 
  0x0000021b56e2ba34: 0200 0000 | 488b d60f 

  0x0000021b56e2ba3c: ;   {optimized virtual_call}
  0x0000021b56e2ba3c: 1f40 00e8 

  0x0000021b56e2ba40: ; ImmutableOopMap {[232]=Oop }
                      ;*invokevirtual putIntRelease {reexecute=0 rethrow=0 return_oop=0}
                      ; - java.lang.invoke.VarHandleInts$FieldInstanceReadWrite::setRelease@24 (line 170)
                      ; - java.lang.invoke.VarHandleGuards::guard_LI_V@45 (line 122)
                      ; - java.util.concurrent.FutureTask::set@22 (line 284)
                      ; - java.util.concurrent.FutureTask::run@68 (line 325)
  0x0000021b56e2ba40: fc5c 2d07 

  0x0000021b56e2ba44: ;   {other}
  0x0000021b56e2ba44: 0f1f 8400 | 3422 0003 

  0x0000021b56e2ba4c: ;   {metadata(method data for {method} {0x0000021b00156248} 'guard_LI_V' '(Ljava/lang/invoke/VarHandle;Ljava/lang/Object;ILjava/lang/invoke/VarHandle$AccessDescriptor;)V' in 'java/lang/invoke/VarHandleGuards')}
  0x0000021b56e2ba4c: 48ba 706a | 7374 1b02 | 0000 ff82 | 2002 0000 | 488b 9424 | e800 0000 

  0x0000021b56e2ba64: ;   {metadata(method data for {method} {0x0000021b747e8728} 'set' '(Ljava/lang/Object;)V' in 'java/util/concurrent/FutureTask')}
  0x0000021b56e2ba64: 48be 3876 | 7374 1b02 | 0000 4883 | 86d0 0100 | 0001 488b | 9424 e800 

  0x0000021b56e2ba7c: ;   {optimized virtual_call}
  0x0000021b56e2ba7c: 0000 90e8 

  0x0000021b56e2ba80: ; ImmutableOopMap {[232]=Oop }
                      ;*invokevirtual finishCompletion {reexecute=0 rethrow=0 return_oop=0}
                      ; - java.util.concurrent.FutureTask::set@26 (line 285)
                      ; - java.util.concurrent.FutureTask::run@68 (line 325)
  0x0000021b56e2ba80: 9c69 0200 

  0x0000021b56e2ba84: ;   {other}
  0x0000021b56e2ba84: 0f1f 8400 | 7422 0004 | 488b 9424 | e800 0000 

  0x0000021b56e2ba94: ;   {oop(nullptr)}
  0x0000021b56e2ba94: 48be 0000 | 0000 0000 | 0000 410f | be7f 4085 | ff0f 852c | 1400 004c | 8bd6 49c1 | ea03 4489 
  0x0000021b56e2bab4: 5218 f083 | 4424 c000 | 488b fa48 | 33fe 48c1 | ef16 4883 | ff00 0f85 | 2614 0000 | 8b72 0c83 
  0x0000021b56e2bad4: ;   {metadata(method data for {method} {0x0000021b747e89d8} 'run' '()V' in 'java/util/concurrent/FutureTask')}
  0x0000021b56e2bad4: fe05 48bf | a861 7374 | 1b02 0000 | 48c7 c3e0 | 0200 007c | 0748 c7c3 | f002 0000 | 488b 041f 
  0x0000021b56e2baf4: 488d 4001 | 4889 041f | 0f8c 3004 | 0000 488b 

  0x0000021b56e2bb04: ;   {metadata(method data for {method} {0x0000021b747e89d8} 'run' '()V' in 'java/util/concurrent/FutureTask')}
  0x0000021b56e2bb04: fa48 bba8 | 6173 741b | 0200 0048 | 8383 0003 

  0x0000021b56e2bb14: ;   {metadata(method data for {method} {0x0000021b747e8ca8} 'handlePossibleCancellationInterrupt' '(I)V' in 'java/util/concurrent/FutureTask')}
  0x0000021b56e2bb14: 0000 0148 | bf88 7873 | 741b 0200 | 008b 9fcc | 0000 0083 | c302 899f | cc00 0000 | 81e3 feff 
  0x0000021b56e2bb34: 1f00 85db | 0f84 d013 | 0000 83fe 

  0x0000021b56e2bb40: ;   {metadata(method data for {method} {0x0000021b747e8ca8} 'handlePossibleCancellationInterrupt' '(I)V' in 'java/util/concurrent/FutureTask')}
  0x0000021b56e2bb40: 0548 be88 | 7873 741b | 0200 0048 | c7c7 1001 | 0000 7507 | 48c7 c720 | 0100 0048 | 8b1c 3e48 
  0x0000021b56e2bb60: 8d5b 0148 | 891c 3e0f | 85c5 0300 | 0066 6690 | 8b72 0c83 

  0x0000021b56e2bb74: ;   {metadata(method data for {method} {0x0000021b747e8ca8} 'handlePossibleCancellationInterrupt' '(I)V' in 'java/util/concurrent/FutureTask')}
  0x0000021b56e2bb74: fe05 48be | 8878 7374 | 1b02 0000 | 48c7 c730 | 0100 0075 | 0748 c7c7 | 4001 0000 | 488b 1c3e 
  0x0000021b56e2bb94: 488d 5b01 | 4889 1c3e | 0f85 9003 

  0x0000021b56e2bba0: ;   {metadata(method data for {method} {0x0000021b747e8ca8} 'handlePossibleCancellationInterrupt' '(I)V' in 'java/util/concurrent/FutureTask')}
  0x0000021b56e2bba0: 0000 48be | 8878 7374 | 1b02 0000 | 4883 8650 | 0100 0001 

  0x0000021b56e2bbb4: ;   {metadata(method data for {method} {0x0000021b00429fc8} 'yield' '()V' in 'java/lang/Thread')}
  0x0000021b56e2bbb4: 48be 88ad | 3773 1b02 | 0000 8bbe | cc00 0000 | 83c7 0289 | becc 0000 | 0081 e7fe | ff1f 0085 
  0x0000021b56e2bbd4: ff0f 8454 

  0x0000021b56e2bbd8: ;   {metadata(method data for {method} {0x0000021b00429fc8} 'yield' '()V' in 'java/lang/Thread')}
  0x0000021b56e2bbd8: 1300 0048 | be88 ad37 | 731b 0200 | 0048 8386 | 1001 0000 | 0149 8bb7 | 8003 0000 | 488b 3648 
  0x0000021b56e2bbf8: 85f6 7516 

  0x0000021b56e2bbfc: ;   {metadata(method data for {method} {0x0000021b00429fc8} 'yield' '()V' in 'java/lang/Thread')}
  0x0000021b56e2bbfc: 48b8 88ad | 3773 1b02 | 0000 8088 | 1901 0000 | 01e9 cc00 

  0x0000021b56e2bc10: ;   {metadata('java/lang/VirtualThread')}
  0x0000021b56e2bc10: 0000 48b9 | 589d 0200 | 1b02 0000 | 8b5e 0849 | ba00 0000 | 001b 0200 | 0049 03da | 483b cb0f 
  0x0000021b56e2bc30: 858d 0000 

  0x0000021b56e2bc34: ;   {metadata(method data for {method} {0x0000021b00429fc8} 'yield' '()V' in 'java/lang/Thread')}
  0x0000021b56e2bc34: 0048 b888 | ad37 731b | 0200 008b | 4e08 49ba | 0000 0000 | 1b02 0000 | 4903 ca48 | 3b88 3001 
  0x0000021b56e2bc54: 0000 750d | 4883 8038 | 0100 0001 | e97e 0000 | 0048 3b88 | 4001 0000 | 750d 4883 | 8048 0100 
  0x0000021b56e2bc74: 0001 e968 | 0000 0048 | 83b8 3001 | 0000 0075 | 1748 8988 | 3001 0000 | 48c7 8038 | 0100 0001 
  0x0000021b56e2bc94: 0000 00e9 | 4700 0000 | 4883 b840 | 0100 0000 | 7517 4889 | 8840 0100 | 0048 c780 | 4801 0000 
  0x0000021b56e2bcb4: 0100 0000 | e926 0000 | 00e9 2100 

  0x0000021b56e2bcc0: ;   {metadata(method data for {method} {0x0000021b00429fc8} 'yield' '()V' in 'java/lang/Thread')}
  0x0000021b56e2bcc0: 0000 48b8 | 88ad 3773 | 1b02 0000 | 4883 a820 | 0100 0001 | e905 0000 | 00e9 0500 | 0000 4833 
  0x0000021b56e2bce0: ffeb 0748 | c7c7 0100 | 0000 85ff 

  0x0000021b56e2bcec: ;   {metadata(method data for {method} {0x0000021b00429fc8} 'yield' '()V' in 'java/lang/Thread')}
  0x0000021b56e2bcec: 48bf 88ad | 3773 1b02 | 0000 48c7 | c358 0100 | 0074 0748 | c7c3 6801 | 0000 488b | 041f 488d 
  0x0000021b56e2bd0c: 4001 4889 | 041f 0f84 | a901 0000 | 4885 f675 

  0x0000021b56e2bd1c: ;   {metadata(method data for {method} {0x0000021b00429fc8} 'yield' '()V' in 'java/lang/Thread')}
  0x0000021b56e2bd1c: 1648 bb88 | ad37 731b | 0200 0080 | 8b71 0100 | 0001 e9cc 

  0x0000021b56e2bd30: ;   {metadata('java/lang/VirtualThread')}
  0x0000021b56e2bd30: 0000 0048 | b858 9d02 | 001b 0200 | 008b 7e08 | 49ba 0000 | 0000 1b02 | 0000 4903 | fa48 3bc7 
  0x0000021b56e2bd50: 0f85 8d00 

  0x0000021b56e2bd54: ;   {metadata(method data for {method} {0x0000021b00429fc8} 'yield' '()V' in 'java/lang/Thread')}
  0x0000021b56e2bd54: 0000 48bb | 88ad 3773 | 1b02 0000 | 8b46 0849 | ba00 0000 | 001b 0200 | 0049 03c2 | 483b 8388 
  0x0000021b56e2bd74: 0100 0075 | 0d48 8383 | 9001 0000 | 01e9 7900 | 0000 483b | 8398 0100 | 0075 0d48 | 8383 a001 
  0x0000021b56e2bd94: 0000 01e9 | 6300 0000 | 4883 bb88 | 0100 0000 | 7517 4889 | 8388 0100 | 0048 c783 | 9001 0000 
  0x0000021b56e2bdb4: 0100 0000 | e942 0000 | 0048 83bb | 9801 0000 | 0075 1748 | 8983 9801 | 0000 48c7 | 83a0 0100 
  0x0000021b56e2bdd4: 0001 0000 | 00e9 2100 | 0000 e91c 

  0x0000021b56e2bde0: ;   {metadata(method data for {method} {0x0000021b00429fc8} 'yield' '()V' in 'java/lang/Thread')}
  0x0000021b56e2bde0: 0000 0048 | bb88 ad37 | 731b 0200 | 0048 83ab | 7801 0000 | 01e9 5611 | 0000 e900 | 0000 0048 
  0x0000021b56e2be00: 3b06 488b 

  0x0000021b56e2be04: ;   {metadata(method data for {method} {0x0000021b00429fc8} 'yield' '()V' in 'java/lang/Thread')}
  0x0000021b56e2be04: fe48 bb88 | ad37 731b | 0200 008b | 7f08 49ba | 0000 0000 | 1b02 0000 | 4903 fa48 | 3bbb c001 
  0x0000021b56e2be24: 0000 750d | 4883 83c8 | 0100 0001 | e960 0000 | 0048 3bbb | d001 0000 | 750d 4883 | 83d8 0100 
  0x0000021b56e2be44: 0001 e94a | 0000 0048 | 83bb c001 | 0000 0075 | 1748 89bb | c001 0000 | 48c7 83c8 | 0100 0001 
  0x0000021b56e2be64: 0000 00e9 | 2900 0000 | 4883 bbd0 | 0100 0000 | 7517 4889 | bbd0 0100 | 0048 c783 | d801 0000 
  0x0000021b56e2be84: 0100 0000 | e908 0000 | 0048 8383 | b001 0000 | 0148 8bd6 | 0f1f 8000 

  0x0000021b56e2be9c: ;   {optimized virtual_call}
  0x0000021b56e2be9c: 0000 00e8 

  0x0000021b56e2bea0: ; ImmutableOopMap {[232]=Oop }
                      ;*invokevirtual tryYield {reexecute=0 rethrow=0 return_oop=0}
                      ; - java.lang.Thread::yield@17 (line 443)
                      ; - java.util.concurrent.FutureTask::handlePossibleCancellationInterrupt@13 (line 386)
                      ; - java.util.concurrent.FutureTask::run@88 (line 335)
  0x0000021b56e2bea0: dc2b 9f06 

  0x0000021b56e2bea4: ;   {other}
  0x0000021b56e2bea4: 0f1f 8400 | 9426 0005 

  0x0000021b56e2beac: ;   {metadata(method data for {method} {0x0000021b00429fc8} 'yield' '()V' in 'java/lang/Thread')}
  0x0000021b56e2beac: 48be 88ad | 3773 1b02 | 0000 ff86 | e801 0000 | e923 0000 

  0x0000021b56e2bec0: ;   {metadata(method data for {method} {0x0000021b00429fc8} 'yield' '()V' in 'java/lang/Thread')}
  0x0000021b56e2bec0: 0048 be88 | ad37 731b | 0200 0048 | 8386 0002 | 0000 010f 

  0x0000021b56e2bed4: ;   {static_call}
  0x0000021b56e2bed4: 1f40 00e8 

  0x0000021b56e2bed8: ; ImmutableOopMap {[232]=Oop }
                      ;*invokestatic yield0 {reexecute=0 rethrow=0 return_oop=0}
                      ; - java.lang.Thread::yield@23 (line 445)
                      ; - java.util.concurrent.FutureTask::handlePossibleCancellationInterrupt@13 (line 386)
                      ; - java.util.concurrent.FutureTask::run@88 (line 335)
  0x0000021b56e2bed8: a431 9f06 

  0x0000021b56e2bedc: ;   {other}
  0x0000021b56e2bedc: 0f1f 8400 | cc26 0006 

  0x0000021b56e2bee4: ;   {metadata(method data for {method} {0x0000021b747e8ca8} 'handlePossibleCancellationInterrupt' '(I)V' in 'java/util/concurrent/FutureTask')}
  0x0000021b56e2bee4: 48ba 8878 | 7374 1b02 | 0000 8bb2 | d000 0000 | 83c6 0289 | b2d0 0000 | 0081 e6fe | 3f00 0085 
  0x0000021b56e2bf04: f60f 8453 | 1000 004d | 8b97 5004 

  0x0000021b56e2bf10: ; ImmutableOopMap {[232]=Oop }
                      ;*goto {reexecute=1 rethrow=0 return_oop=0}
                      ; - (reexecute) java.util.concurrent.FutureTask::handlePossibleCancellationInterrupt@16 (line 386)
                      ; - java.util.concurrent.FutureTask::run@88 (line 335)
                      ;   {poll}
  0x0000021b56e2bf10: 0000 4185 

  0x0000021b56e2bf14: ;   {metadata(method data for {method} {0x0000021b747e8ca8} 'handlePossibleCancellationInterrupt' '(I)V' in 'java/util/concurrent/FutureTask')}
  0x0000021b56e2bf14: 0248 ba88 | 7873 741b | 0200 00ff | 8260 0100 | 0048 8b94 | 24e8 0000 | 00e9 3efc 

  0x0000021b56e2bf30: ;   {metadata(method data for {method} {0x0000021b747e89d8} 'run' '()V' in 'java/util/concurrent/FutureTask')}
  0x0000021b56e2bf30: ffff 48ba | a861 7374 | 1b02 0000 | ff82 3803 | 0000 4881 | c450 0100 

  0x0000021b56e2bf48: ;   {poll_return}
  0x0000021b56e2bf48: 005d 493b | a748 0400 | 000f 8728 | 1000 00c3 | 4881 c450 | 0100 005d 

  0x0000021b56e2bf60: ;   {poll_return}
  0x0000021b56e2bf60: 493b a748 | 0400 000f | 8728 1000 

  0x0000021b56e2bf6c: ;   {metadata('java/lang/ClassCastException')}
  0x0000021b56e2bf6c: 00c3 48ba | 60ae 0600 | 1b02 0000 | 498b 87b8 | 0100 0048 | 8d78 2849 | 3bbf c801 | 0000 0f87 
  0x0000021b56e2bf8c: 1b10 0000 | 4989 bfb8 | 0100 0048 | c700 0100 | 0000 488b | ca49 ba00 | 0000 001b | 0200 0049 
  0x0000021b56e2bfac: 2bca 8948 | 0848 33c9 | 8948 0c48 | 33c9 4889 | 4810 4889 | 4818 4889 

  0x0000021b56e2bfc4: ;   {oop(a 'java/lang/Class'{0x0000000600fbb118} = 'java/util/concurrent/FutureTask')}
  0x0000021b56e2bfc4: 4820 48ba | 18b1 fb00 | 0600 0000 

  0x0000021b56e2bfd0: ;   {metadata(method data for {method} {0x0000021b00465068} 'cast' '(Ljava/lang/Object;)Ljava/lang/Object;' in 'java/lang/Class')}
  0x0000021b56e2bfd0: 4c8b c248 | be70 8220 | 731b 0200 | 0048 8386 | 8801 0000 | 014c 8b84 | 24e8 0000 | 0048 8984 
  0x0000021b56e2bff0: 24f0 0000 

  0x0000021b56e2bff4: ;   {optimized virtual_call}
  0x0000021b56e2bff4: 0066 90e8 

  0x0000021b56e2bff8: ; ImmutableOopMap {[232]=Oop [240]=Oop }
                      ;*invokevirtual cannotCastMsg {reexecute=0 rethrow=0 return_oop=0}
                      ; - java.lang.Class::cast@18 (line 4067)
                      ; - java.lang.invoke.VarHandleInts$FieldInstanceReadWrite::setRelease@13 (line 170)
                      ; - java.lang.invoke.VarHandleGuards::guard_LI_V@45 (line 122)
                      ; - java.util.concurrent.FutureTask::set@22 (line 284)
                      ; - java.util.concurrent.FutureTask::run@68 (line 325)
  0x0000021b56e2bff8: 842a 9f06 

  0x0000021b56e2bffc: ;   {other}
  0x0000021b56e2bffc: 0f1f 8400 | ec27 0008 | 4c8b 8424 | f000 0000 

  0x0000021b56e2c00c: ;   {metadata(method data for {method} {0x0000021b00465068} 'cast' '(Ljava/lang/Object;)Ljava/lang/Object;' in 'java/lang/Class')}
  0x0000021b56e2c00c: 48ba 7082 | 2073 1b02 | 0000 4883 | 82c0 0100 | 0001 4c8b | c048 8b94 | 24f0 0000 | 0066 0f1f 
  0x0000021b56e2c02c: ;   {optimized virtual_call}
  0x0000021b56e2c02c: 4400 00e8 

  0x0000021b56e2c030: ; ImmutableOopMap {[232]=Oop [240]=Oop }
                      ;*invokespecial <init> {reexecute=0 rethrow=0 return_oop=0}
                      ; - java.lang.Class::cast@21 (line 4067)
                      ; - java.lang.invoke.VarHandleInts$FieldInstanceReadWrite::setRelease@13 (line 170)
                      ; - java.lang.invoke.VarHandleGuards::guard_LI_V@45 (line 122)
                      ; - java.util.concurrent.FutureTask::set@22 (line 284)
                      ; - java.util.concurrent.FutureTask::run@68 (line 325)
  0x0000021b56e2c030: 4c2a 9f06 

  0x0000021b56e2c034: ;   {other}
  0x0000021b56e2c034: 0f1f 8400 | 2428 0009 | 488b 8424 

  0x0000021b56e2c040: ; ImmutableOopMap {rax=Oop [232]=Oop }
                      ;*athrow {reexecute=1 rethrow=0 return_oop=0}
                      ; - (reexecute) java.lang.Class::cast@24 (line 4067)
                      ; - java.lang.invoke.VarHandleInts$FieldInstanceReadWrite::setRelease@13 (line 170)
                      ; - java.lang.invoke.VarHandleGuards::guard_LI_V@45 (line 122)
                      ; - java.util.concurrent.FutureTask::set@22 (line 284)
                      ; - java.util.concurrent.FutureTask::run@68 (line 325)
  0x0000021b56e2c040: f000 0000 

  0x0000021b56e2c044: ;   {section_word}
  0x0000021b56e2c044: 48ba 44c0 | e256 1b02 

  0x0000021b56e2c04c: ;   {runtime_call handle_exception_nofpu Runtime1 stub}
  0x0000021b56e2c04c: 0000 e82d | 63ab 0690 | 4889 8424 | 0001 0000 

  0x0000021b56e2c05c: ;   {metadata('java/lang/ClassCastException')}
  0x0000021b56e2c05c: 48ba 60ae | 0600 1b02 | 0000 498b | 87b8 0100 | 0048 8d78 | 2849 3bbf | c801 0000 | 0f87 3a0f 
  0x0000021b56e2c07c: 0000 4989 | bfb8 0100 | 0048 c700 | 0100 0000 | 488b ca49 | ba00 0000 | 001b 0200 | 0049 2bca 
  0x0000021b56e2c09c: 8948 0848 | 33c9 8948 | 0c48 33c9 | 4889 4810 | 4889 4818 | 4889 4820 

  0x0000021b56e2c0b4: ;   {oop(a 'java/lang/Class'{0x0000000600fbb118} = 'java/util/concurrent/FutureTask')}
  0x0000021b56e2c0b4: 48ba 18b1 | fb00 0600 | 0000 4c8b 

  0x0000021b56e2c0c0: ;   {metadata(method data for {method} {0x0000021b00465068} 'cast' '(Ljava/lang/Object;)Ljava/lang/Object;' in 'java/lang/Class')}
  0x0000021b56e2c0c0: c248 be70 | 8220 731b | 0200 0048 | 8386 8801 | 0000 014c | 8b84 24e8 | 0000 0048 | 8984 24f8 
  0x0000021b56e2c0e0: 0000 000f 

  0x0000021b56e2c0e4: ;   {optimized virtual_call}
  0x0000021b56e2c0e4: 1f40 00e8 

  0x0000021b56e2c0e8: ; ImmutableOopMap {[232]=Oop [248]=Oop [256]=Oop }
                      ;*invokevirtual cannotCastMsg {reexecute=0 rethrow=0 return_oop=0}
                      ; - java.lang.Class::cast@18 (line 4067)
                      ; - java.lang.invoke.VarHandleInts$FieldInstanceReadWrite::compareAndSet@15 (line 178)
                      ; - java.lang.invoke.VarHandleGuards::guard_LII_Z@50 (line 137)
                      ; - java.util.concurrent.FutureTask::set@6 (line 282)
                      ; - java.util.concurrent.FutureTask::run@68 (line 325)
  0x0000021b56e2c0e8: 9429 9f06 

  0x0000021b56e2c0ec: ;   {other}
  0x0000021b56e2c0ec: 0f1f 8400 | dc28 000b | 4c8b 8424 | f800 0000 

  0x0000021b56e2c0fc: ;   {metadata(method data for {method} {0x0000021b00465068} 'cast' '(Ljava/lang/Object;)Ljava/lang/Object;' in 'java/lang/Class')}
  0x0000021b56e2c0fc: 48ba 7082 | 2073 1b02 | 0000 4883 | 82c0 0100 | 0001 4c8b | c048 8b94 | 24f8 0000 | 0066 0f1f 
  0x0000021b56e2c11c: ;   {optimized virtual_call}
  0x0000021b56e2c11c: 4400 00e8 

  0x0000021b56e2c120: ; ImmutableOopMap {[232]=Oop [248]=Oop [256]=Oop }
                      ;*invokespecial <init> {reexecute=0 rethrow=0 return_oop=0}
                      ; - java.lang.Class::cast@21 (line 4067)
                      ; - java.lang.invoke.VarHandleInts$FieldInstanceReadWrite::compareAndSet@15 (line 178)
                      ; - java.lang.invoke.VarHandleGuards::guard_LII_Z@50 (line 137)
                      ; - java.util.concurrent.FutureTask::set@6 (line 282)
                      ; - java.util.concurrent.FutureTask::run@68 (line 325)
  0x0000021b56e2c120: 5c29 9f06 

  0x0000021b56e2c124: ;   {other}
  0x0000021b56e2c124: 0f1f 8400 | 1429 000c | 488b 8424 

  0x0000021b56e2c130: ; ImmutableOopMap {rax=Oop [232]=Oop [256]=Oop }
                      ;*athrow {reexecute=1 rethrow=0 return_oop=0}
                      ; - (reexecute) java.lang.Class::cast@24 (line 4067)
                      ; - java.lang.invoke.VarHandleInts$FieldInstanceReadWrite::compareAndSet@15 (line 178)
                      ; - java.lang.invoke.VarHandleGuards::guard_LII_Z@50 (line 137)
                      ; - java.util.concurrent.FutureTask::set@6 (line 282)
                      ; - java.util.concurrent.FutureTask::run@68 (line 325)
  0x0000021b56e2c130: f800 0000 

  0x0000021b56e2c134: ;   {section_word}
  0x0000021b56e2c134: 48ba 34c1 | e256 1b02 

  0x0000021b56e2c13c: ;   {runtime_call handle_exception_nofpu Runtime1 stub}
  0x0000021b56e2c13c: 0000 e83d | 62ab 0690 

  0x0000021b56e2c144: ;   {metadata('java/lang/ClassCastException')}
  0x0000021b56e2c144: 48ba 60ae | 0600 1b02 | 0000 498b | 87b8 0100 | 0048 8d78 | 2849 3bbf | c801 0000 | 0f87 5f0e 
  0x0000021b56e2c164: 0000 4989 | bfb8 0100 | 0048 c700 | 0100 0000 | 488b ca49 | ba00 0000 | 001b 0200 | 0049 2bca 
  0x0000021b56e2c184: 8948 0848 | 33c9 8948 | 0c48 33c9 | 4889 4810 | 4889 4818 | 4889 4820 

  0x0000021b56e2c19c: ;   {oop(a 'java/lang/Class'{0x0000000600fbb118} = 'java/util/concurrent/FutureTask')}
  0x0000021b56e2c19c: 48ba 18b1 | fb00 0600 | 0000 4c8b 

  0x0000021b56e2c1a8: ;   {metadata(method data for {method} {0x0000021b00465068} 'cast' '(Ljava/lang/Object;)Ljava/lang/Object;' in 'java/lang/Class')}
  0x0000021b56e2c1a8: c248 be70 | 8220 731b | 0200 0048 | 8386 8801 | 0000 014c | 8b84 24e8 | 0000 0048 | 8984 2408 
  0x0000021b56e2c1c8: 0100 000f 

  0x0000021b56e2c1cc: ;   {optimized virtual_call}
  0x0000021b56e2c1cc: 1f40 00e8 

  0x0000021b56e2c1d0: ; ImmutableOopMap {[232]=Oop [264]=Oop }
                      ;*invokevirtual cannotCastMsg {reexecute=0 rethrow=0 return_oop=0}
                      ; - java.lang.Class::cast@18 (line 4067)
                      ; - java.lang.invoke.VarHandleInts$FieldInstanceReadWrite::setRelease@13 (line 170)
                      ; - java.lang.invoke.VarHandleGuards::guard_LI_V@45 (line 122)
                      ; - java.util.concurrent.FutureTask::setException@22 (line 302)
                      ; - java.util.concurrent.FutureTask::run@59 (line 322)
  0x0000021b56e2c1d0: ac28 9f06 

  0x0000021b56e2c1d4: ;   {other}
  0x0000021b56e2c1d4: 0f1f 8400 | c429 000e | 4c8b 8424 | 0801 0000 

  0x0000021b56e2c1e4: ;   {metadata(method data for {method} {0x0000021b00465068} 'cast' '(Ljava/lang/Object;)Ljava/lang/Object;' in 'java/lang/Class')}
  0x0000021b56e2c1e4: 48ba 7082 | 2073 1b02 | 0000 4883 | 82c0 0100 | 0001 4c8b | c048 8b94 | 2408 0100 | 0066 0f1f 
  0x0000021b56e2c204: ;   {optimized virtual_call}
  0x0000021b56e2c204: 4400 00e8 

  0x0000021b56e2c208: ; ImmutableOopMap {[232]=Oop [264]=Oop }
                      ;*invokespecial <init> {reexecute=0 rethrow=0 return_oop=0}
                      ; - java.lang.Class::cast@21 (line 4067)
                      ; - java.lang.invoke.VarHandleInts$FieldInstanceReadWrite::setRelease@13 (line 170)
                      ; - java.lang.invoke.VarHandleGuards::guard_LI_V@45 (line 122)
                      ; - java.util.concurrent.FutureTask::setException@22 (line 302)
                      ; - java.util.concurrent.FutureTask::run@59 (line 322)
  0x0000021b56e2c208: 7428 9f06 

  0x0000021b56e2c20c: ;   {other}
  0x0000021b56e2c20c: 0f1f 8400 | fc29 000f | 488b 8424 

  0x0000021b56e2c218: ; ImmutableOopMap {rax=Oop [232]=Oop }
                      ;*athrow {reexecute=1 rethrow=0 return_oop=0}
                      ; - (reexecute) java.lang.Class::cast@24 (line 4067)
                      ; - java.lang.invoke.VarHandleInts$FieldInstanceReadWrite::setRelease@13 (line 170)
                      ; - java.lang.invoke.VarHandleGuards::guard_LI_V@45 (line 122)
                      ; - java.util.concurrent.FutureTask::setException@22 (line 302)
                      ; - java.util.concurrent.FutureTask::run@59 (line 322)
  0x0000021b56e2c218: 0801 0000 

  0x0000021b56e2c21c: ;   {section_word}
  0x0000021b56e2c21c: 48ba 1cc2 | e256 1b02 

  0x0000021b56e2c224: ;   {runtime_call handle_exception_nofpu Runtime1 stub}
  0x0000021b56e2c224: 0000 e855 | 61ab 0690 | 4889 8424 | 1801 0000 

  0x0000021b56e2c234: ;   {metadata('java/lang/ClassCastException')}
  0x0000021b56e2c234: 48ba 60ae | 0600 1b02 | 0000 498b | 87b8 0100 | 0048 8d78 | 2849 3bbf | c801 0000 | 0f87 7c0d 
  0x0000021b56e2c254: 0000 4989 | bfb8 0100 | 0048 c700 | 0100 0000 | 488b ca49 | ba00 0000 | 001b 0200 | 0049 2bca 
  0x0000021b56e2c274: 8948 0848 | 33c9 8948 | 0c48 33c9 | 4889 4810 | 4889 4818 | 4889 4820 

  0x0000021b56e2c28c: ;   {oop(a 'java/lang/Class'{0x0000000600fbb118} = 'java/util/concurrent/FutureTask')}
  0x0000021b56e2c28c: 48ba 18b1 | fb00 0600 | 0000 4c8b 

  0x0000021b56e2c298: ;   {metadata(method data for {method} {0x0000021b00465068} 'cast' '(Ljava/lang/Object;)Ljava/lang/Object;' in 'java/lang/Class')}
  0x0000021b56e2c298: c248 be70 | 8220 731b | 0200 0048 | 8386 8801 | 0000 014c | 8b84 24e8 | 0000 0048 | 8984 2410 
  0x0000021b56e2c2b8: 0100 000f 

  0x0000021b56e2c2bc: ;   {optimized virtual_call}
  0x0000021b56e2c2bc: 1f40 00e8 

  0x0000021b56e2c2c0: ; ImmutableOopMap {[232]=Oop [272]=Oop [280]=Oop }
                      ;*invokevirtual cannotCastMsg {reexecute=0 rethrow=0 return_oop=0}
                      ; - java.lang.Class::cast@18 (line 4067)
                      ; - java.lang.invoke.VarHandleInts$FieldInstanceReadWrite::compareAndSet@15 (line 178)
                      ; - java.lang.invoke.VarHandleGuards::guard_LII_Z@50 (line 137)
                      ; - java.util.concurrent.FutureTask::setException@6 (line 300)
                      ; - java.util.concurrent.FutureTask::run@59 (line 322)
  0x0000021b56e2c2c0: bc27 9f06 

  0x0000021b56e2c2c4: ;   {other}
  0x0000021b56e2c2c4: 0f1f 8400 | b42a 0011 | 4c8b 8424 | 1001 0000 

  0x0000021b56e2c2d4: ;   {metadata(method data for {method} {0x0000021b00465068} 'cast' '(Ljava/lang/Object;)Ljava/lang/Object;' in 'java/lang/Class')}
  0x0000021b56e2c2d4: 48ba 7082 | 2073 1b02 | 0000 4883 | 82c0 0100 | 0001 4c8b | c048 8b94 | 2410 0100 | 0066 0f1f 
  0x0000021b56e2c2f4: ;   {optimized virtual_call}
  0x0000021b56e2c2f4: 4400 00e8 

  0x0000021b56e2c2f8: ; ImmutableOopMap {[232]=Oop [272]=Oop [280]=Oop }
                      ;*invokespecial <init> {reexecute=0 rethrow=0 return_oop=0}
                      ; - java.lang.Class::cast@21 (line 4067)
                      ; - java.lang.invoke.VarHandleInts$FieldInstanceReadWrite::compareAndSet@15 (line 178)
                      ; - java.lang.invoke.VarHandleGuards::guard_LII_Z@50 (line 137)
                      ; - java.util.concurrent.FutureTask::setException@6 (line 300)
                      ; - java.util.concurrent.FutureTask::run@59 (line 322)
  0x0000021b56e2c2f8: 8427 9f06 

  0x0000021b56e2c2fc: ;   {other}
  0x0000021b56e2c2fc: 0f1f 8400 | ec2a 0012 | 488b 8424 

  0x0000021b56e2c308: ; ImmutableOopMap {rax=Oop [232]=Oop [280]=Oop }
                      ;*athrow {reexecute=1 rethrow=0 return_oop=0}
                      ; - (reexecute) java.lang.Class::cast@24 (line 4067)
                      ; - java.lang.invoke.VarHandleInts$FieldInstanceReadWrite::compareAndSet@15 (line 178)
                      ; - java.lang.invoke.VarHandleGuards::guard_LII_Z@50 (line 137)
                      ; - java.util.concurrent.FutureTask::setException@6 (line 300)
                      ; - java.util.concurrent.FutureTask::run@59 (line 322)
  0x0000021b56e2c308: 1001 0000 

  0x0000021b56e2c30c: ;   {section_word}
  0x0000021b56e2c30c: 48ba 0cc3 | e256 1b02 

  0x0000021b56e2c314: ;   {runtime_call handle_exception_nofpu Runtime1 stub}
  0x0000021b56e2c314: 0000 e865 | 60ab 0690 | 498b 87f8 | 0400 004d | 33d2 4d89 | 97f8 0400 | 004d 33d2 | 4d89 9700 
  0x0000021b56e2c334: 0500 0048 | 8984 2420 | 0100 0048 | 8b94 24e8 

  0x0000021b56e2c344: ;   {oop(nullptr)}
  0x0000021b56e2c344: 0000 0048 | be00 0000 | 0000 0000 | 0041 0fbe | 7f40 85ff | 0f85 810c | 0000 4c8b | d649 c1ea 
  0x0000021b56e2c364: 0344 8952 | 18f0 8344 | 24c0 0048 | 8bfa 4833 | fe48 c1ef | 1648 83ff | 000f 857b | 0c00 008b 
  0x0000021b56e2c384: 720c 83fe 

  0x0000021b56e2c388: ;   {metadata(method data for {method} {0x0000021b747e89d8} 'run' '()V' in 'java/util/concurrent/FutureTask')}
  0x0000021b56e2c388: 0548 bfa8 | 6173 741b | 0200 0048 | c7c3 5003 | 0000 7c07 | 48c7 c360 | 0300 0048 | 8b0c 1f48 
  0x0000021b56e2c3a8: 8d49 0148 | 890c 1f0f | 8c35 0400 | 0048 8bfa 

  0x0000021b56e2c3b8: ;   {metadata(method data for {method} {0x0000021b747e89d8} 'run' '()V' in 'java/util/concurrent/FutureTask')}
  0x0000021b56e2c3b8: 48bb a861 | 7374 1b02 | 0000 4883 | 8370 0300 

  0x0000021b56e2c3c8: ;   {metadata(method data for {method} {0x0000021b747e8ca8} 'handlePossibleCancellationInterrupt' '(I)V' in 'java/util/concurrent/FutureTask')}
  0x0000021b56e2c3c8: 0001 48bf | 8878 7374 | 1b02 0000 | 8b9f cc00 | 0000 83c3 | 0289 9fcc | 0000 0081 | e3fe ff1f 
  0x0000021b56e2c3e8: 0085 db0f | 8425 0c00 | 0083 fe05 

  0x0000021b56e2c3f4: ;   {metadata(method data for {method} {0x0000021b747e8ca8} 'handlePossibleCancellationInterrupt' '(I)V' in 'java/util/concurrent/FutureTask')}
  0x0000021b56e2c3f4: 48be 8878 | 7374 1b02 | 0000 48c7 | c710 0100 | 0075 0748 | c7c7 2001 | 0000 488b | 1c3e 488d 
  0x0000021b56e2c414: 5b01 4889 | 1c3e 0f85 | c203 0000 | 8b72 0c83 

  0x0000021b56e2c424: ;   {metadata(method data for {method} {0x0000021b747e8ca8} 'handlePossibleCancellationInterrupt' '(I)V' in 'java/util/concurrent/FutureTask')}
  0x0000021b56e2c424: fe05 48be | 8878 7374 | 1b02 0000 | 48c7 c730 | 0100 0075 | 0748 c7c7 | 4001 0000 | 488b 1c3e 
  0x0000021b56e2c444: 488d 5b01 | 4889 1c3e | 0f85 9003 

  0x0000021b56e2c450: ;   {metadata(method data for {method} {0x0000021b747e8ca8} 'handlePossibleCancellationInterrupt' '(I)V' in 'java/util/concurrent/FutureTask')}
  0x0000021b56e2c450: 0000 48be | 8878 7374 | 1b02 0000 | 4883 8650 | 0100 0001 

  0x0000021b56e2c464: ;   {metadata(method data for {method} {0x0000021b00429fc8} 'yield' '()V' in 'java/lang/Thread')}
  0x0000021b56e2c464: 48be 88ad | 3773 1b02 | 0000 8bbe | cc00 0000 | 83c7 0289 | becc 0000 | 0081 e7fe | ff1f 0085 
  0x0000021b56e2c484: ff0f 84ac 

  0x0000021b56e2c488: ;   {metadata(method data for {method} {0x0000021b00429fc8} 'yield' '()V' in 'java/lang/Thread')}
  0x0000021b56e2c488: 0b00 0048 | be88 ad37 | 731b 0200 | 0048 8386 | 1001 0000 | 0149 8bb7 | 8003 0000 | 488b 3648 
  0x0000021b56e2c4a8: 85f6 7516 

  0x0000021b56e2c4ac: ;   {metadata(method data for {method} {0x0000021b00429fc8} 'yield' '()V' in 'java/lang/Thread')}
  0x0000021b56e2c4ac: 48b9 88ad | 3773 1b02 | 0000 8089 | 1901 0000 | 01e9 cd00 

  0x0000021b56e2c4c0: ;   {metadata('java/lang/VirtualThread')}
  0x0000021b56e2c4c0: 0000 49b8 | 589d 0200 | 1b02 0000 | 8b5e 0849 | ba00 0000 | 001b 0200 | 0049 03da | 4c3b c30f 
  0x0000021b56e2c4e0: 858e 0000 

  0x0000021b56e2c4e4: ;   {metadata(method data for {method} {0x0000021b00429fc8} 'yield' '()V' in 'java/lang/Thread')}
  0x0000021b56e2c4e4: 0048 b988 | ad37 731b | 0200 0044 | 8b46 0849 | ba00 0000 | 001b 0200 | 004d 03c2 | 4c3b 8130 
  0x0000021b56e2c504: 0100 0075 | 0d48 8381 | 3801 0000 | 01e9 7e00 | 0000 4c3b | 8140 0100 | 0075 0d48 | 8381 4801 
  0x0000021b56e2c524: 0000 01e9 | 6800 0000 | 4883 b930 | 0100 0000 | 7517 4c89 | 8130 0100 | 0048 c781 | 3801 0000 
  0x0000021b56e2c544: 0100 0000 | e947 0000 | 0048 83b9 | 4001 0000 | 0075 174c | 8981 4001 | 0000 48c7 | 8148 0100 
  0x0000021b56e2c564: 0001 0000 | 00e9 2600 | 0000 e921 

  0x0000021b56e2c570: ;   {metadata(method data for {method} {0x0000021b00429fc8} 'yield' '()V' in 'java/lang/Thread')}
  0x0000021b56e2c570: 0000 0048 | b988 ad37 | 731b 0200 | 0048 83a9 | 2001 0000 | 01e9 0500 | 0000 e905 | 0000 0048 
  0x0000021b56e2c590: 33ff eb07 | 48c7 c701 | 0000 0085 

  0x0000021b56e2c59c: ;   {metadata(method data for {method} {0x0000021b00429fc8} 'yield' '()V' in 'java/lang/Thread')}
  0x0000021b56e2c59c: ff48 bf88 | ad37 731b | 0200 0048 | c7c3 5801 | 0000 7407 | 48c7 c368 | 0100 0048 | 8b0c 1f48 
  0x0000021b56e2c5bc: 8d49 0148 | 890c 1f0f | 84a8 0100 | 0048 85f6 

  0x0000021b56e2c5cc: ;   {metadata(method data for {method} {0x0000021b00429fc8} 'yield' '()V' in 'java/lang/Thread')}
  0x0000021b56e2c5cc: 7516 48bb | 88ad 3773 | 1b02 0000 | 808b 7101 | 0000 01e9 | cc00 0000 

  0x0000021b56e2c5e4: ;   {metadata('java/lang/VirtualThread')}
  0x0000021b56e2c5e4: 48b9 589d | 0200 1b02 | 0000 8b7e | 0849 ba00 | 0000 001b | 0200 0049 | 03fa 483b | cf0f 858d 
  0x0000021b56e2c604: ;   {metadata(method data for {method} {0x0000021b00429fc8} 'yield' '()V' in 'java/lang/Thread')}
  0x0000021b56e2c604: 0000 0048 | bb88 ad37 | 731b 0200 | 008b 4e08 | 49ba 0000 | 0000 1b02 | 0000 4903 | ca48 3b8b 
  0x0000021b56e2c624: 8801 0000 | 750d 4883 | 8390 0100 | 0001 e979 | 0000 0048 | 3b8b 9801 | 0000 750d | 4883 83a0 
  0x0000021b56e2c644: 0100 0001 | e963 0000 | 0048 83bb | 8801 0000 | 0075 1748 | 898b 8801 | 0000 48c7 | 8390 0100 
  0x0000021b56e2c664: 0001 0000 | 00e9 4200 | 0000 4883 | bb98 0100 | 0000 7517 | 4889 8b98 | 0100 0048 | c783 a001 
  0x0000021b56e2c684: 0000 0100 | 0000 e921 | 0000 00e9 | 1c00 0000 

  0x0000021b56e2c694: ;   {metadata(method data for {method} {0x0000021b00429fc8} 'yield' '()V' in 'java/lang/Thread')}
  0x0000021b56e2c694: 48bb 88ad | 3773 1b02 | 0000 4883 | ab78 0100 | 0001 e9ad | 0900 00e9 | 0000 0000 

  0x0000021b56e2c6b0: ; implicit exception: dispatches to 0x0000021b56e2d061
  0x0000021b56e2c6b0: 483b 0648 

  0x0000021b56e2c6b4: ;   {metadata(method data for {method} {0x0000021b00429fc8} 'yield' '()V' in 'java/lang/Thread')}
  0x0000021b56e2c6b4: 8bfe 48bb | 88ad 3773 | 1b02 0000 | 8b7f 0849 | ba00 0000 | 001b 0200 | 0049 03fa | 483b bbc0 
  0x0000021b56e2c6d4: 0100 0075 | 0d48 8383 | c801 0000 | 01e9 6000 | 0000 483b | bbd0 0100 | 0075 0d48 | 8383 d801 
  0x0000021b56e2c6f4: 0000 01e9 | 4a00 0000 | 4883 bbc0 | 0100 0000 | 7517 4889 | bbc0 0100 | 0048 c783 | c801 0000 
  0x0000021b56e2c714: 0100 0000 | e929 0000 | 0048 83bb | d001 0000 | 0075 1748 | 89bb d001 | 0000 48c7 | 83d8 0100 
  0x0000021b56e2c734: 0001 0000 | 00e9 0800 | 0000 4883 | 83b0 0100 | 0001 488b | d666 0f1f 

  0x0000021b56e2c74c: ;   {optimized virtual_call}
  0x0000021b56e2c74c: 4400 00e8 

  0x0000021b56e2c750: ; ImmutableOopMap {[232]=Oop [288]=Oop }
                      ;*invokevirtual tryYield {reexecute=0 rethrow=0 return_oop=0}
                      ; - java.lang.Thread::yield@17 (line 443)
                      ; - java.util.concurrent.FutureTask::handlePossibleCancellationInterrupt@13 (line 386)
                      ; - java.util.concurrent.FutureTask::run@116 (line 335)
  0x0000021b56e2c750: 2c23 9f06 

  0x0000021b56e2c754: ;   {other}
  0x0000021b56e2c754: 0f1f 8400 | 442f 0014 

  0x0000021b56e2c75c: ;   {metadata(method data for {method} {0x0000021b00429fc8} 'yield' '()V' in 'java/lang/Thread')}
  0x0000021b56e2c75c: 48be 88ad | 3773 1b02 | 0000 ff86 | e801 0000 | e923 0000 

  0x0000021b56e2c770: ;   {metadata(method data for {method} {0x0000021b00429fc8} 'yield' '()V' in 'java/lang/Thread')}
  0x0000021b56e2c770: 0048 be88 | ad37 731b | 0200 0048 | 8386 0002 | 0000 010f 

  0x0000021b56e2c784: ;   {static_call}
  0x0000021b56e2c784: 1f40 00e8 

  0x0000021b56e2c788: ; ImmutableOopMap {[232]=Oop [288]=Oop }
                      ;*invokestatic yield0 {reexecute=0 rethrow=0 return_oop=0}
                      ; - java.lang.Thread::yield@23 (line 445)
                      ; - java.util.concurrent.FutureTask::handlePossibleCancellationInterrupt@13 (line 386)
                      ; - java.util.concurrent.FutureTask::run@116 (line 335)
  0x0000021b56e2c788: f428 9f06 

  0x0000021b56e2c78c: ;   {other}
  0x0000021b56e2c78c: 0f1f 8400 | 7c2f 0015 

  0x0000021b56e2c794: ;   {metadata(method data for {method} {0x0000021b747e8ca8} 'handlePossibleCancellationInterrupt' '(I)V' in 'java/util/concurrent/FutureTask')}
  0x0000021b56e2c794: 48b8 8878 | 7374 1b02 | 0000 8b90 | d000 0000 | 83c2 0289 | 90d0 0000 | 0081 e2fe | 3f00 0085 
  0x0000021b56e2c7b4: d20f 84ab | 0800 004d | 8b97 5004 

  0x0000021b56e2c7c0: ; ImmutableOopMap {[232]=Oop [288]=Oop }
                      ;*goto {reexecute=1 rethrow=0 return_oop=0}
                      ; - (reexecute) java.util.concurrent.FutureTask::handlePossibleCancellationInterrupt@16 (line 386)
                      ; - java.util.concurrent.FutureTask::run@116 (line 335)
                      ;   {poll}
  0x0000021b56e2c7c0: 0000 4185 

  0x0000021b56e2c7c4: ;   {metadata(method data for {method} {0x0000021b747e8ca8} 'handlePossibleCancellationInterrupt' '(I)V' in 'java/util/concurrent/FutureTask')}
  0x0000021b56e2c7c4: 0248 b888 | 7873 741b | 0200 00ff | 8060 0100 | 0048 8b94 | 24e8 0000 | 00e9 3efc | ffff 488b 
  0x0000021b56e2c7e4: 8424 2001 | 0000 e9cf 

  0x0000021b56e2c7ec: ;   {metadata('java/lang/ClassCastException')}
  0x0000021b56e2c7ec: 0800 0048 | ba60 ae06 | 001b 0200 | 0049 8b87 | b801 0000 | 488d 7828 | 493b bfc8 | 0100 000f 
  0x0000021b56e2c80c: 8776 0800 | 0049 89bf | b801 0000 | 48c7 0001 | 0000 0048 | 8bca 49ba | 0000 0000 | 1b02 0000 
  0x0000021b56e2c82c: 492b ca89 | 4808 4833 | c989 480c | 4833 c948 | 8948 1048 | 8948 1848 

  0x0000021b56e2c844: ;   {oop(a 'java/lang/Class'{0x0000000601001110} = 'java/lang/Thread')}
  0x0000021b56e2c844: 8948 2048 | ba10 1100 | 0106 0000 | 004c 8bc2 

  0x0000021b56e2c854: ;   {metadata(method data for {method} {0x0000021b00465068} 'cast' '(Ljava/lang/Object;)Ljava/lang/Object;' in 'java/lang/Class')}
  0x0000021b56e2c854: 48be 7082 | 2073 1b02 | 0000 4883 | 8688 0100 | 0001 4c8b | c348 8984 | 2428 0100 | 0066 0f1f 
  0x0000021b56e2c874: ;   {optimized virtual_call}
  0x0000021b56e2c874: 4400 00e8 

  0x0000021b56e2c878: ; ImmutableOopMap {[232]=Oop [296]=Oop }
                      ;*invokevirtual cannotCastMsg {reexecute=0 rethrow=0 return_oop=0}
                      ; - java.lang.Class::cast@18 (line 4067)
                      ; - java.lang.invoke.VarHandleReferences$FieldInstanceReadWrite::compareAndSet@41 (line 183)
                      ; - java.lang.invoke.VarHandleGuards::guard_LLL_Z@50 (line 68)
                      ; - java.util.concurrent.FutureTask::run@15 (line 309)
  0x0000021b56e2c878: 0422 9f06 

  0x0000021b56e2c87c: ;   {other}
  0x0000021b56e2c87c: 0f1f 8400 | 6c30 0017 | 4c8b 8424 | 2801 0000 

  0x0000021b56e2c88c: ;   {metadata(method data for {method} {0x0000021b00465068} 'cast' '(Ljava/lang/Object;)Ljava/lang/Object;' in 'java/lang/Class')}
  0x0000021b56e2c88c: 48ba 7082 | 2073 1b02 | 0000 4883 | 82c0 0100 | 0001 4c8b | c048 8b94 | 2428 0100 | 0066 0f1f 
  0x0000021b56e2c8ac: ;   {optimized virtual_call}
  0x0000021b56e2c8ac: 4400 00e8 

  0x0000021b56e2c8b0: ; ImmutableOopMap {[232]=Oop [296]=Oop }
                      ;*invokespecial <init> {reexecute=0 rethrow=0 return_oop=0}
                      ; - java.lang.Class::cast@21 (line 4067)
                      ; - java.lang.invoke.VarHandleReferences$FieldInstanceReadWrite::compareAndSet@41 (line 183)
                      ; - java.lang.invoke.VarHandleGuards::guard_LLL_Z@50 (line 68)
                      ; - java.util.concurrent.FutureTask::run@15 (line 309)
  0x0000021b56e2c8b0: cc21 9f06 

  0x0000021b56e2c8b4: ;   {other}
  0x0000021b56e2c8b4: 0f1f 8400 | a430 0018 | 488b 8424 | 2801 0000 | e9f5 0700 | 0048 899c | 2438 0100 | 004c 8bca 
  0x0000021b56e2c8d4: ;   {metadata('java/lang/ClassCastException')}
  0x0000021b56e2c8d4: 48ba 60ae | 0600 1b02 | 0000 498b | 87b8 0100 | 0048 8d78 | 2849 3bbf | c801 0000 | 0f87 9e07 
  0x0000021b56e2c8f4: 0000 4989 | bfb8 0100 | 0048 c700 | 0100 0000 | 488b ca49 | ba00 0000 | 001b 0200 | 0049 2bca 
  0x0000021b56e2c914: 8948 0848 | 33c9 8948 | 0c48 33c9 | 4889 4810 | 4889 4818 | 4889 4820 

  0x0000021b56e2c92c: ;   {oop(a 'java/lang/Class'{0x0000000600fbb118} = 'java/util/concurrent/FutureTask')}
  0x0000021b56e2c92c: 48ba 18b1 | fb00 0600 | 0000 4c8b 

  0x0000021b56e2c938: ;   {metadata(method data for {method} {0x0000021b00465068} 'cast' '(Ljava/lang/Object;)Ljava/lang/Object;' in 'java/lang/Class')}
  0x0000021b56e2c938: c248 be70 | 8220 731b | 0200 0048 | 8386 8801 | 0000 014d | 8bc1 4889 | 8424 3001 

  0x0000021b56e2c954: ;   {optimized virtual_call}
  0x0000021b56e2c954: 0000 90e8 

  0x0000021b56e2c958: ; ImmutableOopMap {[232]=Oop [304]=Oop [312]=Oop }
                      ;*invokevirtual cannotCastMsg {reexecute=0 rethrow=0 return_oop=0}
                      ; - java.lang.Class::cast@18 (line 4067)
                      ; - java.lang.invoke.VarHandleReferences$FieldInstanceReadWrite::compareAndSet@15 (line 180)
                      ; - java.lang.invoke.VarHandleGuards::guard_LLL_Z@50 (line 68)
                      ; - java.util.concurrent.FutureTask::run@15 (line 309)
  0x0000021b56e2c958: 2421 9f06 

  0x0000021b56e2c95c: ;   {other}
  0x0000021b56e2c95c: 0f1f 8400 | 4c31 0019 | 4c8b 8424 | 3001 0000 

  0x0000021b56e2c96c: ;   {metadata(method data for {method} {0x0000021b00465068} 'cast' '(Ljava/lang/Object;)Ljava/lang/Object;' in 'java/lang/Class')}
  0x0000021b56e2c96c: 48ba 7082 | 2073 1b02 | 0000 4883 | 82c0 0100 | 0001 4c8b | c048 8b94 | 2430 0100 | 0066 0f1f 
  0x0000021b56e2c98c: ;   {optimized virtual_call}
  0x0000021b56e2c98c: 4400 00e8 

  0x0000021b56e2c990: ; ImmutableOopMap {[232]=Oop [304]=Oop [312]=Oop }
                      ;*invokespecial <init> {reexecute=0 rethrow=0 return_oop=0}
                      ; - java.lang.Class::cast@21 (line 4067)
                      ; - java.lang.invoke.VarHandleReferences$FieldInstanceReadWrite::compareAndSet@15 (line 180)
                      ; - java.lang.invoke.VarHandleGuards::guard_LLL_Z@50 (line 68)
                      ; - java.util.concurrent.FutureTask::run@15 (line 309)
  0x0000021b56e2c990: ec20 9f06 

  0x0000021b56e2c994: ;   {other}
  0x0000021b56e2c994: 0f1f 8400 | 8431 001a | 488b 8424 | 3001 0000 | e915 0700 

  0x0000021b56e2c9a8: ;   {metadata({method} {0x0000021b747e89d8} 'run' '()V' in 'java/util/concurrent/FutureTask')}
  0x0000021b56e2c9a8: 0049 bad0 | 897e 741b | 0200 004c | 8954 2408 | 48c7 0424 | ffff ffff 

  0x0000021b56e2c9c0: ;   {runtime_call counter_overflow Runtime1 stub}
  0x0000021b56e2c9c0: e83b 9cab 

  0x0000021b56e2c9c4: ; ImmutableOopMap {rdx=Oop [232]=Oop }
                      ;*synchronization entry
                      ; - java.util.concurrent.FutureTask::run@-1 (line 308)
  0x0000021b56e2c9c4: 06e9 84d4 

  0x0000021b56e2c9c8: ;   {metadata({method} {0x0000021b001560e8} 'guard_LLL_Z' '(Ljava/lang/invoke/VarHandle;Ljava/lang/Object;Ljava/lang/Object;Ljava/lang/Object;Ljava/lang/invoke/VarHandle$AccessDescriptor;)Z' in 'java/lang/invoke/VarHandleGuards')}
  0x0000021b56e2c9c8: ffff 49ba | e060 1500 | 1b02 0000 | 4c89 5424 | 0848 c704 | 24ff ffff 

  0x0000021b56e2c9e0: ;   {runtime_call counter_overflow Runtime1 stub}
  0x0000021b56e2c9e0: ffe8 1a9c 

  0x0000021b56e2c9e4: ; ImmutableOopMap {rdx=Oop rbx=Oop rsi=Oop [232]=Oop }
                      ;*synchronization entry
                      ; - java.lang.invoke.VarHandleGuards::guard_LLL_Z@-1 (line 66)
                      ; - java.util.concurrent.FutureTask::run@15 (line 309)
  0x0000021b56e2c9e4: ab06 e93f 

  0x0000021b56e2c9e8: ;   {metadata({method} {0x0000021b000936b8} 'checkAccessModeThenIsDirect' '(Ljava/lang/invoke/VarHandle$AccessDescriptor;)Z' in 'java/lang/invoke/VarHandle')}
  0x0000021b56e2c9e8: d5ff ff49 | bab0 3609 | 001b 0200 | 004c 8954 | 2408 48c7 | 0424 ffff 

  0x0000021b56e2ca00: ;   {runtime_call counter_overflow Runtime1 stub}
  0x0000021b56e2ca00: ffff e8f9 

  0x0000021b56e2ca04: ; ImmutableOopMap {rdx=Oop rbx=Oop [232]=Oop }
                      ;*synchronization entry
                      ; - java.lang.invoke.VarHandle::checkAccessModeThenIsDirect@-1 (line 2075)
                      ; - java.lang.invoke.VarHandleGuards::guard_LLL_Z@3 (line 66)
                      ; - java.util.concurrent.FutureTask::run@15 (line 309)
  0x0000021b56e2ca04: 9bab 06e9 | 01d6 ffff 

  0x0000021b56e2ca0c: ;   {metadata({method} {0x0000021b001542f0} 'getMemberName' '(I)Ljava/lang/invoke/MemberName;' in 'java/lang/invoke/VarForm')}
  0x0000021b56e2ca0c: 49ba e842 | 1500 1b02 | 0000 4c89 | 5424 0848 | c704 24ff 

  0x0000021b56e2ca20: ;   {runtime_call counter_overflow Runtime1 stub}
  0x0000021b56e2ca20: ffff ffe8 

  0x0000021b56e2ca24: ; ImmutableOopMap {rdx=Oop rbx=Oop [232]=Oop }
                      ;*synchronization entry
                      ; - java.lang.invoke.VarForm::getMemberName@-1 (line 114)
                      ; - java.lang.invoke.VarHandleGuards::guard_LLL_Z@47 (line 68)
                      ; - java.util.concurrent.FutureTask::run@15 (line 309)
  0x0000021b56e2ca24: d89b ab06 | e953 d6ff 

  0x0000021b56e2ca2c: ;   {metadata({method} {0x0000021b00254370} 'compareAndSet' '(Ljava/lang/invoke/VarHandle;Ljava/lang/Object;Ljava/lang/Object;Ljava/lang/Object;)Z' in 'java/lang/invoke/VarHandleReferences$FieldInstanceReadWrite')}
  0x0000021b56e2ca2c: ff49 ba68 | 4325 001b | 0200 004c | 8954 2408 | 48c7 0424 | ffff ffff 

  0x0000021b56e2ca44: ;   {runtime_call counter_overflow Runtime1 stub}
  0x0000021b56e2ca44: e8b7 9bab 

  0x0000021b56e2ca48: ; ImmutableOopMap {rdx=Oop rbx=Oop [232]=Oop }
                      ;*synchronization entry
                      ; - java.lang.invoke.VarHandleReferences$FieldInstanceReadWrite::compareAndSet@-1 (line 179)
                      ; - java.lang.invoke.VarHandleGuards::guard_LLL_Z@50 (line 68)
                      ; - java.util.concurrent.FutureTask::run@15 (line 309)
  0x0000021b56e2ca48: 06e9 d1d6 

  0x0000021b56e2ca4c: ;   {metadata({method} {0x0000021b00465068} 'cast' '(Ljava/lang/Object;)Ljava/lang/Object;' in 'java/lang/Class')}
  0x0000021b56e2ca4c: ffff 49ba | 6050 4600 | 1b02 0000 | 4c89 5424 | 0848 c704 | 24ff ffff 

  0x0000021b56e2ca64: ;   {runtime_call counter_overflow Runtime1 stub}
  0x0000021b56e2ca64: ffe8 969b 

  0x0000021b56e2ca68: ; ImmutableOopMap {rdx=Oop rbx=Oop [232]=Oop }
                      ;*synchronization entry
                      ; - java.lang.Class::cast@-1 (line 4066)
                      ; - java.lang.invoke.VarHandleReferences$FieldInstanceReadWrite::compareAndSet@15 (line 180)
                      ; - java.lang.invoke.VarHandleGuards::guard_LLL_Z@50 (line 68)
                      ; - java.util.concurrent.FutureTask::run@15 (line 309)
  0x0000021b56e2ca68: ab06 e9f3 

  0x0000021b56e2ca6c: ;   {metadata({method} {0x0000021b00056488} 'requireNonNull' '(Ljava/lang/Object;)Ljava/lang/Object;' in 'java/util/Objects')}
  0x0000021b56e2ca6c: d6ff ff49 | ba80 6405 | 001b 0200 | 004c 8954 | 2408 48c7 | 0424 ffff 

  0x0000021b56e2ca84: ;   {runtime_call counter_overflow Runtime1 stub}
  0x0000021b56e2ca84: ffff e875 

  0x0000021b56e2ca88: ; ImmutableOopMap {rdx=Oop rbx=Oop [232]=Oop }
                      ;*synchronization entry
                      ; - java.util.Objects::requireNonNull@-1 (line 232)
                      ; - java.lang.invoke.VarHandleReferences$FieldInstanceReadWrite::compareAndSet@18 (line 180)
                      ; - java.lang.invoke.VarHandleGuards::guard_LLL_Z@50 (line 68)
                      ; - java.util.concurrent.FutureTask::run@15 (line 309)
  0x0000021b56e2ca88: 9bab 06e9 | a3d7 ffff 

  0x0000021b56e2ca90: ;   {metadata({method} {0x0000021b00465068} 'cast' '(Ljava/lang/Object;)Ljava/lang/Object;' in 'java/lang/Class')}
  0x0000021b56e2ca90: 49ba 6050 | 4600 1b02 | 0000 4c89 | 5424 0848 | c704 24ff 

  0x0000021b56e2caa4: ;   {runtime_call counter_overflow Runtime1 stub}
  0x0000021b56e2caa4: ffff ffe8 

  0x0000021b56e2caa8: ; ImmutableOopMap {rdx=Oop rbx=Oop [232]=Oop }
                      ;*synchronization entry
                      ; - java.lang.Class::cast@-1 (line 4066)
                      ; - java.lang.invoke.VarHandleReferences$FieldInstanceReadWrite::compareAndSet@32 (line 182)
                      ; - java.lang.invoke.VarHandleGuards::guard_LLL_Z@50 (line 68)
                      ; - java.util.concurrent.FutureTask::run@15 (line 309)
  0x0000021b56e2caa8: 549b ab06 | e9d5 d7ff 

  0x0000021b56e2cab0: ;   {metadata({method} {0x0000021b00465068} 'cast' '(Ljava/lang/Object;)Ljava/lang/Object;' in 'java/lang/Class')}
  0x0000021b56e2cab0: ff49 ba60 | 5046 001b | 0200 004c | 8954 2408 | 48c7 0424 | ffff ffff 

  0x0000021b56e2cac8: ;   {runtime_call counter_overflow Runtime1 stub}
  0x0000021b56e2cac8: e833 9bab 

  0x0000021b56e2cacc: ; ImmutableOopMap {rdx=Oop rbx=Oop [232]=Oop }
                      ;*synchronization entry
                      ; - java.lang.Class::cast@-1 (line 4066)
                      ; - java.lang.invoke.VarHandleReferences$FieldInstanceReadWrite::compareAndSet@41 (line 183)
                      ; - java.lang.invoke.VarHandleGuards::guard_LLL_Z@50 (line 68)
                      ; - java.util.concurrent.FutureTask::run@15 (line 309)
  0x0000021b56e2cacc: 06e9 07d8 | ffff 8b06 | 48c1 e003 | 4883 f800 | 0f84 c6d8 | ffff 4889 

  0x0000021b56e2cae4: ;   {runtime_call g1_pre_barrier_slow}
  0x0000021b56e2cae4: 0424 e815 | a1ab 06e9 | b8d8 ffff | 4883 fb00 | 0f84 e8d8 | ffff 4889 

  0x0000021b56e2cafc: ;   {runtime_call g1_post_barrier_slow}
  0x0000021b56e2cafc: 3424 e8fd | a3ab 06e9 | dad8 ffff 

  0x0000021b56e2cb08: ;   {runtime_call throw_null_pointer_exception Runtime1 stub}
  0x0000021b56e2cb08: e873 40ab 

  0x0000021b56e2cb0c: ; ImmutableOopMap {rsi=Oop [232]=Oop }
                      ;*invokeinterface call {reexecute=0 rethrow=0 return_oop=0}
                      ; - java.util.concurrent.FutureTask::run@39 (line 317)
                      ;   {metadata({method} {0x0000021b747e8810} 'setException' '(Ljava/lang/Throwable;)V' in 'java/util/concurrent/FutureTask')}
  0x0000021b56e2cb0c: 0649 ba08 | 887e 741b | 0200 004c | 8954 2408 | 48c7 0424 | ffff ffff 

  0x0000021b56e2cb24: ;   {runtime_call counter_overflow Runtime1 stub}
  0x0000021b56e2cb24: e8d7 9aab 

  0x0000021b56e2cb28: ; ImmutableOopMap {rdx=Oop rax=Oop [232]=Oop }
                      ;*synchronization entry
                      ; - java.util.concurrent.FutureTask::setException@-1 (line 300)
                      ; - java.util.concurrent.FutureTask::run@59 (line 322)
  0x0000021b56e2cb28: 06e9 96da 

  0x0000021b56e2cb2c: ;   {metadata({method} {0x0000021b001562a0} 'guard_LII_Z' '(Ljava/lang/invoke/VarHandle;Ljava/lang/Object;IILjava/lang/invoke/VarHandle$AccessDescriptor;)Z' in 'java/lang/invoke/VarHandleGuards')}
  0x0000021b56e2cb2c: ffff 49ba | 9862 1500 | 1b02 0000 | 4c89 5424 | 0848 c704 | 24ff ffff 

  0x0000021b56e2cb44: ;   {runtime_call counter_overflow Runtime1 stub}
  0x0000021b56e2cb44: ffe8 b69a 

  0x0000021b56e2cb48: ; ImmutableOopMap {rdx=Oop rax=Oop r9=Oop [232]=Oop }
                      ;*synchronization entry
                      ; - java.lang.invoke.VarHandleGuards::guard_LII_Z@-1 (line 135)
                      ; - java.util.concurrent.FutureTask::setException@6 (line 300)
                      ; - java.util.concurrent.FutureTask::run@59 (line 322)
  0x0000021b56e2cb48: ab06 e907 

  0x0000021b56e2cb4c: ;   {metadata({method} {0x0000021b000936b8} 'checkAccessModeThenIsDirect' '(Ljava/lang/invoke/VarHandle$AccessDescriptor;)Z' in 'java/lang/invoke/VarHandle')}
  0x0000021b56e2cb4c: dbff ff49 | bab0 3609 | 001b 0200 | 004c 8954 | 2408 48c7 | 0424 ffff 

  0x0000021b56e2cb64: ;   {runtime_call counter_overflow Runtime1 stub}
  0x0000021b56e2cb64: ffff e895 

  0x0000021b56e2cb68: ; ImmutableOopMap {rdx=Oop rax=Oop [232]=Oop }
                      ;*synchronization entry
                      ; - java.lang.invoke.VarHandle::checkAccessModeThenIsDirect@-1 (line 2075)
                      ; - java.lang.invoke.VarHandleGuards::guard_LII_Z@3 (line 135)
                      ; - java.util.concurrent.FutureTask::setException@6 (line 300)
                      ; - java.util.concurrent.FutureTask::run@59 (line 322)
  0x0000021b56e2cb68: 9aab 06e9 | d0db ffff 

  0x0000021b56e2cb70: ;   {metadata({method} {0x0000021b001542f0} 'getMemberName' '(I)Ljava/lang/invoke/MemberName;' in 'java/lang/invoke/VarForm')}
  0x0000021b56e2cb70: 49ba e842 | 1500 1b02 | 0000 4c89 | 5424 0848 | c704 24ff 

  0x0000021b56e2cb84: ;   {runtime_call counter_overflow Runtime1 stub}
  0x0000021b56e2cb84: ffff ffe8 

  0x0000021b56e2cb88: ; ImmutableOopMap {rdx=Oop rax=Oop [232]=Oop }
                      ;*synchronization entry
                      ; - java.lang.invoke.VarForm::getMemberName@-1 (line 114)
                      ; - java.lang.invoke.VarHandleGuards::guard_LII_Z@47 (line 137)
                      ; - java.util.concurrent.FutureTask::setException@6 (line 300)
                      ; - java.util.concurrent.FutureTask::run@59 (line 322)
  0x0000021b56e2cb88: 749a ab06 | e92a dcff 

  0x0000021b56e2cb90: ;   {metadata({method} {0x0000021b732d2eb8} 'compareAndSet' '(Ljava/lang/invoke/VarHandle;Ljava/lang/Object;II)Z' in 'java/lang/invoke/VarHandleInts$FieldInstanceReadWrite')}
  0x0000021b56e2cb90: ff49 bab0 | 2e2d 731b | 0200 004c | 8954 2408 | 48c7 0424 | ffff ffff 

  0x0000021b56e2cba8: ;   {runtime_call counter_overflow Runtime1 stub}
  0x0000021b56e2cba8: e853 9aab 

  0x0000021b56e2cbac: ; ImmutableOopMap {rdx=Oop rax=Oop [232]=Oop }
                      ;*synchronization entry
                      ; - java.lang.invoke.VarHandleInts$FieldInstanceReadWrite::compareAndSet@-1 (line 177)
                      ; - java.lang.invoke.VarHandleGuards::guard_LII_Z@50 (line 137)
                      ; - java.util.concurrent.FutureTask::setException@6 (line 300)
                      ; - java.util.concurrent.FutureTask::run@59 (line 322)
  0x0000021b56e2cbac: 06e9 b0dc 

  0x0000021b56e2cbb0: ;   {metadata({method} {0x0000021b00465068} 'cast' '(Ljava/lang/Object;)Ljava/lang/Object;' in 'java/lang/Class')}
  0x0000021b56e2cbb0: ffff 49ba | 6050 4600 | 1b02 0000 | 4c89 5424 | 0848 c704 | 24ff ffff 

  0x0000021b56e2cbc8: ;   {runtime_call counter_overflow Runtime1 stub}
  0x0000021b56e2cbc8: ffe8 329a 

  0x0000021b56e2cbcc: ; ImmutableOopMap {rdx=Oop rax=Oop [232]=Oop }
                      ;*synchronization entry
                      ; - java.lang.Class::cast@-1 (line 4066)
                      ; - java.lang.invoke.VarHandleInts$FieldInstanceReadWrite::compareAndSet@15 (line 178)
                      ; - java.lang.invoke.VarHandleGuards::guard_LII_Z@50 (line 137)
                      ; - java.util.concurrent.FutureTask::setException@6 (line 300)
                      ; - java.util.concurrent.FutureTask::run@59 (line 322)
  0x0000021b56e2cbcc: ab06 e9d7 

  0x0000021b56e2cbd0: ;   {metadata({method} {0x0000021b00056488} 'requireNonNull' '(Ljava/lang/Object;)Ljava/lang/Object;' in 'java/util/Objects')}
  0x0000021b56e2cbd0: dcff ff49 | ba80 6405 | 001b 0200 | 004c 8954 | 2408 48c7 | 0424 ffff 

  0x0000021b56e2cbe8: ;   {runtime_call counter_overflow Runtime1 stub}
  0x0000021b56e2cbe8: ffff e811 

  0x0000021b56e2cbec: ; ImmutableOopMap {rdx=Oop rax=Oop [232]=Oop }
                      ;*synchronization entry
                      ; - java.util.Objects::requireNonNull@-1 (line 232)
                      ; - java.lang.invoke.VarHandleInts$FieldInstanceReadWrite::compareAndSet@18 (line 178)
                      ; - java.lang.invoke.VarHandleGuards::guard_LII_Z@50 (line 137)
                      ; - java.util.concurrent.FutureTask::setException@6 (line 300)
                      ; - java.util.concurrent.FutureTask::run@59 (line 322)
  0x0000021b56e2cbec: 9aab 06e9 | 8edd ffff | 448b 4214 | 49c1 e003 | 4983 f800 | 0f84 fedd | ffff 4c89 

  0x0000021b56e2cc08: ;   {runtime_call g1_pre_barrier_slow}
  0x0000021b56e2cc08: 0424 e8f1 | 9fab 06e9 | f0dd ffff | 4883 fb00 | 0f84 05de | ffff 4889 

  0x0000021b56e2cc20: ;   {runtime_call g1_post_barrier_slow}
  0x0000021b56e2cc20: 1424 e8d9 | a2ab 06e9 | f7dd ffff 

  0x0000021b56e2cc2c: ;   {metadata({method} {0x0000021b00156248} 'guard_LI_V' '(Ljava/lang/invoke/VarHandle;Ljava/lang/Object;ILjava/lang/invoke/VarHandle$AccessDescriptor;)V' in 'java/lang/invoke/VarHandleGuards')}
  0x0000021b56e2cc2c: 49ba 4062 | 1500 1b02 | 0000 4c89 | 5424 0848 | c704 24ff 

  0x0000021b56e2cc40: ;   {runtime_call counter_overflow Runtime1 stub}
  0x0000021b56e2cc40: ffff ffe8 

  0x0000021b56e2cc44: ; ImmutableOopMap {rdx=Oop r9=Oop [232]=Oop }
                      ;*synchronization entry
                      ; - java.lang.invoke.VarHandleGuards::guard_LI_V@-1 (line 120)
                      ; - java.util.concurrent.FutureTask::setException@22 (line 302)
                      ; - java.util.concurrent.FutureTask::run@59 (line 322)
  0x0000021b56e2cc44: b899 ab06 | e9ef deff 

  0x0000021b56e2cc4c: ;   {metadata({method} {0x0000021b000936b8} 'checkAccessModeThenIsDirect' '(Ljava/lang/invoke/VarHandle$AccessDescriptor;)Z' in 'java/lang/invoke/VarHandle')}
  0x0000021b56e2cc4c: ff49 bab0 | 3609 001b | 0200 004c | 8954 2408 | 48c7 0424 | ffff ffff 

  0x0000021b56e2cc64: ;   {runtime_call counter_overflow Runtime1 stub}
  0x0000021b56e2cc64: e897 99ab 

  0x0000021b56e2cc68: ; ImmutableOopMap {rdx=Oop [232]=Oop }
                      ;*synchronization entry
                      ; - java.lang.invoke.VarHandle::checkAccessModeThenIsDirect@-1 (line 2075)
                      ; - java.lang.invoke.VarHandleGuards::guard_LI_V@2 (line 120)
                      ; - java.util.concurrent.FutureTask::setException@22 (line 302)
                      ; - java.util.concurrent.FutureTask::run@59 (line 322)
  0x0000021b56e2cc68: 06e9 b8df 

  0x0000021b56e2cc6c: ;   {metadata({method} {0x0000021b001542f0} 'getMemberName' '(I)Ljava/lang/invoke/MemberName;' in 'java/lang/invoke/VarForm')}
  0x0000021b56e2cc6c: ffff 49ba | e842 1500 | 1b02 0000 | 4c89 5424 | 0848 c704 | 24ff ffff 

  0x0000021b56e2cc84: ;   {runtime_call counter_overflow Runtime1 stub}
  0x0000021b56e2cc84: ffe8 7699 

  0x0000021b56e2cc88: ; ImmutableOopMap {rdx=Oop [232]=Oop }
                      ;*synchronization entry
                      ; - java.lang.invoke.VarForm::getMemberName@-1 (line 114)
                      ; - java.lang.invoke.VarHandleGuards::guard_LI_V@42 (line 122)
                      ; - java.util.concurrent.FutureTask::setException@22 (line 302)
                      ; - java.util.concurrent.FutureTask::run@59 (line 322)
  0x0000021b56e2cc88: ab06 e912 

  0x0000021b56e2cc8c: ;   {metadata({method} {0x0000021b732d2da8} 'setRelease' '(Ljava/lang/invoke/VarHandle;Ljava/lang/Object;I)V' in 'java/lang/invoke/VarHandleInts$FieldInstanceReadWrite')}
  0x0000021b56e2cc8c: e0ff ff49 | baa0 2d2d | 731b 0200 | 004c 8954 | 2408 48c7 | 0424 ffff 

  0x0000021b56e2cca4: ;   {runtime_call counter_overflow Runtime1 stub}
  0x0000021b56e2cca4: ffff e855 

  0x0000021b56e2cca8: ; ImmutableOopMap {rdx=Oop [232]=Oop }
                      ;*synchronization entry
                      ; - java.lang.invoke.VarHandleInts$FieldInstanceReadWrite::setRelease@-1 (line 169)
                      ; - java.lang.invoke.VarHandleGuards::guard_LI_V@45 (line 122)
                      ; - java.util.concurrent.FutureTask::setException@22 (line 302)
                      ; - java.util.concurrent.FutureTask::run@59 (line 322)
  0x0000021b56e2cca8: 99ab 06e9 | 24e1 ffff 

  0x0000021b56e2ccb0: ;   {metadata({method} {0x0000021b00465068} 'cast' '(Ljava/lang/Object;)Ljava/lang/Object;' in 'java/lang/Class')}
  0x0000021b56e2ccb0: 49ba 6050 | 4600 1b02 | 0000 4c89 | 5424 0848 | c704 24ff 

  0x0000021b56e2ccc4: ;   {runtime_call counter_overflow Runtime1 stub}
  0x0000021b56e2ccc4: ffff ffe8 

  0x0000021b56e2ccc8: ; ImmutableOopMap {rdx=Oop [232]=Oop }
                      ;*synchronization entry
                      ; - java.lang.Class::cast@-1 (line 4066)
                      ; - java.lang.invoke.VarHandleInts$FieldInstanceReadWrite::setRelease@13 (line 170)
                      ; - java.lang.invoke.VarHandleGuards::guard_LI_V@45 (line 122)
                      ; - java.util.concurrent.FutureTask::setException@22 (line 302)
                      ; - java.util.concurrent.FutureTask::run@59 (line 322)
  0x0000021b56e2ccc8: 3499 ab06 | e94b e1ff 

  0x0000021b56e2ccd0: ;   {metadata({method} {0x0000021b00056488} 'requireNonNull' '(Ljava/lang/Object;)Ljava/lang/Object;' in 'java/util/Objects')}
  0x0000021b56e2ccd0: ff49 ba80 | 6405 001b | 0200 004c | 8954 2408 | 48c7 0424 | ffff ffff 

  0x0000021b56e2cce8: ;   {runtime_call counter_overflow Runtime1 stub}
  0x0000021b56e2cce8: e813 99ab 

  0x0000021b56e2ccec: ; ImmutableOopMap {rdx=Oop [232]=Oop }
                      ;*synchronization entry
                      ; - java.util.Objects::requireNonNull@-1 (line 232)
                      ; - java.lang.invoke.VarHandleInts$FieldInstanceReadWrite::setRelease@16 (line 170)
                      ; - java.lang.invoke.VarHandleGuards::guard_LI_V@45 (line 122)
                      ; - java.util.concurrent.FutureTask::setException@22 (line 302)
                      ; - java.util.concurrent.FutureTask::run@59 (line 322)
  0x0000021b56e2ccec: 06e9 02e2 

  0x0000021b56e2ccf0: ;   {metadata({method} {0x0000021b747e8728} 'set' '(Ljava/lang/Object;)V' in 'java/util/concurrent/FutureTask')}
  0x0000021b56e2ccf0: ffff 49ba | 2087 7e74 | 1b02 0000 | 4c89 5424 | 0848 c704 | 24ff ffff 

  0x0000021b56e2cd08: ;   {runtime_call counter_overflow Runtime1 stub}
  0x0000021b56e2cd08: ffe8 f298 

  0x0000021b56e2cd0c: ; ImmutableOopMap {rdx=Oop rax=Oop [232]=Oop }
                      ;*synchronization entry
                      ; - java.util.concurrent.FutureTask::set@-1 (line 282)
                      ; - java.util.concurrent.FutureTask::run@68 (line 325)
  0x0000021b56e2cd0c: ab06 e960 

  0x0000021b56e2cd10: ;   {metadata({method} {0x0000021b001562a0} 'guard_LII_Z' '(Ljava/lang/invoke/VarHandle;Ljava/lang/Object;IILjava/lang/invoke/VarHandle$AccessDescriptor;)Z' in 'java/lang/invoke/VarHandleGuards')}
  0x0000021b56e2cd10: e3ff ff49 | ba98 6215 | 001b 0200 | 004c 8954 | 2408 48c7 | 0424 ffff 

  0x0000021b56e2cd28: ;   {runtime_call counter_overflow Runtime1 stub}
  0x0000021b56e2cd28: ffff e8d1 

  0x0000021b56e2cd2c: ; ImmutableOopMap {rdx=Oop rax=Oop r9=Oop [232]=Oop }
                      ;*synchronization entry
                      ; - java.lang.invoke.VarHandleGuards::guard_LII_Z@-1 (line 135)
                      ; - java.util.concurrent.FutureTask::set@6 (line 282)
                      ; - java.util.concurrent.FutureTask::run@68 (line 325)
  0x0000021b56e2cd2c: 98ab 06e9 | d1e3 ffff 

  0x0000021b56e2cd34: ;   {metadata({method} {0x0000021b000936b8} 'checkAccessModeThenIsDirect' '(Ljava/lang/invoke/VarHandle$AccessDescriptor;)Z' in 'java/lang/invoke/VarHandle')}
  0x0000021b56e2cd34: 49ba b036 | 0900 1b02 | 0000 4c89 | 5424 0848 | c704 24ff 

  0x0000021b56e2cd48: ;   {runtime_call counter_overflow Runtime1 stub}
  0x0000021b56e2cd48: ffff ffe8 

  0x0000021b56e2cd4c: ; ImmutableOopMap {rdx=Oop rax=Oop [232]=Oop }
                      ;*synchronization entry
                      ; - java.lang.invoke.VarHandle::checkAccessModeThenIsDirect@-1 (line 2075)
                      ; - java.lang.invoke.VarHandleGuards::guard_LII_Z@3 (line 135)
                      ; - java.util.concurrent.FutureTask::set@6 (line 282)
                      ; - java.util.concurrent.FutureTask::run@68 (line 325)
  0x0000021b56e2cd4c: b098 ab06 | e99a e4ff 

  0x0000021b56e2cd54: ;   {metadata({method} {0x0000021b001542f0} 'getMemberName' '(I)Ljava/lang/invoke/MemberName;' in 'java/lang/invoke/VarForm')}
  0x0000021b56e2cd54: ff49 bae8 | 4215 001b | 0200 004c | 8954 2408 | 48c7 0424 | ffff ffff 

  0x0000021b56e2cd6c: ;   {runtime_call counter_overflow Runtime1 stub}
  0x0000021b56e2cd6c: e88f 98ab 

  0x0000021b56e2cd70: ; ImmutableOopMap {rdx=Oop rax=Oop [232]=Oop }
                      ;*synchronization entry
                      ; - java.lang.invoke.VarForm::getMemberName@-1 (line 114)
                      ; - java.lang.invoke.VarHandleGuards::guard_LII_Z@47 (line 137)
                      ; - java.util.concurrent.FutureTask::set@6 (line 282)
                      ; - java.util.concurrent.FutureTask::run@68 (line 325)
  0x0000021b56e2cd70: 06e9 f4e4 

  0x0000021b56e2cd74: ;   {metadata({method} {0x0000021b732d2eb8} 'compareAndSet' '(Ljava/lang/invoke/VarHandle;Ljava/lang/Object;II)Z' in 'java/lang/invoke/VarHandleInts$FieldInstanceReadWrite')}
  0x0000021b56e2cd74: ffff 49ba | b02e 2d73 | 1b02 0000 | 4c89 5424 | 0848 c704 | 24ff ffff 

  0x0000021b56e2cd8c: ;   {runtime_call counter_overflow Runtime1 stub}
  0x0000021b56e2cd8c: ffe8 6e98 

  0x0000021b56e2cd90: ; ImmutableOopMap {rdx=Oop rax=Oop [232]=Oop }
                      ;*synchronization entry
                      ; - java.lang.invoke.VarHandleInts$FieldInstanceReadWrite::compareAndSet@-1 (line 177)
                      ; - java.lang.invoke.VarHandleGuards::guard_LII_Z@50 (line 137)
                      ; - java.util.concurrent.FutureTask::set@6 (line 282)
                      ; - java.util.concurrent.FutureTask::run@68 (line 325)
  0x0000021b56e2cd90: ab06 e97a 

  0x0000021b56e2cd94: ;   {metadata({method} {0x0000021b00465068} 'cast' '(Ljava/lang/Object;)Ljava/lang/Object;' in 'java/lang/Class')}
  0x0000021b56e2cd94: e5ff ff49 | ba60 5046 | 001b 0200 | 004c 8954 | 2408 48c7 | 0424 ffff 

  0x0000021b56e2cdac: ;   {runtime_call counter_overflow Runtime1 stub}
  0x0000021b56e2cdac: ffff e84d 

  0x0000021b56e2cdb0: ; ImmutableOopMap {rdx=Oop rax=Oop [232]=Oop }
                      ;*synchronization entry
                      ; - java.lang.Class::cast@-1 (line 4066)
                      ; - java.lang.invoke.VarHandleInts$FieldInstanceReadWrite::compareAndSet@15 (line 178)
                      ; - java.lang.invoke.VarHandleGuards::guard_LII_Z@50 (line 137)
                      ; - java.util.concurrent.FutureTask::set@6 (line 282)
                      ; - java.util.concurrent.FutureTask::run@68 (line 325)
  0x0000021b56e2cdb0: 98ab 06e9 | a1e5 ffff 

  0x0000021b56e2cdb8: ;   {metadata({method} {0x0000021b00056488} 'requireNonNull' '(Ljava/lang/Object;)Ljava/lang/Object;' in 'java/util/Objects')}
  0x0000021b56e2cdb8: 49ba 8064 | 0500 1b02 | 0000 4c89 | 5424 0848 | c704 24ff 

  0x0000021b56e2cdcc: ;   {runtime_call counter_overflow Runtime1 stub}
  0x0000021b56e2cdcc: ffff ffe8 

  0x0000021b56e2cdd0: ; ImmutableOopMap {rdx=Oop rax=Oop [232]=Oop }
                      ;*synchronization entry
                      ; - java.util.Objects::requireNonNull@-1 (line 232)
                      ; - java.lang.invoke.VarHandleInts$FieldInstanceReadWrite::compareAndSet@18 (line 178)
                      ; - java.lang.invoke.VarHandleGuards::guard_LII_Z@50 (line 137)
                      ; - java.util.concurrent.FutureTask::set@6 (line 282)
                      ; - java.util.concurrent.FutureTask::run@68 (line 325)
  0x0000021b56e2cdd0: 2c98 ab06 | e958 e6ff | ff44 8b42 | 1449 c1e0 | 0349 83f8 | 000f 84c8 | e6ff ff4c 

  0x0000021b56e2cdec: ;   {runtime_call g1_pre_barrier_slow}
  0x0000021b56e2cdec: 8904 24e8 | 0c9e ab06 | e9ba e6ff | ff48 83fb | 000f 84cf | e6ff ff48 

  0x0000021b56e2ce04: ;   {runtime_call g1_post_barrier_slow}
  0x0000021b56e2ce04: 8914 24e8 | f4a0 ab06 | e9c1 e6ff 

  0x0000021b56e2ce10: ;   {metadata({method} {0x0000021b00156248} 'guard_LI_V' '(Ljava/lang/invoke/VarHandle;Ljava/lang/Object;ILjava/lang/invoke/VarHandle$AccessDescriptor;)V' in 'java/lang/invoke/VarHandleGuards')}
  0x0000021b56e2ce10: ff49 ba40 | 6215 001b | 0200 004c | 8954 2408 | 48c7 0424 | ffff ffff 

  0x0000021b56e2ce28: ;   {runtime_call counter_overflow Runtime1 stub}
  0x0000021b56e2ce28: e8d3 97ab 

  0x0000021b56e2ce2c: ; ImmutableOopMap {rdx=Oop r9=Oop [232]=Oop }
                      ;*synchronization entry
                      ; - java.lang.invoke.VarHandleGuards::guard_LI_V@-1 (line 120)
                      ; - java.util.concurrent.FutureTask::set@22 (line 284)
                      ; - java.util.concurrent.FutureTask::run@68 (line 325)
  0x0000021b56e2ce2c: 06e9 b9e7 

  0x0000021b56e2ce30: ;   {metadata({method} {0x0000021b000936b8} 'checkAccessModeThenIsDirect' '(Ljava/lang/invoke/VarHandle$AccessDescriptor;)Z' in 'java/lang/invoke/VarHandle')}
  0x0000021b56e2ce30: ffff 49ba | b036 0900 | 1b02 0000 | 4c89 5424 | 0848 c704 | 24ff ffff 

  0x0000021b56e2ce48: ;   {runtime_call counter_overflow Runtime1 stub}
  0x0000021b56e2ce48: ffe8 b297 

  0x0000021b56e2ce4c: ; ImmutableOopMap {rdx=Oop [232]=Oop }
                      ;*synchronization entry
                      ; - java.lang.invoke.VarHandle::checkAccessModeThenIsDirect@-1 (line 2075)
                      ; - java.lang.invoke.VarHandleGuards::guard_LI_V@2 (line 120)
                      ; - java.util.concurrent.FutureTask::set@22 (line 284)
                      ; - java.util.concurrent.FutureTask::run@68 (line 325)
  0x0000021b56e2ce4c: ab06 e982 

  0x0000021b56e2ce50: ;   {metadata({method} {0x0000021b001542f0} 'getMemberName' '(I)Ljava/lang/invoke/MemberName;' in 'java/lang/invoke/VarForm')}
  0x0000021b56e2ce50: e8ff ff49 | bae8 4215 | 001b 0200 | 004c 8954 | 2408 48c7 | 0424 ffff 

  0x0000021b56e2ce68: ;   {runtime_call counter_overflow Runtime1 stub}
  0x0000021b56e2ce68: ffff e891 

  0x0000021b56e2ce6c: ; ImmutableOopMap {rdx=Oop [232]=Oop }
                      ;*synchronization entry
                      ; - java.lang.invoke.VarForm::getMemberName@-1 (line 114)
                      ; - java.lang.invoke.VarHandleGuards::guard_LI_V@42 (line 122)
                      ; - java.util.concurrent.FutureTask::set@22 (line 284)
                      ; - java.util.concurrent.FutureTask::run@68 (line 325)
  0x0000021b56e2ce6c: 97ab 06e9 | dce8 ffff 

  0x0000021b56e2ce74: ;   {metadata({method} {0x0000021b732d2da8} 'setRelease' '(Ljava/lang/invoke/VarHandle;Ljava/lang/Object;I)V' in 'java/lang/invoke/VarHandleInts$FieldInstanceReadWrite')}
  0x0000021b56e2ce74: 49ba a02d | 2d73 1b02 | 0000 4c89 | 5424 0848 | c704 24ff 

  0x0000021b56e2ce88: ;   {runtime_call counter_overflow Runtime1 stub}
  0x0000021b56e2ce88: ffff ffe8 

  0x0000021b56e2ce8c: ; ImmutableOopMap {rdx=Oop [232]=Oop }
                      ;*synchronization entry
                      ; - java.lang.invoke.VarHandleInts$FieldInstanceReadWrite::setRelease@-1 (line 169)
                      ; - java.lang.invoke.VarHandleGuards::guard_LI_V@45 (line 122)
                      ; - java.util.concurrent.FutureTask::set@22 (line 284)
                      ; - java.util.concurrent.FutureTask::run@68 (line 325)
  0x0000021b56e2ce8c: 7097 ab06 | e9ee e9ff 

  0x0000021b56e2ce94: ;   {metadata({method} {0x0000021b00465068} 'cast' '(Ljava/lang/Object;)Ljava/lang/Object;' in 'java/lang/Class')}
  0x0000021b56e2ce94: ff49 ba60 | 5046 001b | 0200 004c | 8954 2408 | 48c7 0424 | ffff ffff 

  0x0000021b56e2ceac: ;   {runtime_call counter_overflow Runtime1 stub}
  0x0000021b56e2ceac: e84f 97ab 

  0x0000021b56e2ceb0: ; ImmutableOopMap {rdx=Oop [232]=Oop }
                      ;*synchronization entry
                      ; - java.lang.Class::cast@-1 (line 4066)
                      ; - java.lang.invoke.VarHandleInts$FieldInstanceReadWrite::setRelease@13 (line 170)
                      ; - java.lang.invoke.VarHandleGuards::guard_LI_V@45 (line 122)
                      ; - java.util.concurrent.FutureTask::set@22 (line 284)
                      ; - java.util.concurrent.FutureTask::run@68 (line 325)
  0x0000021b56e2ceb0: 06e9 15ea 

  0x0000021b56e2ceb4: ;   {metadata({method} {0x0000021b00056488} 'requireNonNull' '(Ljava/lang/Object;)Ljava/lang/Object;' in 'java/util/Objects')}
  0x0000021b56e2ceb4: ffff 49ba | 8064 0500 | 1b02 0000 | 4c89 5424 | 0848 c704 | 24ff ffff 

  0x0000021b56e2cecc: ;   {runtime_call counter_overflow Runtime1 stub}
  0x0000021b56e2cecc: ffe8 2e97 

  0x0000021b56e2ced0: ; ImmutableOopMap {rdx=Oop [232]=Oop }
                      ;*synchronization entry
                      ; - java.util.Objects::requireNonNull@-1 (line 232)
                      ; - java.lang.invoke.VarHandleInts$FieldInstanceReadWrite::setRelease@16 (line 170)
                      ; - java.lang.invoke.VarHandleGuards::guard_LI_V@45 (line 122)
                      ; - java.util.concurrent.FutureTask::set@22 (line 284)
                      ; - java.util.concurrent.FutureTask::run@68 (line 325)
  0x0000021b56e2ced0: ab06 e9cc | eaff ff8b | 7a18 48c1 | e703 4883 | ff00 0f84 | c3eb ffff | 4889 3c24 

  0x0000021b56e2ceec: ;   {runtime_call g1_pre_barrier_slow}
  0x0000021b56e2ceec: e80f 9dab | 06e9 b5eb | ffff 4883 | fe00 0f84 | d0eb ffff | 4889 1424 

  0x0000021b56e2cf04: ;   {runtime_call g1_post_barrier_slow}
  0x0000021b56e2cf04: e8f7 9fab | 06e9 c2eb 

  0x0000021b56e2cf0c: ;   {metadata({method} {0x0000021b747e8ca8} 'handlePossibleCancellationInterrupt' '(I)V' in 'java/util/concurrent/FutureTask')}
  0x0000021b56e2cf0c: ffff 49ba | a08c 7e74 | 1b02 0000 | 4c89 5424 | 0848 c704 | 24ff ffff 

  0x0000021b56e2cf24: ;   {runtime_call counter_overflow Runtime1 stub}
  0x0000021b56e2cf24: ffe8 d696 

  0x0000021b56e2cf28: ; ImmutableOopMap {rdx=Oop [232]=Oop }
                      ;*synchronization entry
                      ; - java.util.concurrent.FutureTask::handlePossibleCancellationInterrupt@-1 (line 384)
                      ; - java.util.concurrent.FutureTask::run@88 (line 335)
  0x0000021b56e2cf28: ab06 e90f 

  0x0000021b56e2cf2c: ;   {metadata({method} {0x0000021b00429fc8} 'yield' '()V' in 'java/lang/Thread')}
  0x0000021b56e2cf2c: ecff ff49 | bac0 9f42 | 001b 0200 | 004c 8954 | 2408 48c7 | 0424 ffff 

  0x0000021b56e2cf44: ;   {runtime_call counter_overflow Runtime1 stub}
  0x0000021b56e2cf44: ffff e8b5 

  0x0000021b56e2cf48: ; ImmutableOopMap {rdx=Oop [232]=Oop }
                      ;*synchronization entry
                      ; - java.lang.Thread::yield@-1 (line 442)
                      ; - java.util.concurrent.FutureTask::handlePossibleCancellationInterrupt@13 (line 386)
                      ; - java.util.concurrent.FutureTask::run@88 (line 335)
  0x0000021b56e2cf48: 96ab 06e9 | 8bec ffff | 4889 3424 

  0x0000021b56e2cf54: ;   {runtime_call throw_class_cast_exception Runtime1 stub}
  0x0000021b56e2cf54: e827 60ab 

  0x0000021b56e2cf58: ; ImmutableOopMap {[232]=Oop }
                      ;*checkcast {reexecute=0 rethrow=0 return_oop=0}
                      ; - java.lang.Thread::yield@12 (line 442)
                      ; - java.util.concurrent.FutureTask::handlePossibleCancellationInterrupt@13 (line 386)
                      ; - java.util.concurrent.FutureTask::run@88 (line 335)
                      ;   {runtime_call throw_null_pointer_exception Runtime1 stub}
  0x0000021b56e2cf58: 06e8 223c 

  0x0000021b56e2cf5c: ; ImmutableOopMap {rsi=Oop [232]=Oop }
                      ;*invokevirtual tryYield {reexecute=0 rethrow=0 return_oop=0}
                      ; - java.lang.Thread::yield@17 (line 443)
                      ; - java.util.concurrent.FutureTask::handlePossibleCancellationInterrupt@13 (line 386)
                      ; - java.util.concurrent.FutureTask::run@88 (line 335)
                      ;   {metadata({method} {0x0000021b747e8ca8} 'handlePossibleCancellationInterrupt' '(I)V' in 'java/util/concurrent/FutureTask')}
  0x0000021b56e2cf5c: ab06 49ba | a08c 7e74 | 1b02 0000 | 4c89 5424 | 0848 c704 | 2410 0000 

  0x0000021b56e2cf74: ;   {runtime_call counter_overflow Runtime1 stub}
  0x0000021b56e2cf74: 00e8 8696 

  0x0000021b56e2cf78: ; ImmutableOopMap {[232]=Oop }
                      ;*goto {reexecute=1 rethrow=0 return_oop=0}
                      ; - (reexecute) java.util.concurrent.FutureTask::handlePossibleCancellationInterrupt@16 (line 386)
                      ; - java.util.concurrent.FutureTask::run@88 (line 335)
  0x0000021b56e2cf78: ab06 e98c 

  0x0000021b56e2cf7c: ;   {internal_word}
  0x0000021b56e2cf7c: efff ff49 | ba4a bfe2 | 561b 0200 | 004d 8997 | 6004 0000 

  0x0000021b56e2cf90: ;   {runtime_call SafepointBlob}
  0x0000021b56e2cf90: e96b 879f 

  0x0000021b56e2cf94: ;   {internal_word}
  0x0000021b56e2cf94: 0649 ba60 | bfe2 561b | 0200 004d | 8997 6004 

  0x0000021b56e2cfa4: ;   {runtime_call SafepointBlob}
  0x0000021b56e2cfa4: 0000 e955 | 879f 0648 

  0x0000021b56e2cfac: ;   {runtime_call fast_new_instance Runtime1 stub}
  0x0000021b56e2cfac: 8bd2 e8cd 

  0x0000021b56e2cfb0: ; ImmutableOopMap {[232]=Oop }
                      ;*new {reexecute=0 rethrow=0 return_oop=0}
                      ; - java.lang.Class::cast@12 (line 4067)
                      ; - java.lang.invoke.VarHandleInts$FieldInstanceReadWrite::setRelease@13 (line 170)
                      ; - java.lang.invoke.VarHandleGuards::guard_LI_V@45 (line 122)
                      ; - java.util.concurrent.FutureTask::set@22 (line 284)
                      ; - java.util.concurrent.FutureTask::run@68 (line 325)
  0x0000021b56e2cfb0: 44ab 06e9 | 0ef0 ffff 

  0x0000021b56e2cfb8: ;   {runtime_call fast_new_instance Runtime1 stub}
  0x0000021b56e2cfb8: 488b d2e8 

  0x0000021b56e2cfbc: ; ImmutableOopMap {[232]=Oop [256]=Oop }
                      ;*new {reexecute=0 rethrow=0 return_oop=0}
                      ; - java.lang.Class::cast@12 (line 4067)
                      ; - java.lang.invoke.VarHandleInts$FieldInstanceReadWrite::compareAndSet@15 (line 178)
                      ; - java.lang.invoke.VarHandleGuards::guard_LII_Z@50 (line 137)
                      ; - java.util.concurrent.FutureTask::set@6 (line 282)
                      ; - java.util.concurrent.FutureTask::run@68 (line 325)
  0x0000021b56e2cfbc: c044 ab06 | e9ef f0ff | ff48 8bd2 

  0x0000021b56e2cfc8: ;   {runtime_call fast_new_instance Runtime1 stub}
  0x0000021b56e2cfc8: e8b3 44ab 

  0x0000021b56e2cfcc: ; ImmutableOopMap {[232]=Oop }
                      ;*new {reexecute=0 rethrow=0 return_oop=0}
                      ; - java.lang.Class::cast@12 (line 4067)
                      ; - java.lang.invoke.VarHandleInts$FieldInstanceReadWrite::setRelease@13 (line 170)
                      ; - java.lang.invoke.VarHandleGuards::guard_LI_V@45 (line 122)
                      ; - java.util.concurrent.FutureTask::setException@22 (line 302)
                      ; - java.util.concurrent.FutureTask::run@59 (line 322)
  0x0000021b56e2cfcc: 06e9 caf1 | ffff 488b 

  0x0000021b56e2cfd4: ;   {runtime_call fast_new_instance Runtime1 stub}
  0x0000021b56e2cfd4: d2e8 a644 

  0x0000021b56e2cfd8: ; ImmutableOopMap {[232]=Oop [280]=Oop }
                      ;*new {reexecute=0 rethrow=0 return_oop=0}
                      ; - java.lang.Class::cast@12 (line 4067)
                      ; - java.lang.invoke.VarHandleInts$FieldInstanceReadWrite::compareAndSet@15 (line 178)
                      ; - java.lang.invoke.VarHandleGuards::guard_LII_Z@50 (line 137)
                      ; - java.util.concurrent.FutureTask::setException@6 (line 300)
                      ; - java.util.concurrent.FutureTask::run@59 (line 322)
  0x0000021b56e2cfd8: ab06 e9ad | f2ff ff8b | 7a18 48c1 | e703 4883 | ff00 0f84 | 6ef3 ffff | 4889 3c24 

  0x0000021b56e2cff4: ;   {runtime_call g1_pre_barrier_slow}
  0x0000021b56e2cff4: e807 9cab | 06e9 60f3 | ffff 4883 | fe00 0f84 | 7bf3 ffff | 4889 1424 

  0x0000021b56e2d00c: ;   {runtime_call g1_post_barrier_slow}
  0x0000021b56e2d00c: e8ef 9eab | 06e9 6df3 

  0x0000021b56e2d014: ;   {metadata({method} {0x0000021b747e8ca8} 'handlePossibleCancellationInterrupt' '(I)V' in 'java/util/concurrent/FutureTask')}
  0x0000021b56e2d014: ffff 49ba | a08c 7e74 | 1b02 0000 | 4c89 5424 | 0848 c704 | 24ff ffff 

  0x0000021b56e2d02c: ;   {runtime_call counter_overflow Runtime1 stub}
  0x0000021b56e2d02c: ffe8 ce95 

  0x0000021b56e2d030: ; ImmutableOopMap {rax=Oop rdx=Oop [232]=Oop [288]=Oop }
                      ;*synchronization entry
                      ; - java.util.concurrent.FutureTask::handlePossibleCancellationInterrupt@-1 (line 384)
                      ; - java.util.concurrent.FutureTask::run@116 (line 335)
  0x0000021b56e2d030: ab06 e9ba 

  0x0000021b56e2d034: ;   {metadata({method} {0x0000021b00429fc8} 'yield' '()V' in 'java/lang/Thread')}
  0x0000021b56e2d034: f3ff ff49 | bac0 9f42 | 001b 0200 | 004c 8954 | 2408 48c7 | 0424 ffff 

  0x0000021b56e2d04c: ;   {runtime_call counter_overflow Runtime1 stub}
  0x0000021b56e2d04c: ffff e8ad 

  0x0000021b56e2d050: ; ImmutableOopMap {rdx=Oop [232]=Oop [288]=Oop }
                      ;*synchronization entry
                      ; - java.lang.Thread::yield@-1 (line 442)
                      ; - java.util.concurrent.FutureTask::handlePossibleCancellationInterrupt@13 (line 386)
                      ; - java.util.concurrent.FutureTask::run@116 (line 335)
  0x0000021b56e2d050: 95ab 06e9 | 33f4 ffff | 4889 3424 

  0x0000021b56e2d05c: ;   {runtime_call throw_class_cast_exception Runtime1 stub}
  0x0000021b56e2d05c: e81f 5fab 

  0x0000021b56e2d060: ; ImmutableOopMap {[232]=Oop [288]=Oop }
                      ;*checkcast {reexecute=0 rethrow=0 return_oop=0}
                      ; - java.lang.Thread::yield@12 (line 442)
                      ; - java.util.concurrent.FutureTask::handlePossibleCancellationInterrupt@13 (line 386)
                      ; - java.util.concurrent.FutureTask::run@116 (line 335)
                      ;   {runtime_call throw_null_pointer_exception Runtime1 stub}
  0x0000021b56e2d060: 06e8 1a3b 

  0x0000021b56e2d064: ; ImmutableOopMap {rsi=Oop [232]=Oop [288]=Oop }
                      ;*invokevirtual tryYield {reexecute=0 rethrow=0 return_oop=0}
                      ; - java.lang.Thread::yield@17 (line 443)
                      ; - java.util.concurrent.FutureTask::handlePossibleCancellationInterrupt@13 (line 386)
                      ; - java.util.concurrent.FutureTask::run@116 (line 335)
                      ;   {metadata({method} {0x0000021b747e8ca8} 'handlePossibleCancellationInterrupt' '(I)V' in 'java/util/concurrent/FutureTask')}
  0x0000021b56e2d064: ab06 49ba | a08c 7e74 | 1b02 0000 | 4c89 5424 | 0848 c704 | 2410 0000 

  0x0000021b56e2d07c: ;   {runtime_call counter_overflow Runtime1 stub}
  0x0000021b56e2d07c: 00e8 7e95 

  0x0000021b56e2d080: ; ImmutableOopMap {[232]=Oop [288]=Oop }
                      ;*goto {reexecute=1 rethrow=0 return_oop=0}
                      ; - (reexecute) java.util.concurrent.FutureTask::handlePossibleCancellationInterrupt@16 (line 386)
                      ; - java.util.concurrent.FutureTask::run@116 (line 335)
  0x0000021b56e2d080: ab06 e934 | f7ff ff48 

  0x0000021b56e2d088: ;   {runtime_call fast_new_instance Runtime1 stub}
  0x0000021b56e2d088: 8bd2 e8f1 

  0x0000021b56e2d08c: ; ImmutableOopMap {rbx=Oop [232]=Oop }
                      ;*new {reexecute=0 rethrow=0 return_oop=0}
                      ; - java.lang.Class::cast@12 (line 4067)
                      ; - java.lang.invoke.VarHandleReferences$FieldInstanceReadWrite::compareAndSet@41 (line 183)
                      ; - java.lang.invoke.VarHandleGuards::guard_LLL_Z@50 (line 68)
                      ; - java.util.concurrent.FutureTask::run@15 (line 309)
  0x0000021b56e2d08c: 43ab 06e9 | b3f7 ffff 

  0x0000021b56e2d094: ;   {runtime_call fast_new_instance Runtime1 stub}
  0x0000021b56e2d094: 488b d2e8 

  0x0000021b56e2d098: ; ImmutableOopMap {r9=Oop [232]=Oop [312]=Oop }
                      ;*new {reexecute=0 rethrow=0 return_oop=0}
                      ; - java.lang.Class::cast@12 (line 4067)
                      ; - java.lang.invoke.VarHandleReferences$FieldInstanceReadWrite::compareAndSet@15 (line 180)
                      ; - java.lang.invoke.VarHandleGuards::guard_LLL_Z@50 (line 68)
                      ; - java.util.concurrent.FutureTask::run@15 (line 309)
  0x0000021b56e2d098: e443 ab06 | e98b f8ff | ff49 8b87 | f804 0000 | 49c7 87f8 | 0400 0000 | 0000 0049 | c787 0005 
  0x0000021b56e2d0b8: 0000 0000 | 0000 4881 | c450 0100 

  0x0000021b56e2d0c4: ;   {runtime_call unwind_exception Runtime1 stub}
  0x0000021b56e2d0c4: 005d e9b5 | 2bab 06f4 | f4f4 f4f4 
[Stub Code]
  0x0000021b56e2d0d0: ;   {no_reloc}
  0x0000021b56e2d0d0: 0f1f 4400 

  0x0000021b56e2d0d4: ;   {static_stub}
  0x0000021b56e2d0d4: 0048 bb00 | 0000 0000 

  0x0000021b56e2d0dc: ;   {runtime_call nmethod}
  0x0000021b56e2d0dc: 0000 00e9 | fbff ffff 

  0x0000021b56e2d0e4: ;   {static_stub}
  0x0000021b56e2d0e4: 9048 bb00 | 0000 0000 

  0x0000021b56e2d0ec: ;   {runtime_call nmethod}
  0x0000021b56e2d0ec: 0000 00e9 | fbff ffff 

  0x0000021b56e2d0f4: ;   {static_stub}
  0x0000021b56e2d0f4: 9048 bb00 | 0000 0000 

  0x0000021b56e2d0fc: ;   {runtime_call nmethod}
  0x0000021b56e2d0fc: 0000 00e9 | fbff ffff 

  0x0000021b56e2d104: ;   {static_stub}
  0x0000021b56e2d104: 48bb 0000 | 0000 0000 

  0x0000021b56e2d10c: ;   {runtime_call nmethod}
  0x0000021b56e2d10c: 0000 e9fb 

  0x0000021b56e2d110: ;   {static_stub}
  0x0000021b56e2d110: ffff ff48 | bb00 0000 | 0000 0000 

  0x0000021b56e2d11c: ;   {runtime_call nmethod}
  0x0000021b56e2d11c: 00e9 fbff 

  0x0000021b56e2d120: ;   {static_stub}
  0x0000021b56e2d120: ffff 48bb | 78ce 4300 | 1b02 0000 

  0x0000021b56e2d12c: ;   {runtime_call I2C/C2I adapters}
  0x0000021b56e2d12c: e93d c19e 

  0x0000021b56e2d130: ;   {static_stub}
  0x0000021b56e2d130: 0648 bbd0 | 8d7e 741b 

  0x0000021b56e2d138: ;   {runtime_call I2C/C2I adapters}
  0x0000021b56e2d138: 0200 00e9 | 2363 9f06 

  0x0000021b56e2d140: ;   {static_stub}
  0x0000021b56e2d140: 48bb 0000 | 0000 0000 

  0x0000021b56e2d148: ;   {runtime_call nmethod}
  0x0000021b56e2d148: 0000 e9fb 

  0x0000021b56e2d14c: ;   {runtime_call handle_exception_from_callee Runtime1 stub}
  0x0000021b56e2d14c: ffff ffe8 | 2c58 ab06 

  0x0000021b56e2d154: ;   {external_word}
  0x0000021b56e2d154: 48b9 506f | cbe4 fc7f | 0000 4883 

  0x0000021b56e2d160: ;   {runtime_call}
  0x0000021b56e2d160: e4f0 48b8 | d040 8ee4 | fc7f 0000 

  0x0000021b56e2d16c: ;   {section_word}
  0x0000021b56e2d16c: ffd0 f449 | ba6f d1e2 | 561b 0200 

  0x0000021b56e2d178: ;   {runtime_call DeoptimizationBlob}
  0x0000021b56e2d178: 0041 52e9 | 2078 9f06 
[/MachCode]


---------------  P R O C E S S  ---------------

Threads class SMR info:
_java_thread_list=0x0000021b773ecf50, length=29, elements={
0x0000021b4b8e1b00, 0x0000021b725645d0, 0x0000021b71f0d0f0, 0x0000021b72568300,
0x0000021b72568be0, 0x0000021b72569630, 0x0000021b7256d580, 0x0000021b7256e300,
0x0000021b7257adc0, 0x0000021b726c6b20, 0x0000021b726c7340, 0x0000021b7850c530,
0x0000021b79944f10, 0x0000021b7a54f840, 0x0000021b79ee4610, 0x0000021b790ac3e0,
0x0000021b790abd50, 0x0000021b790aeb40, 0x0000021b790aca70, 0x0000021b790ad790,
0x0000021b790ae4b0, 0x0000021b78eb97e0, 0x0000021b78eb4920, 0x0000021b78eb4290,
0x0000021b78eb6360, 0x0000021b78eb8ac0, 0x0000021b78eb69f0, 0x0000021b78eb9150,
0x0000021b78eb7080
}

Java Threads: ( => current thread )
  0x0000021b4b8e1b00 JavaThread "main"                              [_thread_blocked, id=21796, stack(0x0000009110000000,0x0000009110100000) (1024K)]
  0x0000021b725645d0 JavaThread "Reference Handler"          daemon [_thread_blocked, id=920, stack(0x0000009110800000,0x0000009110900000) (1024K)]
  0x0000021b71f0d0f0 JavaThread "Finalizer"                  daemon [_thread_blocked, id=20004, stack(0x0000009110900000,0x0000009110a00000) (1024K)]
  0x0000021b72568300 JavaThread "Signal Dispatcher"          daemon [_thread_blocked, id=26132, stack(0x0000009110a00000,0x0000009110b00000) (1024K)]
  0x0000021b72568be0 JavaThread "Attach Listener"            daemon [_thread_blocked, id=19444, stack(0x0000009110b00000,0x0000009110c00000) (1024K)]
  0x0000021b72569630 JavaThread "Service Thread"             daemon [_thread_blocked, id=7428, stack(0x0000009110c00000,0x0000009110d00000) (1024K)]
  0x0000021b7256d580 JavaThread "Monitor Deflation Thread"   daemon [_thread_blocked, id=25948, stack(0x0000009110d00000,0x0000009110e00000) (1024K)]
  0x0000021b7256e300 JavaThread "C2 CompilerThread0"         daemon [_thread_blocked, id=22812, stack(0x0000009110e00000,0x0000009110f00000) (1024K)]
  0x0000021b7257adc0 JavaThread "C1 CompilerThread0"         daemon [_thread_blocked, id=18672, stack(0x0000009110f00000,0x0000009111000000) (1024K)]
  0x0000021b726c6b20 JavaThread "Notification Thread"        daemon [_thread_blocked, id=24208, stack(0x0000009111000000,0x0000009111100000) (1024K)]
  0x0000021b726c7340 JavaThread "Common-Cleaner"             daemon [_thread_blocked, id=23972, stack(0x0000009111100000,0x0000009111200000) (1024K)]
  0x0000021b7850c530 JavaThread "Thread-1"                   daemon [_thread_blocked, id=26520, stack(0x0000009111300000,0x0000009111400000) (1024K)]
  0x0000021b79944f10 JavaThread "ForkJoinPool.commonPool-worker-1" daemon [_thread_blocked, id=15536, stack(0x0000009111e00000,0x0000009111f00000) (1024K)]
  0x0000021b7a54f840 JavaThread "ForkJoinPool.commonPool-worker-2" daemon [_thread_blocked, id=2684, stack(0x0000009111f00000,0x0000009112000000) (1024K)]
  0x0000021b79ee4610 JavaThread "Java2D Disposer"            daemon [_thread_blocked, id=22044, stack(0x0000009112100000,0x0000009112200000) (1024K)]
  0x0000021b790ac3e0 JavaThread "AWT-Shutdown"                      [_thread_blocked, id=3696, stack(0x0000009112200000,0x0000009112300000) (1024K)]
  0x0000021b790abd50 JavaThread "AWT-Windows"                daemon [_thread_in_native, id=1400, stack(0x0000009112300000,0x0000009112400000) (1024K)]
  0x0000021b790aeb40 JavaThread "AWT-EventQueue-0"                  [_thread_blocked, id=12124, stack(0x0000009112400000,0x0000009112500000) (1024K)]
  0x0000021b790aca70 JavaThread "D3D Screen Updater"         daemon [_thread_blocked, id=16256, stack(0x0000009112800000,0x0000009112900000) (1024K)]
  0x0000021b790ad790 JavaThread "TimerQueue"                 daemon [_thread_blocked, id=6120, stack(0x0000009111d00000,0x0000009111e00000) (1024K)]
  0x0000021b790ae4b0 JavaThread "Swing-Shell"                daemon [_thread_blocked, id=3732, stack(0x0000009112910000,0x0000009112a10000) (1024K)]
  0x0000021b78eb97e0 JavaThread "SwingWorker-pool-2-thread-1" daemon [_thread_blocked, id=2220, stack(0x0000009112e20000,0x0000009112f20000) (1024K)]
  0x0000021b78eb4920 JavaThread "JavaCPP Deallocator"        daemon [_thread_blocked, id=20012, stack(0x0000009113020000,0x0000009113120000) (1024K)]
  0x0000021b78eb4290 JavaThread "SwingWorker-pool-2-thread-2" daemon [_thread_blocked, id=9832, stack(0x0000009111200000,0x0000009111300000) (1024K)]
  0x0000021b78eb6360 JavaThread "SwingWorker-pool-2-thread-3" daemon [_thread_blocked, id=16824, stack(0x0000009115620000,0x0000009115720000) (1024K)]
  0x0000021b78eb8ac0 JavaThread "SwingWorker-pool-2-thread-4" daemon [_thread_blocked, id=22104, stack(0x0000009112600000,0x0000009112700000) (1024K)]
  0x0000021b78eb69f0 JavaThread "SwingWorker-pool-2-thread-5" daemon [_thread_blocked, id=25504, stack(0x0000009112d10000,0x0000009112e10000) (1024K)]
=>0x0000021b78eb9150 JavaThread "SwingWorker-pool-2-thread-6" daemon [_thread_in_native, id=10468, stack(0x0000009115820000,0x0000009115920000) (1024K)]
  0x0000021b78eb7080 JavaThread "SwingWorker-pool-2-thread-7" daemon [_thread_in_native, id=23584, stack(0x0000009115920000,0x0000009115a20000) (1024K)]
Total: 29

Other Threads:
  0x0000021b71ef5550 VMThread "VM Thread"                           [id=6080, stack(0x0000009110700000,0x0000009110800000) (1024K)]
  0x0000021b71ee1ff0 WatcherThread "VM Periodic Task Thread"        [id=21220, stack(0x0000009110600000,0x0000009110700000) (1024K)]
  0x0000021b4dc57d40 WorkerThread "GC Thread#0"                     [id=16820, stack(0x0000009110100000,0x0000009110200000) (1024K)]
  0x0000021b7778e7d0 WorkerThread "GC Thread#1"                     [id=22436, stack(0x0000009111400000,0x0000009111500000) (1024K)]
  0x0000021b7763b0d0 WorkerThread "GC Thread#2"                     [id=24436, stack(0x0000009111500000,0x0000009111600000) (1024K)]
  0x0000021b7763b470 WorkerThread "GC Thread#3"                     [id=16072, stack(0x0000009111600000,0x0000009111700000) (1024K)]
  0x0000021b7763b810 WorkerThread "GC Thread#4"                     [id=12940, stack(0x0000009111700000,0x0000009111800000) (1024K)]
  0x0000021b77b7d3d0 WorkerThread "GC Thread#5"                     [id=19052, stack(0x0000009111800000,0x0000009111900000) (1024K)]
  0x0000021b77b7db80 WorkerThread "GC Thread#6"                     [id=11832, stack(0x0000009111900000,0x0000009111a00000) (1024K)]
  0x0000021b7763be30 WorkerThread "GC Thread#7"                     [id=22760, stack(0x0000009111a00000,0x0000009111b00000) (1024K)]
  0x0000021b7763c5e0 WorkerThread "GC Thread#8"                     [id=25140, stack(0x0000009111b00000,0x0000009111c00000) (1024K)]
  0x0000021b7763c980 WorkerThread "GC Thread#9"                     [id=19752, stack(0x0000009111c00000,0x0000009111d00000) (1024K)]
  0x0000021b4dc68e60 ConcurrentGCThread "G1 Main Marker"            [id=26344, stack(0x0000009110200000,0x0000009110300000) (1024K)]
  0x0000021b4dc6a100 WorkerThread "G1 Conc#0"                       [id=13164, stack(0x0000009110300000,0x0000009110400000) (1024K)]
  0x0000021b796821c0 WorkerThread "G1 Conc#1"                       [id=13308, stack(0x0000009112000000,0x0000009112100000) (1024K)]
  0x0000021b79681a80 WorkerThread "G1 Conc#2"                       [id=8860, stack(0x0000009112500000,0x0000009112600000) (1024K)]
  0x0000021b71da12b0 ConcurrentGCThread "G1 Refine#0"               [id=1076, stack(0x0000009110400000,0x0000009110500000) (1024K)]
  0x0000021b71da1e20 ConcurrentGCThread "G1 Service"                [id=15144, stack(0x0000009110500000,0x0000009110600000) (1024K)]
Total: 18

Threads with active compile tasks:
Total: 0

VM state: not at safepoint (normal execution)

VM Mutex/Monitor currently owned by a thread: None

Heap address: 0x0000000600c00000, size: 8180 MB, Compressed Oops mode: Zero based, Oop shift amount: 3

CDS archive(s) mapped at: [0x0000021b00000000-0x0000021b00c80000-0x0000021b00c80000), size 13107200, SharedBaseAddress: 0x0000021b00000000, ArchiveRelocationMode: 1.
Compressed class space mapped at: 0x0000021b01000000-0x0000021b41000000, reserved size: 1073741824
Narrow klass base: 0x0000021b00000000, Narrow klass shift: 0, Narrow klass range: 0x100000000

GC Precious Log:
 CardTable entry size: 512
 Card Set container configuration: InlinePtr #cards 4 size 8 Array Of Cards #cards 32 size 80 Howl #buckets 8 coarsen threshold 7372 Howl Bitmap #cards 1024 size 144 coarsen threshold 921 Card regions per heap region 1 cards per card region 8192
 CPUs: 12 total, 12 available
 Memory: 32719M
 Large Page Support: Disabled
 NUMA Support: Disabled
 Compressed Oops: Enabled (Zero based)
 Heap Region Size: 4M
 Heap Min Capacity: 8M
 Heap Initial Capacity: 512M
 Heap Max Capacity: 8180M
 Pre-touch: Disabled
 Parallel Workers: 10
 Concurrent Workers: 3
 Concurrent Refinement Workers: 10
 Periodic GC: Disabled

Heap:
 garbage-first heap   total 69632K, used 23875K [0x0000000600c00000, 0x0000000800000000)
  region size 4096K, 1 young (4096K), 0 survivors (0K)
 Metaspace       used 38838K, committed 39232K, reserved 1114112K
  class space    used 3933K, committed 4096K, reserved 1048576K

Heap Regions: E=young(eden), S=young(survivor), O=old, HS=humongous(starts), HC=humongous(continues), CS=collection set, F=free, TAMS=top-at-mark-start, PB=parsable bottom
|   0|0x0000000600c00000, 0x0000000600fffb00, 0x0000000601000000| 99%| O|  |TAMS 0x0000000600c00000| PB 0x0000000600c00000| Untracked 
|   1|0x0000000601000000, 0x0000000601400000, 0x0000000601400000|100%| O|  |TAMS 0x0000000601000000| PB 0x0000000601000000| Untracked 
|   2|0x0000000601400000, 0x0000000601800000, 0x0000000601800000|100%| O|  |TAMS 0x0000000601400000| PB 0x0000000601400000| Untracked 
|   3|0x0000000601800000, 0x0000000601c00000, 0x0000000601c00000|100%| O|  |TAMS 0x0000000601800000| PB 0x0000000601800000| Untracked 
|   4|0x0000000601c00000, 0x0000000601ffffe0, 0x0000000602000000| 99%| O|  |TAMS 0x0000000601c00000| PB 0x0000000601c00000| Untracked 
|   5|0x0000000602000000, 0x00000006023512c0, 0x0000000602400000| 82%| O|  |TAMS 0x0000000602000000| PB 0x0000000602000000| Untracked 
|   6|0x0000000602400000, 0x0000000602400000, 0x0000000602800000|  0%| F|  |TAMS 0x0000000602400000| PB 0x0000000602400000| Untracked 
|   7|0x0000000602800000, 0x0000000602800000, 0x0000000602c00000|  0%| F|  |TAMS 0x0000000602800000| PB 0x0000000602800000| Untracked 
|   8|0x0000000602c00000, 0x0000000602c00000, 0x0000000603000000|  0%| F|  |TAMS 0x0000000602c00000| PB 0x0000000602c00000| Untracked 
|   9|0x0000000603000000, 0x0000000603000000, 0x0000000603400000|  0%| F|  |TAMS 0x0000000603000000| PB 0x0000000603000000| Untracked 
|  10|0x0000000603400000, 0x0000000603400000, 0x0000000603800000|  0%| F|  |TAMS 0x0000000603400000| PB 0x0000000603400000| Untracked 
|  11|0x0000000603800000, 0x0000000603800000, 0x0000000603c00000|  0%| F|  |TAMS 0x0000000603800000| PB 0x0000000603800000| Untracked 
|  12|0x0000000603c00000, 0x0000000603c00000, 0x0000000604000000|  0%| F|  |TAMS 0x0000000603c00000| PB 0x0000000603c00000| Untracked 
|  13|0x0000000604000000, 0x0000000604000000, 0x0000000604400000|  0%| F|  |TAMS 0x0000000604000000| PB 0x0000000604000000| Untracked 
|  14|0x0000000604400000, 0x0000000604400000, 0x0000000604800000|  0%| F|  |TAMS 0x0000000604400000| PB 0x0000000604400000| Untracked 
| 117|0x000000061e000000, 0x000000061e000000, 0x000000061e400000|  0%| F|  |TAMS 0x000000061e000000| PB 0x000000061e000000| Untracked 
| 127|0x0000000620800000, 0x000000062087a080, 0x0000000620c00000| 11%| E|  |TAMS 0x0000000620800000| PB 0x0000000620800000| Complete 

Card table byte_map: [0x0000021b667f0000,0x0000021b677f0000] _byte_map_base: 0x0000021b637ea000

Marking Bits: (CMBitMap*) 0x0000021b4dc58440
 Bits: [0x0000021b677f0000, 0x0000021b6f7c0000)

Polling page: 0x0000021b4bb80000

Metaspace:

Usage:
  Non-class:     34.09 MB used.
      Class:      3.84 MB used.
       Both:     37.93 MB used.

Virtual space:
  Non-class space:       64.00 MB reserved,      34.31 MB ( 54%) committed,  1 nodes.
      Class space:        1.00 GB reserved,       4.00 MB ( <1%) committed,  1 nodes.
             Both:        1.06 GB reserved,      38.31 MB (  4%) committed. 

Chunk freelists:
   Non-Class:  12.93 MB
       Class:  12.01 MB
        Both:  24.94 MB

MaxMetaspaceSize: unlimited
CompressedClassSpaceSize: 1.00 GB
Initial GC threshold: 21.00 MB
Current GC threshold: 63.88 MB
CDS: on
 - commit_granule_bytes: 65536.
 - commit_granule_words: 8192.
 - virtual_space_node_default_size: 8388608.
 - enlarge_chunks_in_place: 1.
 - use_allocation_guard: 0.


Internal statistics:

num_allocs_failed_limit: 6.
num_arena_births: 372.
num_arena_deaths: 0.
num_vsnodes_births: 2.
num_vsnodes_deaths: 0.
num_space_committed: 611.
num_space_uncommitted: 0.
num_chunks_returned_to_freelist: 6.
num_chunks_taken_from_freelist: 1316.
num_chunk_merges: 3.
num_chunk_splits: 954.
num_chunks_enlarged: 766.
num_inconsistent_stats: 0.

CodeHeap 'non-profiled nmethods': size=120000Kb used=3822Kb max_used=4149Kb free=116177Kb
 bounds [0x0000021b5dd70000, 0x0000021b5e180000, 0x0000021b652a0000]
CodeHeap 'profiled nmethods': size=120000Kb used=12389Kb max_used=14575Kb free=107610Kb
 bounds [0x0000021b562a0000, 0x0000021b570e0000, 0x0000021b5d7d0000]
CodeHeap 'non-nmethods': size=5760Kb used=2564Kb max_used=2603Kb free=3195Kb
 bounds [0x0000021b5d7d0000, 0x0000021b5da60000, 0x0000021b5dd70000]
 total_blobs=7587 nmethods=6210 adapters=1281
 compilation: enabled
              stopped_count=0, restarted_count=0
 full_count=0

Compilation events (20 events):
Event: 58.680 Thread 0x0000021b7256e300 nmethod 7580 0x0000021b5dff4f10 code [0x0000021b5dff50a0, 0x0000021b5dff5158]
Event: 59.097 Thread 0x0000021b7256e300 7581       4       javax.swing.SwingUtilities::getAncestorOfClass (37 bytes)
Event: 59.100 Thread 0x0000021b7256e300 nmethod 7581 0x0000021b5dff4b10 code [0x0000021b5dff4ca0, 0x0000021b5dff4de0]
Event: 59.333 Thread 0x0000021b7256e300 7582       4       java.util.EnumMap::get (29 bytes)
Event: 59.335 Thread 0x0000021b7256e300 nmethod 7582 0x0000021b5dff4610 code [0x0000021b5dff47c0, 0x0000021b5dff4950]
Event: 59.468 Thread 0x0000021b7257adc0 7583   !   3       java.awt.KeyboardFocusManager::retargetFocusEvent (244 bytes)
Event: 59.471 Thread 0x0000021b7257adc0 nmethod 7583 0x0000021b567e4f90 code [0x0000021b567e54e0, 0x0000021b567e8768]
Event: 59.693 Thread 0x0000021b7257adc0 7584       3       java.awt.image.BufferedImage::<init> (913 bytes)
Event: 59.694 Thread 0x0000021b7257adc0 nmethod 7584 0x0000021b56a71790 code [0x0000021b56a71c40, 0x0000021b56a74630]
Event: 59.694 Thread 0x0000021b7257adc0 7585       3       java.awt.image.DirectColorModel::createCompatibleWritableRaster (114 bytes)
Event: 59.694 Thread 0x0000021b7257adc0 nmethod 7585 0x0000021b56a70c90 code [0x0000021b56a70ec0, 0x0000021b56a714c0]
Event: 59.695 Thread 0x0000021b7257adc0 7586       3       java.awt.image.Raster::createPackedRaster (103 bytes)
Event: 59.695 Thread 0x0000021b7257adc0 nmethod 7586 0x0000021b56999010 code [0x0000021b56999280, 0x0000021b56999fe0]
Event: 59.749 Thread 0x0000021b7256e300 7587       4       javax.swing.SwingUtilities::computeIntersection (189 bytes)
Event: 59.750 Thread 0x0000021b7256e300 nmethod 7587 0x0000021b5dff4290 code [0x0000021b5dff4420, 0x0000021b5dff4528]
Event: 59.799 Thread 0x0000021b7257adc0 7588       3       java.awt.Component::isFocusOwner (5 bytes)
Event: 59.799 Thread 0x0000021b7257adc0 nmethod 7588 0x0000021b56890e90 code [0x0000021b56891080, 0x0000021b56891448]
Event: 59.892 Thread 0x0000021b7256e300 7589       4       java.nio.CharBuffer::position (6 bytes)
Event: 59.892 Thread 0x0000021b7256e300 nmethod 7589 0x0000021b5de82390 code [0x0000021b5de82520, 0x0000021b5de82620]
Event: 59.893 Thread 0x0000021b7256e300 7590   !   4       java.nio.CharBuffer::wrap (21 bytes)

GC Heap History (20 events):
Event: 10.447 GC heap before
{Heap before GC invocations=10 (full 0):
 garbage-first heap   total 86016K, used 64773K [0x0000000600c00000, 0x0000000800000000)
  region size 4096K, 12 young (49152K), 1 survivors (4096K)
 Metaspace       used 35303K, committed 35648K, reserved 1114112K
  class space    used 3550K, committed 3712K, reserved 1048576K
}
Event: 10.450 GC heap after
{Heap after GC invocations=11 (full 0):
 garbage-first heap   total 86016K, used 19712K [0x0000000600c00000, 0x0000000800000000)
  region size 4096K, 1 young (4096K), 1 survivors (4096K)
 Metaspace       used 35303K, committed 35648K, reserved 1114112K
  class space    used 3550K, committed 3712K, reserved 1048576K
}
Event: 10.484 GC heap before
{Heap before GC invocations=11 (full 0):
 garbage-first heap   total 86016K, used 23808K [0x0000000600c00000, 0x0000000800000000)
  region size 4096K, 3 young (12288K), 1 survivors (4096K)
 Metaspace       used 35607K, committed 35968K, reserved 1114112K
  class space    used 3594K, committed 3776K, reserved 1048576K
}
Event: 10.487 GC heap after
{Heap after GC invocations=12 (full 0):
 garbage-first heap   total 307200K, used 19711K [0x0000000600c00000, 0x0000000800000000)
  region size 4096K, 1 young (4096K), 1 survivors (4096K)
 Metaspace       used 35607K, committed 35968K, reserved 1114112K
  class space    used 3594K, committed 3776K, reserved 1048576K
}
Event: 12.587 GC heap before
{Heap before GC invocations=13 (full 0):
 garbage-first heap   total 69632K, used 56575K [0x0000000600c00000, 0x0000000800000000)
  region size 4096K, 12 young (49152K), 1 survivors (4096K)
 Metaspace       used 37034K, committed 37376K, reserved 1114112K
  class space    used 3788K, committed 3968K, reserved 1048576K
}
Event: 12.647 GC heap after
{Heap after GC invocations=14 (full 1):
 garbage-first heap   total 69632K, used 22678K [0x0000000600c00000, 0x0000000800000000)
  region size 4096K, 0 young (0K), 0 survivors (0K)
 Metaspace       used 37034K, committed 37376K, reserved 1114112K
  class space    used 3788K, committed 3968K, reserved 1048576K
}
Event: 15.721 GC heap before
{Heap before GC invocations=14 (full 1):
 garbage-first heap   total 69632K, used 22678K [0x0000000600c00000, 0x0000000800000000)
  region size 4096K, 1 young (4096K), 0 survivors (0K)
 Metaspace       used 37145K, committed 37568K, reserved 1114112K
  class space    used 3793K, committed 3968K, reserved 1048576K
}
Event: 15.778 GC heap after
{Heap after GC invocations=15 (full 2):
 garbage-first heap   total 69632K, used 22719K [0x0000000600c00000, 0x0000000800000000)
  region size 4096K, 0 young (0K), 0 survivors (0K)
 Metaspace       used 37145K, committed 37568K, reserved 1114112K
  class space    used 3793K, committed 3968K, reserved 1048576K
}
Event: 15.813 GC heap before
{Heap before GC invocations=15 (full 2):
 garbage-first heap   total 69632K, used 22719K [0x0000000600c00000, 0x0000000800000000)
  region size 4096K, 1 young (4096K), 0 survivors (0K)
 Metaspace       used 37168K, committed 37568K, reserved 1114112K
  class space    used 3795K, committed 3968K, reserved 1048576K
}
Event: 15.870 GC heap after
{Heap after GC invocations=16 (full 3):
 garbage-first heap   total 69632K, used 22732K [0x0000000600c00000, 0x0000000800000000)
  region size 4096K, 0 young (0K), 0 survivors (0K)
 Metaspace       used 37168K, committed 37568K, reserved 1114112K
  class space    used 3795K, committed 3968K, reserved 1048576K
}
Event: 18.003 GC heap before
{Heap before GC invocations=16 (full 3):
 garbage-first heap   total 69632K, used 63692K [0x0000000600c00000, 0x0000000800000000)
  region size 4096K, 10 young (40960K), 0 survivors (0K)
 Metaspace       used 37758K, committed 38144K, reserved 1114112K
  class space    used 3831K, committed 4032K, reserved 1048576K
}
Event: 18.004 GC heap after
{Heap after GC invocations=17 (full 3):
 garbage-first heap   total 69632K, used 23310K [0x0000000600c00000, 0x0000000800000000)
  region size 4096K, 1 young (4096K), 1 survivors (4096K)
 Metaspace       used 37758K, committed 38144K, reserved 1114112K
  class space    used 3831K, committed 4032K, reserved 1048576K
}
Event: 31.986 GC heap before
{Heap before GC invocations=17 (full 3):
 garbage-first heap   total 69632K, used 51982K [0x0000000600c00000, 0x0000000800000000)
  region size 4096K, 9 young (36864K), 1 survivors (4096K)
 Metaspace       used 38571K, committed 38912K, reserved 1114112K
  class space    used 3896K, committed 4032K, reserved 1048576K
}
Event: 31.988 GC heap after
{Heap after GC invocations=18 (full 3):
 garbage-first heap   total 69632K, used 30362K [0x0000000600c00000, 0x0000000800000000)
  region size 4096K, 2 young (8192K), 2 survivors (8192K)
 Metaspace       used 38571K, committed 38912K, reserved 1114112K
  class space    used 3896K, committed 4032K, reserved 1048576K
}
Event: 57.918 GC heap before
{Heap before GC invocations=18 (full 3):
 garbage-first heap   total 69632K, used 54938K [0x0000000600c00000, 0x0000000800000000)
  region size 4096K, 8 young (32768K), 2 survivors (8192K)
 Metaspace       used 38657K, committed 39040K, reserved 1114112K
  class space    used 3910K, committed 4096K, reserved 1048576K
}
Event: 57.920 GC heap after
{Heap after GC invocations=19 (full 3):
 garbage-first heap   total 69632K, used 30897K [0x0000000600c00000, 0x0000000800000000)
  region size 4096K, 1 young (4096K), 1 survivors (4096K)
 Metaspace       used 38657K, committed 39040K, reserved 1114112K
  class space    used 3910K, committed 4096K, reserved 1048576K
}
Event: 58.012 GC heap before
{Heap before GC invocations=19 (full 3):
 garbage-first heap   total 69632K, used 55473K [0x0000000600c00000, 0x0000000800000000)
  region size 4096K, 7 young (28672K), 1 survivors (4096K)
 Metaspace       used 38657K, committed 39040K, reserved 1114112K
  class space    used 3910K, committed 4096K, reserved 1048576K
}
Event: 58.013 GC heap after
{Heap after GC invocations=20 (full 3):
 garbage-first heap   total 69632K, used 30873K [0x0000000600c00000, 0x0000000800000000)
  region size 4096K, 1 young (4096K), 1 survivors (4096K)
 Metaspace       used 38657K, committed 39040K, reserved 1114112K
  class space    used 3910K, committed 4096K, reserved 1048576K
}
Event: 59.806 GC heap before
{Heap before GC invocations=21 (full 3):
 garbage-first heap   total 69632K, used 47257K [0x0000000600c00000, 0x0000000800000000)
  region size 4096K, 6 young (24576K), 1 survivors (4096K)
 Metaspace       used 38817K, committed 39232K, reserved 1114112K
  class space    used 3932K, committed 4096K, reserved 1048576K
}
Event: 59.890 GC heap after
{Heap after GC invocations=22 (full 4):
 garbage-first heap   total 69632K, used 23875K [0x0000000600c00000, 0x0000000800000000)
  region size 4096K, 0 young (0K), 0 survivors (0K)
 Metaspace       used 38817K, committed 39232K, reserved 1114112K
  class space    used 3932K, committed 4096K, reserved 1048576K
}

Dll operation events (20 events):
Event: 9.441 Loaded shared library C:\Users\ethan\.javacpp\cache\ffmpeg-6.0-1.5.9-windows-x86_64.jar\org\bytedeco\ffmpeg\windows-x86_64\swresample-4.dll
Event: 9.455 Loaded shared library C:\Users\ethan\.javacpp\cache\ffmpeg-6.0-1.5.9-windows-x86_64.jar\org\bytedeco\ffmpeg\windows-x86_64\jniswresample.dll
Event: 9.491 Loaded shared library C:\Users\ethan\.javacpp\cache\ffmpeg-6.0-1.5.9-windows-x86_64.jar\org\bytedeco\ffmpeg\windows-x86_64\avcodec-60.dll
Event: 9.504 Loaded shared library C:\Users\ethan\.javacpp\cache\ffmpeg-6.0-1.5.9-windows-x86_64.jar\org\bytedeco\ffmpeg\windows-x86_64\jniavcodec.dll
Event: 9.548 Loaded shared library C:\Users\ethan\.javacpp\cache\ffmpeg-6.0-1.5.9-windows-x86_64.jar\org\bytedeco\ffmpeg\windows-x86_64\avformat-60.dll
Event: 9.570 Loaded shared library C:\Users\ethan\.javacpp\cache\ffmpeg-6.0-1.5.9-windows-x86_64.jar\org\bytedeco\ffmpeg\windows-x86_64\jniavformat.dll
Event: 9.607 Loaded shared library C:\Users\ethan\.javacpp\cache\ffmpeg-6.0-1.5.9-windows-x86_64.jar\org\bytedeco\ffmpeg\windows-x86_64\swscale-7.dll
Event: 9.619 Loaded shared library C:\Users\ethan\.javacpp\cache\ffmpeg-6.0-1.5.9-windows-x86_64.jar\org\bytedeco\ffmpeg\windows-x86_64\jniswscale.dll
Event: 9.676 Loaded shared library C:\Users\ethan\.javacpp\cache\ffmpeg-6.0-1.5.9-windows-x86_64.jar\org\bytedeco\ffmpeg\windows-x86_64\avfilter-9.dll
Event: 9.688 Loaded shared library C:\Users\ethan\.javacpp\cache\ffmpeg-6.0-1.5.9-windows-x86_64.jar\org\bytedeco\ffmpeg\windows-x86_64\jniavfilter.dll
Event: 9.712 Loaded shared library C:\Users\ethan\.javacpp\cache\ffmpeg-6.0-1.5.9-windows-x86_64.jar\org\bytedeco\ffmpeg\windows-x86_64\avdevice-60.dll
Event: 9.725 Loaded shared library C:\Users\ethan\.javacpp\cache\ffmpeg-6.0-1.5.9-windows-x86_64.jar\org\bytedeco\ffmpeg\windows-x86_64\jniavdevice.dll
Event: 9.968 Loaded shared library C:\Users\ethan\.javacpp\cache\openblas-0.3.23-1.5.9-windows-x86_64.jar\org\bytedeco\openblas\windows-x86_64\libopenblas_nolapack.dll
Event: 9.978 Loaded shared library C:\Users\ethan\.javacpp\cache\openblas-0.3.23-1.5.9-windows-x86_64.jar\org\bytedeco\openblas\windows-x86_64\jniopenblas_nolapack.dll
Event: 10.053 Loaded shared library C:\Users\ethan\.javacpp\cache\openblas-0.3.23-1.5.9-windows-x86_64.jar\org\bytedeco\openblas\windows-x86_64\libopenblas.dll
Event: 10.063 Loaded shared library C:\Users\ethan\.javacpp\cache\openblas-0.3.23-1.5.9-windows-x86_64.jar\org\bytedeco\openblas\windows-x86_64\jniopenblas.dll
Event: 10.434 Loaded shared library C:\Users\ethan\.javacpp\cache\opencv-4.9.0-1.5.10-windows-x86_64.jar\org\bytedeco\opencv\windows-x86_64\opencv_core490.dll
Event: 10.455 Loaded shared library C:\Users\ethan\.javacpp\cache\opencv-4.9.0-1.5.10-windows-x86_64.jar\org\bytedeco\opencv\windows-x86_64\opencv_imgproc490.dll
Event: 10.472 Loaded shared library C:\Users\ethan\.javacpp\cache\opencv-4.9.0-1.5.10-windows-x86_64.jar\org\bytedeco\opencv\windows-x86_64\jniopencv_core.dll
Event: 15.988 Loaded shared library C:\Users\ethan\.javacpp\cache\opencv-4.9.0-1.5.10-windows-x86_64.jar\org\bytedeco\opencv\windows-x86_64\jniopencv_imgproc.dll

Deoptimization events (20 events):
Event: 33.454 Thread 0x0000021b790aeb40 DEOPT PACKING pc=0x0000021b5ddd1528 sp=0x00000091124fe560
Event: 33.454 Thread 0x0000021b790aeb40 DEOPT UNPACKING pc=0x0000021b5d8246a2 sp=0x00000091124fe3a0 mode 2
Event: 33.455 Thread 0x0000021b790aeb40 Uncommon trap: trap_request=0xffffffde fr.pc=0x0000021b5ddece74 relative=0x0000000000000394
Event: 33.455 Thread 0x0000021b790aeb40 Uncommon trap: reason=class_check action=maybe_recompile pc=0x0000021b5ddece74 method=sun.java2d.pipe.PixelToParallelogramConverter.fill(Lsun/java2d/SunGraphics2D;Ljava/awt/Shape;)V @ 70 c2
Event: 33.456 Thread 0x0000021b790aeb40 DEOPT PACKING pc=0x0000021b5ddece74 sp=0x00000091124fd6a0
Event: 33.456 Thread 0x0000021b790aeb40 DEOPT UNPACKING pc=0x0000021b5d8246a2 sp=0x00000091124fd638 mode 2
Event: 36.518 Thread 0x0000021b790aeb40 Uncommon trap: trap_request=0xffffff45 fr.pc=0x0000021b5e174a4c relative=0x000000000000060c
Event: 36.518 Thread 0x0000021b790aeb40 Uncommon trap: reason=unstable_if action=reinterpret pc=0x0000021b5e174a4c method=java.awt.EventQueue.setCurrentEventAndMostRecentTimeImpl(Ljava/awt/AWTEvent;)V @ 74 c2
Event: 36.518 Thread 0x0000021b790aeb40 DEOPT PACKING pc=0x0000021b5e174a4c sp=0x00000091124fde50
Event: 36.518 Thread 0x0000021b790aeb40 DEOPT UNPACKING pc=0x0000021b5d8246a2 sp=0x00000091124fddf0 mode 2
Event: 55.788 Thread 0x0000021b790aeb40 Uncommon trap: trap_request=0xffffff45 fr.pc=0x0000021b5e14dd68 relative=0x0000000000001828
Event: 55.788 Thread 0x0000021b790aeb40 Uncommon trap: reason=unstable_if action=reinterpret pc=0x0000021b5e14dd68 method=sun.java2d.pipe.Region.getIntersectionXYXY(IIII)Lsun/java2d/pipe/Region; @ 23 c2
Event: 55.788 Thread 0x0000021b790aeb40 DEOPT PACKING pc=0x0000021b5e14dd68 sp=0x00000091124fdf40
Event: 55.788 Thread 0x0000021b790aeb40 DEOPT UNPACKING pc=0x0000021b5d8246a2 sp=0x00000091124fddc8 mode 2
Event: 55.921 Thread 0x0000021b790aeb40 Uncommon trap: trap_request=0xffffff45 fr.pc=0x0000021b5de83134 relative=0x0000000000000194
Event: 55.921 Thread 0x0000021b790aeb40 Uncommon trap: reason=unstable_if action=reinterpret pc=0x0000021b5de83134 method=sun.java2d.pipe.Region.getIntersectionXYXY(IIII)Lsun/java2d/pipe/Region; @ 23 c2
Event: 55.921 Thread 0x0000021b790aeb40 DEOPT PACKING pc=0x0000021b5de83134 sp=0x00000091124fde10
Event: 55.921 Thread 0x0000021b790aeb40 DEOPT UNPACKING pc=0x0000021b5d8246a2 sp=0x00000091124fdd88 mode 2
Event: 57.996 Thread 0x0000021b790aeb40 DEOPT PACKING pc=0x0000021b5631b5c4 sp=0x00000091124fe180
Event: 57.996 Thread 0x0000021b790aeb40 DEOPT UNPACKING pc=0x0000021b5d824e42 sp=0x00000091124fd708 mode 0

Classes loaded (20 events):
Event: 58.514 Loading class javax/swing/plaf/basic/BasicOptionPaneUI$Handler
Event: 58.514 Loading class javax/swing/plaf/basic/BasicOptionPaneUI$Handler done
Event: 58.515 Loading class javax/swing/SwingUtilities$SharedOwnerFrame
Event: 58.515 Loading class javax/swing/SwingUtilities$SharedOwnerFrame done
Event: 58.532 Loading class javax/swing/plaf/basic/BasicOptionPaneUI$Actions
Event: 58.532 Loading class javax/swing/plaf/basic/BasicOptionPaneUI$Actions done
Event: 58.532 Loading class com/sun/java/swing/plaf/windows/WindowsLookAndFeel$AudioAction
Event: 58.533 Loading class com/sun/java/swing/plaf/windows/WindowsLookAndFeel$AudioAction done
Event: 58.534 Loading class java/awt/GridBagLayoutInfo
Event: 58.534 Loading class java/awt/GridBagLayoutInfo done
Event: 58.541 Loading class javax/swing/JOptionPane$1
Event: 58.541 Loading class javax/swing/JOptionPane$1 done
Event: 58.541 Loading class javax/swing/JOptionPane$2
Event: 58.541 Loading class javax/swing/JOptionPane$2 done
Event: 58.541 Loading class javax/swing/JOptionPane$3
Event: 58.541 Loading class javax/swing/JOptionPane$3 done
Event: 59.891 Loading class java/lang/Throwable$WrappedPrintStream
Event: 59.891 Loading class java/lang/Throwable$PrintStreamOrWriter
Event: 59.891 Loading class java/lang/Throwable$PrintStreamOrWriter done
Event: 59.891 Loading class java/lang/Throwable$WrappedPrintStream done

Classes unloaded (0 events):
No events

Classes redefined (0 events):
No events

Internal exceptions (20 events):
Event: 4.094 Thread 0x0000021b4b8e1b00 Exception <a 'java/lang/NoSuchMethodError'{0x000000061fac63d0}: 'void java.lang.invoke.DelegatingMethodHandle$Holder.reinvoke_L(java.lang.Object, java.lang.Object, long)'> (0x000000061fac63d0) 
thrown [s\src\hotspot\share\interpreter\linkResolver.cpp, line 773]
Event: 4.212 Thread 0x0000021b7ab74880 Exception <a 'java/lang/NoSuchMethodError'{0x000000061ed87c50}: 'void java.lang.invoke.Invokers$Holder.invoke_MT(java.lang.Object, java.lang.Object, java.lang.Object)'> (0x000000061ed87c50) 
thrown [s\src\hotspot\share\interpreter\linkResolver.cpp, line 773]
Event: 4.220 Thread 0x0000021b7ab74880 Exception <a 'java/lang/ClassNotFoundException'{0x000000061edc1c38}: sun/awt/resources/spi/awtProvider> (0x000000061edc1c38) 
thrown [s\src\hotspot\share\classfile\systemDictionary.cpp, line 312]
Event: 4.230 Thread 0x0000021b7ab74880 Exception <a 'java/io/FileNotFoundException'{0x000000061edfca80}> (0x000000061edfca80) 
thrown [s\src\hotspot\share\prims\jni.cpp, line 520]
Event: 4.235 Thread 0x0000021b7ab74880 Exception <a 'java/io/FileNotFoundException'{0x000000061ee27138}> (0x000000061ee27138) 
thrown [s\src\hotspot\share\prims\jni.cpp, line 520]
Event: 4.312 Thread 0x0000021b7ab74880 Exception <a 'java/lang/NoSuchMethodError'{0x000000061ee97950}: 'void java.lang.invoke.DirectMethodHandle$Holder.invokeStaticInit(java.lang.Object)'> (0x000000061ee97950) 
thrown [s\src\hotspot\share\interpreter\linkResolver.cpp, line 773]
Event: 4.319 Thread 0x0000021b7ab74880 Exception <a 'java/lang/NoSuchMethodError'{0x000000061eee1398}: 'java.lang.Object java.lang.invoke.DirectMethodHandle$Holder.invokeStatic(java.lang.Object, int, java.lang.Object)'> (0x000000061eee1398) 
thrown [s\src\hotspot\share\interpreter\linkResolver.cpp, line 773]
Event: 4.334 Thread 0x0000021b7ab74880 Exception <a 'java/lang/ClassNotFoundException'{0x000000061e98fa60}: com/sun/java/swing/plaf/windows/resources/spi/windowsProvider> (0x000000061e98fa60) 
thrown [s\src\hotspot\share\classfile\systemDictionary.cpp, line 312]
Event: 4.336 Thread 0x0000021b7ab74880 Exception <a 'java/lang/ClassNotFoundException'{0x000000061e993c18}: com/sun/swing/internal/plaf/basic/resources/spi/basicProvider> (0x000000061e993c18) 
thrown [s\src\hotspot\share\classfile\systemDictionary.cpp, line 312]
Event: 4.340 Thread 0x0000021b7ab74880 Exception <a 'java/lang/NoSuchMethodError'{0x000000061e9a16f0}: 'java.lang.Object java.lang.invoke.DirectMethodHandle$Holder.invokeStatic(java.lang.Object, java.lang.Object, int, java.lang.Object)'> (0x000000061e9a16f0) 
thrown [s\src\hotspot\share\interpreter\linkResolver.cpp, line 773]
Event: 4.341 Thread 0x0000021b7ab74880 Exception <a 'java/lang/NoSuchMethodError'{0x000000061e9a78f8}: 'java.lang.Object java.lang.invoke.DirectMethodHandle$Holder.newInvokeSpecial(java.lang.Object, java.lang.Object, int)'> (0x000000061e9a78f8) 
thrown [s\src\hotspot\share\interpreter\linkResolver.cpp, line 773]
Event: 4.668 Thread 0x0000021b790aeb40 Exception <a 'java/lang/NoSuchMethodError'{0x000000062084e3f0}: 'int java.lang.invoke.Invokers$Holder.invokeExact_MT(java.lang.Object, java.lang.Object)'> (0x000000062084e3f0) 
thrown [s\src\hotspot\share\interpreter\linkResolver.cpp, line 773]
Event: 6.424 Thread 0x0000021b790aeb40 Implicit null exception at 0x0000021b5df99af6 to 0x0000021b5df99db3
Event: 6.432 Thread 0x0000021b790ade20 Exception <a 'java/lang/NoSuchMethodError'{0x000000060340c9f8}: 'java.lang.Object java.lang.invoke.DirectMethodHandle$Holder.newInvokeSpecial(java.lang.Object, java.lang.Object, java.lang.Object, int, int, int, int, int)'> (0x000000060340c9f8) 
thrown [s\src\hotspot\share\interpreter\linkResolver.cpp, line 773]
Event: 7.036 Thread 0x0000021b790aeb40 Exception <a 'java/lang/NoSuchMethodError'{0x00000006036a90e8}: 'int java.lang.invoke.DirectMethodHandle$Holder.invokeStatic(java.lang.Object)'> (0x00000006036a90e8) 
thrown [s\src\hotspot\share\interpreter\linkResolver.cpp, line 773]
Event: 7.057 Thread 0x0000021b790aeb40 Exception <a 'java/lang/NoSuchMethodError'{0x00000006036efb30}: 'java.lang.Object java.lang.invoke.DirectMethodHandle$Holder.newInvokeSpecial(java.lang.Object, int, java.lang.Object)'> (0x00000006036efb30) 
thrown [s\src\hotspot\share\interpreter\linkResolver.cpp, line 773]
Event: 9.053 Thread 0x0000021b78eb97e0 Exception <a 'java/lang/NoSuchMethodError'{0x0000000602905910}: 'int java.lang.invoke.DirectMethodHandle$Holder.invokeStaticInit(java.lang.Object, java.lang.Object, java.lang.Object, java.lang.Object)'> (0x0000000602905910) 
thrown [s\src\hotspot\share\interpreter\linkResolver.cpp, line 773]
Event: 9.054 Thread 0x0000021b78eb97e0 Exception <a 'java/lang/IncompatibleClassChangeError'{0x000000060290dca0}: Found class java.lang.Object, but interface was expected> (0x000000060290dca0) 
thrown [s\src\hotspot\share\interpreter\linkResolver.cpp, line 840]
Event: 32.832 Thread 0x0000021b790aeb40 Implicit null exception at 0x0000021b5de27280 to 0x0000021b5de298b8
Event: 59.891 Thread 0x0000021b790aeb40 Exception <a 'java/lang/NullPointerException'{0x00000006208014f0}: This pointer address is NULL.> (0x00000006208014f0) 
thrown [s\src\hotspot\share\prims\jni.cpp, line 539]

ZGC Phase Switch (0 events):
No events

VM Operations (20 events):
Event: 38.049 Executing VM operation: Cleanup
Event: 38.049 Executing VM operation: Cleanup done
Event: 41.070 Executing VM operation: Cleanup
Event: 41.070 Executing VM operation: Cleanup done
Event: 42.080 Executing VM operation: Cleanup
Event: 42.080 Executing VM operation: Cleanup done
Event: 55.206 Executing VM operation: Cleanup
Event: 55.206 Executing VM operation: Cleanup done
Event: 57.918 Executing VM operation: G1CollectForAllocation (G1 Evacuation Pause)
Event: 57.920 Executing VM operation: G1CollectForAllocation (G1 Evacuation Pause) done
Event: 58.012 Executing VM operation: G1CollectForAllocation (G1 Evacuation Pause)
Event: 58.013 Executing VM operation: G1CollectForAllocation (G1 Evacuation Pause) done
Event: 58.026 Executing VM operation: G1PauseRemark
Event: 58.029 Executing VM operation: G1PauseRemark done
Event: 58.033 Executing VM operation: G1PauseCleanup
Event: 58.034 Executing VM operation: G1PauseCleanup done
Event: 59.034 Executing VM operation: Cleanup
Event: 59.035 Executing VM operation: Cleanup done
Event: 59.805 Executing VM operation: G1CollectFull (System.gc())
Event: 59.890 Executing VM operation: G1CollectFull (System.gc()) done

Memory protections (0 events):
No events

Nmethod flushes (20 events):
Event: 59.856 Thread 0x0000021b71ef5550 flushing  nmethod 0x0000021b56e61a10
Event: 59.856 Thread 0x0000021b71ef5550 flushing  nmethod 0x0000021b56e70710
Event: 59.856 Thread 0x0000021b71ef5550 flushing  nmethod 0x0000021b56e7fe10
Event: 59.856 Thread 0x0000021b71ef5550 flushing  nmethod 0x0000021b56e9d290
Event: 59.856 Thread 0x0000021b71ef5550 flushing  nmethod 0x0000021b56ea0790
Event: 59.856 Thread 0x0000021b71ef5550 flushing  nmethod 0x0000021b56ea2d90
Event: 59.856 Thread 0x0000021b71ef5550 flushing  nmethod 0x0000021b56eaa810
Event: 59.856 Thread 0x0000021b71ef5550 flushing  nmethod 0x0000021b56eb4e90
Event: 59.856 Thread 0x0000021b71ef5550 flushing  nmethod 0x0000021b56ecf290
Event: 59.856 Thread 0x0000021b71ef5550 flushing  nmethod 0x0000021b56edde10
Event: 59.856 Thread 0x0000021b71ef5550 flushing  nmethod 0x0000021b56ee4a10
Event: 59.856 Thread 0x0000021b71ef5550 flushing  nmethod 0x0000021b56f09710
Event: 59.856 Thread 0x0000021b71ef5550 flushing  nmethod 0x0000021b56f27910
Event: 59.856 Thread 0x0000021b71ef5550 flushing  nmethod 0x0000021b56f35e10
Event: 59.856 Thread 0x0000021b71ef5550 flushing  nmethod 0x0000021b56f5e490
Event: 59.856 Thread 0x0000021b71ef5550 flushing  nmethod 0x0000021b56f72b90
Event: 59.856 Thread 0x0000021b71ef5550 flushing  nmethod 0x0000021b56f95390
Event: 59.856 Thread 0x0000021b71ef5550 flushing  nmethod 0x0000021b56fa6510
Event: 59.856 Thread 0x0000021b71ef5550 flushing  nmethod 0x0000021b57059c10
Event: 59.856 Thread 0x0000021b71ef5550 flushing  nmethod 0x0000021b57097f10

Events (20 events):
Event: 8.294 Thread 0x0000021b790af1d0 Thread exited: 0x0000021b790af1d0
Event: 9.017 Thread 0x0000021b790aeb40 Thread added: 0x0000021b78eb97e0
Event: 9.057 Thread 0x0000021b7257adc0 Thread added: 0x0000021b78eca730
Event: 9.311 Thread 0x0000021b78eb97e0 Thread added: 0x0000021b78eb4920
Event: 10.075 Thread 0x0000021b78eca730 Thread exited: 0x0000021b78eca730
Event: 10.270 Thread 0x0000021b7256e300 Thread added: 0x0000021b78eca730
Event: 10.662 Thread 0x0000021b78eca730 Thread added: 0x0000021b7b36e800
Event: 10.869 Thread 0x0000021b7b36e800 Thread exited: 0x0000021b7b36e800
Event: 10.869 Thread 0x0000021b78eca730 Thread exited: 0x0000021b78eca730
Event: 11.435 Thread 0x0000021b790ade20 Thread exited: 0x0000021b790ade20
Event: 15.798 Thread 0x0000021b790aeb40 Thread added: 0x0000021b78eb4290
Event: 22.357 Thread 0x0000021b7257adc0 Thread added: 0x0000021b729184c0
Event: 23.229 Thread 0x0000021b729184c0 Thread exited: 0x0000021b729184c0
Event: 26.235 Thread 0x0000021b7256e300 Thread added: 0x0000021b77588ff0
Event: 26.418 Thread 0x0000021b77588ff0 Thread exited: 0x0000021b77588ff0
Event: 29.854 Thread 0x0000021b790aeb40 Thread added: 0x0000021b78eb6360
Event: 55.783 Thread 0x0000021b790aeb40 Thread added: 0x0000021b78eb8ac0
Event: 55.916 Thread 0x0000021b790aeb40 Thread added: 0x0000021b78eb69f0
Event: 58.201 Thread 0x0000021b790aeb40 Thread added: 0x0000021b78eb9150
Event: 58.355 Thread 0x0000021b790aeb40 Thread added: 0x0000021b78eb7080


Dynamic libraries:
0x00007ff615360000 - 0x00007ff61536e000 	C:\Program Files\Eclipse Adoptium\jdk-21.0.5.11-hotspot\bin\java.exe
0x00007ffd78890000 - 0x00007ffd78a88000 	C:\WINDOWS\SYSTEM32\ntdll.dll
0x00007ffd77e60000 - 0x00007ffd77f22000 	C:\WINDOWS\System32\KERNEL32.DLL
0x00007ffd76450000 - 0x00007ffd7674f000 	C:\WINDOWS\System32\KERNELBASE.dll
0x00007ffd76100000 - 0x00007ffd76200000 	C:\WINDOWS\System32\ucrtbase.dll
0x00007ffd6ca10000 - 0x00007ffd6ca28000 	C:\Program Files\Eclipse Adoptium\jdk-21.0.5.11-hotspot\bin\jli.dll
0x00007ffd6c9d0000 - 0x00007ffd6c9ee000 	C:\Program Files\Eclipse Adoptium\jdk-21.0.5.11-hotspot\bin\VCRUNTIME140.dll
0x00007ffd786b0000 - 0x00007ffd7884d000 	C:\WINDOWS\System32\USER32.dll
0x00007ffd64580000 - 0x00007ffd6481a000 	C:\WINDOWS\WinSxS\amd64_microsoft.windows.common-controls_6595b64144ccf1df_6.0.19041.4355_none_60b8b9eb71f62e16\COMCTL32.dll
0x00007ffd76880000 - 0x00007ffd768a2000 	C:\WINDOWS\System32\win32u.dll
0x00007ffd768b0000 - 0x00007ffd768db000 	C:\WINDOWS\System32\GDI32.dll
0x00007ffd777d0000 - 0x00007ffd7786e000 	C:\WINDOWS\System32\msvcrt.dll
0x00007ffd76280000 - 0x00007ffd7639a000 	C:\WINDOWS\System32\gdi32full.dll
0x00007ffd76750000 - 0x00007ffd767ed000 	C:\WINDOWS\System32\msvcp_win.dll
0x00007ffd77b70000 - 0x00007ffd77b9f000 	C:\WINDOWS\System32\IMM32.DLL
0x00007ffd726a0000 - 0x00007ffd726ac000 	C:\Program Files\Eclipse Adoptium\jdk-21.0.5.11-hotspot\bin\vcruntime140_1.dll
0x00007ffd6b4d0000 - 0x00007ffd6b55d000 	C:\Program Files\Eclipse Adoptium\jdk-21.0.5.11-hotspot\bin\msvcp140.dll
0x00007ffce42c0000 - 0x00007ffce504f000 	C:\Program Files\Eclipse Adoptium\jdk-21.0.5.11-hotspot\bin\server\jvm.dll
0x00007ffd77950000 - 0x00007ffd779ff000 	C:\WINDOWS\System32\ADVAPI32.dll
0x00007ffd77db0000 - 0x00007ffd77e4f000 	C:\WINDOWS\System32\sechost.dll
0x00007ffd76bd0000 - 0x00007ffd76cf3000 	C:\WINDOWS\System32\RPCRT4.dll
0x00007ffd76250000 - 0x00007ffd76277000 	C:\WINDOWS\System32\bcrypt.dll
0x00007ffd77400000 - 0x00007ffd7746b000 	C:\WINDOWS\System32\WS2_32.dll
0x00007ffd75ac0000 - 0x00007ffd75b0b000 	C:\WINDOWS\SYSTEM32\POWRPROF.dll
0x00007ffd6b0c0000 - 0x00007ffd6b0e7000 	C:\WINDOWS\SYSTEM32\WINMM.dll
0x00007ffd72cf0000 - 0x00007ffd72cfa000 	C:\WINDOWS\SYSTEM32\VERSION.dll
0x00007ffd75a80000 - 0x00007ffd75a92000 	C:\WINDOWS\SYSTEM32\UMPDC.dll
0x00007ffd73cf0000 - 0x00007ffd73d02000 	C:\WINDOWS\SYSTEM32\kernel.appcore.dll
0x00007ffd70290000 - 0x00007ffd7029a000 	C:\Program Files\Eclipse Adoptium\jdk-21.0.5.11-hotspot\bin\jimage.dll
0x00007ffd68fc0000 - 0x00007ffd691a4000 	C:\WINDOWS\SYSTEM32\DBGHELP.DLL
0x00007ffd57380000 - 0x00007ffd573b4000 	C:\WINDOWS\SYSTEM32\dbgcore.DLL
0x00007ffd767f0000 - 0x00007ffd76872000 	C:\WINDOWS\System32\bcryptPrimitives.dll
0x00007ffd6c9b0000 - 0x00007ffd6c9cf000 	C:\Program Files\Eclipse Adoptium\jdk-21.0.5.11-hotspot\bin\java.dll
0x00007ffd77f40000 - 0x00007ffd786ad000 	C:\WINDOWS\System32\SHELL32.dll
0x00007ffd73fd0000 - 0x00007ffd74774000 	C:\WINDOWS\SYSTEM32\windows.storage.dll
0x00007ffd77470000 - 0x00007ffd777c5000 	C:\WINDOWS\System32\combase.dll
0x00007ffd75890000 - 0x00007ffd758bb000 	C:\WINDOWS\SYSTEM32\Wldp.dll
0x00007ffd77870000 - 0x00007ffd7793d000 	C:\WINDOWS\System32\OLEAUT32.dll
0x00007ffd77a00000 - 0x00007ffd77aad000 	C:\WINDOWS\System32\SHCORE.dll
0x00007ffd77ab0000 - 0x00007ffd77b05000 	C:\WINDOWS\System32\shlwapi.dll
0x00007ffd75e60000 - 0x00007ffd75e85000 	C:\WINDOWS\SYSTEM32\profapi.dll
0x00007ffd64d70000 - 0x00007ffd64e47000 	C:\Program Files\Eclipse Adoptium\jdk-21.0.5.11-hotspot\bin\jsvml.dll
0x00007ffd70270000 - 0x00007ffd70280000 	C:\Program Files\Eclipse Adoptium\jdk-21.0.5.11-hotspot\bin\net.dll
0x00007ffd6ed30000 - 0x00007ffd6ee3a000 	C:\WINDOWS\SYSTEM32\WINHTTP.dll
0x00007ffd755f0000 - 0x00007ffd7565c000 	C:\WINDOWS\system32\mswsock.dll
0x00007ffd6b4b0000 - 0x00007ffd6b4c6000 	C:\Program Files\Eclipse Adoptium\jdk-21.0.5.11-hotspot\bin\nio.dll
0x00007ffd6b490000 - 0x00007ffd6b4a8000 	C:\Program Files\Eclipse Adoptium\jdk-21.0.5.11-hotspot\bin\zip.dll
0x00007ffd69250000 - 0x00007ffd69274000 	C:\ProgramData\chocolatey\lib\maven\apache-maven-3.9.9\lib\jansi-native\Windows\x86_64\jansi.dll
0x00007ffd6c9a0000 - 0x00007ffd6c9b0000 	C:\Program Files\Eclipse Adoptium\jdk-21.0.5.11-hotspot\bin\verify.dll
0x00007ffd41d60000 - 0x00007ffd41eee000 	C:\Program Files\Eclipse Adoptium\jdk-21.0.5.11-hotspot\bin\awt.dll
0x00007ffd72bf0000 - 0x00007ffd72c84000 	C:\WINDOWS\SYSTEM32\apphelp.dll
0x00007ffd738e0000 - 0x00007ffd7397e000 	C:\WINDOWS\system32\uxtheme.dll
0x00007ffd77c30000 - 0x00007ffd77d45000 	C:\WINDOWS\System32\MSCTF.dll
0x00007ffd768e0000 - 0x00007ffd76a0b000 	C:\WINDOWS\System32\ole32.dll
0x00007ffd73cc0000 - 0x00007ffd73cef000 	C:\WINDOWS\system32\DWMAPI.DLL
0x00007ffd3fef0000 - 0x00007ffd40018000 	C:\WINDOWS\system32\opengl32.dll
0x00007ffd64d00000 - 0x00007ffd64d2c000 	C:\WINDOWS\SYSTEM32\GLU32.dll
0x00007ffd6e580000 - 0x00007ffd6e751000 	C:\WINDOWS\system32\d3d9.dll
0x00007ffd3c160000 - 0x00007ffd3c222000 	C:\WINDOWS\System32\DriverStore\FileRepository\nv_dispi.inf_amd64_9d15b9aa9e1c885b\nvldumdx.dll
0x00007ffd75aa0000 - 0x00007ffd75ab2000 	C:\WINDOWS\SYSTEM32\msasn1.dll
0x00007ffd6dde0000 - 0x00007ffd6de11000 	C:\WINDOWS\SYSTEM32\cryptnet.dll
0x00007ffd75fa0000 - 0x00007ffd760fc000 	C:\WINDOWS\System32\CRYPT32.dll
0x00007ffd75800000 - 0x00007ffd7580c000 	C:\WINDOWS\SYSTEM32\cryptbase.dll
0x00007ffd6d970000 - 0x00007ffd6dab7000 	C:\WINDOWS\SYSTEM32\drvstore.dll
0x00007ffd75cc0000 - 0x00007ffd75cf3000 	C:\WINDOWS\SYSTEM32\devobj.dll
0x00007ffd76200000 - 0x00007ffd7624e000 	C:\WINDOWS\System32\cfgmgr32.dll
0x00007ffd75f30000 - 0x00007ffd75f98000 	C:\WINDOWS\System32\wintrust.dll
0x00007ffd773e0000 - 0x00007ffd773fd000 	C:\WINDOWS\System32\imagehlp.dll
0x00007ffd757e0000 - 0x00007ffd757f8000 	C:\WINDOWS\SYSTEM32\CRYPTSP.dll
0x00007ffd74f10000 - 0x00007ffd74f48000 	C:\WINDOWS\system32\rsaenh.dll
0x00007ffca53e0000 - 0x00007ffca8b7a000 	C:\WINDOWS\System32\DriverStore\FileRepository\nv_dispi.inf_amd64_9d15b9aa9e1c885b\nvgpucomp64.dll
0x00007ffd22990000 - 0x00007ffd22a67000 	C:\WINDOWS\System32\DriverStore\FileRepository\nv_dispi.inf_amd64_9d15b9aa9e1c885b\NvMemMapStoragex.dll
0x00007ffce21f0000 - 0x00007ffce42b7000 	C:\WINDOWS\System32\DriverStore\FileRepository\nv_dispi.inf_amd64_9d15b9aa9e1c885b\nvd3dumx.dll
0x00007ffd6e870000 - 0x00007ffd6eb40000 	C:\WINDOWS\system32\nvspcap64.dll
0x00007ffd75160000 - 0x00007ffd75193000 	C:\WINDOWS\SYSTEM32\ntmarta.dll
0x00007ffd74790000 - 0x00007ffd747b3000 	C:\WINDOWS\SYSTEM32\gpapi.dll
0x00007ffd1a570000 - 0x00007ffd1a724000 	C:\WINDOWS\System32\DriverStore\FileRepository\nv_dispi.inf_amd64_9d15b9aa9e1c885b\nvppex.dll
0x00007ffd6b1d0000 - 0x00007ffd6b20b000 	C:\WINDOWS\SYSTEM32\dxcore.dll
0x00007ffd64c70000 - 0x00007ffd64cf7000 	C:\Program Files\Eclipse Adoptium\jdk-21.0.5.11-hotspot\bin\freetype.dll
0x00007ffd54500000 - 0x00007ffd545db000 	C:\Program Files\Eclipse Adoptium\jdk-21.0.5.11-hotspot\bin\fontmanager.dll
0x00007ffd581e0000 - 0x00007ffd582d9000 	C:\WINDOWS\SYSTEM32\textinputframework.dll
0x00007ffd71e40000 - 0x00007ffd7219b000 	C:\WINDOWS\System32\CoreUIComponents.dll
0x00007ffd721e0000 - 0x00007ffd722d2000 	C:\WINDOWS\System32\CoreMessaging.dll
0x00007ffd730b0000 - 0x00007ffd73207000 	C:\WINDOWS\SYSTEM32\wintypes.dll
0x00007ffd644b0000 - 0x00007ffd64516000 	C:\WINDOWS\system32\Oleacc.dll
0x00007ffd5ff30000 - 0x00007ffd5ffe0000 	C:\WINDOWS\WinSxS\amd64_microsoft.windows.common-controls_6595b64144ccf1df_5.82.19041.4355_none_792ecafd2442822f\comctl32.dll
0x00007ffd76d00000 - 0x00007ffd76da9000 	C:\WINDOWS\System32\clbcatq.dll
0x00007ffd72d00000 - 0x00007ffd72df6000 	C:\WINDOWS\system32\propsys.dll
0x00007ffd58960000 - 0x00007ffd58977000 	C:\WINDOWS\system32\NetworkExplorer.dll
0x00007ffd736a0000 - 0x00007ffd73854000 	C:\WINDOWS\SYSTEM32\WindowsCodecs.dll
0x00007ffd528a0000 - 0x00007ffd52906000 	C:\Windows\System32\thumbcache.dll
0x00007ffd624a0000 - 0x00007ffd62691000 	C:\Windows\System32\urlmon.dll
0x00007ffd61c70000 - 0x00007ffd61f2f000 	C:\Windows\System32\iertutil.dll
0x00007ffd63a70000 - 0x00007ffd63a98000 	C:\Windows\System32\srvcli.dll
0x00007ffd753e0000 - 0x00007ffd753ec000 	C:\Windows\System32\netutils.dll
0x00007ffd75de0000 - 0x00007ffd75e12000 	C:\Windows\System32\SspiCli.dll
0x00007ffd626d0000 - 0x00007ffd626ed000 	C:\WINDOWS\SYSTEM32\MPR.dll
0x00007ffd4f5d0000 - 0x00007ffd4f5db000 	C:\WINDOWS\System32\drprov.dll
0x00007ffd75900000 - 0x00007ffd7595b000 	C:\WINDOWS\System32\WINSTA.dll
0x00007ffd4f270000 - 0x00007ffd4f28f000 	C:\WINDOWS\System32\ntlanman.dll
0x00007ffd4f090000 - 0x00007ffd4f0ae000 	C:\WINDOWS\System32\davclnt.dll
0x00007ffd4f080000 - 0x00007ffd4f08d000 	C:\WINDOWS\System32\DAVHLPR.dll
0x00007ffd75030000 - 0x00007ffd75049000 	C:\WINDOWS\System32\wkscli.dll
0x00007ffd51c30000 - 0x00007ffd51c42000 	C:\WINDOWS\SYSTEM32\cscapi.dll
0x00007ffd61b90000 - 0x00007ffd61be6000 	C:\Windows\System32\dlnashext.dll
0x00007ffd5fca0000 - 0x00007ffd5fd04000 	C:\Windows\System32\PlayToDevice.dll
0x00007ffd54710000 - 0x00007ffd54730000 	C:\Windows\System32\DevDispItemProvider.dll
0x00007ffd6f630000 - 0x00007ffd6f6b9000 	C:\WINDOWS\System32\MMDevApi.dll
0x00007ffd4edc0000 - 0x00007ffd4ee61000 	C:\WINDOWS\system32\wpdshext.dll
0x00007ffd64820000 - 0x00007ffd649c8000 	C:\WINDOWS\WinSxS\amd64_microsoft.windows.gdiplus_6595b64144ccf1df_1.1.19041.5369_none_91a453e0cc8824e6\gdiplus.dll
0x00007ffd725d0000 - 0x00007ffd72673000 	C:\Windows\System32\PortableDeviceApi.dll
0x00007ffd76f60000 - 0x00007ffd773d1000 	C:\WINDOWS\System32\SETUPAPI.dll
0x00007ffd61ab0000 - 0x00007ffd61ae7000 	C:\Windows\System32\EhStorShell.dll
0x00007ffd57fd0000 - 0x00007ffd57ff6000 	C:\Windows\System32\EhStorAPI.dll
0x00007ffd72cd0000 - 0x00007ffd72ce4000 	C:\Windows\System32\WTSAPI32.dll
0x00007ffd51be0000 - 0x00007ffd51bed000 	C:\WINDOWS\SYSTEM32\LINKINFO.dll
0x00007ffd60450000 - 0x00007ffd6045c000 	C:\WINDOWS\SYSTEM32\Secur32.dll
0x00007ffd52910000 - 0x00007ffd5294e000 	C:\WINDOWS\system32\dataexchange.dll
0x00007ffd718b0000 - 0x00007ffd71a94000 	C:\WINDOWS\system32\dcomp.dll
0x00007ffd71060000 - 0x00007ffd712c3000 	C:\WINDOWS\system32\d3d11.dll
0x00007ffd747c0000 - 0x00007ffd748b6000 	C:\WINDOWS\system32\dxgi.dll
0x00007ffd6e110000 - 0x00007ffd6e313000 	C:\WINDOWS\system32\twinapi.appcore.dll
0x00007ffd60880000 - 0x00007ffd60978000 	C:\Windows\System32\MrmCoreR.dll
0x00007ffd61850000 - 0x00007ffd61861000 	C:\WINDOWS\SYSTEM32\windows.staterepositorycore.dll
0x0000021b463e0000 - 0x0000021b463e4000 	C:\Users\ethan\.javacpp\cache\javacpp-1.5.9-windows-x86_64.jar\org\bytedeco\javacpp\windows-x86_64\api-ms-win-crt-locale-l1-1-0.dll
0x0000021b463f0000 - 0x0000021b463f5000 	C:\Users\ethan\.javacpp\cache\javacpp-1.5.9-windows-x86_64.jar\org\bytedeco\javacpp\windows-x86_64\api-ms-win-crt-string-l1-1-0.dll
0x0000021b46400000 - 0x0000021b46405000 	C:\Users\ethan\.javacpp\cache\javacpp-1.5.9-windows-x86_64.jar\org\bytedeco\javacpp\windows-x86_64\api-ms-win-crt-stdio-l1-1-0.dll
0x0000021b46410000 - 0x0000021b46416000 	C:\Users\ethan\.javacpp\cache\javacpp-1.5.9-windows-x86_64.jar\org\bytedeco\javacpp\windows-x86_64\api-ms-win-crt-math-l1-1-0.dll

dbghelp: loaded successfully - version: 4.0.5 - missing functions: none
symbol engine: initialized successfully - sym options: 0x614 - pdb path: .;C:\Program Files\Eclipse Adoptium\jdk-21.0.5.11-hotspot\bin;C:\WINDOWS\SYSTEM32;C:\WINDOWS\WinSxS\amd64_microsoft.windows.common-controls_6595b64144ccf1df_6.0.19041.4355_none_60b8b9eb71f62e16;C:\Program Files\Eclipse Adoptium\jdk-21.0.5.11-hotspot\bin\server;C:\ProgramData\chocolatey\lib\maven\apache-maven-3.9.9\lib\jansi-native\Windows\x86_64;C:\WINDOWS\System32\DriverStore\FileRepository\nv_dispi.inf_amd64_9d15b9aa9e1c885b;C:\WINDOWS\WinSxS\amd64_microsoft.windows.common-controls_6595b64144ccf1df_5.82.19041.4355_none_792ecafd2442822f;C:\WINDOWS\WinSxS\amd64_microsoft.windows.gdiplus_6595b64144ccf1df_1.1.19041.5369_none_91a453e0cc8824e6;C:\Users\ethan\.javacpp\cache\javacpp-1.5.9-windows-x86_64.jar\org\bytedeco\javacpp\windows-x86_64;C:\Users\ethan\.javacpp\cache\ffmpeg-6.0-1.5.9-windows-x86_64.jar\org\bytedeco\ffmpeg\windows-x86_64;C:\Users\ethan\.javacpp\cache\openblas-0.3.23-1.5.9-windows-x86_64.jar\org\bytedeco\openblas\windows-x86_64;C:\Users\ethan\.javacpp\cache\opencv-4.9.0-1.5.10-windows-x86_64.jar\org\bytedeco\opencv\windows-x86_64

VM Arguments:
jvm_args: -Dclassworlds.conf=C:\ProgramData\chocolatey\lib\maven\apache-maven-3.9.9\bin\m2.conf -Dmaven.home=C:\ProgramData\chocolatey\lib\maven\apache-maven-3.9.9 -Dlibrary.jansi.path=C:\ProgramData\chocolatey\lib\maven\apache-maven-3.9.9\lib\jansi-native -Dmaven.multiModuleProjectDirectory=A:\Kinoui\SMU\COURSE WORK\year 2 sem 2\OOP\proj\OOPs 
java_command: org.codehaus.plexus.classworlds.launcher.Launcher exec:java -Dexec.mainClass=com.main.MainApplication
java_class_path (initial): C:\ProgramData\chocolatey\lib\maven\apache-maven-3.9.9\boot\plexus-classworlds-2.8.0.jar
Launcher Type: SUN_STANDARD

[Global flags]
     intx CICompilerCount                          = 4                                         {product} {ergonomic}
     uint ConcGCThreads                            = 3                                         {product} {ergonomic}
     uint G1ConcRefinementThreads                  = 10                                        {product} {ergonomic}
   size_t G1HeapRegionSize                         = 4194304                                   {product} {ergonomic}
    uintx GCDrainStackTargetSize                   = 64                                        {product} {ergonomic}
   size_t InitialHeapSize                          = 536870912                                 {product} {ergonomic}
   size_t MarkStackSize                            = 4194304                                   {product} {ergonomic}
   size_t MaxHeapSize                              = 8577351680                                {product} {ergonomic}
   size_t MaxNewSize                               = 5146411008                                {product} {ergonomic}
   size_t MinHeapDeltaBytes                        = 4194304                                   {product} {ergonomic}
   size_t MinHeapSize                              = 8388608                                   {product} {ergonomic}
    uintx NonNMethodCodeHeapSize                   = 5839372                                {pd product} {ergonomic}
    uintx NonProfiledCodeHeapSize                  = 122909434                              {pd product} {ergonomic}
    uintx ProfiledCodeHeapSize                     = 122909434                              {pd product} {ergonomic}
    uintx ReservedCodeCacheSize                    = 251658240                              {pd product} {ergonomic}
     bool SegmentedCodeCache                       = true                                      {product} {ergonomic}
   size_t SoftMaxHeapSize                          = 8577351680                             {manageable} {ergonomic}
     bool UseCompressedOops                        = true                           {product lp64_product} {ergonomic}
     bool UseG1GC                                  = true                                      {product} {ergonomic}
     bool UseLargePagesIndividualAllocation        = false                                  {pd product} {ergonomic}

Logging:
Log output configuration:
 #0: stdout all=warning uptime,level,tags foldmultilines=false
 #1: stderr all=off uptime,level,tags foldmultilines=false

Environment Variables:
JAVA_HOME=C:\Program Files\Eclipse Adoptium\jdk-21.0.5.11-hotspot
PATH=C:\Program Files\Eclipse Adoptium\jdk-21.0.5.11-hotspot\bin;C:\Users\ethan\AppData\Local\Programs\Eclipse Adoptium\jdk-21.0.6.7-hotspot\bin;C:\Program Files (x86)\Common Files\Oracle\Java\javapath;C:\Windows\system32;C:\Windows;C:\Windows\System32\Wbem;C:\Windows\System32\WindowsPowerShell\v1.0\;C:\Windows\System32\OpenSSH\;C:\Program Files (x86)\NVIDIA Corporation\PhysX\Common;C:\Program Files\NVIDIA Corporation\NVIDIA NvDLISR;C:\Program Files\Calibre2\;C:\WINDOWS\system32;C:\WINDOWS;C:\WINDOWS\System32\Wbem;C:\WINDOWS\System32\WindowsPowerShell\v1.0\;C:\WINDOWS\System32\OpenSSH\;C:\Program Files\dotnet\;A:\Kinoui\servers\remoteit\resources\x64;A:\Kinoui\[a]ss\app\remoteit\resources\x64;A:\Kinoui\[a]ss\app\remoteit\resources\x64;C:\Users\ethan\AppData\Roaming\nvm;C:\Program Files\nodejs;C:\ProgramData\chocolatey\bin;C:\ProgramData\chocolatey\lib\maven\apache-maven-3.9.9\bin;C:\Program Files\Eclipse Adoptium\jdk-21.0.5.11-hotspot\bin;C:\Program Files (x86)\Common Files\Oracle\Java\javapath;C:\Windows\system32;C:\Windows;C:\Windows\System32\Wbem;C:\Windows\System32\WindowsPowerShell\v1.0\;C:\Windows\System32\OpenSSH\;C:\Program Files (x86)\NVIDIA Corporation\PhysX\Common;C:\Program Files\NVIDIA Corporation\NVIDIA NvDLISR;C:\Program Files\Calibre2\;C:\WINDOWS\system32;C:\WINDOWS;C:\WINDOWS\System32\Wbem;C:\WINDOWS\System32\WindowsPowerShell\v1.0\;C:\WINDOWS\System32\OpenSSH\;C:\Program Files\dotnet\;A:\Kinoui\servers\remoteit\resources\x64;A:\Kinoui\[a]ss\app\remoteit\resources\x64;A:\Kinoui\[a]ss\app\remoteit\resources\x64;C:\Users\ethan\AppData\Roaming\nvm;C:\Program Files\nodejs;C:\ProgramData\chocolatey\bin;C:\ProgramData\chocolatey\lib\maven\apache-maven-3.9.9\bin;C:\Users\ethan\AppData\Local\Programs\Eclipse Adoptium\jdk-21.0.6.7-hotspot\bin;C:\Users\ethan\AppData\Local\Microsoft\WindowsApps;G:\Coding\Coding software\Microsoft VS Code\bin;C:\Users\ethan\AppData\Local\GitHubDesktop\bin;C:\Users\ethan\AppData\;C:\Program Files\Eclipse Adoptium\jre-17.0.13.11-hotspot;C:\Program Files\Eclipse Adoptium\jdk-21.0.5.11-hotspot;
USERNAME=ethan
OS=Windows_NT
PROCESSOR_IDENTIFIER=AMD64 Family 23 Model 8 Stepping 2, AuthenticAMD
TMP=C:\Users\ethan\AppData\Local\Temp
TEMP=C:\Users\ethan\AppData\Local\Temp




Periodic native trim disabled

---------------  S Y S T E M  ---------------

OS:
 Windows 10 , 64 bit Build 19041 (10.0.19041.5438)
OS uptime: 2 days 7:42 hours

CPU: total 12 (initial active 12) (12 cores per cpu, 2 threads per core) family 23 model 8 stepping 2 microcode 0x0, cx8, cmov, fxsr, ht, mmx, 3dnowpref, sse, sse2, sse3, ssse3, sse4a, sse4.1, sse4.2, popcnt, lzcnt, tsc, tscinvbit, avx, avx2, aes, clmul, bmi1, bmi2, adx, sha, fma, vzeroupper, clflush, clflushopt, rdtscp, f16c
Processor Information for all 12 processors :
  Max Mhz: 3400, Current Mhz: 3400, Mhz Limit: 3400

Memory: 4k page, system-wide physical 32719M (16237M free)
TotalPageFile size 37583M (AvailPageFile size 6695M)
current process WorkingSet (physical memory assigned to process): 311M, peak: 515M
current process commit charge ("private bytes"): 3202M, peak: 3418M

vm_info: OpenJDK 64-Bit Server VM (21.0.5+11-LTS) for windows-amd64 JRE (21.0.5+11-LTS), built on 2024-10-15T00:00:00Z by "admin" with MS VC++ 17.7 (VS2022)

END.
